{
"type": "FeatureCollection",
"name": "Contribuyentes_Persona_Juridica",
"crs": { "type": "name", "properties": { "name": "urn:ogc:def:crs:OGC:1.3:CRS84" } },
"features": [
{ "type": "Feature", "properties": { "Tipo Documento": "NIT", "No Documento": "800064120", "Nombre del contribuyente": "TALLER DE ENSAMBLE SAS", "Razon Social": "TALLER DE ENSAMBLE SAS", "Naturaleza Juridica": "Persona Jurídica", "Regimen tributario": "Regimen Comun", "Direccion": "VEREDA BOITA KM 38 CARRETERA CENTRAL, Sesquilé, Cundinamarca, Colombia", "Estado": "ACTIVO", "LAT": "5.0445905", "LON": "-73.7967966", "FORMATTED_ADDRESS": "Sesquilé, Cundinamarca, Colombia", "LOCATION_TYPE": "APPROXIMATE", "STATUS": "OK" }, "geometry": { "type": "Point", "coordinates": [ -73.7967966, 5.0445905 ] } },
{ "type": "Feature", "properties": { "Tipo Documento": "NIT", "No Documento": "890903938", "Nombre del contribuyente": "BANCOLOMBIA", "Razon Social": "BANCOLOMBIA", "Naturaleza Juridica": "Persona Jurídica", "Regimen tributario": "Regimen Comun", "Direccion": "Carrera 48 # 26-85 TORRE NORTE, Sesquilé, Cundinamarca, Colombia", "Estado": "ACTIVO", "LAT": "5.0445905", "LON": "-73.7967966", "FORMATTED_ADDRESS": "Sesquilé, Cundinamarca, Colombia", "LOCATION_TYPE": "APPROXIMATE", "STATUS": "OK" }, "geometry": { "type": "Point", "coordinates": [ -73.7967966, 5.0445905 ] } },
{ "type": "Feature", "properties": { "Tipo Documento": "Cédula de Ciudadanía", "No Documento": "3059271", "Nombre del contribuyente": "INVERSIONES JJ MOTORES & ALQUILERES S.A.S", "Razon Social": "INVERSIONES JJ MOTORES & ALQUILERES S.A.S", "Naturaleza Juridica": "Persona Jurídica", "Regimen tributario": "Regimen Simplificado", "Direccion": "Carrera 6 # 4-49, Sesquilé, Cundinamarca, Colombia", "Estado": "ACTIVO", "LAT": "5.044093", "LON": "-73.797044", "FORMATTED_ADDRESS": "Cra. 6 # 4-49, Sesquilé, Cundinamarca, Colombia", "LOCATION_TYPE": "ROOFTOP", "STATUS": "OK" }, "geometry": { "type": "Point", "coordinates": [ -73.797044, 5.044093 ] } },
{ "type": "Feature", "properties": { "Tipo Documento": "NIT", "No Documento": "900275140", "Nombre del contribuyente": "ACUASES S.A.", "Razon Social": "ACUASES S.A.", "Naturaleza Juridica": "Persona Jurídica", "Regimen tributario": "Regimen Comun", "Direccion": "Calle 6 # 6-138, Sesquilé, Cundinamarca, Colombia", "Estado": "ACTIVO", "LAT": "5.0457161", "LON": "-73.7976237", "FORMATTED_ADDRESS": "Cl. 6 # 6-138, Sesquilé, Cundinamarca, Colombia", "LOCATION_TYPE": "ROOFTOP", "STATUS": "OK" }, "geometry": { "type": "Point", "coordinates": [ -73.7976237, 5.0457161 ] } },
{ "type": "Feature", "properties": { "Tipo Documento": "NIT", "No Documento": "900177619", "Nombre del contribuyente": "MADERAS ROJAS COMPANY LTDA C I", "Razon Social": "MADERAS ROJAS COMPANY LTDA C I", "Naturaleza Juridica": "Persona Jurídica", "Regimen tributario": "Regimen Comun", "Direccion": "BOITA, Sesquilé, Cundinamarca, Colombia", "Estado": "ACTIVO", "LAT": "5.030476699999999", "LON": "-73.84456279999999", "FORMATTED_ADDRESS": "Boita, La Pesquera, Sesquilé, Cundinamarca, Colombia", "LOCATION_TYPE": "APPROXIMATE", "STATUS": "OK" }, "geometry": { "type": "Point", "coordinates": [ -73.8445628, 5.0304767 ] } },
{ "type": "Feature", "properties": { "Tipo Documento": "NIT", "No Documento": "900723857", "Nombre del contribuyente": "FUNDACION LICEO SEMILLAS DE FE", "Razon Social": "FUNDACION LICEO SEMILLAS DE FE", "Naturaleza Juridica": "Persona Jurídica", "Regimen tributario": "Regimen Ordinario", "Direccion": "Calle 3 # 3-50, Sesquilé, Cundinamarca, Colombia", "Estado": "ACTIVO", "LAT": "5.042209", "LON": "-73.796583", "FORMATTED_ADDRESS": "Cl. 3 # 3-50, Sesquilé, Cundinamarca, Colombia", "LOCATION_TYPE": "ROOFTOP", "STATUS": "OK" }, "geometry": { "type": "Point", "coordinates": [ -73.796583, 5.042209 ] } },
{ "type": "Feature", "properties": { "Tipo Documento": "NIT", "No Documento": "901019698", "Nombre del contribuyente": "LACTEOS TOMINEJO SAS", "Razon Social": "LACTEOS TOMINEJO SAS", "Naturaleza Juridica": "Persona Jurídica", "Regimen tributario": "Regimen Comun", "Direccion": "Calle 3 # 8-47, Sesquilé, Cundinamarca, Colombia", "Estado": "ACTIVO", "LAT": "5.044261", "LON": "-73.799708", "FORMATTED_ADDRESS": "Cl. 3 # 8-47, Sesquilé, Cundinamarca, Colombia", "LOCATION_TYPE": "ROOFTOP", "STATUS": "OK" }, "geometry": { "type": "Point", "coordinates": [ -73.799708, 5.044261 ] } },
{ "type": "Feature", "properties": { "Tipo Documento": "NIT", "No Documento": "901044772", "Nombre del contribuyente": "ALMEIDAS COMUNICACIONES SAS", "Razon Social": "ALMEIDAS COMUNICACIONES SAS", "Naturaleza Juridica": "Persona Jurídica", "Regimen tributario": "Regimen Comun", "Direccion": "Carrera 6 # 3-40, Sesquilé, Cundinamarca, Colombia", "Estado": "ACTIVO", "LAT": "5.0430851", "LON": "-73.79743169999999", "FORMATTED_ADDRESS": "Cra. 6 #3-40, Sesquilé, Cundinamarca, Colombia", "LOCATION_TYPE": "ROOFTOP", "STATUS": "OK" }, "geometry": { "type": "Point", "coordinates": [ -73.7974317, 5.0430851 ] } },
{ "type": "Feature", "properties": { "Tipo Documento": "Cédula de Ciudadanía", "No Documento": "91282210", "Nombre del contribuyente": "JAIRO OSORIO CABALLERO", "Razon Social": "JAIRO OSORIO CABALLERO", "Naturaleza Juridica": "Persona Jurídica", "Regimen tributario": "Regimen Comun", "Direccion": "Avenida LA ROSITA # 24 80, Sesquilé, Cundinamarca, Colombia", "Estado": "ACTIVO", "LAT": "5.0445905", "LON": "-73.7967966", "FORMATTED_ADDRESS": "Sesquilé, Cundinamarca, Colombia", "LOCATION_TYPE": "APPROXIMATE", "STATUS": "OK" }, "geometry": { "type": "Point", "coordinates": [ -73.7967966, 5.0445905 ] } },
{ "type": "Feature", "properties": { "Tipo Documento": "NIT", "No Documento": "901232130", "Nombre del contribuyente": "INVESCO PROYECTOS SAS", "Razon Social": "INVESCO PROYECTOS SAS", "Naturaleza Juridica": "Persona Jurídica", "Regimen tributario": "Regimen Comun", "Direccion": "Carrera 6 # 4-45, Sesquilé, Cundinamarca, Colombia", "Estado": "ACTIVO", "LAT": "5.044044", "LON": "-73.79706999999999", "FORMATTED_ADDRESS": "Cra. 6 # 4-45, Sesquilé, Cundinamarca, Colombia", "LOCATION_TYPE": "ROOFTOP", "STATUS": "OK" }, "geometry": { "type": "Point", "coordinates": [ -73.79707, 5.044044 ] } },
{ "type": "Feature", "properties": { "Tipo Documento": "NIT", "No Documento": "900250211", "Nombre del contribuyente": "LEFCOM SAS", "Razon Social": "LEFCOM SAS", "Naturaleza Juridica": "Persona Jurídica", "Regimen tributario": "Regimen Comun", "Direccion": "Calle 5 # 6-22, Sesquilé, Cundinamarca, Colombia", "Estado": "ACTIVO", "LAT": "5.04465", "LON": "-73.79697399999999", "FORMATTED_ADDRESS": "Cl. 5 # 6-22, Sesquilé, Cundinamarca, Colombia", "LOCATION_TYPE": "ROOFTOP", "STATUS": "OK" }, "geometry": { "type": "Point", "coordinates": [ -73.796974, 5.04465 ] } },
{ "type": "Feature", "properties": { "Tipo Documento": "NIT", "No Documento": "900949753", "Nombre del contribuyente": "EPICA SOLUCIONES", "Razon Social": "EPICA SOLUCIONES", "Naturaleza Juridica": "Persona Jurídica", "Regimen tributario": "Regimen Comun", "Direccion": "Carrera 8 # 3-21, Sesquilé, Cundinamarca, Colombia", "Estado": "ACTIVO", "LAT": "5.044226", "LON": "-73.799255", "FORMATTED_ADDRESS": "Cra. 8 # 3-21, Sesquilé, Cundinamarca, Colombia", "LOCATION_TYPE": "ROOFTOP", "STATUS": "OK" }, "geometry": { "type": "Point", "coordinates": [ -73.799255, 5.044226 ] } },
{ "type": "Feature", "properties": { "Tipo Documento": "NIT", "No Documento": "901270388", "Nombre del contribuyente": "SOLUCIONES Y SERVICIOS LOCATIVOS SAS", "Razon Social": "SOLUCIONES Y SERVICIOS LOCATIVOS SAS", "Naturaleza Juridica": "Persona Jurídica", "Regimen tributario": "Responsable de IVA", "Direccion": "Calle 4A # 6-69/71, Sesquilé, Cundinamarca, Colombia", "Estado": "ACTIVO", "LAT": "5.0445905", "LON": "-73.7967966", "FORMATTED_ADDRESS": "Sesquilé, Cundinamarca, Colombia", "LOCATION_TYPE": "APPROXIMATE", "STATUS": "OK" }, "geometry": { "type": "Point", "coordinates": [ -73.7967966, 5.0445905 ] } },
{ "type": "Feature", "properties": { "Tipo Documento": "NIT", "No Documento": "901259804", "Nombre del contribuyente": "SERVICIOS INTEGRALES MANANTIAL DE FE S.A.S", "Razon Social": "SERVICIOS INTEGRALES MANANTIAL DE FE S.A.S", "Naturaleza Juridica": "Persona Jurídica", "Regimen tributario": "Regimen Comun", "Direccion": "Carrera 5 # 03-61, Sesquilé, Cundinamarca, Colombia", "Estado": "ACTIVO", "LAT": "5.0431218", "LON": "-73.7969751", "FORMATTED_ADDRESS": "Cra. 5 # 3-69, Sesquilé, Cundinamarca, Colombia", "LOCATION_TYPE": "ROOFTOP", "STATUS": "OK" }, "geometry": { "type": "Point", "coordinates": [ -73.7969751, 5.0431218 ] } },
{ "type": "Feature", "properties": { "Tipo Documento": "NIT", "No Documento": "901359514", "Nombre del contribuyente": "MUNDIAL DE HIERROS Y PERFILES DE LA SABANA", "Razon Social": "MUNDIAL DE HIERROS Y PERFILES DE LA SABANA", "Naturaleza Juridica": "Persona Jurídica", "Regimen tributario": "Regimen Comun", "Direccion": "Calle 4 # 5-33 LC, Sesquilé, Cundinamarca, Colombia", "Estado": "ACTIVO", "LAT": "5.0434648", "LON": "-73.7969979", "FORMATTED_ADDRESS": "Cl. 4 #5-33, Sesquilé, Cundinamarca, Colombia", "LOCATION_TYPE": "ROOFTOP", "STATUS": "OK" }, "geometry": { "type": "Point", "coordinates": [ -73.7969979, 5.0434648 ] } },
{ "type": "Feature", "properties": { "Tipo Documento": "NIT", "No Documento": "901377585", "Nombre del contribuyente": "SIE TRAVEL SAS", "Razon Social": "SIE TRAVEL SAS", "Naturaleza Juridica": "Persona Jurídica", "Regimen tributario": "Regimen Comun", "Direccion": "Calle 6 # 9-09, Sesquilé, Cundinamarca, Colombia", "Estado": "ACTIVO", "LAT": "5.0466337", "LON": "-73.7986901", "FORMATTED_ADDRESS": "Cl. 6 #9-09, Sesquilé, Cundinamarca, Colombia", "LOCATION_TYPE": "ROOFTOP", "STATUS": "OK" }, "geometry": { "type": "Point", "coordinates": [ -73.7986901, 5.0466337 ] } },
{ "type": "Feature", "properties": { "Tipo Documento": "NIT", "No Documento": "900589333", "Nombre del contribuyente": "COMERCIALIZADORA UNIGIMAR Y CIA SAS", "Razon Social": "COMERCIALIZADORA UNIGIMAR Y CIA SAS", "Naturaleza Juridica": "Persona Jurídica", "Regimen tributario": "Regimen Comun", "Direccion": "Calle 9 # 3-29, Sesquilé, Cundinamarca, Colombia", "Estado": "ACTIVO", "LAT": "5.0445905", "LON": "-73.7967966", "FORMATTED_ADDRESS": "Sesquilé, Cundinamarca, Colombia", "LOCATION_TYPE": "APPROXIMATE", "STATUS": "OK" }, "geometry": { "type": "Point", "coordinates": [ -73.7967966, 5.0445905 ] } },
{ "type": "Feature", "properties": { "Tipo Documento": "NIT", "No Documento": "817001892", "Nombre del contribuyente": "VATIA S.A.S. E.S.P.", "Razon Social": "VATIA S.A.S. E.S.P.", "Naturaleza Juridica": "Persona Jurídica", "Regimen tributario": "Regimen Comun", "Direccion": "Avenida 6 # 47N-32, Sesquilé, Cundinamarca, Colombia", "Estado": "ACTIVO", "LAT": "5.0445905", "LON": "-73.7967966", "FORMATTED_ADDRESS": "Sesquilé, Cundinamarca, Colombia", "LOCATION_TYPE": "APPROXIMATE", "STATUS": "OK" }, "geometry": { "type": "Point", "coordinates": [ -73.7967966, 5.0445905 ] } },
{ "type": "Feature", "properties": { "Tipo Documento": "NIT", "No Documento": "860035479", "Nombre del contribuyente": "TRANSPORTES ESMERALDA SAS", "Razon Social": "TRANSPORTES ESMERALDA SAS", "Naturaleza Juridica": "Persona Jurídica", "Regimen tributario": "Regimen Comun", "Direccion": "Carrera 9A # 8-31, Sesquilé, Cundinamarca, Colombia", "Estado": "ACTIVO", "LAT": "5.0445905", "LON": "-73.7967966", "FORMATTED_ADDRESS": "Sesquilé, Cundinamarca, Colombia", "LOCATION_TYPE": "APPROXIMATE", "STATUS": "OK" }, "geometry": { "type": "Point", "coordinates": [ -73.7967966, 5.0445905 ] } },
{ "type": "Feature", "properties": { "Tipo Documento": "NIT", "No Documento": "900582036", "Nombre del contribuyente": "E.L.C ENLACE LOGISTICO DE CARGA S.A.S", "Razon Social": "E.L.C ENLACE LOGISTICO DE CARGA S.A.S", "Naturaleza Juridica": "Persona Jurídica", "Regimen tributario": "Regimen Comun", "Direccion": "KM 3 VIA CHIMITA PARQUE INDUSTRIAL PLANTA FRESKALECHE, Sesquilé, Cundinamarca, Colombia", "Estado": "ACTIVO", "LAT": "5.0445905", "LON": "-73.7967966", "FORMATTED_ADDRESS": "Sesquilé, Cundinamarca, Colombia", "LOCATION_TYPE": "APPROXIMATE", "STATUS": "OK" }, "geometry": { "type": "Point", "coordinates": [ -73.7967966, 5.0445905 ] } },
{ "type": "Feature", "properties": { "Tipo Documento": "NIT", "No Documento": "900904577", "Nombre del contribuyente": "I.P AGROSERVICES SAS", "Razon Social": "I.P AGROSERVICES SAS", "Naturaleza Juridica": "Persona Jurídica", "Regimen tributario": "Regimen Comun", "Direccion": "Carrera 15 # 170-91 AP 1603 TO 2, Sesquilé, Cundinamarca, Colombia", "Estado": "ACTIVO", "LAT": "5.0445905", "LON": "-73.7967966", "FORMATTED_ADDRESS": "Sesquilé, Cundinamarca, Colombia", "LOCATION_TYPE": "APPROXIMATE", "STATUS": "OK" }, "geometry": { "type": "Point", "coordinates": [ -73.7967966, 5.0445905 ] } },
{ "type": "Feature", "properties": { "Tipo Documento": "NIT", "No Documento": "860002523", "Nombre del contribuyente": "CEMEX  COLOMBIA S.A", "Razon Social": "CEMEX  COLOMBIA S.A", "Naturaleza Juridica": "Persona Jurídica", "Regimen tributario": "Regimen Comun", "Direccion": "Calle 99 # 9A-54, Sesquilé, Cundinamarca, Colombia", "Estado": "ACTIVO", "LAT": "5.0445905", "LON": "-73.7967966", "FORMATTED_ADDRESS": "Sesquilé, Cundinamarca, Colombia", "LOCATION_TYPE": "APPROXIMATE", "STATUS": "OK" }, "geometry": { "type": "Point", "coordinates": [ -73.7967966, 5.0445905 ] } },
{ "type": "Feature", "properties": { "Tipo Documento": "NIT", "No Documento": "860049921", "Nombre del contribuyente": "SGS COLOMBIA SAS", "Razon Social": "SGS COLOMBIA SAS", "Naturaleza Juridica": "Persona Jurídica", "Regimen tributario": "Responsable de IVA", "Direccion": "Carrera 100 # 25C-11 BODEGA 3, Sesquilé, Cundinamarca, Colombia", "Estado": "ACTIVO", "LAT": "5.0445905", "LON": "-73.7967966", "FORMATTED_ADDRESS": "Sesquilé, Cundinamarca, Colombia", "LOCATION_TYPE": "APPROXIMATE", "STATUS": "OK" }, "geometry": { "type": "Point", "coordinates": [ -73.7967966, 5.0445905 ] } },
{ "type": "Feature", "properties": { "Tipo Documento": "NIT", "No Documento": "860047241", "Nombre del contribuyente": "EXPRESO LOS COMUNEROS SAS", "Razon Social": "EXPRESO LOS COMUNEROS SAS", "Naturaleza Juridica": "Persona Jurídica", "Regimen tributario": "No responsable de IVA", "Direccion": "Calle 5 # 15-13, Sesquilé, Cundinamarca, Colombia", "Estado": "ACTIVO", "LAT": "5.0451652", "LON": "-73.79829959999999", "FORMATTED_ADDRESS": "Cl. 5 # 7-15, Sesquilé, Cundinamarca, Colombia", "LOCATION_TYPE": "ROOFTOP", "STATUS": "OK" }, "geometry": { "type": "Point", "coordinates": [ -73.7982996, 5.0451652 ] } },
{ "type": "Feature", "properties": { "Tipo Documento": "NIT", "No Documento": "830111257", "Nombre del contribuyente": "GRUPO EMPRESARIAL EN LINEA", "Razon Social": "GRUPO EMPRESARIAL EN LINEA", "Naturaleza Juridica": "Persona Jurídica", "Regimen tributario": "Responsable de IVA", "Direccion": "Avenida CL 26 # 69D -91 PISO 7, Sesquilé, Cundinamarca, Colombia", "Estado": "ACTIVO", "LAT": "5.0445905", "LON": "-73.7967966", "FORMATTED_ADDRESS": "Sesquilé, Cundinamarca, Colombia", "LOCATION_TYPE": "APPROXIMATE", "STATUS": "OK" }, "geometry": { "type": "Point", "coordinates": [ -73.7967966, 5.0445905 ] } },
{ "type": "Feature", "properties": { "Tipo Documento": "NIT", "No Documento": "830117605", "Nombre del contribuyente": "LA HICOTEA FACTORIA SAS", "Razon Social": "LA HICOTEA FACTORIA SAS", "Naturaleza Juridica": "Persona Jurídica", "Regimen tributario": "Regimen Comun", "Direccion": "CR 7 87 91 VDA VEREDA TIERRANEGRA, Sesquilé, Cundinamarca, Colombia", "Estado": "ACTIVO", "LAT": "5.032008", "LON": "-73.800835", "FORMATTED_ADDRESS": "Vda. Gobernador, Sesquilé, Cundinamarca, Colombia", "LOCATION_TYPE": "GEOMETRIC_CENTER", "STATUS": "OK" }, "geometry": { "type": "Point", "coordinates": [ -73.800835, 5.032008 ] } },
{ "type": "Feature", "properties": { "Tipo Documento": "NIT", "No Documento": "900673577", "Nombre del contribuyente": "AUTOGRUAS SESQUILE S.A.S", "Razon Social": "AUTOGRUAS SESQUILE S.A.S", "Naturaleza Juridica": "Persona Jurídica", "Regimen tributario": "Regimen Comun", "Direccion": "VDA BOITIVA - FINCA BELLAVISTA, Sesquilé, Cundinamarca, Colombia", "Estado": "ACTIVO", "LAT": "5.0445905", "LON": "-73.7967966", "FORMATTED_ADDRESS": "Sesquilé, Cundinamarca, Colombia", "LOCATION_TYPE": "APPROXIMATE", "STATUS": "OK" }, "geometry": { "type": "Point", "coordinates": [ -73.7967966, 5.0445905 ] } },
{ "type": "Feature", "properties": { "Tipo Documento": "NIT", "No Documento": "900982097", "Nombre del contribuyente": "FITOFERTIL S.A.S", "Razon Social": "FITOFERTIL S.A.S", "Naturaleza Juridica": "Persona Jurídica", "Regimen tributario": "Regimen Comun", "Direccion": "Carrera 8 # 5-43, Sesquilé, Cundinamarca, Colombia", "Estado": "ACTIVO", "LAT": "5.045877", "LON": "-73.79842699999999", "FORMATTED_ADDRESS": "Cra. 8 # 5-43, Sesquilé, Cundinamarca, Colombia", "LOCATION_TYPE": "ROOFTOP", "STATUS": "OK" }, "geometry": { "type": "Point", "coordinates": [ -73.798427, 5.045877 ] } },
{ "type": "Feature", "properties": { "Tipo Documento": "NIT", "No Documento": "830513729", "Nombre del contribuyente": "COMBUSTIBLES DE COLOMBIA S.A", "Razon Social": "COMBUSTIBLES DE COLOMBIA S.A", "Naturaleza Juridica": "Persona Jurídica", "Regimen tributario": "Responsable de IVA", "Direccion": "LOTE UNO EL TELEGRAFO BAJO, Sesquilé, Cundinamarca, Colombia", "Estado": "ACTIVO", "LAT": "5.0445905", "LON": "-73.7967966", "FORMATTED_ADDRESS": "Sesquilé, Cundinamarca, Colombia", "LOCATION_TYPE": "APPROXIMATE", "STATUS": "OK" }, "geometry": { "type": "Point", "coordinates": [ -73.7967966, 5.0445905 ] } },
{ "type": "Feature", "properties": { "Tipo Documento": "NIT", "No Documento": "800247308", "Nombre del contribuyente": "INERCO CONSULTORIA COLOMBIA", "Razon Social": "INERCO CONSULTORIA COLOMBIA", "Naturaleza Juridica": "Persona Jurídica", "Regimen tributario": "Regimen Comun", "Direccion": "Avenida CL 116 19 41 PI 3, Sesquilé, Cundinamarca, Colombia", "Estado": "ACTIVO", "LAT": "5.0445905", "LON": "-73.7967966", "FORMATTED_ADDRESS": "Sesquilé, Cundinamarca, Colombia", "LOCATION_TYPE": "APPROXIMATE", "STATUS": "OK" }, "geometry": { "type": "Point", "coordinates": [ -73.7967966, 5.0445905 ] } },
{ "type": "Feature", "properties": { "Tipo Documento": "NIT", "No Documento": "800247348", "Nombre del contribuyente": "TRNSPORTADORA PORRAS AMAYA SA", "Razon Social": "TRNSPORTADORA PORRAS AMAYA SA", "Naturaleza Juridica": "Persona Jurídica", "Regimen tributario": "Regimen Comun", "Direccion": "Avenida CL 26 # 85D -55 OFC 219 MD 1 CE DORADO PLAZA, Sesquilé, Cundinamarca, Colombia", "Estado": "ACTIVO", "LAT": "5.0445905", "LON": "-73.7967966", "FORMATTED_ADDRESS": "Sesquilé, Cundinamarca, Colombia", "LOCATION_TYPE": "APPROXIMATE", "STATUS": "OK" }, "geometry": { "type": "Point", "coordinates": [ -73.7967966, 5.0445905 ] } },
{ "type": "Feature", "properties": { "Tipo Documento": "NIT", "No Documento": "900175830", "Nombre del contribuyente": "COMBUSTIBLES LIQUIDOS DE COLOMBIA  SA ESP", "Razon Social": "COMBUSTIBLES LIQUIDOS DE COLOMBIA  SA ESP", "Naturaleza Juridica": "Persona Jurídica", "Regimen tributario": "Regimen Comun", "Direccion": "Avenida CL 26 # 96J-66 OF 309 ED OPTIMUS, Sesquilé, Cundinamarca, Colombia", "Estado": "ACTIVO", "LAT": "5.0445905", "LON": "-73.7967966", "FORMATTED_ADDRESS": "Sesquilé, Cundinamarca, Colombia", "LOCATION_TYPE": "APPROXIMATE", "STATUS": "OK" }, "geometry": { "type": "Point", "coordinates": [ -73.7967966, 5.0445905 ] } },
{ "type": "Feature", "properties": { "Tipo Documento": "NIT", "No Documento": "800172544", "Nombre del contribuyente": "MONTAJES DE INGENIERIA DE COLOMBIA MICOL S.A", "Razon Social": "MONTAJES DE INGENIERIA DE COLOMBIA MICOL S.A", "Naturaleza Juridica": "Persona Jurídica", "Regimen tributario": "Regimen Comun", "Direccion": "Avenida 7N # 28N-31, Sesquilé, Cundinamarca, Colombia", "Estado": "ACTIVO", "LAT": "5.0445905", "LON": "-73.7967966", "FORMATTED_ADDRESS": "Sesquilé, Cundinamarca, Colombia", "LOCATION_TYPE": "APPROXIMATE", "STATUS": "OK" }, "geometry": { "type": "Point", "coordinates": [ -73.7967966, 5.0445905 ] } },
{ "type": "Feature", "properties": { "Tipo Documento": "NIT", "No Documento": "800164874", "Nombre del contribuyente": "BALL COLOMBIA LIMITADA", "Razon Social": "BALL COLOMBIA LIMITADA", "Naturaleza Juridica": "Persona Jurídica", "Regimen tributario": "Regimen Comun", "Direccion": "Carrera 7 # 84A-29 OF 1102, Sesquilé, Cundinamarca, Colombia", "Estado": "ACTIVO", "LAT": "5.045578", "LON": "-73.79768700000001", "FORMATTED_ADDRESS": "Cra. 7 # 5-84 of 1102, Sesquilé, Cundinamarca, Colombia", "LOCATION_TYPE": "ROOFTOP", "STATUS": "OK" }, "geometry": { "type": "Point", "coordinates": [ -73.797687, 5.045578 ] } },
{ "type": "Feature", "properties": { "Tipo Documento": "NIT", "No Documento": "900276962", "Nombre del contribuyente": "D1 SAS", "Razon Social": "D1 SAS", "Naturaleza Juridica": "Persona Jurídica", "Regimen tributario": "Responsable de IVA", "Direccion": "Calle 77A # 11-32, Sesquilé, Cundinamarca, Colombia", "Estado": "ACTIVO", "LAT": "5.0445905", "LON": "-73.7967966", "FORMATTED_ADDRESS": "Sesquilé, Cundinamarca, Colombia", "LOCATION_TYPE": "APPROXIMATE", "STATUS": "OK" }, "geometry": { "type": "Point", "coordinates": [ -73.7967966, 5.0445905 ] } },
{ "type": "Feature", "properties": { "Tipo Documento": "NIT", "No Documento": "800139348", "Nombre del contribuyente": "KRONES ANDINA SAS", "Razon Social": "KRONES ANDINA SAS", "Naturaleza Juridica": "Persona Jurídica", "Regimen tributario": "Regimen Comun", "Direccion": "Avenida CL 80 69 70 LOCAL 30, Sesquilé, Cundinamarca, Colombia", "Estado": "ACTIVO", "LAT": "5.0445905", "LON": "-73.7967966", "FORMATTED_ADDRESS": "Sesquilé, Cundinamarca, Colombia", "LOCATION_TYPE": "APPROXIMATE", "STATUS": "OK" }, "geometry": { "type": "Point", "coordinates": [ -73.7967966, 5.0445905 ] } },
{ "type": "Feature", "properties": { "Tipo Documento": "NIT", "No Documento": "900473569", "Nombre del contribuyente": "TERANCO MINERALS RESOURCES SAS", "Razon Social": "TERANCO MINERALS RESOURCES SAS", "Naturaleza Juridica": "Persona Jurídica", "Regimen tributario": "Regimen Comun", "Direccion": "Calle 90N-12-45 OF 306, Sesquilé, Cundinamarca, Colombia", "Estado": "ACTIVO", "LAT": "5.0445905", "LON": "-73.7967966", "FORMATTED_ADDRESS": "Sesquilé, Cundinamarca, Colombia", "LOCATION_TYPE": "APPROXIMATE", "STATUS": "OK" }, "geometry": { "type": "Point", "coordinates": [ -73.7967966, 5.0445905 ] } },
{ "type": "Feature", "properties": { "Tipo Documento": "NIT", "No Documento": "804002433", "Nombre del contribuyente": "DESCONT SAS ESP", "Razon Social": "DESCONT SAS ESP", "Naturaleza Juridica": "Persona Jurídica", "Regimen tributario": "Regimen Comun", "Direccion": "Calle 30A # 23-10 BRR CAÑAVERAL, Sesquilé, Cundinamarca, Colombia", "Estado": "ACTIVO", "LAT": "5.0445905", "LON": "-73.7967966", "FORMATTED_ADDRESS": "Sesquilé, Cundinamarca, Colombia", "LOCATION_TYPE": "APPROXIMATE", "STATUS": "OK" }, "geometry": { "type": "Point", "coordinates": [ -73.7967966, 5.0445905 ] } },
{ "type": "Feature", "properties": { "Tipo Documento": "NIT", "No Documento": "901383020", "Nombre del contribuyente": "INVERSIONES SAMUBELLA S.A.S.", "Razon Social": "INVERSIONES SAMUBELLA S.A.S.", "Naturaleza Juridica": "Persona Jurídica", "Regimen tributario": "Regimen Comun", "Direccion": "Carrera 5 # 4-83, Sesquilé, Cundinamarca, Colombia", "Estado": "ACTIVO", "LAT": "5.044115199999999", "LON": "-73.796476", "FORMATTED_ADDRESS": "Cra. 5 # 4-83, Sesquilé, Cundinamarca, Colombia", "LOCATION_TYPE": "ROOFTOP", "STATUS": "OK" }, "geometry": { "type": "Point", "coordinates": [ -73.796476, 5.0441152 ] } },
{ "type": "Feature", "properties": { "Tipo Documento": "NIT", "No Documento": "900126061", "Nombre del contribuyente": "CLUB NAUTICO ENERGIA", "Razon Social": "CLUB NAUTICO ENERGIA", "Naturaleza Juridica": "Persona Jurídica", "Regimen tributario": "Regimen Comun", "Direccion": "KM 9,3 VIA GUATAVITA, Sesquilé, Cundinamarca, Colombia", "Estado": "ACTIVO", "LAT": "4.9925396", "LON": "-73.8084309", "FORMATTED_ADDRESS": "Guatavita - Sesquile, Cundinamarca, Colombia", "LOCATION_TYPE": "GEOMETRIC_CENTER", "STATUS": "OK" }, "geometry": { "type": "Point", "coordinates": [ -73.8084309, 4.9925396 ] } },
{ "type": "Feature", "properties": { "Tipo Documento": "NIT", "No Documento": "800093320", "Nombre del contribuyente": "PROYECTOS DE INGENIERIA SA", "Razon Social": "PROYECTOS DE INGENIERIA SA", "Naturaleza Juridica": "Persona Jurídica", "Regimen tributario": "Regimen Comun", "Direccion": "Carrera 31 # 10-321 ARROYONDO, Sesquilé, Cundinamarca, Colombia", "Estado": "ACTIVO", "LAT": "5.0445905", "LON": "-73.7967966", "FORMATTED_ADDRESS": "Sesquilé, Cundinamarca, Colombia", "LOCATION_TYPE": "APPROXIMATE", "STATUS": "OK" }, "geometry": { "type": "Point", "coordinates": [ -73.7967966, 5.0445905 ] } },
{ "type": "Feature", "properties": { "Tipo Documento": "NIT", "No Documento": "800105706", "Nombre del contribuyente": "UPSISTEMAS SAS", "Razon Social": "UPSISTEMAS SAS", "Naturaleza Juridica": "Persona Jurídica", "Regimen tributario": "Regimen Comun", "Direccion": "Avenida 24 # 95-12 PARQ IND PORTOS BG 53, Sesquilé, Cundinamarca, Colombia", "Estado": "ACTIVO", "LAT": "5.0445905", "LON": "-73.7967966", "FORMATTED_ADDRESS": "Sesquilé, Cundinamarca, Colombia", "LOCATION_TYPE": "APPROXIMATE", "STATUS": "OK" }, "geometry": { "type": "Point", "coordinates": [ -73.7967966, 5.0445905 ] } },
{ "type": "Feature", "properties": { "Tipo Documento": "NIT", "No Documento": "860051227", "Nombre del contribuyente": "INGENIERIA CONTRA INCENDIO Y SEGURIDAD INDUSTRIAL - INCOLDEXT SAS", "Razon Social": "INGENIERIA CONTRA INCENDIO Y SEGURIDAD INDUSTRIAL - INCOLDEXT SAS", "Naturaleza Juridica": "Persona Jurídica", "Regimen tributario": "Regimen Comun", "Direccion": "Avenida 6 # 31C-55, Sesquilé, Cundinamarca, Colombia", "Estado": "ACTIVO", "LAT": "5.0550783", "LON": "-73.805449", "FORMATTED_ADDRESS": "55, Cundinamarca, Colombia", "LOCATION_TYPE": "GEOMETRIC_CENTER", "STATUS": "OK" }, "geometry": { "type": "Point", "coordinates": [ -73.805449, 5.0550783 ] } },
{ "type": "Feature", "properties": { "Tipo Documento": "NIT", "No Documento": "860048617", "Nombre del contribuyente": "COOPERATIVA TRANSPORTADORES ZIPAQUIRA", "Razon Social": "COOPERATIVA TRANSPORTADORES ZIPAQUIRA", "Naturaleza Juridica": "Persona Jurídica", "Regimen tributario": "Regimen Comun", "Direccion": "Calle 8 # 33-26 BARRIO LA PAZ, Sesquilé, Cundinamarca, Colombia", "Estado": "ACTIVO", "LAT": "5.048712999999999", "LON": "-73.79886599999999", "FORMATTED_ADDRESS": "Cl. 8 # 33BR-10, Sesquilé, Cundinamarca, Colombia", "LOCATION_TYPE": "ROOFTOP", "STATUS": "OK" }, "geometry": { "type": "Point", "coordinates": [ -73.798866, 5.048713 ] } },
{ "type": "Feature", "properties": { "Tipo Documento": "NIT", "No Documento": "860525156", "Nombre del contribuyente": "VALREX SAS", "Razon Social": "VALREX SAS", "Naturaleza Juridica": "Persona Jurídica", "Regimen tributario": "Regimen Comun", "Direccion": "Calle 106 # 23-61 OF 504 505 506, Sesquilé, Cundinamarca, Colombia", "Estado": "ACTIVO", "LAT": "5.0445905", "LON": "-73.7967966", "FORMATTED_ADDRESS": "Sesquilé, Cundinamarca, Colombia", "LOCATION_TYPE": "APPROXIMATE", "STATUS": "OK" }, "geometry": { "type": "Point", "coordinates": [ -73.7967966, 5.0445905 ] } },
{ "type": "Feature", "properties": { "Tipo Documento": "NIT", "No Documento": "860401191", "Nombre del contribuyente": "ISVI LTDA", "Razon Social": "ISVI LTDA", "Naturaleza Juridica": "Persona Jurídica", "Regimen tributario": "Regimen Comun", "Direccion": "Carrera 21 # 62-38, Sesquilé, Cundinamarca, Colombia", "Estado": "ACTIVO", "LAT": "5.0445905", "LON": "-73.7967966", "FORMATTED_ADDRESS": "Sesquilé, Cundinamarca, Colombia", "LOCATION_TYPE": "APPROXIMATE", "STATUS": "OK" }, "geometry": { "type": "Point", "coordinates": [ -73.7967966, 5.0445905 ] } },
{ "type": "Feature", "properties": { "Tipo Documento": "NIT", "No Documento": "860072288", "Nombre del contribuyente": "DISIN SA", "Razon Social": "DISIN SA", "Naturaleza Juridica": "Persona Jurídica", "Regimen tributario": "Regimen Comun", "Direccion": "Carrera 64 # 4-69, Sesquilé, Cundinamarca, Colombia", "Estado": "ACTIVO", "LAT": "5.0445905", "LON": "-73.7967966", "FORMATTED_ADDRESS": "Sesquilé, Cundinamarca, Colombia", "LOCATION_TYPE": "APPROXIMATE", "STATUS": "OK" }, "geometry": { "type": "Point", "coordinates": [ -73.7967966, 5.0445905 ] } },
{ "type": "Feature", "properties": { "Tipo Documento": "NIT", "No Documento": "860534851", "Nombre del contribuyente": "VIMECO INGENIEROS S.A.S.", "Razon Social": "VIMECO INGENIEROS S.A.S.", "Naturaleza Juridica": "Persona Jurídica", "Regimen tributario": "Regimen Comun", "Direccion": "Calle 98A # 68B-30, Sesquilé, Cundinamarca, Colombia", "Estado": "ACTIVO", "LAT": "5.0445905", "LON": "-73.7967966", "FORMATTED_ADDRESS": "Sesquilé, Cundinamarca, Colombia", "LOCATION_TYPE": "APPROXIMATE", "STATUS": "OK" }, "geometry": { "type": "Point", "coordinates": [ -73.7967966, 5.0445905 ] } },
{ "type": "Feature", "properties": { "Tipo Documento": "NIT", "No Documento": "900060018", "Nombre del contribuyente": "ORGANIZACIÓN LOGISTICA DE TRANSPORTE SANABRIA S.A.", "Razon Social": "ORGANIZACIÓN LOGISTICA DE TRANSPORTE SANABRIA S.A.", "Naturaleza Juridica": "Persona Jurídica", "Regimen tributario": "Regimen Comun", "Direccion": "Avenida CL 26 68C-61 OF 302, Sesquilé, Cundinamarca, Colombia", "Estado": "ACTIVO", "LAT": "5.0445905", "LON": "-73.7967966", "FORMATTED_ADDRESS": "Sesquilé, Cundinamarca, Colombia", "LOCATION_TYPE": "APPROXIMATE", "STATUS": "OK" }, "geometry": { "type": "Point", "coordinates": [ -73.7967966, 5.0445905 ] } },
{ "type": "Feature", "properties": { "Tipo Documento": "NIT", "No Documento": "900068426", "Nombre del contribuyente": "OPL CARGA SAS", "Razon Social": "OPL CARGA SAS", "Naturaleza Juridica": "Persona Jurídica", "Regimen tributario": "Regimen Comun", "Direccion": "KM 2, 176 ANILLO VIAL NATURAL, FLORIDABLANCA, Sesquilé, Cundinamarca, Colombia", "Estado": "ACTIVO", "LAT": "5.0445905", "LON": "-73.7967966", "FORMATTED_ADDRESS": "Sesquilé, Cundinamarca, Colombia", "LOCATION_TYPE": "APPROXIMATE", "STATUS": "OK" }, "geometry": { "type": "Point", "coordinates": [ -73.7967966, 5.0445905 ] } },
{ "type": "Feature", "properties": { "Tipo Documento": "NIT", "No Documento": "900038616", "Nombre del contribuyente": "CBRE COLOMBIA S.A.S.", "Razon Social": "CBRE COLOMBIA S.A.S.", "Naturaleza Juridica": "Persona Jurídica", "Regimen tributario": "Regimen Comun", "Direccion": "Carrera 7 # 75-51 OF 601, Sesquilé, Cundinamarca, Colombia", "Estado": "ACTIVO", "LAT": "5.0465576", "LON": "-73.797219", "FORMATTED_ADDRESS": "Cra. 7 #7-5 of 601, Sesquilé, Cundinamarca, Colombia", "LOCATION_TYPE": "RANGE_INTERPOLATED", "STATUS": "OK" }, "geometry": { "type": "Point", "coordinates": [ -73.797219, 5.0465576 ] } },
{ "type": "Feature", "properties": { "Tipo Documento": "NIT", "No Documento": "890500726", "Nombre del contribuyente": "COLGAS S.A. E.S.P.", "Razon Social": "COLGAS S.A. E.S.P.", "Naturaleza Juridica": "Persona Jurídica", "Regimen tributario": "Regimen Comun", "Direccion": "Diagonal 92 # 17A-42 PS 4 ED BRICKELL CENTER, Sesquilé, Cundinamarca, Colombia", "Estado": "ACTIVO", "LAT": "5.0445905", "LON": "-73.7967966", "FORMATTED_ADDRESS": "Sesquilé, Cundinamarca, Colombia", "LOCATION_TYPE": "APPROXIMATE", "STATUS": "OK" }, "geometry": { "type": "Point", "coordinates": [ -73.7967966, 5.0445905 ] } },
{ "type": "Feature", "properties": { "Tipo Documento": "NIT", "No Documento": "890312749", "Nombre del contribuyente": "SEGURIDAD ATLAS LTDA", "Razon Social": "SEGURIDAD ATLAS LTDA", "Naturaleza Juridica": "Persona Jurídica", "Regimen tributario": "Regimen Comun", "Direccion": "Carrera 02 # 31-41, Sesquilé, Cundinamarca, Colombia", "Estado": "ACTIVO", "LAT": "5.0445905", "LON": "-73.7967966", "FORMATTED_ADDRESS": "Sesquilé, Cundinamarca, Colombia", "LOCATION_TYPE": "APPROXIMATE", "STATUS": "OK" }, "geometry": { "type": "Point", "coordinates": [ -73.7967966, 5.0445905 ] } },
{ "type": "Feature", "properties": { "Tipo Documento": "NIT", "No Documento": "900124221", "Nombre del contribuyente": "COORDINADORA DE TRANSPORTES P Y P SAS", "Razon Social": "COORDINADORA DE TRANSPORTES P Y P SAS", "Naturaleza Juridica": "Persona Jurídica", "Regimen tributario": "Regimen Comun", "Direccion": "Calle 8A # 82B-21, Sesquilé, Cundinamarca, Colombia", "Estado": "ACTIVO", "LAT": "5.0445905", "LON": "-73.7967966", "FORMATTED_ADDRESS": "Sesquilé, Cundinamarca, Colombia", "LOCATION_TYPE": "APPROXIMATE", "STATUS": "OK" }, "geometry": { "type": "Point", "coordinates": [ -73.7967966, 5.0445905 ] } },
{ "type": "Feature", "properties": { "Tipo Documento": "NIT", "No Documento": "890200219", "Nombre del contribuyente": "COOPERATIVA DE TRANSPORTADORES DEL SUR", "Razon Social": "COOPERATIVA DE TRANSPORTADORES DEL SUR", "Naturaleza Juridica": "Persona Jurídica", "Regimen tributario": "Regimen Comun", "Direccion": "Calle 200 # 22-73 ANILLO VIAL FLORIDABLANCA, Sesquilé, Cundinamarca, Colombia", "Estado": "ACTIVO", "LAT": "5.0445905", "LON": "-73.7967966", "FORMATTED_ADDRESS": "Sesquilé, Cundinamarca, Colombia", "LOCATION_TYPE": "APPROXIMATE", "STATUS": "OK" }, "geometry": { "type": "Point", "coordinates": [ -73.7967966, 5.0445905 ] } },
{ "type": "Feature", "properties": { "Tipo Documento": "NIT", "No Documento": "900186088", "Nombre del contribuyente": "COMPAÑÍA NACIONAL DE METROLOGIA SAS", "Razon Social": "COMPAÑÍA NACIONAL DE METROLOGIA SAS", "Naturaleza Juridica": "Persona Jurídica", "Regimen tributario": "Regimen Comun", "Direccion": "Carrera 68C # 68A-20, Sesquilé, Cundinamarca, Colombia", "Estado": "ACTIVO", "LAT": "5.0445905", "LON": "-73.7967966", "FORMATTED_ADDRESS": "Sesquilé, Cundinamarca, Colombia", "LOCATION_TYPE": "APPROXIMATE", "STATUS": "OK" }, "geometry": { "type": "Point", "coordinates": [ -73.7967966, 5.0445905 ] } },
{ "type": "Feature", "properties": { "Tipo Documento": "NIT", "No Documento": "900213817", "Nombre del contribuyente": "EXPANSION JL S.A.S.", "Razon Social": "EXPANSION JL S.A.S.", "Naturaleza Juridica": "Persona Jurídica", "Regimen tributario": "Regimen Comun", "Direccion": "AV PASEO LOS ZIPAS KM 1 5 ED OXUS OF 305, Sesquilé, Cundinamarca, Colombia", "Estado": "ACTIVO", "LAT": "5.0445905", "LON": "-73.7967966", "FORMATTED_ADDRESS": "Sesquilé, Cundinamarca, Colombia", "LOCATION_TYPE": "APPROXIMATE", "STATUS": "OK" }, "geometry": { "type": "Point", "coordinates": [ -73.7967966, 5.0445905 ] } },
{ "type": "Feature", "properties": { "Tipo Documento": "NIT", "No Documento": "805016737", "Nombre del contribuyente": "CCM INGENIERIA S.A.", "Razon Social": "CCM INGENIERIA S.A.", "Naturaleza Juridica": "Persona Jurídica", "Regimen tributario": "Regimen Comun", "Direccion": "Carrera 23 # 13-203, Sesquilé, Cundinamarca, Colombia", "Estado": "ACTIVO", "LAT": "5.0445905", "LON": "-73.7967966", "FORMATTED_ADDRESS": "Sesquilé, Cundinamarca, Colombia", "LOCATION_TYPE": "APPROXIMATE", "STATUS": "OK" }, "geometry": { "type": "Point", "coordinates": [ -73.7967966, 5.0445905 ] } },
{ "type": "Feature", "properties": { "Tipo Documento": "NIT", "No Documento": "824000212", "Nombre del contribuyente": "TRANSPORTADORES GANDUR TRANSGAN LTDA.", "Razon Social": "TRANSPORTADORES GANDUR TRANSGAN LTDA.", "Naturaleza Juridica": "Persona Jurídica", "Regimen tributario": "Regimen Comun", "Direccion": "Avenida CIRCUNVALAR CL 110 # 4-76, Sesquilé, Cundinamarca, Colombia", "Estado": "ACTIVO", "LAT": "5.0445905", "LON": "-73.7967966", "FORMATTED_ADDRESS": "Sesquilé, Cundinamarca, Colombia", "LOCATION_TYPE": "APPROXIMATE", "STATUS": "OK" }, "geometry": { "type": "Point", "coordinates": [ -73.7967966, 5.0445905 ] } },
{ "type": "Feature", "properties": { "Tipo Documento": "NIT", "No Documento": "800130305", "Nombre del contribuyente": "FLORES LA MANA SAS", "Razon Social": "FLORES LA MANA SAS", "Naturaleza Juridica": "Persona Jurídica", "Regimen tributario": "Regimen Comun", "Direccion": "Calle 97 # 23-60 TO PROKSOL OF 702, Sesquilé, Cundinamarca, Colombia", "Estado": "ACTIVO", "LAT": "5.0445905", "LON": "-73.7967966", "FORMATTED_ADDRESS": "Sesquilé, Cundinamarca, Colombia", "LOCATION_TYPE": "APPROXIMATE", "STATUS": "OK" }, "geometry": { "type": "Point", "coordinates": [ -73.7967966, 5.0445905 ] } },
{ "type": "Feature", "properties": { "Tipo Documento": "NIT", "No Documento": "800110976", "Nombre del contribuyente": "DRAGON COLOMBIA SAS", "Razon Social": "DRAGON COLOMBIA SAS", "Naturaleza Juridica": "Persona Jurídica", "Regimen tributario": "Regimen Comun", "Direccion": "Avenida KR 9 113 52 OF 706 EDIF TORRES UNIDAS, Sesquilé, Cundinamarca, Colombia", "Estado": "ACTIVO", "LAT": "5.0464151", "LON": "-73.7989507", "FORMATTED_ADDRESS": "Cra. 9, Sesquilé, Cundinamarca, Colombia", "LOCATION_TYPE": "GEOMETRIC_CENTER", "STATUS": "OK" }, "geometry": { "type": "Point", "coordinates": [ -73.7989507, 5.0464151 ] } },
{ "type": "Feature", "properties": { "Tipo Documento": "NIT", "No Documento": "800189093", "Nombre del contribuyente": "PRODENSA", "Razon Social": "PRODENSA", "Naturaleza Juridica": "Persona Jurídica", "Regimen tributario": "Regimen Comun", "Direccion": "Calle 3 # 3-81 SOPO, Sesquilé, Cundinamarca, Colombia", "Estado": "ACTIVO", "LAT": "5.0421726", "LON": "-73.79672649999999", "FORMATTED_ADDRESS": "Cl. 3 #3-81, Sesquilé, Cundinamarca, Colombia", "LOCATION_TYPE": "RANGE_INTERPOLATED", "STATUS": "OK" }, "geometry": { "type": "Point", "coordinates": [ -73.7967265, 5.0421726 ] } },
{ "type": "Feature", "properties": { "Tipo Documento": "NIT", "No Documento": "800231773", "Nombre del contribuyente": "COPYONE LTDA", "Razon Social": "COPYONE LTDA", "Naturaleza Juridica": "Persona Jurídica", "Regimen tributario": "Regimen Comun", "Direccion": "Calle 25C # 73B-08, Sesquilé, Cundinamarca, Colombia", "Estado": "ACTIVO", "LAT": "5.0445905", "LON": "-73.7967966", "FORMATTED_ADDRESS": "Sesquilé, Cundinamarca, Colombia", "LOCATION_TYPE": "APPROXIMATE", "STATUS": "OK" }, "geometry": { "type": "Point", "coordinates": [ -73.7967966, 5.0445905 ] } },
{ "type": "Feature", "properties": { "Tipo Documento": "NIT", "No Documento": "800230447", "Nombre del contribuyente": "SODEXO SAS", "Razon Social": "SODEXO SAS", "Naturaleza Juridica": "Persona Jurídica", "Regimen tributario": "Responsable de IVA", "Direccion": "Avenida KR 19 95 20 OF 2601 ED TO SIGMA, Sesquilé, Cundinamarca, Colombia", "Estado": "ACTIVO", "LAT": "5.0445905", "LON": "-73.7967966", "FORMATTED_ADDRESS": "Sesquilé, Cundinamarca, Colombia", "LOCATION_TYPE": "APPROXIMATE", "STATUS": "OK" }, "geometry": { "type": "Point", "coordinates": [ -73.7967966, 5.0445905 ] } },
{ "type": "Feature", "properties": { "Tipo Documento": "NIT", "No Documento": "900393052", "Nombre del contribuyente": "MBLS TRUCKS DE COLOMBIA SAS", "Razon Social": "MBLS TRUCKS DE COLOMBIA SAS", "Naturaleza Juridica": "Persona Jurídica", "Regimen tributario": "Regimen Comun", "Direccion": "KM 1 VIA DUITAMA - PAIPA, Sesquilé, Cundinamarca, Colombia", "Estado": "ACTIVO", "LAT": "5.0445905", "LON": "-73.7967966", "FORMATTED_ADDRESS": "Sesquilé, Cundinamarca, Colombia", "LOCATION_TYPE": "APPROXIMATE", "STATUS": "OK" }, "geometry": { "type": "Point", "coordinates": [ -73.7967966, 5.0445905 ] } },
{ "type": "Feature", "properties": { "Tipo Documento": "NIT", "No Documento": "860025639", "Nombre del contribuyente": "MITSUBISHI ELECTRIC DE COLOMBIA LIMITADA", "Razon Social": "MITSUBISHI ELECTRIC DE COLOMBIA LIMITADA", "Naturaleza Juridica": "Persona Jurídica", "Regimen tributario": "Responsable de IVA", "Direccion": "Calle 72 # 10-07 PISO 14, Sesquilé, Cundinamarca, Colombia", "Estado": "ACTIVO", "LAT": "5.0445905", "LON": "-73.7967966", "FORMATTED_ADDRESS": "Sesquilé, Cundinamarca, Colombia", "LOCATION_TYPE": "APPROXIMATE", "STATUS": "OK" }, "geometry": { "type": "Point", "coordinates": [ -73.7967966, 5.0445905 ] } },
{ "type": "Feature", "properties": { "Tipo Documento": "NIT", "No Documento": "830043188", "Nombre del contribuyente": "BIOTECS INGENIERIA DE TRATAMENTO DE AGUAS LTDA", "Razon Social": "BIOTECS INGENIERIA DE TRATAMENTO DE AGUAS LTDA", "Naturaleza Juridica": "Persona Jurídica", "Regimen tributario": "Regimen Comun", "Direccion": "Carrera 50 # 103B-43 BRR PASADENA, Sesquilé, Cundinamarca, Colombia", "Estado": "ACTIVO", "LAT": "5.0445905", "LON": "-73.7967966", "FORMATTED_ADDRESS": "Sesquilé, Cundinamarca, Colombia", "LOCATION_TYPE": "APPROXIMATE", "STATUS": "OK" }, "geometry": { "type": "Point", "coordinates": [ -73.7967966, 5.0445905 ] } },
{ "type": "Feature", "properties": { "Tipo Documento": "NIT", "No Documento": "830066396", "Nombre del contribuyente": "REFRATERMIC S.A.", "Razon Social": "REFRATERMIC S.A.", "Naturaleza Juridica": "Persona Jurídica", "Regimen tributario": "Regimen Comun", "Direccion": "Calle 155C # 99-60, Sesquilé, Cundinamarca, Colombia", "Estado": "ACTIVO", "LAT": "5.0445905", "LON": "-73.7967966", "FORMATTED_ADDRESS": "Sesquilé, Cundinamarca, Colombia", "LOCATION_TYPE": "APPROXIMATE", "STATUS": "OK" }, "geometry": { "type": "Point", "coordinates": [ -73.7967966, 5.0445905 ] } },
{ "type": "Feature", "properties": { "Tipo Documento": "NIT", "No Documento": "830121082", "Nombre del contribuyente": "IEC LTDA", "Razon Social": "IEC LTDA", "Naturaleza Juridica": "Persona Jurídica", "Regimen tributario": "Regimen Comun", "Direccion": "Calle 74 # 78-10, Sesquilé, Cundinamarca, Colombia", "Estado": "ACTIVO", "LAT": "5.0445905", "LON": "-73.7967966", "FORMATTED_ADDRESS": "Sesquilé, Cundinamarca, Colombia", "LOCATION_TYPE": "APPROXIMATE", "STATUS": "OK" }, "geometry": { "type": "Point", "coordinates": [ -73.7967966, 5.0445905 ] } },
{ "type": "Feature", "properties": { "Tipo Documento": "NIT", "No Documento": "900496469", "Nombre del contribuyente": "COLOMBIANA DE SERVICIOS LOGISTICOS S.A.S.", "Razon Social": "COLOMBIANA DE SERVICIOS LOGISTICOS S.A.S.", "Naturaleza Juridica": "Persona Jurídica", "Regimen tributario": "Regimen Comun", "Direccion": "Avenida. KR 86 # 11-22, Sesquilé, Cundinamarca, Colombia", "Estado": "ACTIVO", "LAT": "5.0445905", "LON": "-73.7967966", "FORMATTED_ADDRESS": "Sesquilé, Cundinamarca, Colombia", "LOCATION_TYPE": "APPROXIMATE", "STATUS": "OK" }, "geometry": { "type": "Point", "coordinates": [ -73.7967966, 5.0445905 ] } },
{ "type": "Feature", "properties": { "Tipo Documento": "NIT", "No Documento": "900858872", "Nombre del contribuyente": "LOGISTICA Y TRANSPORTES BLUE TRANS S.A.", "Razon Social": "LOGISTICA Y TRANSPORTES BLUE TRANS S.A.", "Naturaleza Juridica": "Persona Jurídica", "Regimen tributario": "Regimen Comun", "Direccion": "VIA 40 #73-290 OFICINA 719 - 720, Sesquilé, Cundinamarca, Colombia", "Estado": "ACTIVO", "LAT": "5.0445905", "LON": "-73.7967966", "FORMATTED_ADDRESS": "Sesquilé, Cundinamarca, Colombia", "LOCATION_TYPE": "APPROXIMATE", "STATUS": "OK" }, "geometry": { "type": "Point", "coordinates": [ -73.7967966, 5.0445905 ] } },
{ "type": "Feature", "properties": { "Tipo Documento": "NIT", "No Documento": "900930395", "Nombre del contribuyente": "CLANOVIX S.A.S.", "Razon Social": "CLANOVIX S.A.S.", "Naturaleza Juridica": "Persona Jurídica", "Regimen tributario": "Regimen Comun", "Direccion": "Calle 6 # 6-133 LOCAL 1, Sesquilé, Cundinamarca, Colombia", "Estado": "ACTIVO", "LAT": "5.045650999999999", "LON": "-73.797602", "FORMATTED_ADDRESS": "Cl. 6 # 6-133 local 1, Sesquilé, Cundinamarca, Colombia", "LOCATION_TYPE": "ROOFTOP", "STATUS": "OK" }, "geometry": { "type": "Point", "coordinates": [ -73.797602, 5.045651 ] } },
{ "type": "Feature", "properties": { "Tipo Documento": "NIT", "No Documento": "900812530", "Nombre del contribuyente": "GLOBAL LOGISTICA DE TRANSPORTE SAS", "Razon Social": "GLOBAL LOGISTICA DE TRANSPORTE SAS", "Naturaleza Juridica": "Persona Jurídica", "Regimen tributario": "Regimen Comun", "Direccion": "Carrera 31A # 8-57, Sesquilé, Cundinamarca, Colombia", "Estado": "ACTIVO", "LAT": "5.0445905", "LON": "-73.7967966", "FORMATTED_ADDRESS": "Sesquilé, Cundinamarca, Colombia", "LOCATION_TYPE": "APPROXIMATE", "STATUS": "OK" }, "geometry": { "type": "Point", "coordinates": [ -73.7967966, 5.0445905 ] } },
{ "type": "Feature", "properties": { "Tipo Documento": "NIT", "No Documento": "900777500", "Nombre del contribuyente": "FETECOL FERROCARRILESSA", "Razon Social": "FETECOL FERROCARRILESSA", "Naturaleza Juridica": "Persona Jurídica", "Regimen tributario": "Regimen Comun", "Direccion": "Carrera 100 # 23H-22, Sesquilé, Cundinamarca, Colombia", "Estado": "ACTIVO", "LAT": "5.0445905", "LON": "-73.7967966", "FORMATTED_ADDRESS": "Sesquilé, Cundinamarca, Colombia", "LOCATION_TYPE": "APPROXIMATE", "STATUS": "OK" }, "geometry": { "type": "Point", "coordinates": [ -73.7967966, 5.0445905 ] } },
{ "type": "Feature", "properties": { "Tipo Documento": "NIT", "No Documento": "900769746", "Nombre del contribuyente": "WORLEYPARSONS GROUP INC SUCURSAL COLOMBIA", "Razon Social": "WORLEYPARSONS GROUP INC SUCURSAL COLOMBIA", "Naturaleza Juridica": "Persona Jurídica", "Regimen tributario": "Regimen Comun", "Direccion": "Carrera 11B # 99-25 PS 15, Sesquilé, Cundinamarca, Colombia", "Estado": "ACTIVO", "LAT": "5.0445905", "LON": "-73.7967966", "FORMATTED_ADDRESS": "Sesquilé, Cundinamarca, Colombia", "LOCATION_TYPE": "APPROXIMATE", "STATUS": "OK" }, "geometry": { "type": "Point", "coordinates": [ -73.7967966, 5.0445905 ] } },
{ "type": "Feature", "properties": { "Tipo Documento": "NIT", "No Documento": "901097378", "Nombre del contribuyente": "TRANSPORTES Y SOLUCIONES LOGISTICAS TRASOL SAS", "Razon Social": "TRANSPORTES Y SOLUCIONES LOGISTICAS TRASOL SAS", "Naturaleza Juridica": "Persona Jurídica", "Regimen tributario": "Regimen Comun", "Direccion": "KM 3 VIA DUITAMA A PAIPA ENTRADA TRANSPUERTO, Sesquilé, Cundinamarca, Colombia", "Estado": "ACTIVO", "LAT": "5.0445905", "LON": "-73.7967966", "FORMATTED_ADDRESS": "Sesquilé, Cundinamarca, Colombia", "LOCATION_TYPE": "APPROXIMATE", "STATUS": "OK" }, "geometry": { "type": "Point", "coordinates": [ -73.7967966, 5.0445905 ] } },
{ "type": "Feature", "properties": { "Tipo Documento": "NIT", "No Documento": "901096414", "Nombre del contribuyente": "CYC INGENIERIA S.A.S", "Razon Social": "CYC INGENIERIA S.A.S", "Naturaleza Juridica": "Persona Jurídica", "Regimen tributario": "Regimen Comun", "Direccion": "Carrera 23 # 12-99 PARCELACION LA Y, Sesquilé, Cundinamarca, Colombia", "Estado": "ACTIVO", "LAT": "5.0445905", "LON": "-73.7967966", "FORMATTED_ADDRESS": "Sesquilé, Cundinamarca, Colombia", "LOCATION_TYPE": "APPROXIMATE", "STATUS": "OK" }, "geometry": { "type": "Point", "coordinates": [ -73.7967966, 5.0445905 ] } },
{ "type": "Feature", "properties": { "Tipo Documento": "NIT", "No Documento": "900987141", "Nombre del contribuyente": "CONSORCIO VERIFICACION METROLOGICA SGS-CLM", "Razon Social": "CONSORCIO VERIFICACION METROLOGICA SGS-CLM", "Naturaleza Juridica": "Persona Jurídica", "Regimen tributario": "Regimen Comun", "Direccion": "Carrera 100 # 25C-11 BG 3, Sesquilé, Cundinamarca, Colombia", "Estado": "ACTIVO", "LAT": "5.0445905", "LON": "-73.7967966", "FORMATTED_ADDRESS": "Sesquilé, Cundinamarca, Colombia", "LOCATION_TYPE": "APPROXIMATE", "STATUS": "OK" }, "geometry": { "type": "Point", "coordinates": [ -73.7967966, 5.0445905 ] } },
{ "type": "Feature", "properties": { "Tipo Documento": "NIT", "No Documento": "900958413", "Nombre del contribuyente": "CENTRO DE RECREACION DE OFICIALES BOGOTA", "Razon Social": "CENTRO DE RECREACION DE OFICIALES BOGOTA", "Naturaleza Juridica": "Persona Jurídica", "Regimen tributario": "No responsable de IVA", "Direccion": "Transversal 75 # 179-02, Sesquilé, Cundinamarca, Colombia", "Estado": "ACTIVO", "LAT": "5.0445905", "LON": "-73.7967966", "FORMATTED_ADDRESS": "Sesquilé, Cundinamarca, Colombia", "LOCATION_TYPE": "APPROXIMATE", "STATUS": "OK" }, "geometry": { "type": "Point", "coordinates": [ -73.7967966, 5.0445905 ] } },
{ "type": "Feature", "properties": { "Tipo Documento": "NIT", "No Documento": "900549849", "Nombre del contribuyente": "CONSTRUCCIONES JUMAGA S.A.S.", "Razon Social": "CONSTRUCCIONES JUMAGA S.A.S.", "Naturaleza Juridica": "Persona Jurídica", "Regimen tributario": "Regimen Comun", "Direccion": "Calle 90 # 19A-49 OF 807, Sesquilé, Cundinamarca, Colombia", "Estado": "ACTIVO", "LAT": "5.0445905", "LON": "-73.7967966", "FORMATTED_ADDRESS": "Sesquilé, Cundinamarca, Colombia", "LOCATION_TYPE": "APPROXIMATE", "STATUS": "OK" }, "geometry": { "type": "Point", "coordinates": [ -73.7967966, 5.0445905 ] } },
{ "type": "Feature", "properties": { "Tipo Documento": "NIT", "No Documento": "900525588", "Nombre del contribuyente": "SOLUCIONES WIGA S.A.S.", "Razon Social": "SOLUCIONES WIGA S.A.S.", "Naturaleza Juridica": "Persona Jurídica", "Regimen tributario": "Regimen Comun", "Direccion": "Calle 97 # 23-60 TO PROKSOL OF 702, Sesquilé, Cundinamarca, Colombia", "Estado": "ACTIVO", "LAT": "5.0445905", "LON": "-73.7967966", "FORMATTED_ADDRESS": "Sesquilé, Cundinamarca, Colombia", "LOCATION_TYPE": "APPROXIMATE", "STATUS": "OK" }, "geometry": { "type": "Point", "coordinates": [ -73.7967966, 5.0445905 ] } },
{ "type": "Feature", "properties": { "Tipo Documento": "NIT", "No Documento": "900518056", "Nombre del contribuyente": "LEGATRANS S.A.S.", "Razon Social": "LEGATRANS S.A.S.", "Naturaleza Juridica": "Persona Jurídica", "Regimen tributario": "Regimen Comun", "Direccion": "Calle 9 # 16A-21, Sesquilé, Cundinamarca, Colombia", "Estado": "ACTIVO", "LAT": "5.0445905", "LON": "-73.7967966", "FORMATTED_ADDRESS": "Sesquilé, Cundinamarca, Colombia", "LOCATION_TYPE": "APPROXIMATE", "STATUS": "OK" }, "geometry": { "type": "Point", "coordinates": [ -73.7967966, 5.0445905 ] } },
{ "type": "Feature", "properties": { "Tipo Documento": "NIT", "No Documento": "901476565", "Nombre del contribuyente": "TRASPORTE G-SAR S.A.S", "Razon Social": "TRASPORTE G-SAR S.A.S", "Naturaleza Juridica": "Persona Jurídica", "Regimen tributario": "Regimen Comun", "Direccion": "Calle 8A # 10-32, Sesquilé, Cundinamarca, Colombia", "Estado": "ACTIVO", "LAT": "5.0445905", "LON": "-73.7967966", "FORMATTED_ADDRESS": "Sesquilé, Cundinamarca, Colombia", "LOCATION_TYPE": "APPROXIMATE", "STATUS": "OK" }, "geometry": { "type": "Point", "coordinates": [ -73.7967966, 5.0445905 ] } },
{ "type": "Feature", "properties": { "Tipo Documento": "NIT", "No Documento": "901257870", "Nombre del contribuyente": "MARIA ELISA CHOCOLATIÉRE SAS", "Razon Social": "MARIA ELISA CHOCOLATIÉRE SAS", "Naturaleza Juridica": "Persona Jurídica", "Regimen tributario": "Regimen Comun", "Direccion": "VEREDA SALINAS, Sesquilé, Cundinamarca, Colombia", "Estado": "ACTIVO", "LAT": "5.0445905", "LON": "-73.7967966", "FORMATTED_ADDRESS": "Sesquilé, Cundinamarca, Colombia", "LOCATION_TYPE": "APPROXIMATE", "STATUS": "OK" }, "geometry": { "type": "Point", "coordinates": [ -73.7967966, 5.0445905 ] } },
{ "type": "Feature", "properties": { "Tipo Documento": "NIT", "No Documento": "901196694", "Nombre del contribuyente": "TAGA LOGISTICS SAS", "Razon Social": "TAGA LOGISTICS SAS", "Naturaleza Juridica": "Persona Jurídica", "Regimen tributario": "Regimen Comun", "Direccion": "Carrera 63 # 14-75, Sesquilé, Cundinamarca, Colombia", "Estado": "ACTIVO", "LAT": "5.0445905", "LON": "-73.7967966", "FORMATTED_ADDRESS": "Sesquilé, Cundinamarca, Colombia", "LOCATION_TYPE": "APPROXIMATE", "STATUS": "OK" }, "geometry": { "type": "Point", "coordinates": [ -73.7967966, 5.0445905 ] } },
{ "type": "Feature", "properties": { "Tipo Documento": "NIT", "No Documento": "901118548", "Nombre del contribuyente": "ARANA ABOGADOS ASOCIADOS SAS", "Razon Social": "ARANA ABOGADOS ASOCIADOS SAS", "Naturaleza Juridica": "Persona Jurídica", "Regimen tributario": "Regimen Comun", "Direccion": "Carrera 7 # 17-01 OF 948, Sesquilé, Cundinamarca, Colombia", "Estado": "ACTIVO", "LAT": "5.046693900000001", "LON": "-73.797135", "FORMATTED_ADDRESS": "Cra. 7 # 7-17 of 948, Sesquilé, Cundinamarca, Colombia", "LOCATION_TYPE": "ROOFTOP", "STATUS": "OK" }, "geometry": { "type": "Point", "coordinates": [ -73.797135, 5.0466939 ] } },
{ "type": "Feature", "properties": { "Tipo Documento": "NIT", "No Documento": "901117376", "Nombre del contribuyente": "JERANSA GROUP SAS", "Razon Social": "JERANSA GROUP SAS", "Naturaleza Juridica": "Persona Jurídica", "Regimen tributario": "Regimen Comun", "Direccion": "Avenida CL 26 68C-61 OF 302, Sesquilé, Cundinamarca, Colombia", "Estado": "ACTIVO", "LAT": "5.0445905", "LON": "-73.7967966", "FORMATTED_ADDRESS": "Sesquilé, Cundinamarca, Colombia", "LOCATION_TYPE": "APPROXIMATE", "STATUS": "OK" }, "geometry": { "type": "Point", "coordinates": [ -73.7967966, 5.0445905 ] } },
{ "type": "Feature", "properties": { "Tipo Documento": "NIT", "No Documento": "901117369", "Nombre del contribuyente": "MARMON SAS", "Razon Social": "MARMON SAS", "Naturaleza Juridica": "Persona Jurídica", "Regimen tributario": "Regimen Comun", "Direccion": "Avenida CL 26 68C-61 OF 302, Sesquilé, Cundinamarca, Colombia", "Estado": "ACTIVO", "LAT": "5.0445905", "LON": "-73.7967966", "FORMATTED_ADDRESS": "Sesquilé, Cundinamarca, Colombia", "LOCATION_TYPE": "APPROXIMATE", "STATUS": "OK" }, "geometry": { "type": "Point", "coordinates": [ -73.7967966, 5.0445905 ] } },
{ "type": "Feature", "properties": { "Tipo Documento": "NIT", "No Documento": "900467700", "Nombre del contribuyente": "WATER TREATMENT AND BIOSOLIDS SAS", "Razon Social": "WATER TREATMENT AND BIOSOLIDS SAS", "Naturaleza Juridica": "Persona Jurídica", "Regimen tributario": "Regimen Comun", "Direccion": "VDA CANAVITA VIA COLPAPEL LA UNION, Sesquilé, Cundinamarca, Colombia", "Estado": "ACTIVO", "LAT": "5.0445905", "LON": "-73.7967966", "FORMATTED_ADDRESS": "Sesquilé, Cundinamarca, Colombia", "LOCATION_TYPE": "APPROXIMATE", "STATUS": "OK" }, "geometry": { "type": "Point", "coordinates": [ -73.7967966, 5.0445905 ] } },
{ "type": "Feature", "properties": { "Tipo Documento": "NIT", "No Documento": "900467572", "Nombre del contribuyente": "TAREAS Y LABORES SERVICIOS TEMPORALES S.A.S.", "Razon Social": "TAREAS Y LABORES SERVICIOS TEMPORALES S.A.S.", "Naturaleza Juridica": "Persona Jurídica", "Regimen tributario": "Regimen Comun", "Direccion": "Calle 2 SUR 4 65, Sesquilé, Cundinamarca, Colombia", "Estado": "ACTIVO", "LAT": "5.0445905", "LON": "-73.7967966", "FORMATTED_ADDRESS": "Sesquilé, Cundinamarca, Colombia", "LOCATION_TYPE": "APPROXIMATE", "STATUS": "OK" }, "geometry": { "type": "Point", "coordinates": [ -73.7967966, 5.0445905 ] } },
{ "type": "Feature", "properties": { "Tipo Documento": "NIT", "No Documento": "900152520", "Nombre del contribuyente": "AFORMAEQUIPOS LTDA", "Razon Social": "AFORMAEQUIPOS LTDA", "Naturaleza Juridica": "Persona Jurídica", "Regimen tributario": "Regimen Comun", "Direccion": "Carrera 91A # 128C-18, Sesquilé, Cundinamarca, Colombia", "Estado": "ACTIVO", "LAT": "5.0445905", "LON": "-73.7967966", "FORMATTED_ADDRESS": "Sesquilé, Cundinamarca, Colombia", "LOCATION_TYPE": "APPROXIMATE", "STATUS": "OK" }, "geometry": { "type": "Point", "coordinates": [ -73.7967966, 5.0445905 ] } },
{ "type": "Feature", "properties": { "Tipo Documento": "NIT", "No Documento": "860054978", "Nombre del contribuyente": "ADISPETROL S.A.", "Razon Social": "ADISPETROL S.A.", "Naturaleza Juridica": "Persona Jurídica", "Regimen tributario": "Regimen Comun", "Direccion": "Avenida TRONCAL DE OCCIDENTE, Sesquilé, Cundinamarca, Colombia", "Estado": "ACTIVO", "LAT": "5.0445905", "LON": "-73.7967966", "FORMATTED_ADDRESS": "Sesquilé, Cundinamarca, Colombia", "LOCATION_TYPE": "APPROXIMATE", "STATUS": "OK" }, "geometry": { "type": "Point", "coordinates": [ -73.7967966, 5.0445905 ] } },
{ "type": "Feature", "properties": { "Tipo Documento": "NIT", "No Documento": "900889093", "Nombre del contribuyente": "AGRICOLA LA PLAYA SAS", "Razon Social": "AGRICOLA LA PLAYA SAS", "Naturaleza Juridica": "Persona Jurídica", "Regimen tributario": "Regimen Comun", "Direccion": "VDA BOITIVA SEC LA PLAYA, Sesquilé, Cundinamarca, Colombia", "Estado": "ACTIVO", "LAT": "5.054114999999999", "LON": "-73.79625", "FORMATTED_ADDRESS": "La Playa, Sesquilé, Cundinamarca, Colombia", "LOCATION_TYPE": "APPROXIMATE", "STATUS": "OK" }, "geometry": { "type": "Point", "coordinates": [ -73.79625, 5.054115 ] } },
{ "type": "Feature", "properties": { "Tipo Documento": "NIT", "No Documento": "900212108", "Nombre del contribuyente": "ALUMA SYSTEMS COLOMBIA LTDA", "Razon Social": "ALUMA SYSTEMS COLOMBIA LTDA", "Naturaleza Juridica": "Persona Jurídica", "Regimen tributario": "Regimen Comun", "Direccion": "PARQUE INDUSTRIAL GRAN SABANA LOTE 64, Sesquilé, Cundinamarca, Colombia", "Estado": "ACTIVO", "LAT": "5.0445905", "LON": "-73.7967966", "FORMATTED_ADDRESS": "Sesquilé, Cundinamarca, Colombia", "LOCATION_TYPE": "APPROXIMATE", "STATUS": "OK" }, "geometry": { "type": "Point", "coordinates": [ -73.7967966, 5.0445905 ] } },
{ "type": "Feature", "properties": { "Tipo Documento": "NIT", "No Documento": "900623492", "Nombre del contribuyente": "ARENAS Y ROCAS VILLAMARIA", "Razon Social": "ARENAS Y ROCAS VILLAMARIA", "Naturaleza Juridica": "Persona Jurídica", "Regimen tributario": "Responsable de IVA", "Direccion": "Calle 13 # 5-59, Sesquilé, Cundinamarca, Colombia", "Estado": "ACTIVO", "LAT": "5.0445905", "LON": "-73.7967966", "FORMATTED_ADDRESS": "Sesquilé, Cundinamarca, Colombia", "LOCATION_TYPE": "APPROXIMATE", "STATUS": "OK" }, "geometry": { "type": "Point", "coordinates": [ -73.7967966, 5.0445905 ] } },
{ "type": "Feature", "properties": { "Tipo Documento": "NIT", "No Documento": "900523398", "Nombre del contribuyente": "ASOCIACION TRANSPORTADORA DEL TOMINE", "Razon Social": "ASOCIACION TRANSPORTADORA DEL TOMINE", "Naturaleza Juridica": "Persona Jurídica", "Regimen tributario": "No responsable de IVA", "Direccion": "Calle 5 # 4-37, Sesquilé, Cundinamarca, Colombia", "Estado": "ACTIVO", "LAT": "5.0439525", "LON": "-73.796036", "FORMATTED_ADDRESS": "Cl. 5 #4-37, Sesquilé, Cundinamarca, Colombia", "LOCATION_TYPE": "ROOFTOP", "STATUS": "OK" }, "geometry": { "type": "Point", "coordinates": [ -73.796036, 5.0439525 ] } },
{ "type": "Feature", "properties": { "Tipo Documento": "NIT", "No Documento": "901565028", "Nombre del contribuyente": "TALLER LAS BRISAS EA SAS", "Razon Social": "TALLER LAS BRISAS EA SAS", "Naturaleza Juridica": "Persona Jurídica", "Regimen tributario": "Regimen Comun", "Direccion": "BOITIVA SECTOR LAS BRISAS, Sesquilé, Cundinamarca, Colombia", "Estado": "ACTIVO", "LAT": "5.0445905", "LON": "-73.7967966", "FORMATTED_ADDRESS": "Sesquilé, Cundinamarca, Colombia", "LOCATION_TYPE": "APPROXIMATE", "STATUS": "OK" }, "geometry": { "type": "Point", "coordinates": [ -73.7967966, 5.0445905 ] } },
{ "type": "Feature", "properties": { "Tipo Documento": "NIT", "No Documento": "860451220", "Nombre del contribuyente": "INVERSIONES HCM S.A", "Razon Social": "INVERSIONES HCM S.A", "Naturaleza Juridica": "Persona Jurídica", "Regimen tributario": "Regimen Comun", "Direccion": "Calle 68 # 50-18, Sesquilé, Cundinamarca, Colombia", "Estado": "ACTIVO", "LAT": "5.0445905", "LON": "-73.7967966", "FORMATTED_ADDRESS": "Sesquilé, Cundinamarca, Colombia", "LOCATION_TYPE": "APPROXIMATE", "STATUS": "OK" }, "geometry": { "type": "Point", "coordinates": [ -73.7967966, 5.0445905 ] } },
{ "type": "Feature", "properties": { "Tipo Documento": "NIT", "No Documento": "860007761", "Nombre del contribuyente": "CLUB NAUTICO EL MUÑA", "Razon Social": "CLUB NAUTICO EL MUÑA", "Naturaleza Juridica": "Persona Jurídica", "Regimen tributario": "Regimen Comun", "Direccion": "VEREDA SAN JOSE, Sesquilé, Cundinamarca, Colombia", "Estado": "ACTIVO", "LAT": "5.0445905", "LON": "-73.7967966", "FORMATTED_ADDRESS": "Sesquilé, Cundinamarca, Colombia", "LOCATION_TYPE": "APPROXIMATE", "STATUS": "OK" }, "geometry": { "type": "Point", "coordinates": [ -73.7967966, 5.0445905 ] } },
{ "type": "Feature", "properties": { "Tipo Documento": "NIT", "No Documento": "830114921", "Nombre del contribuyente": "COLOMBIA MOVIL S.A. E.S.P.", "Razon Social": "COLOMBIA MOVIL S.A. E.S.P.", "Naturaleza Juridica": "Persona Jurídica", "Regimen tributario": "Responsable de IVA", "Direccion": "Carrera 50 # 96-16, Sesquilé, Cundinamarca, Colombia", "Estado": "ACTIVO", "LAT": "5.0445905", "LON": "-73.7967966", "FORMATTED_ADDRESS": "Sesquilé, Cundinamarca, Colombia", "LOCATION_TYPE": "APPROXIMATE", "STATUS": "OK" }, "geometry": { "type": "Point", "coordinates": [ -73.7967966, 5.0445905 ] } },
{ "type": "Feature", "properties": { "Tipo Documento": "NIT", "No Documento": "900703440", "Nombre del contribuyente": "COMPAÑÍA INTEGRAL DEL MEDIO AMBIENTE CIMA SAS", "Razon Social": "COMPAÑÍA INTEGRAL DEL MEDIO AMBIENTE CIMA SAS", "Naturaleza Juridica": "Persona Jurídica", "Regimen tributario": "Regimen Comun", "Direccion": "Carrera 35A # 1C-29, Sesquilé, Cundinamarca, Colombia", "Estado": "ACTIVO", "LAT": "5.0445905", "LON": "-73.7967966", "FORMATTED_ADDRESS": "Sesquilé, Cundinamarca, Colombia", "LOCATION_TYPE": "APPROXIMATE", "STATUS": "OK" }, "geometry": { "type": "Point", "coordinates": [ -73.7967966, 5.0445905 ] } },
{ "type": "Feature", "properties": { "Tipo Documento": "NIT", "No Documento": "900246624", "Nombre del contribuyente": "CONSTRUCTORES CONSULTORES SAS", "Razon Social": "CONSTRUCTORES CONSULTORES SAS", "Naturaleza Juridica": "Persona Jurídica", "Regimen tributario": "Regimen Comun", "Direccion": "Carrera 65 # 67A-17, Sesquilé, Cundinamarca, Colombia", "Estado": "ACTIVO", "LAT": "5.0445905", "LON": "-73.7967966", "FORMATTED_ADDRESS": "Sesquilé, Cundinamarca, Colombia", "LOCATION_TYPE": "APPROXIMATE", "STATUS": "OK" }, "geometry": { "type": "Point", "coordinates": [ -73.7967966, 5.0445905 ] } },
{ "type": "Feature", "properties": { "Tipo Documento": "NIT", "No Documento": "901741132", "Nombre del contribuyente": "CONSORCIO CUBIERTA SESQUILE", "Razon Social": "CONSORCIO CUBIERTA SESQUILE", "Naturaleza Juridica": "Persona Jurídica", "Regimen tributario": "Responsable de IVA", "Direccion": "Carrera 109A # 150-79, Sesquilé, Cundinamarca, Colombia", "Estado": "ACTIVO", "LAT": "5.0445905", "LON": "-73.7967966", "FORMATTED_ADDRESS": "Sesquilé, Cundinamarca, Colombia", "LOCATION_TYPE": "APPROXIMATE", "STATUS": "OK" }, "geometry": { "type": "Point", "coordinates": [ -73.7967966, 5.0445905 ] } },
{ "type": "Feature", "properties": { "Tipo Documento": "NIT", "No Documento": "832003699", "Nombre del contribuyente": "COOPERATIVA MULTIACTIVA DE TRANSPORTADORES DE SESQUILE COOTRANSCOVADONGA", "Razon Social": "COOPERATIVA MULTIACTIVA DE TRANSPORTADORES DE SESQUILE COOTRANSCOVADONGA", "Naturaleza Juridica": "Persona Jurídica", "Regimen tributario": "Regimen Comun", "Direccion": "Calle 7Y KR 8 TERMINAL DE TRANSPORTES LOCAL 4 COOTRANSCOVADONGA, Sesquilé, Cundinamarca, Colombia", "Estado": "ACTIVO", "LAT": "5.046775999999999", "LON": "-73.7976896", "FORMATTED_ADDRESS": "Sesquilé, Cundinamarca, Colombia", "LOCATION_TYPE": "GEOMETRIC_CENTER", "STATUS": "OK" }, "geometry": { "type": "Point", "coordinates": [ -73.7976896, 5.046776 ] } },
{ "type": "Feature", "properties": { "Tipo Documento": "NIT", "No Documento": "900496013", "Nombre del contribuyente": "CORBAN COMPUTADORES SAS", "Razon Social": "CORBAN COMPUTADORES SAS", "Naturaleza Juridica": "Persona Jurídica", "Regimen tributario": "Regimen Comun", "Direccion": "Carrera 107A # 71A-34, Sesquilé, Cundinamarca, Colombia", "Estado": "ACTIVO", "LAT": "5.0445905", "LON": "-73.7967966", "FORMATTED_ADDRESS": "Sesquilé, Cundinamarca, Colombia", "LOCATION_TYPE": "APPROXIMATE", "STATUS": "OK" }, "geometry": { "type": "Point", "coordinates": [ -73.7967966, 5.0445905 ] } },
{ "type": "Feature", "properties": { "Tipo Documento": "NIT", "No Documento": "900680270", "Nombre del contribuyente": "DEPOSITO DE MATERIALES PARA CONSTRUCCION EL MANANTIAL S.A.S", "Razon Social": "DEPOSITO DE MATERIALES PARA CONSTRUCCION EL MANANTIAL S.A.S", "Naturaleza Juridica": "Persona Jurídica", "Regimen tributario": "Regimen Comun", "Direccion": "Carrera 7 # 7-15, Sesquilé, Cundinamarca, Colombia", "Estado": "ACTIVO", "LAT": "5.046794999999999", "LON": "-73.797262", "FORMATTED_ADDRESS": "Cra. 7 # 7-15, Sesquilé, Cundinamarca, Colombia", "LOCATION_TYPE": "ROOFTOP", "STATUS": "OK" }, "geometry": { "type": "Point", "coordinates": [ -73.797262, 5.046795 ] } },
{ "type": "Feature", "properties": { "Tipo Documento": "NIT", "No Documento": "900778413", "Nombre del contribuyente": "ECOTRASLADOS SAS", "Razon Social": "ECOTRASLADOS SAS", "Naturaleza Juridica": "Persona Jurídica", "Regimen tributario": "Regimen Comun", "Direccion": "Carrera 54 # 68-196 LOCAL 106, Sesquilé, Cundinamarca, Colombia", "Estado": "ACTIVO", "LAT": "5.0445905", "LON": "-73.7967966", "FORMATTED_ADDRESS": "Sesquilé, Cundinamarca, Colombia", "LOCATION_TYPE": "APPROXIMATE", "STATUS": "OK" }, "geometry": { "type": "Point", "coordinates": [ -73.7967966, 5.0445905 ] } },
{ "type": "Feature", "properties": { "Tipo Documento": "NIT", "No Documento": "800042210", "Nombre del contribuyente": "TRANSPORTES VIGIA SAS ESP", "Razon Social": "TRANSPORTES VIGIA SAS ESP", "Naturaleza Juridica": "Persona Jurídica", "Regimen tributario": "Regimen Comun", "Direccion": "Calle 17 # 21-65, Sesquilé, Cundinamarca, Colombia", "Estado": "ACTIVO", "LAT": "5.0445905", "LON": "-73.7967966", "FORMATTED_ADDRESS": "Sesquilé, Cundinamarca, Colombia", "LOCATION_TYPE": "APPROXIMATE", "STATUS": "OK" }, "geometry": { "type": "Point", "coordinates": [ -73.7967966, 5.0445905 ] } },
{ "type": "Feature", "properties": { "Tipo Documento": "NIT", "No Documento": "830122983", "Nombre del contribuyente": "ESRI COLOMBIA SAS", "Razon Social": "ESRI COLOMBIA SAS", "Naturaleza Juridica": "Persona Jurídica", "Regimen tributario": "Regimen Comun", "Direccion": "Calle 90 # 13-40 P5, Sesquilé, Cundinamarca, Colombia", "Estado": "ACTIVO", "LAT": "5.0445905", "LON": "-73.7967966", "FORMATTED_ADDRESS": "Sesquilé, Cundinamarca, Colombia", "LOCATION_TYPE": "APPROXIMATE", "STATUS": "OK" }, "geometry": { "type": "Point", "coordinates": [ -73.7967966, 5.0445905 ] } },
{ "type": "Feature", "properties": { "Tipo Documento": "NIT", "No Documento": "900161647", "Nombre del contribuyente": "ESTACION DE SERVICIO EL DORADO LA PLAYA SAS", "Razon Social": "ESTACION DE SERVICIO EL DORADO LA PLAYA SAS", "Naturaleza Juridica": "Persona Jurídica", "Regimen tributario": "Regimen Ordinario", "Direccion": "VDA BOITIVA SECTOR LA PLAYA, Sesquilé, Cundinamarca, Colombia", "Estado": "ACTIVO", "LAT": "5.054114999999999", "LON": "-73.79625", "FORMATTED_ADDRESS": "La Playa, Sesquilé, Cundinamarca, Colombia", "LOCATION_TYPE": "APPROXIMATE", "STATUS": "OK" }, "geometry": { "type": "Point", "coordinates": [ -73.79625, 5.054115 ] } },
{ "type": "Feature", "properties": { "Tipo Documento": "NIT", "No Documento": "900293978", "Nombre del contribuyente": "GASBIO SAS", "Razon Social": "GASBIO SAS", "Naturaleza Juridica": "Persona Jurídica", "Regimen tributario": "Responsable de IVA", "Direccion": "AUT NORTE KM 44 SESQUILE", "Estado": "ACTIVO", "LAT": "5.0445905", "LON": "-73.7967966", "FORMATTED_ADDRESS": "Sesquilé, Cundinamarca, Colombia", "LOCATION_TYPE": "APPROXIMATE", "STATUS": "OK" }, "geometry": { "type": "Point", "coordinates": [ -73.7967966, 5.0445905 ] } },
{ "type": "Feature", "properties": { "Tipo Documento": "NIT", "No Documento": "900219834", "Nombre del contribuyente": "F2X SAS", "Razon Social": "F2X SAS", "Naturaleza Juridica": "Persona Jurídica", "Regimen tributario": "Regimen Comun", "Direccion": "Diagonal 43 # 28-41 BG 107, Sesquilé, Cundinamarca, Colombia", "Estado": "ACTIVO", "LAT": "5.0445905", "LON": "-73.7967966", "FORMATTED_ADDRESS": "Sesquilé, Cundinamarca, Colombia", "LOCATION_TYPE": "APPROXIMATE", "STATUS": "OK" }, "geometry": { "type": "Point", "coordinates": [ -73.7967966, 5.0445905 ] } },
{ "type": "Feature", "properties": { "Tipo Documento": "NIT", "No Documento": "800101932", "Nombre del contribuyente": "FLORES EL CIPRES SAS", "Razon Social": "FLORES EL CIPRES SAS", "Naturaleza Juridica": "Persona Jurídica", "Regimen tributario": "Regimen Comun", "Direccion": "Calle 97 # 23-60 TORRE PROKSOL, Sesquilé, Cundinamarca, Colombia", "Estado": "ACTIVO", "LAT": "5.0445905", "LON": "-73.7967966", "FORMATTED_ADDRESS": "Sesquilé, Cundinamarca, Colombia", "LOCATION_TYPE": "APPROXIMATE", "STATUS": "OK" }, "geometry": { "type": "Point", "coordinates": [ -73.7967966, 5.0445905 ] } },
{ "type": "Feature", "properties": { "Tipo Documento": "NIT", "No Documento": "900426164", "Nombre del contribuyente": "ALIADOS LABORALES S.A.S.", "Razon Social": "ALIADOS LABORALES S.A.S.", "Naturaleza Juridica": "Persona Jurídica", "Regimen tributario": "Regimen Comun", "Direccion": "Calle 88 # 22A-07, Sesquilé, Cundinamarca, Colombia", "Estado": "ACTIVO", "LAT": "5.0445905", "LON": "-73.7967966", "FORMATTED_ADDRESS": "Sesquilé, Cundinamarca, Colombia", "LOCATION_TYPE": "APPROXIMATE", "STATUS": "OK" }, "geometry": { "type": "Point", "coordinates": [ -73.7967966, 5.0445905 ] } },
{ "type": "Feature", "properties": { "Tipo Documento": "NIT", "No Documento": "860001697", "Nombre del contribuyente": "GASEOSAS LUX S.A.S.", "Razon Social": "GASEOSAS LUX S.A.S.", "Naturaleza Juridica": "Persona Jurídica", "Regimen tributario": "Responsable de IVA", "Direccion": "Avenida C 9 50 85, Sesquilé, Cundinamarca, Colombia", "Estado": "ACTIVO", "LAT": "5.047294099999999", "LON": "-73.798138", "FORMATTED_ADDRESS": "Cra. 9 # 7-50, Sesquilé, Cundinamarca, Colombia", "LOCATION_TYPE": "ROOFTOP", "STATUS": "OK" }, "geometry": { "type": "Point", "coordinates": [ -73.798138, 5.0472941 ] } },
{ "type": "Feature", "properties": { "Tipo Documento": "NIT", "No Documento": "860053274", "Nombre del contribuyente": "GRUPO LOS LAGOS SAS", "Razon Social": "GRUPO LOS LAGOS SAS", "Naturaleza Juridica": "Persona Jurídica", "Regimen tributario": "Regimen Comun", "Direccion": "Carrera 28 # 78-27, Sesquilé, Cundinamarca, Colombia", "Estado": "ACTIVO", "LAT": "5.0445905", "LON": "-73.7967966", "FORMATTED_ADDRESS": "Sesquilé, Cundinamarca, Colombia", "LOCATION_TYPE": "APPROXIMATE", "STATUS": "OK" }, "geometry": { "type": "Point", "coordinates": [ -73.7967966, 5.0445905 ] } },
{ "type": "Feature", "properties": { "Tipo Documento": "NIT", "No Documento": "900599747", "Nombre del contribuyente": "ICO MEDIOS SAS", "Razon Social": "ICO MEDIOS SAS", "Naturaleza Juridica": "Persona Jurídica", "Regimen tributario": "Regimen Comun", "Direccion": "Calle 104 # 18A-52 PISO 4 OFC 401, Sesquilé, Cundinamarca, Colombia", "Estado": "ACTIVO", "LAT": "5.0445905", "LON": "-73.7967966", "FORMATTED_ADDRESS": "Sesquilé, Cundinamarca, Colombia", "LOCATION_TYPE": "APPROXIMATE", "STATUS": "OK" }, "geometry": { "type": "Point", "coordinates": [ -73.7967966, 5.0445905 ] } },
{ "type": "Feature", "properties": { "Tipo Documento": "NIT", "No Documento": "800187547", "Nombre del contribuyente": "INGENIERIA EN MANUALIDADES SAS", "Razon Social": "INGENIERIA EN MANUALIDADES SAS", "Naturaleza Juridica": "Persona Jurídica", "Regimen tributario": "Regimen Comun", "Direccion": "Transversal 29 # 16-57, Sesquilé, Cundinamarca, Colombia", "Estado": "ACTIVO", "LAT": "5.0445905", "LON": "-73.7967966", "FORMATTED_ADDRESS": "Sesquilé, Cundinamarca, Colombia", "LOCATION_TYPE": "APPROXIMATE", "STATUS": "OK" }, "geometry": { "type": "Point", "coordinates": [ -73.7967966, 5.0445905 ] } },
{ "type": "Feature", "properties": { "Tipo Documento": "NIT", "No Documento": "900357299", "Nombre del contribuyente": "ESTACION DE SERVICIO LOS ARRAYANES", "Razon Social": "ESTACION DE SERVICIO LOS ARRAYANES", "Naturaleza Juridica": "Persona Jurídica", "Regimen tributario": "Regimen Comun", "Direccion": "VEREDA BOITIVA, Sesquilé, Cundinamarca, Colombia", "Estado": "ACTIVO", "LAT": "5.0445905", "LON": "-73.7967966", "FORMATTED_ADDRESS": "Sesquilé, Cundinamarca, Colombia", "LOCATION_TYPE": "APPROXIMATE", "STATUS": "OK" }, "geometry": { "type": "Point", "coordinates": [ -73.7967966, 5.0445905 ] } },
{ "type": "Feature", "properties": { "Tipo Documento": "NIT", "No Documento": "901511787", "Nombre del contribuyente": "INVERSIONES PROAL SAS", "Razon Social": "INVERSIONES PROAL SAS", "Naturaleza Juridica": "Persona Jurídica", "Regimen tributario": "Regimen Comun", "Direccion": "Calle 52 # 47-42P-32, Sesquilé, Cundinamarca, Colombia", "Estado": "ACTIVO", "LAT": "5.0445905", "LON": "-73.7967966", "FORMATTED_ADDRESS": "Sesquilé, Cundinamarca, Colombia", "LOCATION_TYPE": "APPROXIMATE", "STATUS": "OK" }, "geometry": { "type": "Point", "coordinates": [ -73.7967966, 5.0445905 ] } },
{ "type": "Feature", "properties": { "Tipo Documento": "NIT", "No Documento": "900940853", "Nombre del contribuyente": "MEDIATEL TELECOMUNICACIONES S.A.S.", "Razon Social": "MEDIATEL TELECOMUNICACIONES S.A.S.", "Naturaleza Juridica": "Persona Jurídica", "Regimen tributario": "Regimen Comun", "Direccion": "Calle 129D # 101C-03, Sesquilé, Cundinamarca, Colombia", "Estado": "ACTIVO", "LAT": "5.0445905", "LON": "-73.7967966", "FORMATTED_ADDRESS": "Sesquilé, Cundinamarca, Colombia", "LOCATION_TYPE": "APPROXIMATE", "STATUS": "OK" }, "geometry": { "type": "Point", "coordinates": [ -73.7967966, 5.0445905 ] } },
{ "type": "Feature", "properties": { "Tipo Documento": "NIT", "No Documento": "900077387", "Nombre del contribuyente": "3112072733", "Razon Social": "3112072733", "Naturaleza Juridica": "Persona Jurídica", "Regimen tributario": "Regimen Comun", "Direccion": "Carrera 6N. 10-57/59, Sesquilé, Cundinamarca, Colombia", "Estado": "ACTIVO", "LAT": "5.0445905", "LON": "-73.7967966", "FORMATTED_ADDRESS": "Sesquilé, Cundinamarca, Colombia", "LOCATION_TYPE": "APPROXIMATE", "STATUS": "OK" }, "geometry": { "type": "Point", "coordinates": [ -73.7967966, 5.0445905 ] } },
{ "type": "Feature", "properties": { "Tipo Documento": "NIT", "No Documento": "830000556", "Nombre del contribuyente": "PAPELES Y CORRUGADOS ANDINA SA", "Razon Social": "PAPELES Y CORRUGADOS ANDINA SA", "Naturaleza Juridica": "Persona Jurídica", "Regimen tributario": "Regimen Comun", "Direccion": "VEREDA BOITA, Sesquilé, Cundinamarca, Colombia", "Estado": "ACTIVO", "LAT": "5.053867299999999", "LON": "-73.80727949999999", "FORMATTED_ADDRESS": "353V+H3, Sesquilé, Cundinamarca, Colombia", "LOCATION_TYPE": "GEOMETRIC_CENTER", "STATUS": "OK" }, "geometry": { "type": "Point", "coordinates": [ -73.8072795, 5.0538673 ] } },
{ "type": "Feature", "properties": { "Tipo Documento": "NIT", "No Documento": "800218042", "Nombre del contribuyente": "QUALITY FLOWERS S.A.S.", "Razon Social": "QUALITY FLOWERS S.A.S.", "Naturaleza Juridica": "Persona Jurídica", "Regimen tributario": "Regimen Comun", "Direccion": "Calle 97 # 23-60 TO PROKSOL OF 702, Sesquilé, Cundinamarca, Colombia", "Estado": "ACTIVO", "LAT": "5.0445905", "LON": "-73.7967966", "FORMATTED_ADDRESS": "Sesquilé, Cundinamarca, Colombia", "LOCATION_TYPE": "APPROXIMATE", "STATUS": "OK" }, "geometry": { "type": "Point", "coordinates": [ -73.7967966, 5.0445905 ] } },
{ "type": "Feature", "properties": { "Tipo Documento": "NIT", "No Documento": "900394217", "Nombre del contribuyente": "RH GROUP SAS", "Razon Social": "RH GROUP SAS", "Naturaleza Juridica": "Persona Jurídica", "Regimen tributario": "Regimen Comun", "Direccion": "Calle 20 # 82 52, Sesquilé, Cundinamarca, Colombia", "Estado": "ACTIVO", "LAT": "5.0445905", "LON": "-73.7967966", "FORMATTED_ADDRESS": "Sesquilé, Cundinamarca, Colombia", "LOCATION_TYPE": "APPROXIMATE", "STATUS": "OK" }, "geometry": { "type": "Point", "coordinates": [ -73.7967966, 5.0445905 ] } },
{ "type": "Feature", "properties": { "Tipo Documento": "NIT", "No Documento": "900603208", "Nombre del contribuyente": "RIEGOS Y SERVICIOS SAS", "Razon Social": "RIEGOS Y SERVICIOS SAS", "Naturaleza Juridica": "Persona Jurídica", "Regimen tributario": "Regimen Comun", "Direccion": "VDA BOITIVA SECTOR LA PLAYA, Sesquilé, Cundinamarca, Colombia", "Estado": "ACTIVO", "LAT": "5.054114999999999", "LON": "-73.79625", "FORMATTED_ADDRESS": "La Playa, Sesquilé, Cundinamarca, Colombia", "LOCATION_TYPE": "APPROXIMATE", "STATUS": "OK" }, "geometry": { "type": "Point", "coordinates": [ -73.79625, 5.054115 ] } },
{ "type": "Feature", "properties": { "Tipo Documento": "NIT", "No Documento": "830018146", "Nombre del contribuyente": "ROCKWELL AUTOMATION COLOMBIA S.A.", "Razon Social": "ROCKWELL AUTOMATION COLOMBIA S.A.", "Naturaleza Juridica": "Persona Jurídica", "Regimen tributario": "Regimen Comun", "Direccion": "Carrera 7 # 156-78 TO 2P-19 20, Sesquilé, Cundinamarca, Colombia", "Estado": "ACTIVO", "LAT": "5.0454684", "LON": "-73.7977801", "FORMATTED_ADDRESS": "Cra. 7, Sesquilé, Cundinamarca, Colombia", "LOCATION_TYPE": "GEOMETRIC_CENTER", "STATUS": "OK" }, "geometry": { "type": "Point", "coordinates": [ -73.7977801, 5.0454684 ] } },
{ "type": "Feature", "properties": { "Tipo Documento": "NIT", "No Documento": "860002175", "Nombre del contribuyente": "SCHLUMBERGER SURENCO SA", "Razon Social": "SCHLUMBERGER SURENCO SA", "Naturaleza Juridica": "Persona Jurídica", "Regimen tributario": "Responsable de IVA", "Direccion": "Calle 100 # 13-21 PISO 4, Sesquilé, Cundinamarca, Colombia", "Estado": "ACTIVO", "LAT": "5.0445905", "LON": "-73.7967966", "FORMATTED_ADDRESS": "Sesquilé, Cundinamarca, Colombia", "LOCATION_TYPE": "APPROXIMATE", "STATUS": "OK" }, "geometry": { "type": "Point", "coordinates": [ -73.7967966, 5.0445905 ] } },
{ "type": "Feature", "properties": { "Tipo Documento": "NIT", "No Documento": "901641334", "Nombre del contribuyente": "SERVICIOS AGRICOLAS VELASQUEZ S.A.S.", "Razon Social": "SERVICIOS AGRICOLAS VELASQUEZ S.A.S.", "Naturaleza Juridica": "Persona Jurídica", "Regimen tributario": "Regimen Comun", "Direccion": "Calle 9 # 6-36, Sesquilé, Cundinamarca, Colombia", "Estado": "ACTIVO", "LAT": "5.0445905", "LON": "-73.7967966", "FORMATTED_ADDRESS": "Sesquilé, Cundinamarca, Colombia", "LOCATION_TYPE": "APPROXIMATE", "STATUS": "OK" }, "geometry": { "type": "Point", "coordinates": [ -73.7967966, 5.0445905 ] } },
{ "type": "Feature", "properties": { "Tipo Documento": "NIT", "No Documento": "800217975", "Nombre del contribuyente": "SERVICIOS GEOLOGICOS INTEGRADOS SAS SGI SAS", "Razon Social": "SERVICIOS GEOLOGICOS INTEGRADOS SAS SGI SAS", "Naturaleza Juridica": "Persona Jurídica", "Regimen tributario": "Regimen Comun", "Direccion": "Carrera 28 # 83-28, Sesquilé, Cundinamarca, Colombia", "Estado": "ACTIVO", "LAT": "5.0445905", "LON": "-73.7967966", "FORMATTED_ADDRESS": "Sesquilé, Cundinamarca, Colombia", "LOCATION_TYPE": "APPROXIMATE", "STATUS": "OK" }, "geometry": { "type": "Point", "coordinates": [ -73.7967966, 5.0445905 ] } },
{ "type": "Feature", "properties": { "Tipo Documento": "NIT", "No Documento": "900482915", "Nombre del contribuyente": "SOLUCIONES Y SUMINISTROS RPM SAS", "Razon Social": "SOLUCIONES Y SUMINISTROS RPM SAS", "Naturaleza Juridica": "Persona Jurídica", "Regimen tributario": "No responsable de IVA", "Direccion": "Carrera 8 # 4-77, Sesquilé, Cundinamarca, Colombia", "Estado": "ACTIVO", "LAT": "5.045181899999999", "LON": "-73.79867999999999", "FORMATTED_ADDRESS": "Cra. 8 # 4-77, Sesquilé, Cundinamarca, Colombia", "LOCATION_TYPE": "ROOFTOP", "STATUS": "OK" }, "geometry": { "type": "Point", "coordinates": [ -73.79868, 5.0451819 ] } },
{ "type": "Feature", "properties": { "Tipo Documento": "NIT", "No Documento": "800125313", "Nombre del contribuyente": "SUMMAR PROCESOS SAS", "Razon Social": "SUMMAR PROCESOS SAS", "Naturaleza Juridica": "Persona Jurídica", "Regimen tributario": "Regimen Comun", "Direccion": "Calle 17 NORTE 4 # 25, Sesquilé, Cundinamarca, Colombia", "Estado": "ACTIVO", "LAT": "5.0445905", "LON": "-73.7967966", "FORMATTED_ADDRESS": "Sesquilé, Cundinamarca, Colombia", "LOCATION_TYPE": "APPROXIMATE", "STATUS": "OK" }, "geometry": { "type": "Point", "coordinates": [ -73.7967966, 5.0445905 ] } },
{ "type": "Feature", "properties": { "Tipo Documento": "NIT", "No Documento": "900496451", "Nombre del contribuyente": "SERVICIOS COMPLEMENTARIOS EN LOGISTICA S.A.S.", "Razon Social": "SERVICIOS COMPLEMENTARIOS EN LOGISTICA S.A.S.", "Naturaleza Juridica": "Persona Jurídica", "Regimen tributario": "Regimen Comun", "Direccion": "AK 86 11 22 PI 2, Sesquilé, Cundinamarca, Colombia", "Estado": "ACTIVO", "LAT": "5.0445905", "LON": "-73.7967966", "FORMATTED_ADDRESS": "Sesquilé, Cundinamarca, Colombia", "LOCATION_TYPE": "APPROXIMATE", "STATUS": "OK" }, "geometry": { "type": "Point", "coordinates": [ -73.7967966, 5.0445905 ] } },
{ "type": "Feature", "properties": { "Tipo Documento": "NIT", "No Documento": "900442941", "Nombre del contribuyente": "TRANSSESQUILE S.A.S", "Razon Social": "TRANSSESQUILE S.A.S", "Naturaleza Juridica": "Persona Jurídica", "Regimen tributario": "Regimen Comun", "Direccion": "Calle 7 # 4-44, Sesquilé, Cundinamarca, Colombia", "Estado": "ACTIVO", "LAT": "5.045294699999999", "LON": "-73.7952871", "FORMATTED_ADDRESS": "Cl. 7 # 4-44, Sesquilé, Cundinamarca, Colombia", "LOCATION_TYPE": "ROOFTOP", "STATUS": "OK" }, "geometry": { "type": "Point", "coordinates": [ -73.7952871, 5.0452947 ] } },
{ "type": "Feature", "properties": { "Tipo Documento": "NIT", "No Documento": "901570584", "Nombre del contribuyente": "UT OCA GLOBAL & GREEN AOK", "Razon Social": "UT OCA GLOBAL & GREEN AOK", "Naturaleza Juridica": "Persona Jurídica", "Regimen tributario": "Regimen Comun", "Direccion": "Calle 93B # 19-35 OFICINA 202, Sesquilé, Cundinamarca, Colombia", "Estado": "ACTIVO", "LAT": "5.0445905", "LON": "-73.7967966", "FORMATTED_ADDRESS": "Sesquilé, Cundinamarca, Colombia", "LOCATION_TYPE": "APPROXIMATE", "STATUS": "OK" }, "geometry": { "type": "Point", "coordinates": [ -73.7967966, 5.0445905 ] } },
{ "type": "Feature", "properties": { "Tipo Documento": "NIT", "No Documento": "800003781", "Nombre del contribuyente": "V R INGENIERIA Y MERCADEO S A S", "Razon Social": "V R INGENIERIA Y MERCADEO S A S", "Naturaleza Juridica": "Persona Jurídica", "Regimen tributario": "Regimen Comun", "Direccion": "Carrera 126 # 17-10, Sesquilé, Cundinamarca, Colombia", "Estado": "ACTIVO", "LAT": "5.0445905", "LON": "-73.7967966", "FORMATTED_ADDRESS": "Sesquilé, Cundinamarca, Colombia", "LOCATION_TYPE": "APPROXIMATE", "STATUS": "OK" }, "geometry": { "type": "Point", "coordinates": [ -73.7967966, 5.0445905 ] } },
{ "type": "Feature", "properties": { "Tipo Documento": "NIT", "No Documento": "900325980", "Nombre del contribuyente": "VIGILANCIA Y SEGURIDAD ELECTRONICA CAXAR LTDA", "Razon Social": "VIGILANCIA Y SEGURIDAD ELECTRONICA CAXAR LTDA", "Naturaleza Juridica": "Persona Jurídica", "Regimen tributario": "Regimen Comun", "Direccion": "Carrera 49B # 104A-11, Sesquilé, Cundinamarca, Colombia", "Estado": "ACTIVO", "LAT": "5.0445905", "LON": "-73.7967966", "FORMATTED_ADDRESS": "Sesquilé, Cundinamarca, Colombia", "LOCATION_TYPE": "APPROXIMATE", "STATUS": "OK" }, "geometry": { "type": "Point", "coordinates": [ -73.7967966, 5.0445905 ] } },
{ "type": "Feature", "properties": { "Tipo Documento": "NIT", "No Documento": "800187547-1", "Nombre del contribuyente": "INGENIERIA EN MANUALIDADES S.A.S", "Razon Social": "INGENIERIA EN MANUALIDADES S.A.S", "Naturaleza Juridica": "Persona Jurídica", "Regimen tributario": "Regimen Comun", "Direccion": "Transversal 29 # 16-57, Sesquilé, Cundinamarca, Colombia", "Estado": "ACTIVO", "LAT": "5.0445905", "LON": "-73.7967966", "FORMATTED_ADDRESS": "Sesquilé, Cundinamarca, Colombia", "LOCATION_TYPE": "APPROXIMATE", "STATUS": "OK" }, "geometry": { "type": "Point", "coordinates": [ -73.7967966, 5.0445905 ] } },
{ "type": "Feature", "properties": { "Tipo Documento": "NIT", "No Documento": "901517123", "Nombre del contribuyente": "CAFAGRO SESQUILE SAS", "Razon Social": "CAFAGRO SESQUILE SAS", "Naturaleza Juridica": "Persona Jurídica", "Regimen tributario": "Regimen Comun", "Direccion": "Carrera 4 # 3-94, Sesquilé, Cundinamarca, Colombia", "Estado": "ACTIVO", "LAT": "5.0428985", "LON": "-73.7962292", "FORMATTED_ADDRESS": "Cra. 4 # 3-94, Sesquilé, Cundinamarca, Colombia", "LOCATION_TYPE": "ROOFTOP", "STATUS": "OK" }, "geometry": { "type": "Point", "coordinates": [ -73.7962292, 5.0428985 ] } },
{ "type": "Feature", "properties": { "Tipo Documento": "NIT", "No Documento": "901409786", "Nombre del contribuyente": "CENTRAL FERRETERA E Y M", "Razon Social": "CENTRAL FERRETERA E Y M", "Naturaleza Juridica": "Persona Jurídica", "Regimen tributario": "Regimen Comun", "Direccion": "Carrera 5 # 4-87, Sesquilé, Cundinamarca, Colombia", "Estado": "ACTIVO", "LAT": "5.0440251", "LON": "-73.7964562", "FORMATTED_ADDRESS": "Cra. 5 #4 - 87, Sesquilé, Cundinamarca, Colombia", "LOCATION_TYPE": "ROOFTOP", "STATUS": "OK" }, "geometry": { "type": "Point", "coordinates": [ -73.7964562, 5.0440251 ] } },
{ "type": "Feature", "properties": { "Tipo Documento": "NIT", "No Documento": "901507421", "Nombre del contribuyente": "EVENTOS CAFÉ GOURMET AQ", "Razon Social": "EVENTOS CAFÉ GOURMET AQ", "Naturaleza Juridica": "Persona Jurídica", "Regimen tributario": "Regimen Comun", "Direccion": "Calle 6 # 6-97, Sesquilé, Cundinamarca, Colombia", "Estado": "ACTIVO", "LAT": "5.0453448", "LON": "-73.7971877", "FORMATTED_ADDRESS": "Cl. 6 # 6-97, Sesquilé, Cundinamarca, Colombia", "LOCATION_TYPE": "ROOFTOP", "STATUS": "OK" }, "geometry": { "type": "Point", "coordinates": [ -73.7971877, 5.0453448 ] } },
{ "type": "Feature", "properties": { "Tipo Documento": "NIT", "No Documento": "901189629", "Nombre del contribuyente": "INTERCOMPRESION SAS", "Razon Social": "INTERCOMPRESION SAS", "Naturaleza Juridica": "Persona Jurídica", "Regimen tributario": "Regimen Comun", "Direccion": "Calle 119 # 57-60 TO 6 AP 1020, Sesquilé, Cundinamarca, Colombia", "Estado": "ACTIVO", "LAT": "5.0445905", "LON": "-73.7967966", "FORMATTED_ADDRESS": "Sesquilé, Cundinamarca, Colombia", "LOCATION_TYPE": "APPROXIMATE", "STATUS": "OK" }, "geometry": { "type": "Point", "coordinates": [ -73.7967966, 5.0445905 ] } },
{ "type": "Feature", "properties": { "Tipo Documento": "NIT", "No Documento": "900458857", "Nombre del contribuyente": "C & S LOGISTICA TRANSPORTADORA SAS. BIC", "Razon Social": "C & S LOGISTICA TRANSPORTADORA SAS. BIC", "Naturaleza Juridica": "Persona Jurídica", "Regimen tributario": "Regimen Comun", "Direccion": "KM 13 VIA AL MAGDALENA, Sesquilé, Cundinamarca, Colombia", "Estado": "ACTIVO", "LAT": "5.0445905", "LON": "-73.7967966", "FORMATTED_ADDRESS": "Sesquilé, Cundinamarca, Colombia", "LOCATION_TYPE": "APPROXIMATE", "STATUS": "OK" }, "geometry": { "type": "Point", "coordinates": [ -73.7967966, 5.0445905 ] } },
{ "type": "Feature", "properties": { "Tipo Documento": "NIT", "No Documento": "900569226", "Nombre del contribuyente": "EASY CAR LOGISTICA S.A.S.", "Razon Social": "EASY CAR LOGISTICA S.A.S.", "Naturaleza Juridica": "Persona Jurídica", "Regimen tributario": "Regimen Comun", "Direccion": "RUTA 45A UBATE - PTE NACIONAL, Sesquilé, Cundinamarca, Colombia", "Estado": "ACTIVO", "LAT": "5.0445905", "LON": "-73.7967966", "FORMATTED_ADDRESS": "Sesquilé, Cundinamarca, Colombia", "LOCATION_TYPE": "APPROXIMATE", "STATUS": "OK" }, "geometry": { "type": "Point", "coordinates": [ -73.7967966, 5.0445905 ] } },
{ "type": "Feature", "properties": { "Tipo Documento": "NIT", "No Documento": "900487941", "Nombre del contribuyente": "MERCADOS LAS ROSITAS S.AS.", "Razon Social": "MERCADOS LAS ROSITAS S.AS.", "Naturaleza Juridica": "Persona Jurídica", "Regimen tributario": "Regimen Comun", "Direccion": "Calle 138 # 151C-07, Sesquilé, Cundinamarca, Colombia", "Estado": "ACTIVO", "LAT": "5.0445905", "LON": "-73.7967966", "FORMATTED_ADDRESS": "Sesquilé, Cundinamarca, Colombia", "LOCATION_TYPE": "APPROXIMATE", "STATUS": "OK" }, "geometry": { "type": "Point", "coordinates": [ -73.7967966, 5.0445905 ] } },
{ "type": "Feature", "properties": { "Tipo Documento": "NIT", "No Documento": "900602495", "Nombre del contribuyente": "OUTSOURCING SUPPORT SAS", "Razon Social": "OUTSOURCING SUPPORT SAS", "Naturaleza Juridica": "Persona Jurídica", "Regimen tributario": "Regimen Comun", "Direccion": "Carrera 3 # 6-58 LC 8, Sesquilé, Cundinamarca, Colombia", "Estado": "ACTIVO", "LAT": "5.045096399999999", "LON": "-73.7941392", "FORMATTED_ADDRESS": "Cra. 3 # 8-6, Sesquilé, Cundinamarca, Colombia", "LOCATION_TYPE": "ROOFTOP", "STATUS": "OK" }, "geometry": { "type": "Point", "coordinates": [ -73.7941392, 5.0450964 ] } },
{ "type": "Feature", "properties": { "Tipo Documento": "NIT", "No Documento": "900606021", "Nombre del contribuyente": "ARQUEOLOGICAS CONSULTORIA E INVESTIGACIONES ARQUEOLOGICAS SA", "Razon Social": "ARQUEOLOGICAS CONSULTORIA E INVESTIGACIONES ARQUEOLOGICAS SA", "Naturaleza Juridica": "Persona Jurídica", "Regimen tributario": "Regimen Comun", "Direccion": "Calle 32 BB 78A-27, Sesquilé, Cundinamarca, Colombia", "Estado": "ACTIVO", "LAT": "5.0445905", "LON": "-73.7967966", "FORMATTED_ADDRESS": "Sesquilé, Cundinamarca, Colombia", "LOCATION_TYPE": "APPROXIMATE", "STATUS": "OK" }, "geometry": { "type": "Point", "coordinates": [ -73.7967966, 5.0445905 ] } },
{ "type": "Feature", "properties": { "Tipo Documento": "NIT", "No Documento": "900671341", "Nombre del contribuyente": "KING TRUCK S.A.S.", "Razon Social": "KING TRUCK S.A.S.", "Naturaleza Juridica": "Persona Jurídica", "Regimen tributario": "Regimen Comun", "Direccion": "Calle 8 # 37-11 OF 304, Sesquilé, Cundinamarca, Colombia", "Estado": "ACTIVO", "LAT": "5.0464362", "LON": "-73.795818", "FORMATTED_ADDRESS": "Cl. 8 #37 of 304, Sesquilé, Cundinamarca, Colombia", "LOCATION_TYPE": "RANGE_INTERPOLATED", "STATUS": "OK" }, "geometry": { "type": "Point", "coordinates": [ -73.795818, 5.0464362 ] } },
{ "type": "Feature", "properties": { "Tipo Documento": "NIT", "No Documento": "900757943", "Nombre del contribuyente": "JSQ OBRAS Y SERVICIOS SAS", "Razon Social": "JSQ OBRAS Y SERVICIOS SAS", "Naturaleza Juridica": "Persona Jurídica", "Regimen tributario": "Regimen Comun", "Direccion": "Avenida KR 15 119 66 EDIFICIO ALPA 2 APTO 402, Sesquilé, Cundinamarca, Colombia", "Estado": "ACTIVO", "LAT": "5.0445905", "LON": "-73.7967966", "FORMATTED_ADDRESS": "Sesquilé, Cundinamarca, Colombia", "LOCATION_TYPE": "APPROXIMATE", "STATUS": "OK" }, "geometry": { "type": "Point", "coordinates": [ -73.7967966, 5.0445905 ] } },
{ "type": "Feature", "properties": { "Tipo Documento": "NIT", "No Documento": "900803292", "Nombre del contribuyente": "PLANEACION ESTRATEGICA Y TECNOLOGIAS AMBIENTALES PLANETA SAS ESP", "Razon Social": "PLANEACION ESTRATEGICA Y TECNOLOGIAS AMBIENTALES PLANETA SAS ESP", "Naturaleza Juridica": "Persona Jurídica", "Regimen tributario": "Regimen Comun", "Direccion": "Avenida 25 # 94L-00 LC AV. TRONCAL OCC. LOCAL 4, Sesquilé, Cundinamarca, Colombia", "Estado": "ACTIVO", "LAT": "5.0445905", "LON": "-73.7967966", "FORMATTED_ADDRESS": "Sesquilé, Cundinamarca, Colombia", "LOCATION_TYPE": "APPROXIMATE", "STATUS": "OK" }, "geometry": { "type": "Point", "coordinates": [ -73.7967966, 5.0445905 ] } },
{ "type": "Feature", "properties": { "Tipo Documento": "NIT", "No Documento": "900213185", "Nombre del contribuyente": "SONOLOG SERVICE SAS", "Razon Social": "SONOLOG SERVICE SAS", "Naturaleza Juridica": "Persona Jurídica", "Regimen tributario": "Regimen Comun", "Direccion": "Carrera 5 # 21A-54 LC 2, Sesquilé, Cundinamarca, Colombia", "Estado": "ACTIVO", "LAT": "5.043489", "LON": "-73.7966536", "FORMATTED_ADDRESS": "Cra. 5, Sesquilé, Cundinamarca, Colombia", "LOCATION_TYPE": "GEOMETRIC_CENTER", "STATUS": "OK" }, "geometry": { "type": "Point", "coordinates": [ -73.7966536, 5.043489 ] } },
{ "type": "Feature", "properties": { "Tipo Documento": "NIT", "No Documento": "900152843", "Nombre del contribuyente": "COVEIN CONTROL VELOCIDAD E INSTRUMENTACION S.A.S.", "Razon Social": "COVEIN CONTROL VELOCIDAD E INSTRUMENTACION S.A.S.", "Naturaleza Juridica": "Persona Jurídica", "Regimen tributario": "Regimen Comun", "Direccion": "Carrera 70C # 51 59, Sesquilé, Cundinamarca, Colombia", "Estado": "ACTIVO", "LAT": "5.0445905", "LON": "-73.7967966", "FORMATTED_ADDRESS": "Sesquilé, Cundinamarca, Colombia", "LOCATION_TYPE": "APPROXIMATE", "STATUS": "OK" }, "geometry": { "type": "Point", "coordinates": [ -73.7967966, 5.0445905 ] } },
{ "type": "Feature", "properties": { "Tipo Documento": "NIT", "No Documento": "900293194", "Nombre del contribuyente": "METAL CARGO SAS", "Razon Social": "METAL CARGO SAS", "Naturaleza Juridica": "Persona Jurídica", "Regimen tributario": "Regimen Comun", "Direccion": "Transversal 93 # 63-32, Sesquilé, Cundinamarca, Colombia", "Estado": "ACTIVO", "LAT": "5.0445905", "LON": "-73.7967966", "FORMATTED_ADDRESS": "Sesquilé, Cundinamarca, Colombia", "LOCATION_TYPE": "APPROXIMATE", "STATUS": "OK" }, "geometry": { "type": "Point", "coordinates": [ -73.7967966, 5.0445905 ] } },
{ "type": "Feature", "properties": { "Tipo Documento": "NIT", "No Documento": "900327256", "Nombre del contribuyente": "MATRIX GIROS Y SERVICIOS SAS", "Razon Social": "MATRIX GIROS Y SERVICIOS SAS", "Naturaleza Juridica": "Persona Jurídica", "Regimen tributario": "Regimen Comun", "Direccion": "AC 26 69D-91 TO 2 OF 905, Sesquilé, Cundinamarca, Colombia", "Estado": "ACTIVO", "LAT": "5.0445905", "LON": "-73.7967966", "FORMATTED_ADDRESS": "Sesquilé, Cundinamarca, Colombia", "LOCATION_TYPE": "APPROXIMATE", "STATUS": "OK" }, "geometry": { "type": "Point", "coordinates": [ -73.7967966, 5.0445905 ] } },
{ "type": "Feature", "properties": { "Tipo Documento": "NIT", "No Documento": "900464792", "Nombre del contribuyente": "DPWATERING SAS", "Razon Social": "DPWATERING SAS", "Naturaleza Juridica": "Persona Jurídica", "Regimen tributario": "Regimen Comun", "Direccion": "PQ IND. ROBLES VDA CANAVITA, Sesquilé, Cundinamarca, Colombia", "Estado": "ACTIVO", "LAT": "5.0445905", "LON": "-73.7967966", "FORMATTED_ADDRESS": "Sesquilé, Cundinamarca, Colombia", "LOCATION_TYPE": "APPROXIMATE", "STATUS": "OK" }, "geometry": { "type": "Point", "coordinates": [ -73.7967966, 5.0445905 ] } },
{ "type": "Feature", "properties": { "Tipo Documento": "NIT", "No Documento": "900079249", "Nombre del contribuyente": "FERREINGENIERIA JM LTDA", "Razon Social": "FERREINGENIERIA JM LTDA", "Naturaleza Juridica": "Persona Jurídica", "Regimen tributario": "Regimen Comun", "Direccion": "CRR 109 #23G - 49, Sesquilé, Cundinamarca, Colombia", "Estado": "ACTIVO", "LAT": "5.0445905", "LON": "-73.7967966", "FORMATTED_ADDRESS": "Sesquilé, Cundinamarca, Colombia", "LOCATION_TYPE": "APPROXIMATE", "STATUS": "OK" }, "geometry": { "type": "Point", "coordinates": [ -73.7967966, 5.0445905 ] } },
{ "type": "Feature", "properties": { "Tipo Documento": "NIT", "No Documento": "860526787", "Nombre del contribuyente": "TGT GAMAS SAS", "Razon Social": "TGT GAMAS SAS", "Naturaleza Juridica": "Persona Jurídica", "Regimen tributario": "Regimen Comun", "Direccion": "PARQUE INDUSTRIAL DEL NORTE BODEGA 9Y-10, Sesquilé, Cundinamarca, Colombia", "Estado": "ACTIVO", "LAT": "5.0445905", "LON": "-73.7967966", "FORMATTED_ADDRESS": "Sesquilé, Cundinamarca, Colombia", "LOCATION_TYPE": "APPROXIMATE", "STATUS": "OK" }, "geometry": { "type": "Point", "coordinates": [ -73.7967966, 5.0445905 ] } },
{ "type": "Feature", "properties": { "Tipo Documento": "NIT", "No Documento": "890908777", "Nombre del contribuyente": "POLCO S.A.S.", "Razon Social": "POLCO S.A.S.", "Naturaleza Juridica": "Persona Jurídica", "Regimen tributario": "Regimen Comun", "Direccion": "Carrera 43E # 5-65, Sesquilé, Cundinamarca, Colombia", "Estado": "ACTIVO", "LAT": "5.0445905", "LON": "-73.7967966", "FORMATTED_ADDRESS": "Sesquilé, Cundinamarca, Colombia", "LOCATION_TYPE": "APPROXIMATE", "STATUS": "OK" }, "geometry": { "type": "Point", "coordinates": [ -73.7967966, 5.0445905 ] } },
{ "type": "Feature", "properties": { "Tipo Documento": "NIT", "No Documento": "890211325", "Nombre del contribuyente": "TRANSPORTES CALDERON S.A.", "Razon Social": "TRANSPORTES CALDERON S.A.", "Naturaleza Juridica": "Persona Jurídica", "Regimen tributario": "Regimen Comun", "Direccion": "Carrera 17 # 15-68 BARRIO SAN FRANCISCO, Sesquilé, Cundinamarca, Colombia", "Estado": "ACTIVO", "LAT": "5.0445905", "LON": "-73.7967966", "FORMATTED_ADDRESS": "Sesquilé, Cundinamarca, Colombia", "LOCATION_TYPE": "APPROXIMATE", "STATUS": "OK" }, "geometry": { "type": "Point", "coordinates": [ -73.7967966, 5.0445905 ] } },
{ "type": "Feature", "properties": { "Tipo Documento": "NIT", "No Documento": "860451569", "Nombre del contribuyente": "FYR INGENIEROS LTDA", "Razon Social": "FYR INGENIEROS LTDA", "Naturaleza Juridica": "Persona Jurídica", "Regimen tributario": "Regimen Comun", "Direccion": "Carrera 23 # 2B-16, Sesquilé, Cundinamarca, Colombia", "Estado": "ACTIVO", "LAT": "5.0445905", "LON": "-73.7967966", "FORMATTED_ADDRESS": "Sesquilé, Cundinamarca, Colombia", "LOCATION_TYPE": "APPROXIMATE", "STATUS": "OK" }, "geometry": { "type": "Point", "coordinates": [ -73.7967966, 5.0445905 ] } },
{ "type": "Feature", "properties": { "Tipo Documento": "NIT", "No Documento": "860534887", "Nombre del contribuyente": "AGROPECUARIA BRAZO Y CIA SAS", "Razon Social": "AGROPECUARIA BRAZO Y CIA SAS", "Naturaleza Juridica": "Persona Jurídica", "Regimen tributario": "Regimen Comun", "Direccion": "Carrera 7A # 95 03 APTO 601, Sesquilé, Cundinamarca, Colombia", "Estado": "ACTIVO", "LAT": "5.0445905", "LON": "-73.7967966", "FORMATTED_ADDRESS": "Sesquilé, Cundinamarca, Colombia", "LOCATION_TYPE": "APPROXIMATE", "STATUS": "OK" }, "geometry": { "type": "Point", "coordinates": [ -73.7967966, 5.0445905 ] } },
{ "type": "Feature", "properties": { "Tipo Documento": "NIT", "No Documento": "860535202", "Nombre del contribuyente": "LUTRY S.A.S.", "Razon Social": "LUTRY S.A.S.", "Naturaleza Juridica": "Persona Jurídica", "Regimen tributario": "Regimen Comun", "Direccion": "Carrera 6 # 80-34, Sesquilé, Cundinamarca, Colombia", "Estado": "ACTIVO", "LAT": "5.0445709", "LON": "-73.7967947", "FORMATTED_ADDRESS": "Cra. 6, Sesquilé, Cundinamarca, Colombia", "LOCATION_TYPE": "GEOMETRIC_CENTER", "STATUS": "OK" }, "geometry": { "type": "Point", "coordinates": [ -73.7967947, 5.0445709 ] } },
{ "type": "Feature", "properties": { "Tipo Documento": "NIT", "No Documento": "860051579", "Nombre del contribuyente": "DISPROEL S.A.", "Razon Social": "DISPROEL S.A.", "Naturaleza Juridica": "Persona Jurídica", "Regimen tributario": "Regimen Comun", "Direccion": "Calle 64G # 92-39 ALAMOS, Sesquilé, Cundinamarca, Colombia", "Estado": "ACTIVO", "LAT": "5.0445905", "LON": "-73.7967966", "FORMATTED_ADDRESS": "Sesquilé, Cundinamarca, Colombia", "LOCATION_TYPE": "APPROXIMATE", "STATUS": "OK" }, "geometry": { "type": "Point", "coordinates": [ -73.7967966, 5.0445905 ] } },
{ "type": "Feature", "properties": { "Tipo Documento": "NIT", "No Documento": "860075858", "Nombre del contribuyente": "FUMIGACIONES YOUNG SAS", "Razon Social": "FUMIGACIONES YOUNG SAS", "Naturaleza Juridica": "Persona Jurídica", "Regimen tributario": "Regimen Comun", "Direccion": "Carrera 19B N164AN-79, Sesquilé, Cundinamarca, Colombia", "Estado": "ACTIVO", "LAT": "5.0445905", "LON": "-73.7967966", "FORMATTED_ADDRESS": "Sesquilé, Cundinamarca, Colombia", "LOCATION_TYPE": "APPROXIMATE", "STATUS": "OK" }, "geometry": { "type": "Point", "coordinates": [ -73.7967966, 5.0445905 ] } },
{ "type": "Feature", "properties": { "Tipo Documento": "NIT", "No Documento": "800249860", "Nombre del contribuyente": "CELSIA COLOMBIA SA ESP", "Razon Social": "CELSIA COLOMBIA SA ESP", "Naturaleza Juridica": "Persona Jurídica", "Regimen tributario": "Regimen Comun", "Direccion": "Calle 15 # 29B-30, Sesquilé, Cundinamarca, Colombia", "Estado": "ACTIVO", "LAT": "5.0445905", "LON": "-73.7967966", "FORMATTED_ADDRESS": "Sesquilé, Cundinamarca, Colombia", "LOCATION_TYPE": "APPROXIMATE", "STATUS": "OK" }, "geometry": { "type": "Point", "coordinates": [ -73.7967966, 5.0445905 ] } },
{ "type": "Feature", "properties": { "Tipo Documento": "NIT", "No Documento": "800215227", "Nombre del contribuyente": "G4S TECHNOLOGY COLOMBIA S.A.", "Razon Social": "G4S TECHNOLOGY COLOMBIA S.A.", "Naturaleza Juridica": "Persona Jurídica", "Regimen tributario": "Regimen Comun", "Direccion": "Avenida CL 100 # 19A-30 PISO 2, Sesquilé, Cundinamarca, Colombia", "Estado": "ACTIVO", "LAT": "5.0445905", "LON": "-73.7967966", "FORMATTED_ADDRESS": "Sesquilé, Cundinamarca, Colombia", "LOCATION_TYPE": "APPROXIMATE", "STATUS": "OK" }, "geometry": { "type": "Point", "coordinates": [ -73.7967966, 5.0445905 ] } },
{ "type": "Feature", "properties": { "Tipo Documento": "NIT", "No Documento": "800128245", "Nombre del contribuyente": "TRANSPORTES SARVI SAS", "Razon Social": "TRANSPORTES SARVI SAS", "Naturaleza Juridica": "Persona Jurídica", "Regimen tributario": "Regimen Comun", "Direccion": "Calle 17 # 69-94, Sesquilé, Cundinamarca, Colombia", "Estado": "ACTIVO", "LAT": "5.0445905", "LON": "-73.7967966", "FORMATTED_ADDRESS": "Sesquilé, Cundinamarca, Colombia", "LOCATION_TYPE": "APPROXIMATE", "STATUS": "OK" }, "geometry": { "type": "Point", "coordinates": [ -73.7967966, 5.0445905 ] } },
{ "type": "Feature", "properties": { "Tipo Documento": "NIT", "No Documento": "860019020", "Nombre del contribuyente": "JIMERCO SAS", "Razon Social": "JIMERCO SAS", "Naturaleza Juridica": "Persona Jurídica", "Regimen tributario": "Regimen Comun", "Direccion": "Calle 96 # 10-29 OF 503, Sesquilé, Cundinamarca, Colombia", "Estado": "ACTIVO", "LAT": "5.0445905", "LON": "-73.7967966", "FORMATTED_ADDRESS": "Sesquilé, Cundinamarca, Colombia", "LOCATION_TYPE": "APPROXIMATE", "STATUS": "OK" }, "geometry": { "type": "Point", "coordinates": [ -73.7967966, 5.0445905 ] } },
{ "type": "Feature", "properties": { "Tipo Documento": "NIT", "No Documento": "830113152", "Nombre del contribuyente": "INSTITUTO DE HIGIENE AMBIENTAL S.A.S.", "Razon Social": "INSTITUTO DE HIGIENE AMBIENTAL S.A.S.", "Naturaleza Juridica": "Persona Jurídica", "Regimen tributario": "Regimen Comun", "Direccion": "Calle 25F # 84B-47 BRR SANTA CECILIA, Sesquilé, Cundinamarca, Colombia", "Estado": "ACTIVO", "LAT": "5.0445905", "LON": "-73.7967966", "FORMATTED_ADDRESS": "Sesquilé, Cundinamarca, Colombia", "LOCATION_TYPE": "APPROXIMATE", "STATUS": "OK" }, "geometry": { "type": "Point", "coordinates": [ -73.7967966, 5.0445905 ] } },
{ "type": "Feature", "properties": { "Tipo Documento": "NIT", "No Documento": "830116134", "Nombre del contribuyente": "PETROWORKS S.A.S.", "Razon Social": "PETROWORKS S.A.S.", "Naturaleza Juridica": "Persona Jurídica", "Regimen tributario": "Regimen Comun", "Direccion": "Carrera 54 # 68-196C-106, Sesquilé, Cundinamarca, Colombia", "Estado": "ACTIVO", "LAT": "5.0445905", "LON": "-73.7967966", "FORMATTED_ADDRESS": "Sesquilé, Cundinamarca, Colombia", "LOCATION_TYPE": "APPROXIMATE", "STATUS": "OK" }, "geometry": { "type": "Point", "coordinates": [ -73.7967966, 5.0445905 ] } },
{ "type": "Feature", "properties": { "Tipo Documento": "NIT", "No Documento": "826002513", "Nombre del contribuyente": "CARGANDO S.A.", "Razon Social": "CARGANDO S.A.", "Naturaleza Juridica": "Persona Jurídica", "Regimen tributario": "Regimen Comun", "Direccion": "KM 16 VIA DUITAMA NOBSA, Sesquilé, Cundinamarca, Colombia", "Estado": "ACTIVO", "LAT": "5.0445905", "LON": "-73.7967966", "FORMATTED_ADDRESS": "Sesquilé, Cundinamarca, Colombia", "LOCATION_TYPE": "APPROXIMATE", "STATUS": "OK" }, "geometry": { "type": "Point", "coordinates": [ -73.7967966, 5.0445905 ] } },
{ "type": "Feature", "properties": { "Tipo Documento": "NIT", "No Documento": "806009543", "Nombre del contribuyente": "UFINET COLOMBIA SA", "Razon Social": "UFINET COLOMBIA SA", "Naturaleza Juridica": "Persona Jurídica", "Regimen tributario": "Regimen Comun", "Direccion": "Calle 72 # 5-83 OF 1202, Sesquilé, Cundinamarca, Colombia", "Estado": "ACTIVO", "LAT": "5.0445905", "LON": "-73.7967966", "FORMATTED_ADDRESS": "Sesquilé, Cundinamarca, Colombia", "LOCATION_TYPE": "APPROXIMATE", "STATUS": "OK" }, "geometry": { "type": "Point", "coordinates": [ -73.7967966, 5.0445905 ] } },
{ "type": "Feature", "properties": { "Tipo Documento": "NIT", "No Documento": "901354361", "Nombre del contribuyente": "PARTNERS TELECOM COLOMBIA S.A.S - EN REORGANIZACION", "Razon Social": "PARTNERS TELECOM COLOMBIA S.A.S - EN REORGANIZACION", "Naturaleza Juridica": "Persona Jurídica", "Regimen tributario": "Responsable de IVA", "Direccion": "Transversal 23 # 95-53, Sesquilé, Cundinamarca, Colombia", "Estado": "ACTIVO", "LAT": "5.0445905", "LON": "-73.7967966", "FORMATTED_ADDRESS": "Sesquilé, Cundinamarca, Colombia", "LOCATION_TYPE": "APPROXIMATE", "STATUS": "OK" }, "geometry": { "type": "Point", "coordinates": [ -73.7967966, 5.0445905 ] } },
{ "type": "Feature", "properties": { "Tipo Documento": "NIT", "No Documento": "901430276-9", "Nombre del contribuyente": "PRADERA CAMPESTRE", "Razon Social": "PRADERA CAMPESTRE", "Naturaleza Juridica": "Persona Jurídica", "Regimen tributario": "Regimen Comun", "Direccion": "VEREDA SAN JOSE, Sesquilé, Cundinamarca, Colombia", "Estado": "ACTIVO", "LAT": "5.0445905", "LON": "-73.7967966", "FORMATTED_ADDRESS": "Sesquilé, Cundinamarca, Colombia", "LOCATION_TYPE": "APPROXIMATE", "STATUS": "OK" }, "geometry": { "type": "Point", "coordinates": [ -73.7967966, 5.0445905 ] } },
{ "type": "Feature", "properties": { "Tipo Documento": "NIT", "No Documento": "901460011", "Nombre del contribuyente": "CONSORCIO INTERVENTORIA LINEAS UPME", "Razon Social": "CONSORCIO INTERVENTORIA LINEAS UPME", "Naturaleza Juridica": "Persona Jurídica", "Regimen tributario": "Regimen Comun", "Direccion": "Carrera 6 # 30A-30, Sesquilé, Cundinamarca, Colombia", "Estado": "ACTIVO", "LAT": "5.045720999999999", "LON": "-73.7960951", "FORMATTED_ADDRESS": "Cra. 6 #7-30, Sesquilé, Cundinamarca, Colombia", "LOCATION_TYPE": "ROOFTOP", "STATUS": "OK" }, "geometry": { "type": "Point", "coordinates": [ -73.7960951, 5.045721 ] } },
{ "type": "Feature", "properties": { "Tipo Documento": "NIT", "No Documento": "900394217", "Nombre del contribuyente": "RH GROUP SAS", "Razon Social": "RH GROUP SAS", "Naturaleza Juridica": "Persona Jurídica", "Regimen tributario": "Regimen Comun", "Direccion": "Calle 20 # 82-52 OF 439, Sesquilé, Cundinamarca, Colombia", "Estado": "ACTIVO", "LAT": "5.0445905", "LON": "-73.7967966", "FORMATTED_ADDRESS": "Sesquilé, Cundinamarca, Colombia", "LOCATION_TYPE": "APPROXIMATE", "STATUS": "OK" }, "geometry": { "type": "Point", "coordinates": [ -73.7967966, 5.0445905 ] } },
{ "type": "Feature", "properties": { "Tipo Documento": "NIT", "No Documento": "901687707", "Nombre del contribuyente": "CONSORCIO FERREO CBC 196", "Razon Social": "CONSORCIO FERREO CBC 196", "Naturaleza Juridica": "Persona Jurídica", "Regimen tributario": "Responsable de IVA", "Direccion": "Carrera 47 # 103-29, Sesquilé, Cundinamarca, Colombia", "Estado": "ACTIVO", "LAT": "5.0445905", "LON": "-73.7967966", "FORMATTED_ADDRESS": "Sesquilé, Cundinamarca, Colombia", "LOCATION_TYPE": "APPROXIMATE", "STATUS": "OK" }, "geometry": { "type": "Point", "coordinates": [ -73.7967966, 5.0445905 ] } },
{ "type": "Feature", "properties": { "Tipo Documento": "NIT", "No Documento": "901160439", "Nombre del contribuyente": "CARRAGA GRANITOS Y MARMOLES SAS", "Razon Social": "CARRAGA GRANITOS Y MARMOLES SAS", "Naturaleza Juridica": "Persona Jurídica", "Regimen tributario": "Regimen Comun", "Direccion": "Calle 59 # 63-50, Sesquilé, Cundinamarca, Colombia", "Estado": "ACTIVO", "LAT": "5.0445905", "LON": "-73.7967966", "FORMATTED_ADDRESS": "Sesquilé, Cundinamarca, Colombia", "LOCATION_TYPE": "APPROXIMATE", "STATUS": "OK" }, "geometry": { "type": "Point", "coordinates": [ -73.7967966, 5.0445905 ] } },
{ "type": "Feature", "properties": { "Tipo Documento": "NIT", "No Documento": "830133588", "Nombre del contribuyente": "A&CI SAS", "Razon Social": "A&CI SAS", "Naturaleza Juridica": "Persona Jurídica", "Regimen tributario": "Regimen Comun", "Direccion": "Carrera 81D # 25D-19, Sesquilé, Cundinamarca, Colombia", "Estado": "ACTIVO", "LAT": "5.0445905", "LON": "-73.7967966", "FORMATTED_ADDRESS": "Sesquilé, Cundinamarca, Colombia", "LOCATION_TYPE": "APPROXIMATE", "STATUS": "OK" }, "geometry": { "type": "Point", "coordinates": [ -73.7967966, 5.0445905 ] } },
{ "type": "Feature", "properties": { "Tipo Documento": "NIT", "No Documento": "901125664", "Nombre del contribuyente": "UNIVERSO ONLINE SAS", "Razon Social": "UNIVERSO ONLINE SAS", "Naturaleza Juridica": "Persona Jurídica", "Regimen tributario": "Regimen Comun", "Direccion": "Calle 37 # 17-46 OFICINA 308, Sesquilé, Cundinamarca, Colombia", "Estado": "ACTIVO", "LAT": "5.0445905", "LON": "-73.7967966", "FORMATTED_ADDRESS": "Sesquilé, Cundinamarca, Colombia", "LOCATION_TYPE": "APPROXIMATE", "STATUS": "OK" }, "geometry": { "type": "Point", "coordinates": [ -73.7967966, 5.0445905 ] } },
{ "type": "Feature", "properties": { "Tipo Documento": "NIT", "No Documento": "901155365", "Nombre del contribuyente": "A&CI IT SAS", "Razon Social": "A&CI IT SAS", "Naturaleza Juridica": "Persona Jurídica", "Regimen tributario": "Regimen Comun", "Direccion": "Carrera 81D # 25D-19, Sesquilé, Cundinamarca, Colombia", "Estado": "ACTIVO", "LAT": "5.0445905", "LON": "-73.7967966", "FORMATTED_ADDRESS": "Sesquilé, Cundinamarca, Colombia", "LOCATION_TYPE": "APPROXIMATE", "STATUS": "OK" }, "geometry": { "type": "Point", "coordinates": [ -73.7967966, 5.0445905 ] } },
{ "type": "Feature", "properties": { "Tipo Documento": "NIT", "No Documento": "900893529", "Nombre del contribuyente": "SERVIMANTO Y GEOTECNOLOGIAS SAS", "Razon Social": "SERVIMANTO Y GEOTECNOLOGIAS SAS", "Naturaleza Juridica": "Persona Jurídica", "Regimen tributario": "Regimen Comun", "Direccion": "Carrera 9 # 2-26, Sesquilé, Cundinamarca, Colombia", "Estado": "ACTIVO", "LAT": "5.046645199999999", "LON": "-73.7987203", "FORMATTED_ADDRESS": "Cra. 9 # 6-2, Sesquilé, Cundinamarca, Colombia", "LOCATION_TYPE": "ROOFTOP", "STATUS": "OK" }, "geometry": { "type": "Point", "coordinates": [ -73.7987203, 5.0466452 ] } },
{ "type": "Feature", "properties": { "Tipo Documento": "NIT", "No Documento": "900132764", "Nombre del contribuyente": "MDST S A S", "Razon Social": "MDST S A S", "Naturaleza Juridica": "Persona Jurídica", "Regimen tributario": "Regimen Comun", "Direccion": "Carrera 69 # 2-50, Sesquilé, Cundinamarca, Colombia", "Estado": "ACTIVO", "LAT": "5.0445905", "LON": "-73.7967966", "FORMATTED_ADDRESS": "Sesquilé, Cundinamarca, Colombia", "LOCATION_TYPE": "APPROXIMATE", "STATUS": "OK" }, "geometry": { "type": "Point", "coordinates": [ -73.7967966, 5.0445905 ] } },
{ "type": "Feature", "properties": { "Tipo Documento": "NIT", "No Documento": "901330123", "Nombre del contribuyente": "TRANSPORTE DE SERVICIO ESPECIAL ENTRAPETROL S.A.S.", "Razon Social": "TRANSPORTE DE SERVICIO ESPECIAL ENTRAPETROL S.A.S.", "Naturaleza Juridica": "Persona Jurídica", "Regimen tributario": "Regimen Comun", "Direccion": "Calle 2 # 18-93 OF 229, Sesquilé, Cundinamarca, Colombia", "Estado": "ACTIVO", "LAT": "5.0445905", "LON": "-73.7967966", "FORMATTED_ADDRESS": "Sesquilé, Cundinamarca, Colombia", "LOCATION_TYPE": "APPROXIMATE", "STATUS": "OK" }, "geometry": { "type": "Point", "coordinates": [ -73.7967966, 5.0445905 ] } },
{ "type": "Feature", "properties": { "Tipo Documento": "NIT", "No Documento": "811011786", "Nombre del contribuyente": "CERQUERA Y PARRA SAS", "Razon Social": "CERQUERA Y PARRA SAS", "Naturaleza Juridica": "Persona Jurídica", "Regimen tributario": "Regimen Comun", "Direccion": "Carrera 64C # 72-211, Sesquilé, Cundinamarca, Colombia", "Estado": "ACTIVO", "LAT": "5.0445905", "LON": "-73.7967966", "FORMATTED_ADDRESS": "Sesquilé, Cundinamarca, Colombia", "LOCATION_TYPE": "APPROXIMATE", "STATUS": "OK" }, "geometry": { "type": "Point", "coordinates": [ -73.7967966, 5.0445905 ] } },
{ "type": "Feature", "properties": { "Tipo Documento": "NIT", "No Documento": "830042755", "Nombre del contribuyente": "DOMINGUEZ SANCHEZ SAS", "Razon Social": "DOMINGUEZ SANCHEZ SAS", "Naturaleza Juridica": "Persona Jurídica", "Regimen tributario": "Regimen Comun", "Direccion": "Calle 96A-61-22, Sesquilé, Cundinamarca, Colombia", "Estado": "ACTIVO", "LAT": "5.0445905", "LON": "-73.7967966", "FORMATTED_ADDRESS": "Sesquilé, Cundinamarca, Colombia", "LOCATION_TYPE": "APPROXIMATE", "STATUS": "OK" }, "geometry": { "type": "Point", "coordinates": [ -73.7967966, 5.0445905 ] } },
{ "type": "Feature", "properties": { "Tipo Documento": "NIT", "No Documento": "800180892", "Nombre del contribuyente": "CONFIAR SEGURIDAD LTDA", "Razon Social": "CONFIAR SEGURIDAD LTDA", "Naturaleza Juridica": "Persona Jurídica", "Regimen tributario": "Regimen Comun", "Direccion": "Calle 63D BIS 22 39, Sesquilé, Cundinamarca, Colombia", "Estado": "ACTIVO", "LAT": "5.0445905", "LON": "-73.7967966", "FORMATTED_ADDRESS": "Sesquilé, Cundinamarca, Colombia", "LOCATION_TYPE": "APPROXIMATE", "STATUS": "OK" }, "geometry": { "type": "Point", "coordinates": [ -73.7967966, 5.0445905 ] } },
{ "type": "Feature", "properties": { "Tipo Documento": "NIT", "No Documento": "800178801", "Nombre del contribuyente": "ASERVIROD DE COLOMBIA SAS", "Razon Social": "ASERVIROD DE COLOMBIA SAS", "Naturaleza Juridica": "Persona Jurídica", "Regimen tributario": "Regimen Comun", "Direccion": "Calle 46A # 82-54 BG 7, Sesquilé, Cundinamarca, Colombia", "Estado": "ACTIVO", "LAT": "5.0445905", "LON": "-73.7967966", "FORMATTED_ADDRESS": "Sesquilé, Cundinamarca, Colombia", "LOCATION_TYPE": "APPROXIMATE", "STATUS": "OK" }, "geometry": { "type": "Point", "coordinates": [ -73.7967966, 5.0445905 ] } },
{ "type": "Feature", "properties": { "Tipo Documento": "NIT", "No Documento": "900572680", "Nombre del contribuyente": "RUEDA GIRALDO Y CIA S EN C", "Razon Social": "RUEDA GIRALDO Y CIA S EN C", "Naturaleza Juridica": "Persona Jurídica", "Regimen tributario": "Responsable de IVA", "Direccion": "VEREDA GOBERNADOR, Sesquilé, Cundinamarca, Colombia", "Estado": "ACTIVO", "LAT": "5.032008", "LON": "-73.800835", "FORMATTED_ADDRESS": "Vda. Gobernador, Sesquilé, Cundinamarca, Colombia", "LOCATION_TYPE": "GEOMETRIC_CENTER", "STATUS": "OK" }, "geometry": { "type": "Point", "coordinates": [ -73.800835, 5.032008 ] } },
{ "type": "Feature", "properties": { "Tipo Documento": "NIT", "No Documento": "901556885", "Nombre del contribuyente": "LOS AUTOS LOGISTIC SAS", "Razon Social": "LOS AUTOS LOGISTIC SAS", "Naturaleza Juridica": "Persona Jurídica", "Regimen tributario": "Responsable de IVA", "Direccion": "KM 36 AUT TRONCAL CENTRAL DEL NORTE Z, Sesquilé, Cundinamarca, Colombia", "Estado": "ACTIVO", "LAT": "5.0550783", "LON": "-73.805449", "FORMATTED_ADDRESS": "55, Cundinamarca, Colombia", "LOCATION_TYPE": "GEOMETRIC_CENTER", "STATUS": "OK" }, "geometry": { "type": "Point", "coordinates": [ -73.805449, 5.0550783 ] } },
{ "type": "Feature", "properties": { "Tipo Documento": "NIT", "No Documento": "890110188", "Nombre del contribuyente": "INDEPENDENCE DRILLING S.A.", "Razon Social": "INDEPENDENCE DRILLING S.A.", "Naturaleza Juridica": "Persona Jurídica", "Regimen tributario": "Responsable de IVA", "Direccion": "Calle 100 # 7-33 TO 1P-19, Sesquilé, Cundinamarca, Colombia", "Estado": "ACTIVO", "LAT": "5.0445905", "LON": "-73.7967966", "FORMATTED_ADDRESS": "Sesquilé, Cundinamarca, Colombia", "LOCATION_TYPE": "APPROXIMATE", "STATUS": "OK" }, "geometry": { "type": "Point", "coordinates": [ -73.7967966, 5.0445905 ] } },
{ "type": "Feature", "properties": { "Tipo Documento": "NIT", "No Documento": "830059734", "Nombre del contribuyente": "SKYNET DE COLOMBIA SAS ESP", "Razon Social": "SKYNET DE COLOMBIA SAS ESP", "Naturaleza Juridica": "Persona Jurídica", "Regimen tributario": "Regimen Comun", "Direccion": "Carrera 8 # 20-22, Sesquilé, Cundinamarca, Colombia", "Estado": "ACTIVO", "LAT": "5.045631999999999", "LON": "-73.798428", "FORMATTED_ADDRESS": "Cra. 8 # 5-20, Sesquilé, Cundinamarca, Colombia", "LOCATION_TYPE": "ROOFTOP", "STATUS": "OK" }, "geometry": { "type": "Point", "coordinates": [ -73.798428, 5.045632 ] } },
{ "type": "Feature", "properties": { "Tipo Documento": "NIT", "No Documento": "901528211", "Nombre del contribuyente": "INVERSIONES R&P SAS", "Razon Social": "INVERSIONES R&P SAS", "Naturaleza Juridica": "Persona Jurídica", "Regimen tributario": "Regimen Comun", "Direccion": "Carrera 6 # 3-40 P1, Sesquilé, Cundinamarca, Colombia", "Estado": "ACTIVO", "LAT": "5.0430851", "LON": "-73.79743169999999", "FORMATTED_ADDRESS": "Cra. 6 #3-40 p1, Sesquilé, Cundinamarca, Colombia", "LOCATION_TYPE": "ROOFTOP", "STATUS": "OK" }, "geometry": { "type": "Point", "coordinates": [ -73.7974317, 5.0430851 ] } },
{ "type": "Feature", "properties": { "Tipo Documento": "NIT", "No Documento": "901578980", "Nombre del contribuyente": "TRANSPORTES Y SERVICIOS GONZALEZ R2 SAS", "Razon Social": "TRANSPORTES Y SERVICIOS GONZALEZ R2 SAS", "Naturaleza Juridica": "Persona Jurídica", "Regimen tributario": "Regimen Comun", "Direccion": "Carrera 8 # 7-60, Sesquilé, Cundinamarca, Colombia", "Estado": "ACTIVO", "LAT": "5.047354800000001", "LON": "-73.7973334", "FORMATTED_ADDRESS": "Cra. 8 #7-60, Sesquilé, Cundinamarca, Colombia", "LOCATION_TYPE": "ROOFTOP", "STATUS": "OK" }, "geometry": { "type": "Point", "coordinates": [ -73.7973334, 5.0473548 ] } },
{ "type": "Feature", "properties": { "Tipo Documento": "NIT", "No Documento": "901280391", "Nombre del contribuyente": "LOGISTICA RQ SAS", "Razon Social": "LOGISTICA RQ SAS", "Naturaleza Juridica": "Persona Jurídica", "Regimen tributario": "Regimen Ordinario", "Direccion": "Carrera 97 # 16D-47 P3, Sesquilé, Cundinamarca, Colombia", "Estado": "ACTIVO", "LAT": "5.0445905", "LON": "-73.7967966", "FORMATTED_ADDRESS": "Sesquilé, Cundinamarca, Colombia", "LOCATION_TYPE": "APPROXIMATE", "STATUS": "OK" }, "geometry": { "type": "Point", "coordinates": [ -73.7967966, 5.0445905 ] } },
{ "type": "Feature", "properties": { "Tipo Documento": "NIT", "No Documento": "800187151", "Nombre del contribuyente": "FUNDACION UNIVERSIDAD DEL VALLE", "Razon Social": "FUNDACION UNIVERSIDAD DEL VALLE", "Naturaleza Juridica": "Persona Jurídica", "Regimen tributario": "Regimen Simple", "Direccion": "Carrera 27 # 4-15, Sesquilé, Cundinamarca, Colombia", "Estado": "ACTIVO", "LAT": "5.0445905", "LON": "-73.7967966", "FORMATTED_ADDRESS": "Sesquilé, Cundinamarca, Colombia", "LOCATION_TYPE": "APPROXIMATE", "STATUS": "OK" }, "geometry": { "type": "Point", "coordinates": [ -73.7967966, 5.0445905 ] } },
{ "type": "Feature", "properties": { "Tipo Documento": "NIT", "No Documento": "900561791", "Nombre del contribuyente": "B&B PRO ENERGY SAS", "Razon Social": "B&B PRO ENERGY SAS", "Naturaleza Juridica": "Persona Jurídica", "Regimen tributario": "Responsable de IVA", "Direccion": "Carrera 82 # 25G-84 TO VIVA OF 602, Sesquilé, Cundinamarca, Colombia", "Estado": "ACTIVO", "LAT": "5.0445905", "LON": "-73.7967966", "FORMATTED_ADDRESS": "Sesquilé, Cundinamarca, Colombia", "LOCATION_TYPE": "APPROXIMATE", "STATUS": "OK" }, "geometry": { "type": "Point", "coordinates": [ -73.7967966, 5.0445905 ] } },
{ "type": "Feature", "properties": { "Tipo Documento": "NIT", "No Documento": "860500689", "Nombre del contribuyente": "ALFRIO SAS", "Razon Social": "ALFRIO SAS", "Naturaleza Juridica": "Persona Jurídica", "Regimen tributario": "Responsable de IVA", "Direccion": "Calle 57 # 19-48, Sesquilé, Cundinamarca, Colombia", "Estado": "ACTIVO", "LAT": "5.0445905", "LON": "-73.7967966", "FORMATTED_ADDRESS": "Sesquilé, Cundinamarca, Colombia", "LOCATION_TYPE": "APPROXIMATE", "STATUS": "OK" }, "geometry": { "type": "Point", "coordinates": [ -73.7967966, 5.0445905 ] } },
{ "type": "Feature", "properties": { "Tipo Documento": "NIT", "No Documento": "830018703", "Nombre del contribuyente": "AFELECTROGENOS SAS", "Razon Social": "AFELECTROGENOS SAS", "Naturaleza Juridica": "Persona Jurídica", "Regimen tributario": "Regimen Ordinario", "Direccion": "Calle 75 # 27B-26, Sesquilé, Cundinamarca, Colombia", "Estado": "ACTIVO", "LAT": "5.0445905", "LON": "-73.7967966", "FORMATTED_ADDRESS": "Sesquilé, Cundinamarca, Colombia", "LOCATION_TYPE": "APPROXIMATE", "STATUS": "OK" }, "geometry": { "type": "Point", "coordinates": [ -73.7967966, 5.0445905 ] } },
{ "type": "Feature", "properties": { "Tipo Documento": "NIT", "No Documento": "901747408", "Nombre del contribuyente": "CONSORCIO E-JM FRONTERAS", "Razon Social": "CONSORCIO E-JM FRONTERAS", "Naturaleza Juridica": "Persona Jurídica", "Regimen tributario": "Regimen Comun", "Direccion": "Calle 33AA 82 19, Sesquilé, Cundinamarca, Colombia", "Estado": "ACTIVO", "LAT": "5.0445905", "LON": "-73.7967966", "FORMATTED_ADDRESS": "Sesquilé, Cundinamarca, Colombia", "LOCATION_TYPE": "APPROXIMATE", "STATUS": "OK" }, "geometry": { "type": "Point", "coordinates": [ -73.7967966, 5.0445905 ] } },
{ "type": "Feature", "properties": { "Tipo Documento": "NIT", "No Documento": "900373546", "Nombre del contribuyente": "Agropecuaria Takunare S.A.S.", "Razon Social": "Agropecuaria Takunare S.A.S.", "Naturaleza Juridica": "Persona Jurídica", "Regimen tributario": "Regimen Ordinario", "Direccion": "Calle 79B # 4-84, Sesquilé, Cundinamarca, Colombia", "Estado": "ACTIVO", "LAT": "5.0445905", "LON": "-73.7967966", "FORMATTED_ADDRESS": "Sesquilé, Cundinamarca, Colombia", "LOCATION_TYPE": "APPROXIMATE", "STATUS": "OK" }, "geometry": { "type": "Point", "coordinates": [ -73.7967966, 5.0445905 ] } },
{ "type": "Feature", "properties": { "Tipo Documento": "NIT", "No Documento": "805001538", "Nombre del contribuyente": "VEOLIA SERVICIOS INDUSTRIALES COLOMBIA SAS ESP", "Razon Social": "VEOLIA SERVICIOS INDUSTRIALES COLOMBIA SAS ESP", "Naturaleza Juridica": "Persona Jurídica", "Regimen tributario": "Regimen Comun", "Direccion": "Calle 96 # 10-72, PISO 3, Sesquilé, Cundinamarca, Colombia", "Estado": "ACTIVO", "LAT": "5.0445905", "LON": "-73.7967966", "FORMATTED_ADDRESS": "Sesquilé, Cundinamarca, Colombia", "LOCATION_TYPE": "APPROXIMATE", "STATUS": "OK" }, "geometry": { "type": "Point", "coordinates": [ -73.7967966, 5.0445905 ] } },
{ "type": "Feature", "properties": { "Tipo Documento": "NIT", "No Documento": "900057931", "Nombre del contribuyente": "RENTOKIL INITIAL COLOMBIA SAS", "Razon Social": "RENTOKIL INITIAL COLOMBIA SAS", "Naturaleza Juridica": "Persona Jurídica", "Regimen tributario": "Regimen Comun", "Direccion": "Carrera 19B # 164A-79, Sesquilé, Cundinamarca, Colombia", "Estado": "ACTIVO", "LAT": "5.0445905", "LON": "-73.7967966", "FORMATTED_ADDRESS": "Sesquilé, Cundinamarca, Colombia", "LOCATION_TYPE": "APPROXIMATE", "STATUS": "OK" }, "geometry": { "type": "Point", "coordinates": [ -73.7967966, 5.0445905 ] } },
{ "type": "Feature", "properties": { "Tipo Documento": "NIT", "No Documento": "806002911", "Nombre del contribuyente": "DURAMOS SAS", "Razon Social": "DURAMOS SAS", "Naturaleza Juridica": "Persona Jurídica", "Regimen tributario": "Regimen Comun", "Direccion": "KM4 MAS 200 METROS VIA ALTERNA, Sesquilé, Cundinamarca, Colombia", "Estado": "ACTIVO", "LAT": "5.0445905", "LON": "-73.7967966", "FORMATTED_ADDRESS": "Sesquilé, Cundinamarca, Colombia", "LOCATION_TYPE": "APPROXIMATE", "STATUS": "OK" }, "geometry": { "type": "Point", "coordinates": [ -73.7967966, 5.0445905 ] } },
{ "type": "Feature", "properties": { "Tipo Documento": "NIT", "No Documento": "901637465", "Nombre del contribuyente": "BIA SERVICES SAS", "Razon Social": "BIA SERVICES SAS", "Naturaleza Juridica": "Persona Jurídica", "Regimen tributario": "Regimen Comun", "Direccion": "Calle 103 18-A48, Sesquilé, Cundinamarca, Colombia", "Estado": "ACTIVO", "LAT": "5.0445905", "LON": "-73.7967966", "FORMATTED_ADDRESS": "Sesquilé, Cundinamarca, Colombia", "LOCATION_TYPE": "APPROXIMATE", "STATUS": "OK" }, "geometry": { "type": "Point", "coordinates": [ -73.7967966, 5.0445905 ] } },
{ "type": "Feature", "properties": { "Tipo Documento": "NIT", "No Documento": "901109087", "Nombre del contribuyente": "LIDERAZGO EN ACCION SAS", "Razon Social": "LIDERAZGO EN ACCION SAS", "Naturaleza Juridica": "Persona Jurídica", "Regimen tributario": "Regimen Comun", "Direccion": "Calle 142 # 12-97 AP 210, Sesquilé, Cundinamarca, Colombia", "Estado": "ACTIVO", "LAT": "5.0445905", "LON": "-73.7967966", "FORMATTED_ADDRESS": "Sesquilé, Cundinamarca, Colombia", "LOCATION_TYPE": "APPROXIMATE", "STATUS": "OK" }, "geometry": { "type": "Point", "coordinates": [ -73.7967966, 5.0445905 ] } },
{ "type": "Feature", "properties": { "Tipo Documento": "NIT", "No Documento": "901145721", "Nombre del contribuyente": "COMERCIALIZADORA EL SAJO DEL PINAL SAS", "Razon Social": "COMERCIALIZADORA EL SAJO DEL PINAL SAS", "Naturaleza Juridica": "Persona Jurídica", "Regimen tributario": "Responsable de IVA", "Direccion": "Carrera 6 # 23-80, Sesquilé, Cundinamarca, Colombia", "Estado": "ACTIVO", "LAT": "5.049311599999999", "LON": "-73.7982069", "FORMATTED_ADDRESS": "Cra. 6 # 8C-23, Sesquilé, Cundinamarca, Colombia", "LOCATION_TYPE": "ROOFTOP", "STATUS": "OK" }, "geometry": { "type": "Point", "coordinates": [ -73.7982069, 5.0493116 ] } },
{ "type": "Feature", "properties": { "Tipo Documento": "NIT", "No Documento": "900095247", "Nombre del contribuyente": "UNIVERSAL DE LIMPIEZA SAS", "Razon Social": "UNIVERSAL DE LIMPIEZA SAS", "Naturaleza Juridica": "Persona Jurídica", "Regimen tributario": "Regimen Comun", "Direccion": "AVE CL 80 69K-11, Sesquilé, Cundinamarca, Colombia", "Estado": "ACTIVO", "LAT": "5.0445905", "LON": "-73.7967966", "FORMATTED_ADDRESS": "Sesquilé, Cundinamarca, Colombia", "LOCATION_TYPE": "APPROXIMATE", "STATUS": "OK" }, "geometry": { "type": "Point", "coordinates": [ -73.7967966, 5.0445905 ] } },
{ "type": "Feature", "properties": { "Tipo Documento": "NIT", "No Documento": "901602156", "Nombre del contribuyente": "GNL GREEN NETWORK LOGISTICS S.A.S.", "Razon Social": "GNL GREEN NETWORK LOGISTICS S.A.S.", "Naturaleza Juridica": "Persona Jurídica", "Regimen tributario": "Regimen Comun", "Direccion": "PAR GLOBAL LOGISTICS KM 8 VIA CERRITOS BG 5 H, Sesquilé, Cundinamarca, Colombia", "Estado": "ACTIVO", "LAT": "5.0445905", "LON": "-73.7967966", "FORMATTED_ADDRESS": "Sesquilé, Cundinamarca, Colombia", "LOCATION_TYPE": "APPROXIMATE", "STATUS": "OK" }, "geometry": { "type": "Point", "coordinates": [ -73.7967966, 5.0445905 ] } },
{ "type": "Feature", "properties": { "Tipo Documento": "NIT", "No Documento": "901809790", "Nombre del contribuyente": "HIDRAING HIDRAULICA E INGENIERIA S.A.S.", "Razon Social": "HIDRAING HIDRAULICA E INGENIERIA S.A.S.", "Naturaleza Juridica": "Persona Jurídica", "Regimen tributario": "Regimen Comun", "Direccion": "Calle 6 # 9-09 CA 9, Sesquilé, Cundinamarca, Colombia", "Estado": "ACTIVO", "LAT": "5.0466337", "LON": "-73.7986901", "FORMATTED_ADDRESS": "Cl. 6 #9-09, Sesquilé, Cundinamarca, Colombia", "LOCATION_TYPE": "ROOFTOP", "STATUS": "OK" }, "geometry": { "type": "Point", "coordinates": [ -73.7986901, 5.0466337 ] } },
{ "type": "Feature", "properties": { "Tipo Documento": "Cédula de Ciudadanía", "No Documento": "591502163", "Nombre del contribuyente": "EMPRESA DE TELECOMUNICACIONES DE POPAYAN SA EMTEL ESP", "Razon Social": "EMPRESA DE TELECOMUNICACIONES DE POPAYAN SA EMTEL ESP", "Naturaleza Juridica": "Persona Jurídica", "Regimen tributario": "Responsable de IVA", "Direccion": "Calle 5 # 5 68 ED CAM CENTRO, Sesquilé, Cundinamarca, Colombia", "Estado": "ACTIVO", "LAT": "5.0445395", "LON": "-73.7967307", "FORMATTED_ADDRESS": "Cl. 5 #5-68, Sesquilé, Cundinamarca, Colombia", "LOCATION_TYPE": "RANGE_INTERPOLATED", "STATUS": "OK" }, "geometry": { "type": "Point", "coordinates": [ -73.7967307, 5.0445395 ] } },
{ "type": "Feature", "properties": { "Tipo Documento": "NIT", "No Documento": "830512384", "Nombre del contribuyente": "INVERSIONES LA VENTANA C & C LTDA", "Razon Social": "INVERSIONES LA VENTANA C & C LTDA", "Naturaleza Juridica": "Persona Jurídica", "Regimen tributario": "Responsable de IVA", "Direccion": "Calle 7 # 3-71, Sesquilé, Cundinamarca, Colombia", "Estado": "ACTIVO", "LAT": "5.04511", "LON": "-73.79476509999999", "FORMATTED_ADDRESS": "Cl. 7 #3-71, Sesquilé, Cundinamarca, Colombia", "LOCATION_TYPE": "ROOFTOP", "STATUS": "OK" }, "geometry": { "type": "Point", "coordinates": [ -73.7947651, 5.04511 ] } },
{ "type": "Feature", "properties": { "Tipo Documento": "NIT", "No Documento": "826002881", "Nombre del contribuyente": "TRANSPORTES BENAVIDES SAS", "Razon Social": "TRANSPORTES BENAVIDES SAS", "Naturaleza Juridica": "Persona Jurídica", "Regimen tributario": "Regimen Comun", "Direccion": "CL 46 ESQUINA VEREDA LA UNION, Sesquilé, Cundinamarca, Colombia", "Estado": "ACTIVO", "LAT": "5.0445905", "LON": "-73.7967966", "FORMATTED_ADDRESS": "Sesquilé, Cundinamarca, Colombia", "LOCATION_TYPE": "APPROXIMATE", "STATUS": "OK" }, "geometry": { "type": "Point", "coordinates": [ -73.7967966, 5.0445905 ] } },
{ "type": "Feature", "properties": { "Tipo Documento": "NIT", "No Documento": "811016504", "Nombre del contribuyente": "AUTOMATIZACION Y PESO LTDA", "Razon Social": "AUTOMATIZACION Y PESO LTDA", "Naturaleza Juridica": "Persona Jurídica", "Regimen tributario": "Responsable de IVA", "Direccion": "Carrera 43A-61 SUR 152 BOD 131, Sesquilé, Cundinamarca, Colombia", "Estado": "ACTIVO", "LAT": "5.0445905", "LON": "-73.7967966", "FORMATTED_ADDRESS": "Sesquilé, Cundinamarca, Colombia", "LOCATION_TYPE": "APPROXIMATE", "STATUS": "OK" }, "geometry": { "type": "Point", "coordinates": [ -73.7967966, 5.0445905 ] } },
{ "type": "Feature", "properties": { "Tipo Documento": "NIT", "No Documento": "860042985", "Nombre del contribuyente": "COHA SAS", "Razon Social": "COHA SAS", "Naturaleza Juridica": "Persona Jurídica", "Regimen tributario": "Regimen Comun", "Direccion": "Calle 17 # 60-51, Sesquilé, Cundinamarca, Colombia", "Estado": "ACTIVO", "LAT": "5.0445905", "LON": "-73.7967966", "FORMATTED_ADDRESS": "Sesquilé, Cundinamarca, Colombia", "LOCATION_TYPE": "APPROXIMATE", "STATUS": "OK" }, "geometry": { "type": "Point", "coordinates": [ -73.7967966, 5.0445905 ] } },
{ "type": "Feature", "properties": { "Tipo Documento": "NIT", "No Documento": "900789008", "Nombre del contribuyente": "GRUPO EMPRESARIAL PINEDA SAS", "Razon Social": "GRUPO EMPRESARIAL PINEDA SAS", "Naturaleza Juridica": "Persona Jurídica", "Regimen tributario": "Regimen Comun", "Direccion": "Carrera 77H # 64-17 SUR, Sesquilé, Cundinamarca, Colombia", "Estado": "ACTIVO", "LAT": "5.0445905", "LON": "-73.7967966", "FORMATTED_ADDRESS": "Sesquilé, Cundinamarca, Colombia", "LOCATION_TYPE": "APPROXIMATE", "STATUS": "OK" }, "geometry": { "type": "Point", "coordinates": [ -73.7967966, 5.0445905 ] } },
{ "type": "Feature", "properties": { "Tipo Documento": "NIT", "No Documento": "900739477", "Nombre del contribuyente": "REFRITERMICA SAS", "Razon Social": "REFRITERMICA SAS", "Naturaleza Juridica": "Persona Jurídica", "Regimen tributario": "Responsable de IVA", "Direccion": "Calle 18A-4-02, Sesquilé, Cundinamarca, Colombia", "Estado": "ACTIVO", "LAT": "5.0445905", "LON": "-73.7967966", "FORMATTED_ADDRESS": "Sesquilé, Cundinamarca, Colombia", "LOCATION_TYPE": "APPROXIMATE", "STATUS": "OK" }, "geometry": { "type": "Point", "coordinates": [ -73.7967966, 5.0445905 ] } },
{ "type": "Feature", "properties": { "Tipo Documento": "NIT", "No Documento": "830120278", "Nombre del contribuyente": "SYA SANTANDER Y ASOCIADOS SAS", "Razon Social": "SYA SANTANDER Y ASOCIADOS SAS", "Naturaleza Juridica": "Persona Jurídica", "Regimen tributario": "Regimen Comun", "Direccion": "Calle 98 # 18-71 OF 406, Sesquilé, Cundinamarca, Colombia", "Estado": "ACTIVO", "LAT": "5.0445905", "LON": "-73.7967966", "FORMATTED_ADDRESS": "Sesquilé, Cundinamarca, Colombia", "LOCATION_TYPE": "APPROXIMATE", "STATUS": "OK" }, "geometry": { "type": "Point", "coordinates": [ -73.7967966, 5.0445905 ] } },
{ "type": "Feature", "properties": { "Tipo Documento": "NIT", "No Documento": "890320064", "Nombre del contribuyente": "Gers SAS", "Razon Social": "Gers SAS", "Naturaleza Juridica": "Persona Jurídica", "Regimen tributario": "Responsable de IVA", "Direccion": "Calle 3A #65-118, Sesquilé, Cundinamarca, Colombia", "Estado": "ACTIVO", "LAT": "5.0445905", "LON": "-73.7967966", "FORMATTED_ADDRESS": "Sesquilé, Cundinamarca, Colombia", "LOCATION_TYPE": "APPROXIMATE", "STATUS": "OK" }, "geometry": { "type": "Point", "coordinates": [ -73.7967966, 5.0445905 ] } },
{ "type": "Feature", "properties": { "Tipo Documento": "NIT", "No Documento": "901588412", "Nombre del contribuyente": "BIA ENERGY SAS ESP", "Razon Social": "BIA ENERGY SAS ESP", "Naturaleza Juridica": "Persona Jurídica", "Regimen tributario": "Regimen Comun", "Direccion": "Calle 103 18A - 48, Sesquilé, Cundinamarca, Colombia", "Estado": "ACTIVO", "LAT": "5.0445905", "LON": "-73.7967966", "FORMATTED_ADDRESS": "Sesquilé, Cundinamarca, Colombia", "LOCATION_TYPE": "APPROXIMATE", "STATUS": "OK" }, "geometry": { "type": "Point", "coordinates": [ -73.7967966, 5.0445905 ] } },
{ "type": "Feature", "properties": { "Tipo Documento": "NIT", "No Documento": "901859350", "Nombre del contribuyente": "UNION TEMPORAL COMCOL 2024 CAR", "Razon Social": "UNION TEMPORAL COMCOL 2024 CAR", "Naturaleza Juridica": "Persona Jurídica", "Regimen tributario": "Responsable de IVA", "Direccion": "Calle 72 # 28-52, Sesquilé, Cundinamarca, Colombia", "Estado": "ACTIVO", "LAT": "5.0445905", "LON": "-73.7967966", "FORMATTED_ADDRESS": "Sesquilé, Cundinamarca, Colombia", "LOCATION_TYPE": "APPROXIMATE", "STATUS": "OK" }, "geometry": { "type": "Point", "coordinates": [ -73.7967966, 5.0445905 ] } },
{ "type": "Feature", "properties": { "Tipo Documento": "NIT", "No Documento": "901519535", "Nombre del contribuyente": "CONSORCIO CONSULTORIA SUBELETRICA", "Razon Social": "CONSORCIO CONSULTORIA SUBELETRICA", "Naturaleza Juridica": "Persona Jurídica", "Regimen tributario": "Responsable de IVA", "Direccion": "Carrera 6 # 30A-30, Sesquilé, Cundinamarca, Colombia", "Estado": "ACTIVO", "LAT": "5.045720999999999", "LON": "-73.7960951", "FORMATTED_ADDRESS": "Cra. 6 #7-30, Sesquilé, Cundinamarca, Colombia", "LOCATION_TYPE": "ROOFTOP", "STATUS": "OK" }, "geometry": { "type": "Point", "coordinates": [ -73.7960951, 5.045721 ] } },
{ "type": "Feature", "properties": { "Tipo Documento": "NIT", "No Documento": "901283882", "Nombre del contribuyente": "ABB COLOMBIA LTDA", "Razon Social": "ABB COLOMBIA LTDA", "Naturaleza Juridica": "Persona Jurídica", "Regimen tributario": "Regimen Comun", "Direccion": "Avenida KR 45 108 27 TO 1P-12 PA PARALELO 108, Sesquilé, Cundinamarca, Colombia", "Estado": "ACTIVO", "LAT": "5.0445905", "LON": "-73.7967966", "FORMATTED_ADDRESS": "Sesquilé, Cundinamarca, Colombia", "LOCATION_TYPE": "APPROXIMATE", "STATUS": "OK" }, "geometry": { "type": "Point", "coordinates": [ -73.7967966, 5.0445905 ] } },
{ "type": "Feature", "properties": { "Tipo Documento": "NIT", "No Documento": "901808074", "Nombre del contribuyente": "TRACTOAGRICOLA P Y S S.A.S.", "Razon Social": "TRACTOAGRICOLA P Y S S.A.S.", "Naturaleza Juridica": "Persona Jurídica", "Regimen tributario": "Responsable de IVA", "Direccion": "Calle 3 # 5-20, Sesquilé, Cundinamarca, Colombia", "Estado": "ACTIVO", "LAT": "5.042640599999999", "LON": "-73.7973202", "FORMATTED_ADDRESS": "Cl. 3 # 5-20, Sesquilé, Cundinamarca, Colombia", "LOCATION_TYPE": "ROOFTOP", "STATUS": "OK" }, "geometry": { "type": "Point", "coordinates": [ -73.7973202, 5.0426406 ] } },
{ "type": "Feature", "properties": { "Tipo Documento": "NIT", "No Documento": "901112804", "Nombre del contribuyente": "LOGISTICA Y SERVICIOS JR S.A.S.", "Razon Social": "LOGISTICA Y SERVICIOS JR S.A.S.", "Naturaleza Juridica": "Persona Jurídica", "Regimen tributario": "Responsable de IVA", "Direccion": "Calle 13 # 24-56, Sesquilé, Cundinamarca, Colombia", "Estado": "ACTIVO", "LAT": "5.0445905", "LON": "-73.7967966", "FORMATTED_ADDRESS": "Sesquilé, Cundinamarca, Colombia", "LOCATION_TYPE": "APPROXIMATE", "STATUS": "OK" }, "geometry": { "type": "Point", "coordinates": [ -73.7967966, 5.0445905 ] } },
{ "type": "Feature", "properties": { "Tipo Documento": "Cédula de Ciudadanía", "No Documento": "3146378", "Nombre del contribuyente": "VERDES LA ESTACION", "Razon Social": "VERDES LA ESTACION", "Naturaleza Juridica": "Persona Jurídica", "Regimen tributario": "Regimen Comun", "Direccion": "Carrera 7 # 3-19, Sesquilé, Cundinamarca, Colombia", "Estado": "ACTIVO", "LAT": "5.0436419", "LON": "-73.7985419", "FORMATTED_ADDRESS": "Cra. 7 #3-19, Sesquilé, Cundinamarca, Colombia", "LOCATION_TYPE": "RANGE_INTERPOLATED", "STATUS": "OK" }, "geometry": { "type": "Point", "coordinates": [ -73.7985419, 5.0436419 ] } },
{ "type": "Feature", "properties": { "Tipo Documento": "NIT", "No Documento": "830513999", "Nombre del contribuyente": "LAB INSTRUMENTS SAS", "Razon Social": "LAB INSTRUMENTS SAS", "Naturaleza Juridica": "Persona Jurídica", "Regimen tributario": "Responsable de IVA", "Direccion": "Carrera 70C # 56-29, Sesquilé, Cundinamarca, Colombia", "Estado": "ACTIVO", "LAT": "5.0445905", "LON": "-73.7967966", "FORMATTED_ADDRESS": "Sesquilé, Cundinamarca, Colombia", "LOCATION_TYPE": "APPROXIMATE", "STATUS": "OK" }, "geometry": { "type": "Point", "coordinates": [ -73.7967966, 5.0445905 ] } },
{ "type": "Feature", "properties": { "Tipo Documento": "NIT", "No Documento": "900408822", "Nombre del contribuyente": "VERDES LA ESTACION SAS", "Razon Social": "VERDES LA ESTACION SAS", "Naturaleza Juridica": "Persona Jurídica", "Regimen tributario": "Regimen Comun", "Direccion": "VEREDA NESCUATA SECTOR SAN VICENTE FINCA LA PONDEROSA, Sesquilé, Cundinamarca, Colombia", "Estado": "ACTIVO", "LAT": "5.0445905", "LON": "-73.7967966", "FORMATTED_ADDRESS": "Sesquilé, Cundinamarca, Colombia", "LOCATION_TYPE": "APPROXIMATE", "STATUS": "OK" }, "geometry": { "type": "Point", "coordinates": [ -73.7967966, 5.0445905 ] } },
{ "type": "Feature", "properties": { "Tipo Documento": "NIT", "No Documento": "830105131", "Nombre del contribuyente": "Corporacion Planeacion Desarrollo Regional", "Razon Social": "Corporacion Planeacion Desarrollo Regional", "Naturaleza Juridica": "Persona Jurídica", "Regimen tributario": "Regimen Comun", "Direccion": "CAR 2140 91, Sesquilé, Cundinamarca, Colombia", "Estado": "ACTIVO", "LAT": "5.0445905", "LON": "-73.7967966", "FORMATTED_ADDRESS": "Sesquilé, Cundinamarca, Colombia", "LOCATION_TYPE": "APPROXIMATE", "STATUS": "OK" }, "geometry": { "type": "Point", "coordinates": [ -73.7967966, 5.0445905 ] } },
{ "type": "Feature", "properties": { "Tipo Documento": "NIT", "No Documento": "901048992", "Nombre del contribuyente": "JEZA SOLUCIONES EMPRESARIALES SAS", "Razon Social": "JEZA SOLUCIONES EMPRESARIALES SAS", "Naturaleza Juridica": "Persona Jurídica", "Regimen tributario": "Regimen Comun", "Direccion": "Carrera 30 # 10-34, Sesquilé, Cundinamarca, Colombia", "Estado": "ACTIVO", "LAT": "5.0445905", "LON": "-73.7967966", "FORMATTED_ADDRESS": "Sesquilé, Cundinamarca, Colombia", "LOCATION_TYPE": "APPROXIMATE", "STATUS": "OK" }, "geometry": { "type": "Point", "coordinates": [ -73.7967966, 5.0445905 ] } },
{ "type": "Feature", "properties": { "Tipo Documento": "NIT", "No Documento": "901283613", "Nombre del contribuyente": "ORGANIZACION LABRANZA SAS", "Razon Social": "ORGANIZACION LABRANZA SAS", "Naturaleza Juridica": "Persona Jurídica", "Regimen tributario": "Responsable de IVA", "Direccion": "Carrera 80 # 2 51 BG 81 PT 1194, Sesquilé, Cundinamarca, Colombia", "Estado": "ACTIVO", "LAT": "5.0445905", "LON": "-73.7967966", "FORMATTED_ADDRESS": "Sesquilé, Cundinamarca, Colombia", "LOCATION_TYPE": "APPROXIMATE", "STATUS": "OK" }, "geometry": { "type": "Point", "coordinates": [ -73.7967966, 5.0445905 ] } },
{ "type": "Feature", "properties": { "Tipo Documento": "NIT", "No Documento": "860078780", "Nombre del contribuyente": "IMPOCOMA SAS", "Razon Social": "IMPOCOMA SAS", "Naturaleza Juridica": "Persona Jurídica", "Regimen tributario": "Regimen Comun", "Direccion": "Calle 2 # 18-93 LT 41P-3 PARQUE INDUSTRIAL SAN JORGE, Sesquilé, Cundinamarca, Colombia", "Estado": "ACTIVO", "LAT": "5.0445905", "LON": "-73.7967966", "FORMATTED_ADDRESS": "Sesquilé, Cundinamarca, Colombia", "LOCATION_TYPE": "APPROXIMATE", "STATUS": "OK" }, "geometry": { "type": "Point", "coordinates": [ -73.7967966, 5.0445905 ] } },
{ "type": "Feature", "properties": { "Tipo Documento": "NIT", "No Documento": "800214937", "Nombre del contribuyente": "WAYUU FLOWERS S A S", "Razon Social": "WAYUU FLOWERS S A S", "Naturaleza Juridica": "Persona Jurídica", "Regimen tributario": "Regimen Comun", "Direccion": "Calle 97 # 23-60 OF 702 TORRE PROKSOL, Sesquilé, Cundinamarca, Colombia", "Estado": "ACTIVO", "LAT": "5.0445905", "LON": "-73.7967966", "FORMATTED_ADDRESS": "Sesquilé, Cundinamarca, Colombia", "LOCATION_TYPE": "APPROXIMATE", "STATUS": "OK" }, "geometry": { "type": "Point", "coordinates": [ -73.7967966, 5.0445905 ] } },
{ "type": "Feature", "properties": { "Tipo Documento": "NIT", "No Documento": "901490705", "Nombre del contribuyente": "VIU GROUP SAS", "Razon Social": "VIU GROUP SAS", "Naturaleza Juridica": "Persona Jurídica", "Regimen tributario": "Regimen Comun", "Direccion": "Carrera 18B # 116 - 16, Sesquilé, Cundinamarca, Colombia", "Estado": "ACTIVO", "LAT": "5.0445905", "LON": "-73.7967966", "FORMATTED_ADDRESS": "Sesquilé, Cundinamarca, Colombia", "LOCATION_TYPE": "APPROXIMATE", "STATUS": "OK" }, "geometry": { "type": "Point", "coordinates": [ -73.7967966, 5.0445905 ] } },
{ "type": "Feature", "properties": { "Tipo Documento": "NIT", "No Documento": "901664846", "Nombre del contribuyente": "CONSORCIO REFOCUENCAS", "Razon Social": "CONSORCIO REFOCUENCAS", "Naturaleza Juridica": "Persona Jurídica", "Regimen tributario": "Responsable de IVA", "Direccion": "Carrera 12N # 84A-12, Sesquilé, Cundinamarca, Colombia", "Estado": "ACTIVO", "LAT": "5.0445905", "LON": "-73.7967966", "FORMATTED_ADDRESS": "Sesquilé, Cundinamarca, Colombia", "LOCATION_TYPE": "APPROXIMATE", "STATUS": "OK" }, "geometry": { "type": "Point", "coordinates": [ -73.7967966, 5.0445905 ] } },
{ "type": "Feature", "properties": { "Tipo Documento": "NIT", "No Documento": "901143004", "Nombre del contribuyente": "PROSEIN BC SAS", "Razon Social": "PROSEIN BC SAS", "Naturaleza Juridica": "Persona Jurídica", "Regimen tributario": "Regimen Comun", "Direccion": "Calle 75 # 69Q-11, Sesquilé, Cundinamarca, Colombia", "Estado": "ACTIVO", "LAT": "5.0445905", "LON": "-73.7967966", "FORMATTED_ADDRESS": "Sesquilé, Cundinamarca, Colombia", "LOCATION_TYPE": "APPROXIMATE", "STATUS": "OK" }, "geometry": { "type": "Point", "coordinates": [ -73.7967966, 5.0445905 ] } },
{ "type": "Feature", "properties": { "Tipo Documento": "NIT", "No Documento": "800222177", "Nombre del contribuyente": "A Y A RADIOCOMUNICACIONES S.A.S", "Razon Social": "A Y A RADIOCOMUNICACIONES S.A.S", "Naturaleza Juridica": "Persona Jurídica", "Regimen tributario": "Regimen Ordinario", "Direccion": "Calle 26 # 16-25 LOCAL 1, Sesquilé, Cundinamarca, Colombia", "Estado": "ACTIVO", "LAT": "5.0445905", "LON": "-73.7967966", "FORMATTED_ADDRESS": "Sesquilé, Cundinamarca, Colombia", "LOCATION_TYPE": "APPROXIMATE", "STATUS": "OK" }, "geometry": { "type": "Point", "coordinates": [ -73.7967966, 5.0445905 ] } },
{ "type": "Feature", "properties": { "Tipo Documento": "NIT", "No Documento": "900636402", "Nombre del contribuyente": "AGROSERVICIOS JJU SAS", "Razon Social": "AGROSERVICIOS JJU SAS", "Naturaleza Juridica": "Persona Jurídica", "Regimen tributario": "Regimen Comun", "Direccion": "Carrera 9 # 2-26, Sesquilé, Cundinamarca, Colombia", "Estado": "ACTIVO", "LAT": "5.046645199999999", "LON": "-73.7987203", "FORMATTED_ADDRESS": "Cra. 9 # 6-2, Sesquilé, Cundinamarca, Colombia", "LOCATION_TYPE": "ROOFTOP", "STATUS": "OK" }, "geometry": { "type": "Point", "coordinates": [ -73.7987203, 5.0466452 ] } },
{ "type": "Feature", "properties": { "Tipo Documento": "NIT", "No Documento": "900582207", "Nombre del contribuyente": "GOMEZC ENGINEERING SAS", "Razon Social": "GOMEZC ENGINEERING SAS", "Naturaleza Juridica": "Persona Jurídica", "Regimen tributario": "Regimen Ordinario", "Direccion": "Carrera 48 # 165 46 AP 501, Sesquilé, Cundinamarca, Colombia", "Estado": "ACTIVO", "LAT": "5.0445905", "LON": "-73.7967966", "FORMATTED_ADDRESS": "Sesquilé, Cundinamarca, Colombia", "LOCATION_TYPE": "APPROXIMATE", "STATUS": "OK" }, "geometry": { "type": "Point", "coordinates": [ -73.7967966, 5.0445905 ] } },
{ "type": "Feature", "properties": { "Tipo Documento": "NIT", "No Documento": "804008314", "Nombre del contribuyente": "TRANSPORTES TERRESTRES DE CARGA LTDA", "Razon Social": "TRANSPORTES TERRESTRES DE CARGA LTDA", "Naturaleza Juridica": "Persona Jurídica", "Regimen tributario": "Regimen Comun", "Direccion": "VIA PALENQUE 44 96 LC 3, Sesquilé, Cundinamarca, Colombia", "Estado": "ACTIVO", "LAT": "5.0445905", "LON": "-73.7967966", "FORMATTED_ADDRESS": "Sesquilé, Cundinamarca, Colombia", "LOCATION_TYPE": "APPROXIMATE", "STATUS": "OK" }, "geometry": { "type": "Point", "coordinates": [ -73.7967966, 5.0445905 ] } },
{ "type": "Feature", "properties": { "Tipo Documento": "NIT", "No Documento": "800093661", "Nombre del contribuyente": "GEOAMBIENTAL SAS", "Razon Social": "GEOAMBIENTAL SAS", "Naturaleza Juridica": "Persona Jurídica", "Regimen tributario": "Regimen Comun", "Direccion": "Calle 79 N11-54, Sesquilé, Cundinamarca, Colombia", "Estado": "ACTIVO", "LAT": "5.0445905", "LON": "-73.7967966", "FORMATTED_ADDRESS": "Sesquilé, Cundinamarca, Colombia", "LOCATION_TYPE": "APPROXIMATE", "STATUS": "OK" }, "geometry": { "type": "Point", "coordinates": [ -73.7967966, 5.0445905 ] } },
{ "type": "Feature", "properties": { "Tipo Documento": "NIT", "No Documento": "901351003", "Nombre del contribuyente": "PMA CONSULTORES S.A.S", "Razon Social": "PMA CONSULTORES S.A.S", "Naturaleza Juridica": "Persona Jurídica", "Regimen tributario": "Responsable de IVA", "Direccion": "Calle 4 # 6-47P-2, Sesquilé, Cundinamarca, Colombia", "Estado": "ACTIVO", "LAT": "5.0436554", "LON": "-73.7974619", "FORMATTED_ADDRESS": "Cl. 4 #6-5 47p 2, Sesquilé, Cundinamarca, Colombia", "LOCATION_TYPE": "ROOFTOP", "STATUS": "OK" }, "geometry": { "type": "Point", "coordinates": [ -73.7974619, 5.0436554 ] } },
{ "type": "Feature", "properties": { "Tipo Documento": "NIT", "No Documento": "900666840", "Nombre del contribuyente": "Spectrum Energy SAS", "Razon Social": "Spectrum Energy SAS", "Naturaleza Juridica": "Persona Jurídica", "Regimen tributario": "Regimen Ordinario", "Direccion": "Calle 116 # 72A-52, Sesquilé, Cundinamarca, Colombia", "Estado": "ACTIVO", "LAT": "5.0445905", "LON": "-73.7967966", "FORMATTED_ADDRESS": "Sesquilé, Cundinamarca, Colombia", "LOCATION_TYPE": "APPROXIMATE", "STATUS": "OK" }, "geometry": { "type": "Point", "coordinates": [ -73.7967966, 5.0445905 ] } },
{ "type": "Feature", "properties": { "Tipo Documento": "NIT", "No Documento": "901472273", "Nombre del contribuyente": "CATASTRO INTELIGENTE S.A.S.", "Razon Social": "CATASTRO INTELIGENTE S.A.S.", "Naturaleza Juridica": "Persona Jurídica", "Regimen tributario": "Responsable de IVA", "Direccion": "Calle 74 # 56-36, Sesquilé, Cundinamarca, Colombia", "Estado": "ACTIVO", "LAT": "5.0445905", "LON": "-73.7967966", "FORMATTED_ADDRESS": "Sesquilé, Cundinamarca, Colombia", "LOCATION_TYPE": "APPROXIMATE", "STATUS": "OK" }, "geometry": { "type": "Point", "coordinates": [ -73.7967966, 5.0445905 ] } },
{ "type": "Feature", "properties": { "Tipo Documento": "NIT", "No Documento": "802020835", "Nombre del contribuyente": "DBSYSTEM SAS", "Razon Social": "DBSYSTEM SAS", "Naturaleza Juridica": "Persona Jurídica", "Regimen tributario": "Regimen Comun", "Direccion": "Calle 2 # 6-27, Sesquilé, Cundinamarca, Colombia", "Estado": "ACTIVO", "LAT": "5.0445905", "LON": "-73.7967966", "FORMATTED_ADDRESS": "Sesquilé, Cundinamarca, Colombia", "LOCATION_TYPE": "APPROXIMATE", "STATUS": "OK" }, "geometry": { "type": "Point", "coordinates": [ -73.7967966, 5.0445905 ] } },
{ "type": "Feature", "properties": { "Tipo Documento": "NIT", "No Documento": "900065202", "Nombre del contribuyente": "REMG INGENIERIA SAS", "Razon Social": "REMG INGENIERIA SAS", "Naturaleza Juridica": "Persona Jurídica", "Regimen tributario": "Responsable de IVA", "Direccion": "Carrera 53 # 138-69 OF 2, Sesquilé, Cundinamarca, Colombia", "Estado": "ACTIVO", "LAT": "5.0445905", "LON": "-73.7967966", "FORMATTED_ADDRESS": "Sesquilé, Cundinamarca, Colombia", "LOCATION_TYPE": "APPROXIMATE", "STATUS": "OK" }, "geometry": { "type": "Point", "coordinates": [ -73.7967966, 5.0445905 ] } },
{ "type": "Feature", "properties": { "Tipo Documento": "NIT", "No Documento": "901801189", "Nombre del contribuyente": "ON THE WAY LOGISTICS & TRANSPORT S.A.S", "Razon Social": "ON THE WAY LOGISTICS & TRANSPORT S.A.S", "Naturaleza Juridica": "Persona Jurídica", "Regimen tributario": "Regimen Comun", "Direccion": "KM 16 VÍA DUITAMA NOBSA, Sesquilé, Cundinamarca, Colombia", "Estado": "ACTIVO", "LAT": "5.0445905", "LON": "-73.7967966", "FORMATTED_ADDRESS": "Sesquilé, Cundinamarca, Colombia", "LOCATION_TYPE": "APPROXIMATE", "STATUS": "OK" }, "geometry": { "type": "Point", "coordinates": [ -73.7967966, 5.0445905 ] } },
{ "type": "Feature", "properties": { "Tipo Documento": "NIT", "No Documento": "901860851", "Nombre del contribuyente": "PRIME ROUTE TRANSPORT S.A.S", "Razon Social": "PRIME ROUTE TRANSPORT S.A.S", "Naturaleza Juridica": "Persona Jurídica", "Regimen tributario": "Regimen Comun", "Direccion": "KM 16 VIA DUITAMA NOBSA, Sesquilé, Cundinamarca, Colombia", "Estado": "ACTIVO", "LAT": "5.0445905", "LON": "-73.7967966", "FORMATTED_ADDRESS": "Sesquilé, Cundinamarca, Colombia", "LOCATION_TYPE": "APPROXIMATE", "STATUS": "OK" }, "geometry": { "type": "Point", "coordinates": [ -73.7967966, 5.0445905 ] } },
{ "type": "Feature", "properties": { "Tipo Documento": "NIT", "No Documento": "901860882", "Nombre del contribuyente": "ROADHAUL LOGISTIC S.A.S", "Razon Social": "ROADHAUL LOGISTIC S.A.S", "Naturaleza Juridica": "Persona Jurídica", "Regimen tributario": "Regimen Comun", "Direccion": "KM 16 VÍA DUITAMA NOBSA, Sesquilé, Cundinamarca, Colombia", "Estado": "ACTIVO", "LAT": "5.0445905", "LON": "-73.7967966", "FORMATTED_ADDRESS": "Sesquilé, Cundinamarca, Colombia", "LOCATION_TYPE": "APPROXIMATE", "STATUS": "OK" }, "geometry": { "type": "Point", "coordinates": [ -73.7967966, 5.0445905 ] } },
{ "type": "Feature", "properties": { "Tipo Documento": "NIT", "No Documento": "901055261", "Nombre del contribuyente": "TECHO CONSTRUCTORES SAS", "Razon Social": "TECHO CONSTRUCTORES SAS", "Naturaleza Juridica": "Persona Jurídica", "Regimen tributario": "Responsable de IVA", "Direccion": "Carrera 69D # 24A-30 AP 307, Sesquilé, Cundinamarca, Colombia", "Estado": "ACTIVO", "LAT": "5.0445905", "LON": "-73.7967966", "FORMATTED_ADDRESS": "Sesquilé, Cundinamarca, Colombia", "LOCATION_TYPE": "APPROXIMATE", "STATUS": "OK" }, "geometry": { "type": "Point", "coordinates": [ -73.7967966, 5.0445905 ] } },
{ "type": "Feature", "properties": { "Tipo Documento": "NIT", "No Documento": "900990306", "Nombre del contribuyente": "INFORMATION PATTERNS SAS", "Razon Social": "INFORMATION PATTERNS SAS", "Naturaleza Juridica": "Persona Jurídica", "Regimen tributario": "Responsable de IVA", "Direccion": "Calle 109 # 20-34 AP 301, Sesquilé, Cundinamarca, Colombia", "Estado": "ACTIVO", "LAT": "5.0445905", "LON": "-73.7967966", "FORMATTED_ADDRESS": "Sesquilé, Cundinamarca, Colombia", "LOCATION_TYPE": "APPROXIMATE", "STATUS": "OK" }, "geometry": { "type": "Point", "coordinates": [ -73.7967966, 5.0445905 ] } },
{ "type": "Feature", "properties": { "Tipo Documento": "NIT", "No Documento": "900194508", "Nombre del contribuyente": "ENGINEERING AND SERVICES MBL CIA SAS", "Razon Social": "ENGINEERING AND SERVICES MBL CIA SAS", "Naturaleza Juridica": "Persona Jurídica", "Regimen tributario": "Regimen Comun", "Direccion": "VEREDA LA PUNTA LOTE FUTURO INT 4, Sesquilé, Cundinamarca, Colombia", "Estado": "ACTIVO", "LAT": "5.0445905", "LON": "-73.7967966", "FORMATTED_ADDRESS": "Sesquilé, Cundinamarca, Colombia", "LOCATION_TYPE": "APPROXIMATE", "STATUS": "OK" }, "geometry": { "type": "Point", "coordinates": [ -73.7967966, 5.0445905 ] } },
{ "type": "Feature", "properties": { "Tipo Documento": "NIT", "No Documento": "900868635", "Nombre del contribuyente": "ANDEAN TOWER PARTNERS COLOMBIA SAS", "Razon Social": "ANDEAN TOWER PARTNERS COLOMBIA SAS", "Naturaleza Juridica": "Persona Jurídica", "Regimen tributario": "Regimen Comun", "Direccion": "Avenida KR 19B-166 50, Sesquilé, Cundinamarca, Colombia", "Estado": "ACTIVO", "LAT": "5.0445905", "LON": "-73.7967966", "FORMATTED_ADDRESS": "Sesquilé, Cundinamarca, Colombia", "LOCATION_TYPE": "APPROXIMATE", "STATUS": "OK" }, "geometry": { "type": "Point", "coordinates": [ -73.7967966, 5.0445905 ] } },
{ "type": "Feature", "properties": { "Tipo Documento": "NIT", "No Documento": "900199836", "Nombre del contribuyente": "PLANETA IP COMUNICACIONES SAS ESP", "Razon Social": "PLANETA IP COMUNICACIONES SAS ESP", "Naturaleza Juridica": "Persona Jurídica", "Regimen tributario": "Regimen Comun", "Direccion": "PARQ EMPRESARIAL NATURA T2 OF 224, Sesquilé, Cundinamarca, Colombia", "Estado": "ACTIVO", "LAT": "5.0445905", "LON": "-73.7967966", "FORMATTED_ADDRESS": "Sesquilé, Cundinamarca, Colombia", "LOCATION_TYPE": "APPROXIMATE", "STATUS": "OK" }, "geometry": { "type": "Point", "coordinates": [ -73.7967966, 5.0445905 ] } },
{ "type": "Feature", "properties": { "Tipo Documento": "NIT", "No Documento": "900911856", "Nombre del contribuyente": "C.E. INGENIERIA & SERVICIO SAS", "Razon Social": "C.E. INGENIERIA & SERVICIO SAS", "Naturaleza Juridica": "Persona Jurídica", "Regimen tributario": "Regimen Comun", "Direccion": "Carrera 3 # 3-26, Sesquilé, Cundinamarca, Colombia", "Estado": "ACTIVO", "LAT": "5.042013", "LON": "-73.7960858", "FORMATTED_ADDRESS": "Cra. 3 #3-26, Sesquilé, Cundinamarca, Colombia", "LOCATION_TYPE": "RANGE_INTERPOLATED", "STATUS": "OK" }, "geometry": { "type": "Point", "coordinates": [ -73.7960858, 5.042013 ] } },
{ "type": "Feature", "properties": { "Tipo Documento": "NIT", "No Documento": "804009401", "Nombre del contribuyente": "APOYO GERENCIAL LTDA", "Razon Social": "APOYO GERENCIAL LTDA", "Naturaleza Juridica": "Persona Jurídica", "Regimen tributario": "Regimen Comun", "Direccion": "KM 2.176 ANILLO VIAL FLROIDA GIRON NATURA T1 OF 519, Sesquilé, Cundinamarca, Colombia", "Estado": "ACTIVO", "LAT": "5.0445905", "LON": "-73.7967966", "FORMATTED_ADDRESS": "Sesquilé, Cundinamarca, Colombia", "LOCATION_TYPE": "APPROXIMATE", "STATUS": "OK" }, "geometry": { "type": "Point", "coordinates": [ -73.7967966, 5.0445905 ] } },
{ "type": "Feature", "properties": { "Tipo Documento": "NIT", "No Documento": "830126808", "Nombre del contribuyente": "ARCHITEKTON SAS", "Razon Social": "ARCHITEKTON SAS", "Naturaleza Juridica": "Persona Jurídica", "Regimen tributario": "Regimen Comun", "Direccion": "Carrera 37A # 25-39, Sesquilé, Cundinamarca, Colombia", "Estado": "ACTIVO", "LAT": "5.0445905", "LON": "-73.7967966", "FORMATTED_ADDRESS": "Sesquilé, Cundinamarca, Colombia", "LOCATION_TYPE": "APPROXIMATE", "STATUS": "OK" }, "geometry": { "type": "Point", "coordinates": [ -73.7967966, 5.0445905 ] } },
{ "type": "Feature", "properties": { "Tipo Documento": "NIT", "No Documento": "900352238", "Nombre del contribuyente": "TALENTOS EN SEGURIDAD LTDA", "Razon Social": "TALENTOS EN SEGURIDAD LTDA", "Naturaleza Juridica": "Persona Jurídica", "Regimen tributario": "Regimen Comun", "Direccion": "Calle 3B # 76-20, Sesquilé, Cundinamarca, Colombia", "Estado": "ACTIVO", "LAT": "5.0445905", "LON": "-73.7967966", "FORMATTED_ADDRESS": "Sesquilé, Cundinamarca, Colombia", "LOCATION_TYPE": "APPROXIMATE", "STATUS": "OK" }, "geometry": { "type": "Point", "coordinates": [ -73.7967966, 5.0445905 ] } },
{ "type": "Feature", "properties": { "Tipo Documento": "NIT", "No Documento": "900161764", "Nombre del contribuyente": "CERTICAPITAL SAS", "Razon Social": "CERTICAPITAL SAS", "Naturaleza Juridica": "Persona Jurídica", "Regimen tributario": "Regimen Comun", "Direccion": "Calle 103 # 70B-15, Sesquilé, Cundinamarca, Colombia", "Estado": "ACTIVO", "LAT": "5.0445905", "LON": "-73.7967966", "FORMATTED_ADDRESS": "Sesquilé, Cundinamarca, Colombia", "LOCATION_TYPE": "APPROXIMATE", "STATUS": "OK" }, "geometry": { "type": "Point", "coordinates": [ -73.7967966, 5.0445905 ] } },
{ "type": "Feature", "properties": { "Tipo Documento": "NIT", "No Documento": "800008639", "Nombre del contribuyente": "INESSMAN LTDA  INGENIERIA ESPECIALIZADA EN SISTEMATIZACION DE MANTENIMIENTO LIMITADA", "Razon Social": "INESSMAN LTDA  INGENIERIA ESPECIALIZADA EN SISTEMATIZACION DE MANTENIMIENTO LIMITADA", "Naturaleza Juridica": "Persona Jurídica", "Regimen tributario": "Regimen Comun", "Direccion": "Calle 25D # 81A-82, Sesquilé, Cundinamarca, Colombia", "Estado": "ACTIVO", "LAT": "5.0445905", "LON": "-73.7967966", "FORMATTED_ADDRESS": "Sesquilé, Cundinamarca, Colombia", "LOCATION_TYPE": "APPROXIMATE", "STATUS": "OK" }, "geometry": { "type": "Point", "coordinates": [ -73.7967966, 5.0445905 ] } },
{ "type": "Feature", "properties": { "Tipo Documento": "NIT", "No Documento": "901637989", "Nombre del contribuyente": "DROGUERIA CUNDIFARMA", "Razon Social": "DROGUERIA CUNDIFARMA", "Naturaleza Juridica": "Persona Jurídica", "Regimen tributario": "Responsable de IVA", "Direccion": "Calle 6 # 16-81, Sesquilé, Cundinamarca, Colombia", "Estado": "ACTIVO", "LAT": "5.0452575", "LON": "-73.7966988", "FORMATTED_ADDRESS": "Cl. 6 #6-16, Sesquilé, Cundinamarca, Colombia", "LOCATION_TYPE": "ROOFTOP", "STATUS": "OK" }, "geometry": { "type": "Point", "coordinates": [ -73.7966988, 5.0452575 ] } },
{ "type": "Feature", "properties": { "Tipo Documento": "NIT", "No Documento": "900030514", "Nombre del contribuyente": "TECNOSUPPLY SAS", "Razon Social": "TECNOSUPPLY SAS", "Naturaleza Juridica": "Persona Jurídica", "Regimen tributario": "Regimen Comun", "Direccion": "Calle 93 # 18-28O F 401 ED 93 18 ED CENTRO EMPRESARIAL, Sesquilé, Cundinamarca, Colombia", "Estado": "ACTIVO", "LAT": "5.0445905", "LON": "-73.7967966", "FORMATTED_ADDRESS": "Sesquilé, Cundinamarca, Colombia", "LOCATION_TYPE": "APPROXIMATE", "STATUS": "OK" }, "geometry": { "type": "Point", "coordinates": [ -73.7967966, 5.0445905 ] } },
{ "type": "Feature", "properties": { "Tipo Documento": "NIT", "No Documento": "901058570", "Nombre del contribuyente": "TURCANE SAS", "Razon Social": "TURCANE SAS", "Naturaleza Juridica": "Persona Jurídica", "Regimen tributario": "Regimen Comun", "Direccion": "Calle 133 # 6A-12 AP 502, Sesquilé, Cundinamarca, Colombia", "Estado": "ACTIVO", "LAT": "5.0445905", "LON": "-73.7967966", "FORMATTED_ADDRESS": "Sesquilé, Cundinamarca, Colombia", "LOCATION_TYPE": "APPROXIMATE", "STATUS": "OK" }, "geometry": { "type": "Point", "coordinates": [ -73.7967966, 5.0445905 ] } },
{ "type": "Feature", "properties": { "Tipo Documento": "NIT", "No Documento": "901345632", "Nombre del contribuyente": "BERCOMEX AMERICAS SAS", "Razon Social": "BERCOMEX AMERICAS SAS", "Naturaleza Juridica": "Persona Jurídica", "Regimen tributario": "Responsable de IVA", "Direccion": "Calle 90 # 19-41 OF 801, Sesquilé, Cundinamarca, Colombia", "Estado": "ACTIVO", "LAT": "5.0445905", "LON": "-73.7967966", "FORMATTED_ADDRESS": "Sesquilé, Cundinamarca, Colombia", "LOCATION_TYPE": "APPROXIMATE", "STATUS": "OK" }, "geometry": { "type": "Point", "coordinates": [ -73.7967966, 5.0445905 ] } },
{ "type": "Feature", "properties": { "Tipo Documento": "NIT", "No Documento": "901729027", "Nombre del contribuyente": "CONSORCIO INTERVENTOR ANI", "Razon Social": "CONSORCIO INTERVENTOR ANI", "Naturaleza Juridica": "Persona Jurídica", "Regimen tributario": "Regimen Comun", "Direccion": "Calle 26 # 69-76, Sesquilé, Cundinamarca, Colombia", "Estado": "ACTIVO", "LAT": "5.0445905", "LON": "-73.7967966", "FORMATTED_ADDRESS": "Sesquilé, Cundinamarca, Colombia", "LOCATION_TYPE": "APPROXIMATE", "STATUS": "OK" }, "geometry": { "type": "Point", "coordinates": [ -73.7967966, 5.0445905 ] } },
{ "type": "Feature", "properties": { "Tipo Documento": "NIT", "No Documento": "813008777", "Nombre del contribuyente": "SEGURIDAD AMBIENTE CALIDAD Y SALUD CONSULTORES S.A.S. BIC", "Razon Social": "SEGURIDAD AMBIENTE CALIDAD Y SALUD CONSULTORES S.A.S. BIC", "Naturaleza Juridica": "Persona Jurídica", "Regimen tributario": "Regimen Comun", "Direccion": "Transversal 56 # 115A-64, Sesquilé, Cundinamarca, Colombia", "Estado": "ACTIVO", "LAT": "5.0445905", "LON": "-73.7967966", "FORMATTED_ADDRESS": "Sesquilé, Cundinamarca, Colombia", "LOCATION_TYPE": "APPROXIMATE", "STATUS": "OK" }, "geometry": { "type": "Point", "coordinates": [ -73.7967966, 5.0445905 ] } },
{ "type": "Feature", "properties": { "Tipo Documento": "NIT", "No Documento": "900765114", "Nombre del contribuyente": "STM INGENIERIA SAS", "Razon Social": "STM INGENIERIA SAS", "Naturaleza Juridica": "Persona Jurídica", "Regimen tributario": "Regimen Comun", "Direccion": "Carrera 71N # 64-12, Sesquilé, Cundinamarca, Colombia", "Estado": "ACTIVO", "LAT": "5.0445905", "LON": "-73.7967966", "FORMATTED_ADDRESS": "Sesquilé, Cundinamarca, Colombia", "LOCATION_TYPE": "APPROXIMATE", "STATUS": "OK" }, "geometry": { "type": "Point", "coordinates": [ -73.7967966, 5.0445905 ] } },
{ "type": "Feature", "properties": { "Tipo Documento": "NIT", "No Documento": "830091326", "Nombre del contribuyente": "EJECUTRANS SAS", "Razon Social": "EJECUTRANS SAS", "Naturaleza Juridica": "Persona Jurídica", "Regimen tributario": "Regimen Comun", "Direccion": "Carrera 14 # 14A-44, Sesquilé, Cundinamarca, Colombia", "Estado": "ACTIVO", "LAT": "5.0445905", "LON": "-73.7967966", "FORMATTED_ADDRESS": "Sesquilé, Cundinamarca, Colombia", "LOCATION_TYPE": "APPROXIMATE", "STATUS": "OK" }, "geometry": { "type": "Point", "coordinates": [ -73.7967966, 5.0445905 ] } },
{ "type": "Feature", "properties": { "Tipo Documento": "NIT", "No Documento": "860055182", "Nombre del contribuyente": "WSP COLOMBIA SAS", "Razon Social": "WSP COLOMBIA SAS", "Naturaleza Juridica": "Persona Jurídica", "Regimen tributario": "Regimen Comun", "Direccion": "Carrera 19 # 93A-45, Sesquilé, Cundinamarca, Colombia", "Estado": "ACTIVO", "LAT": "5.0445905", "LON": "-73.7967966", "FORMATTED_ADDRESS": "Sesquilé, Cundinamarca, Colombia", "LOCATION_TYPE": "APPROXIMATE", "STATUS": "OK" }, "geometry": { "type": "Point", "coordinates": [ -73.7967966, 5.0445905 ] } },
{ "type": "Feature", "properties": { "Tipo Documento": "NIT", "No Documento": "901237466", "Nombre del contribuyente": "INNOVATION LOGISTICS SAS", "Razon Social": "INNOVATION LOGISTICS SAS", "Naturaleza Juridica": "Persona Jurídica", "Regimen tributario": "Regimen Comun", "Direccion": "Carrera 97 # 16D-21P-1, Sesquilé, Cundinamarca, Colombia", "Estado": "ACTIVO", "LAT": "5.0445905", "LON": "-73.7967966", "FORMATTED_ADDRESS": "Sesquilé, Cundinamarca, Colombia", "LOCATION_TYPE": "APPROXIMATE", "STATUS": "OK" }, "geometry": { "type": "Point", "coordinates": [ -73.7967966, 5.0445905 ] } },
{ "type": "Feature", "properties": { "Tipo Documento": "NIT", "No Documento": "901738991", "Nombre del contribuyente": "JACS HALL SAS", "Razon Social": "JACS HALL SAS", "Naturaleza Juridica": "Persona Jurídica", "Regimen tributario": "Regimen Comun", "Direccion": "Calle 127B BIS 20 36, Sesquilé, Cundinamarca, Colombia", "Estado": "ACTIVO", "LAT": "5.0445905", "LON": "-73.7967966", "FORMATTED_ADDRESS": "Sesquilé, Cundinamarca, Colombia", "LOCATION_TYPE": "APPROXIMATE", "STATUS": "OK" }, "geometry": { "type": "Point", "coordinates": [ -73.7967966, 5.0445905 ] } },
{ "type": "Feature", "properties": { "Tipo Documento": "NIT", "No Documento": "900867292", "Nombre del contribuyente": "FUMIGACIONES OCAMPO SAS", "Razon Social": "FUMIGACIONES OCAMPO SAS", "Naturaleza Juridica": "Persona Jurídica", "Regimen tributario": "Responsable de IVA", "Direccion": "Carrera 3 # 2-52, Sesquilé, Cundinamarca, Colombia", "Estado": "ACTIVO", "LAT": "5.04479", "LON": "-73.794147", "FORMATTED_ADDRESS": "Cra. 3 # 7-2, Sesquilé, Cundinamarca, Colombia", "LOCATION_TYPE": "ROOFTOP", "STATUS": "OK" }, "geometry": { "type": "Point", "coordinates": [ -73.794147, 5.04479 ] } },
{ "type": "Feature", "properties": { "Tipo Documento": "NIT", "No Documento": "890929497", "Nombre del contribuyente": "MAPER SAS", "Razon Social": "MAPER SAS", "Naturaleza Juridica": "Persona Jurídica", "Regimen tributario": "Regimen Comun", "Direccion": "Carrera 48C # 100B SUR - 72, Sesquilé, Cundinamarca, Colombia", "Estado": "ACTIVO", "LAT": "5.0445905", "LON": "-73.7967966", "FORMATTED_ADDRESS": "Sesquilé, Cundinamarca, Colombia", "LOCATION_TYPE": "APPROXIMATE", "STATUS": "OK" }, "geometry": { "type": "Point", "coordinates": [ -73.7967966, 5.0445905 ] } },
{ "type": "Feature", "properties": { "Tipo Documento": "NIT", "No Documento": "901467884", "Nombre del contribuyente": "OPTICORP S 21 SAS", "Razon Social": "OPTICORP S 21 SAS", "Naturaleza Juridica": "Persona Jurídica", "Regimen tributario": "Regimen Simple", "Direccion": "Calle 5 # 6-100, Sesquilé, Cundinamarca, Colombia", "Estado": "ACTIVO", "LAT": "5.0449891", "LON": "-73.79756929999999", "FORMATTED_ADDRESS": "Cl. 5 # 6-100, Sesquilé, Cundinamarca, Colombia", "LOCATION_TYPE": "ROOFTOP", "STATUS": "OK" }, "geometry": { "type": "Point", "coordinates": [ -73.7975693, 5.0449891 ] } },
{ "type": "Feature", "properties": { "Tipo Documento": "NIT", "No Documento": "901847248", "Nombre del contribuyente": "INVERSIONES GONZALEZ RODRIGUEZ G&R SAS", "Razon Social": "INVERSIONES GONZALEZ RODRIGUEZ G&R SAS", "Naturaleza Juridica": "Persona Jurídica", "Regimen tributario": "Regimen Comun", "Direccion": "Carrera 5 # 4-64, Sesquilé, Cundinamarca, Colombia", "Estado": "ACTIVO", "LAT": "5.0438317", "LON": "-73.7962755", "FORMATTED_ADDRESS": "Cra. 5 #4 64, Sesquilé, Cundinamarca, Colombia", "LOCATION_TYPE": "ROOFTOP", "STATUS": "OK" }, "geometry": { "type": "Point", "coordinates": [ -73.7962755, 5.0438317 ] } },
{ "type": "Feature", "properties": { "Tipo Documento": "NIT", "No Documento": "901060665", "Nombre del contribuyente": "ENETEL S.A.S", "Razon Social": "ENETEL S.A.S", "Naturaleza Juridica": "Persona Jurídica", "Regimen tributario": "Regimen Comun", "Direccion": "Calle 33 AA # 82-19, Sesquilé, Cundinamarca, Colombia", "Estado": "ACTIVO", "LAT": "5.0445905", "LON": "-73.7967966", "FORMATTED_ADDRESS": "Sesquilé, Cundinamarca, Colombia", "LOCATION_TYPE": "APPROXIMATE", "STATUS": "OK" }, "geometry": { "type": "Point", "coordinates": [ -73.7967966, 5.0445905 ] } },
{ "type": "Feature", "properties": { "Tipo Documento": "NIT", "No Documento": "900999600", "Nombre del contribuyente": "METROLEGAL COLOMBIA UT", "Razon Social": "METROLEGAL COLOMBIA UT", "Naturaleza Juridica": "Persona Jurídica", "Regimen tributario": "Responsable de IVA", "Direccion": "Calle 18C SUR 43A-200 IN 1807, Sesquilé, Cundinamarca, Colombia", "Estado": "ACTIVO", "LAT": "5.0445905", "LON": "-73.7967966", "FORMATTED_ADDRESS": "Sesquilé, Cundinamarca, Colombia", "LOCATION_TYPE": "APPROXIMATE", "STATUS": "OK" }, "geometry": { "type": "Point", "coordinates": [ -73.7967966, 5.0445905 ] } },
{ "type": "Feature", "properties": { "Tipo Documento": "NIT", "No Documento": "901718536", "Nombre del contribuyente": "Yego Eco-T SAS", "Razon Social": "Yego Eco-T SAS", "Naturaleza Juridica": "Persona Jurídica", "Regimen tributario": "Regimen Comun", "Direccion": "Calle 13 # 69-42, Sesquilé, Cundinamarca, Colombia", "Estado": "ACTIVO", "LAT": "5.0445905", "LON": "-73.7967966", "FORMATTED_ADDRESS": "Sesquilé, Cundinamarca, Colombia", "LOCATION_TYPE": "APPROXIMATE", "STATUS": "OK" }, "geometry": { "type": "Point", "coordinates": [ -73.7967966, 5.0445905 ] } },
{ "type": "Feature", "properties": { "Tipo Documento": "NIT", "No Documento": "811030748", "Nombre del contribuyente": "METROLOGIA GLOBAL SAS", "Razon Social": "METROLOGIA GLOBAL SAS", "Naturaleza Juridica": "Persona Jurídica", "Regimen tributario": "Responsable de IVA", "Direccion": "Carrera 43A-61 SUR 152 BOD 131, Sesquilé, Cundinamarca, Colombia", "Estado": "ACTIVO", "LAT": "5.0445905", "LON": "-73.7967966", "FORMATTED_ADDRESS": "Sesquilé, Cundinamarca, Colombia", "LOCATION_TYPE": "APPROXIMATE", "STATUS": "OK" }, "geometry": { "type": "Point", "coordinates": [ -73.7967966, 5.0445905 ] } },
{ "type": "Feature", "properties": { "Tipo Documento": "NIT", "No Documento": "901869408", "Nombre del contribuyente": "TURKA LOKA SAS", "Razon Social": "TURKA LOKA SAS", "Naturaleza Juridica": "Persona Jurídica", "Regimen tributario": "Regimen Comun", "Direccion": "KM 42 AUT NORTE SEC LA PLAYA, Sesquilé, Cundinamarca, Colombia", "Estado": "ACTIVO", "LAT": "5.054114999999999", "LON": "-73.79625", "FORMATTED_ADDRESS": "La Playa, Sesquilé, Cundinamarca, Colombia", "LOCATION_TYPE": "APPROXIMATE", "STATUS": "OK" }, "geometry": { "type": "Point", "coordinates": [ -73.79625, 5.054115 ] } },
{ "type": "Feature", "properties": { "Tipo Documento": "NIT", "No Documento": "901411059", "Nombre del contribuyente": "COTA ZERO INGENIERIA CIVIL Y TOPOGRAFIA S.A.S", "Razon Social": "COTA ZERO INGENIERIA CIVIL Y TOPOGRAFIA S.A.S", "Naturaleza Juridica": "Persona Jurídica", "Regimen tributario": "Regimen Comun", "Direccion": "Transversal 6 # 7-14, Sesquilé, Cundinamarca, Colombia", "Estado": "ACTIVO", "LAT": "5.0445905", "LON": "-73.7967966", "FORMATTED_ADDRESS": "Sesquilé, Cundinamarca, Colombia", "LOCATION_TYPE": "APPROXIMATE", "STATUS": "OK" }, "geometry": { "type": "Point", "coordinates": [ -73.7967966, 5.0445905 ] } },
{ "type": "Feature", "properties": { "Tipo Documento": "NIT", "No Documento": "800152997", "Nombre del contribuyente": "COOPERATIVA MULTIACTIVA DE SESQUILE \"COOPSESQUILE\"", "Razon Social": "COOPERATIVA MULTIACTIVA DE SESQUILE \"COOPSESQUILE\"", "Naturaleza Juridica": "Persona Jurídica", "Regimen tributario": "No responsable de IVA", "Direccion": "Calle 8 CON KR 10, Sesquilé, Cundinamarca, Colombia", "Estado": "ACTIVO", "LAT": "5.0445905", "LON": "-73.7967966", "FORMATTED_ADDRESS": "Sesquilé, Cundinamarca, Colombia", "LOCATION_TYPE": "APPROXIMATE", "STATUS": "OK" }, "geometry": { "type": "Point", "coordinates": [ -73.7967966, 5.0445905 ] } }
]
}
