{
"type": "FeatureCollection",
"name": "Contribuyentes_Persona_Natural",
"crs": { "type": "name", "properties": { "name": "urn:ogc:def:crs:OGC:1.3:CRS84" } },
"features": [
{ "type": "Feature", "properties": { "Tipo Documento": "Cédula de Ciudadanía", "No Documento": "32", "Nombre del contribuyente": "CHANCE  PAGA", "Razon Social": "CHANCE PAGA TODO", "Naturaleza Juridica": "Persona Natural", "Regimen tributario": "Regimen Comun", "Direccion": "Carrera 6 # 5-48, Sesquilé, Cundinamarca, Colombia", "Estado": "ACTIVO", "LAT": "5.0449038", "LON": "-73.7966281", "FORMATTED_ADDRESS": "Cra. 6 #5-48, Sesquilé, Cundinamarca, Colombia", "LOCATION_TYPE": "RANGE_INTERPOLATED", "STATUS": "OK" }, "geometry": { "type": "Point", "coordinates": [ -73.7966281, 5.0449038 ] } },
{ "type": "Feature", "properties": { "Tipo Documento": "Cédula de Ciudadanía", "No Documento": "1071328845", "Nombre del contribuyente": "JHON ALEXANDER MALAVER CAÑON", "Razon Social": null, "Naturaleza Juridica": "Persona Natural", "Regimen tributario": "Regimen Simplificado", "Direccion": "VEREDA BOITIVA, SECTOR CHITAL, Sesquilé, Cundinamarca, Colombia", "Estado": "ACTIVO", "LAT": "4.9714", "LON": "-73.74168999999999", "FORMATTED_ADDRESS": "El Chital, Sesquilé, Cundinamarca, Colombia", "LOCATION_TYPE": "APPROXIMATE", "STATUS": "OK" }, "geometry": { "type": "Point", "coordinates": [ -73.74169, 4.9714 ] } },
{ "type": "Feature", "properties": { "Tipo Documento": "Cédula de Ciudadanía", "No Documento": "1071329292", "Nombre del contribuyente": "MELQUICIDEC FERNANDO MALAVAR CAÑON", "Razon Social": null, "Naturaleza Juridica": "Persona Natural", "Regimen tributario": "Regimen Simplificado", "Direccion": "VEREDA BOITIVA SECTOR LA PLAYA, Sesquilé, Cundinamarca, Colombia", "Estado": "ACTIVO", "LAT": "5.054114999999999", "LON": "-73.79625", "FORMATTED_ADDRESS": "La Playa, Sesquilé, Cundinamarca, Colombia", "LOCATION_TYPE": "APPROXIMATE", "STATUS": "OK" }, "geometry": { "type": "Point", "coordinates": [ -73.79625, 5.054115 ] } },
{ "type": "Feature", "properties": { "Tipo Documento": "Cédula de Ciudadanía", "No Documento": "35474026", "Nombre del contribuyente": "MIRYAM  PARRA VILLAMIL", "Razon Social": null, "Naturaleza Juridica": "Persona Natural", "Regimen tributario": "No responsable de IVA", "Direccion": "VEREDA BOITA, Sesquilé, Cundinamarca, Colombia", "Estado": "ACTIVO", "LAT": "5.053867299999999", "LON": "-73.80727949999999", "FORMATTED_ADDRESS": "353V+H3, Sesquilé, Cundinamarca, Colombia", "LOCATION_TYPE": "GEOMETRIC_CENTER", "STATUS": "OK" }, "geometry": { "type": "Point", "coordinates": [ -73.8072795, 5.0538673 ] } },
{ "type": "Feature", "properties": { "Tipo Documento": "Cédula de Ciudadanía", "No Documento": "20923213", "Nombre del contribuyente": "ROSA ODILIA CHAUTA  BOJACA", "Razon Social": null, "Naturaleza Juridica": "Persona Natural", "Regimen tributario": "No responsable de IVA", "Direccion": "Calle 6 # 6-96, Sesquilé, Cundinamarca, Colombia", "Estado": "ACTIVO", "LAT": "5.045561999999999", "LON": "-73.79728", "FORMATTED_ADDRESS": "Cl. 6 # 6-96, Sesquilé, Cundinamarca, Colombia", "LOCATION_TYPE": "ROOFTOP", "STATUS": "OK" }, "geometry": { "type": "Point", "coordinates": [ -73.79728, 5.045562 ] } },
{ "type": "Feature", "properties": { "Tipo Documento": "Cédula de Ciudadanía", "No Documento": "3169252", "Nombre del contribuyente": "RIGOBERTO  SANCHEZ PIEDRA", "Razon Social": null, "Naturaleza Juridica": "Persona Natural", "Regimen tributario": "Regimen Comun", "Direccion": "Carrera 6 # 3-91, Sesquilé, Cundinamarca, Colombia", "Estado": "ACTIVO", "LAT": "5.0436403", "LON": "-73.79731749999999", "FORMATTED_ADDRESS": "Cra. 6 #3-91, Sesquilé, Cundinamarca, Colombia", "LOCATION_TYPE": "ROOFTOP", "STATUS": "OK" }, "geometry": { "type": "Point", "coordinates": [ -73.7973175, 5.0436403 ] } },
{ "type": "Feature", "properties": { "Tipo Documento": "Cédula de Ciudadanía", "No Documento": "7216548", "Nombre del contribuyente": "JAIME RICARDO FONSECA PEDRAZA", "Razon Social": null, "Naturaleza Juridica": "Persona Natural", "Regimen tributario": "Regimen Comun", "Direccion": "Carrera 7 # 5-41, Sesquilé, Cundinamarca, Colombia", "Estado": "ACTIVO", "LAT": "5.0454056", "LON": "-73.7979421", "FORMATTED_ADDRESS": "Cra. 7 #5-41, Sesquilé, Cundinamarca, Colombia", "LOCATION_TYPE": "ROOFTOP", "STATUS": "OK" }, "geometry": { "type": "Point", "coordinates": [ -73.7979421, 5.0454056 ] } },
{ "type": "Feature", "properties": { "Tipo Documento": "Cédula de Ciudadanía", "No Documento": "3168642", "Nombre del contribuyente": "HUMBERTO  JUZGA", "Razon Social": "SURTIDORA DE FINES EL ESCORPION", "Naturaleza Juridica": "Persona Natural", "Regimen tributario": "Regimen Comun", "Direccion": "Carrera 6 # 3-36, Sesquilé, Cundinamarca, Colombia", "Estado": "ACTIVO", "LAT": "5.043138", "LON": "-73.797473", "FORMATTED_ADDRESS": "Cra. 6 # 3-36, Sesquilé, Cundinamarca, Colombia", "LOCATION_TYPE": "ROOFTOP", "STATUS": "OK" }, "geometry": { "type": "Point", "coordinates": [ -73.797473, 5.043138 ] } },
{ "type": "Feature", "properties": { "Tipo Documento": "Cédula de Ciudadanía", "No Documento": "383584", "Nombre del contribuyente": "EVANGELISTA  CHAUTA", "Razon Social": null, "Naturaleza Juridica": "Persona Natural", "Regimen tributario": "Regimen Simplificado", "Direccion": "Calle 6 # 6-96, Sesquilé, Cundinamarca, Colombia", "Estado": "ACTIVO", "LAT": "5.045561999999999", "LON": "-73.79728", "FORMATTED_ADDRESS": "Cl. 6 # 6-96, Sesquilé, Cundinamarca, Colombia", "LOCATION_TYPE": "ROOFTOP", "STATUS": "OK" }, "geometry": { "type": "Point", "coordinates": [ -73.79728, 5.045562 ] } },
{ "type": "Feature", "properties": { "Tipo Documento": "Cédula de Ciudadanía", "No Documento": "3212630", "Nombre del contribuyente": "HUILMAR DANIEL HERNANDEZ ALARCON", "Razon Social": null, "Naturaleza Juridica": "Persona Natural", "Regimen tributario": "Regimen Simplificado", "Direccion": "VEREDA BOITIVA SEC SAN ROQUE, Sesquilé, Cundinamarca, Colombia", "Estado": "ACTIVO", "LAT": "5.0445905", "LON": "-73.7967966", "FORMATTED_ADDRESS": "Sesquilé, Cundinamarca, Colombia", "LOCATION_TYPE": "APPROXIMATE", "STATUS": "OK" }, "geometry": { "type": "Point", "coordinates": [ -73.7967966, 5.0445905 ] } },
{ "type": "Feature", "properties": { "Tipo Documento": "Cédula de Ciudadanía", "No Documento": "35414951", "Nombre del contribuyente": "MARIA CLAUDIA GARZON CRUZ", "Razon Social": null, "Naturaleza Juridica": "Persona Natural", "Regimen tributario": "No responsable de IVA", "Direccion": "Calle 5 # 6-48, Sesquilé, Cundinamarca, Colombia", "Estado": "ACTIVO", "LAT": "5.0448037", "LON": "-73.7972169", "FORMATTED_ADDRESS": "Cl. 5 #6-48, Sesquilé, Cundinamarca, Colombia", "LOCATION_TYPE": "ROOFTOP", "STATUS": "OK" }, "geometry": { "type": "Point", "coordinates": [ -73.7972169, 5.0448037 ] } },
{ "type": "Feature", "properties": { "Tipo Documento": "Cédula de Ciudadanía", "No Documento": "41774303", "Nombre del contribuyente": "MIRYAM  INES ROJAS  CASTIBLANCO", "Razon Social": null, "Naturaleza Juridica": "Persona Natural", "Regimen tributario": "Regimen Simplificado", "Direccion": "VEREDA GOBERNADOR, Sesquilé, Cundinamarca, Colombia", "Estado": "ACTIVO", "LAT": "5.032008", "LON": "-73.800835", "FORMATTED_ADDRESS": "Vda. Gobernador, Sesquilé, Cundinamarca, Colombia", "LOCATION_TYPE": "GEOMETRIC_CENTER", "STATUS": "OK" }, "geometry": { "type": "Point", "coordinates": [ -73.800835, 5.032008 ] } },
{ "type": "Feature", "properties": { "Tipo Documento": "Cédula de Ciudadanía", "No Documento": "79103508", "Nombre del contribuyente": "PABLO ANTONIO GUERRERO PAEZ", "Razon Social": null, "Naturaleza Juridica": "Persona Natural", "Regimen tributario": "No responsable de IVA", "Direccion": "Calle 7 # 5-30, Sesquilé, Cundinamarca, Colombia", "Estado": "ACTIVO", "LAT": "5.0456309", "LON": "-73.7956186", "FORMATTED_ADDRESS": "Cl. 7 #5-30, Sesquilé, Cundinamarca, Colombia", "LOCATION_TYPE": "ROOFTOP", "STATUS": "OK" }, "geometry": { "type": "Point", "coordinates": [ -73.7956186, 5.0456309 ] } },
{ "type": "Feature", "properties": { "Tipo Documento": "Cédula de Ciudadanía", "No Documento": "3169765", "Nombre del contribuyente": "LUCAS SANCHEZ ELIAS", "Razon Social": "LA ZONA CIBERGAMES", "Naturaleza Juridica": "Persona Natural", "Regimen tributario": "Regimen Comun", "Direccion": "Calle 4 # 5-37, Sesquilé, Cundinamarca, Colombia", "Estado": "ACTIVO", "LAT": "5.043508", "LON": "-73.797038", "FORMATTED_ADDRESS": "Cl. 4 # 5-37, Sesquilé, Cundinamarca, Colombia", "LOCATION_TYPE": "ROOFTOP", "STATUS": "OK" }, "geometry": { "type": "Point", "coordinates": [ -73.797038, 5.043508 ] } },
{ "type": "Feature", "properties": { "Tipo Documento": "Cédula de Ciudadanía", "No Documento": "3169026", "Nombre del contribuyente": "LUIS EDUARDO BOJACA RODRIGUEZ", "Razon Social": null, "Naturaleza Juridica": "Persona Natural", "Regimen tributario": "No responsable de IVA", "Direccion": "Calle 4 # 8-17, Sesquilé, Cundinamarca, Colombia", "Estado": "ACTIVO", "LAT": "5.044446900000001", "LON": "-73.79916709999999", "FORMATTED_ADDRESS": "Cl. 4 #8-17, Sesquilé, Cundinamarca, Colombia", "LOCATION_TYPE": "ROOFTOP", "STATUS": "OK" }, "geometry": { "type": "Point", "coordinates": [ -73.7991671, 5.0444469 ] } },
{ "type": "Feature", "properties": { "Tipo Documento": "Cédula de Ciudadanía", "No Documento": "17095581", "Nombre del contribuyente": "CARLOS ANTONIO PATIÑO ZAMBRANO", "Razon Social": null, "Naturaleza Juridica": "Persona Natural", "Regimen tributario": "No responsable de IVA", "Direccion": "Calle 6 # 6-95, Sesquilé, Cundinamarca, Colombia", "Estado": "ACTIVO", "LAT": "5.0454664", "LON": "-73.797376", "FORMATTED_ADDRESS": "Cl. 6 #6-95, Sesquilé, Cundinamarca, Colombia", "LOCATION_TYPE": "ROOFTOP", "STATUS": "OK" }, "geometry": { "type": "Point", "coordinates": [ -73.797376, 5.0454664 ] } },
{ "type": "Feature", "properties": { "Tipo Documento": "Cédula de Ciudadanía", "No Documento": "52645027", "Nombre del contribuyente": "MARIELA  BARON ZUÑIGA", "Razon Social": null, "Naturaleza Juridica": "Persona Natural", "Regimen tributario": "Regimen Simplificado", "Direccion": "BOITA, Sesquilé, Cundinamarca, Colombia", "Estado": "ACTIVO", "LAT": "5.030476699999999", "LON": "-73.84456279999999", "FORMATTED_ADDRESS": "Boita, La Pesquera, Sesquilé, Cundinamarca, Colombia", "LOCATION_TYPE": "APPROXIMATE", "STATUS": "OK" }, "geometry": { "type": "Point", "coordinates": [ -73.8445628, 5.0304767 ] } },
{ "type": "Feature", "properties": { "Tipo Documento": "Cédula de Ciudadanía", "No Documento": "20652651", "Nombre del contribuyente": "NOHORA JIMENEZ YEMINA", "Razon Social": "COVADONGA PLACA  VQT132  2001", "Naturaleza Juridica": "Persona Natural", "Regimen tributario": "Regimen Comun", "Direccion": "Calle 4 # 6-56, Sesquilé, Cundinamarca, Colombia", "Estado": "ACTIVO", "LAT": "5.0440666", "LON": "-73.7975637", "FORMATTED_ADDRESS": "Cl. 4 #6 56, Sesquilé, Cundinamarca, Colombia", "LOCATION_TYPE": "ROOFTOP", "STATUS": "OK" }, "geometry": { "type": "Point", "coordinates": [ -73.7975637, 5.0440666 ] } },
{ "type": "Feature", "properties": { "Tipo Documento": "Cédula de Ciudadanía", "No Documento": "17056715", "Nombre del contribuyente": "GABRIEL  CORTÉS", "Razon Social": null, "Naturaleza Juridica": "Persona Natural", "Regimen tributario": "Regimen Comun", "Direccion": "Calle 5 # 5-15, Sesquilé, Cundinamarca, Colombia", "Estado": "ACTIVO", "LAT": "5.0443171", "LON": "-73.7963949", "FORMATTED_ADDRESS": "Cl. 5 # 5-15, Sesquilé, Cundinamarca, Colombia", "LOCATION_TYPE": "ROOFTOP", "STATUS": "OK" }, "geometry": { "type": "Point", "coordinates": [ -73.7963949, 5.0443171 ] } },
{ "type": "Feature", "properties": { "Tipo Documento": "Cédula de Ciudadanía", "No Documento": "1176829", "Nombre del contribuyente": "GUSTAVO  SANCHEZ SANCHEZ", "Razon Social": null, "Naturaleza Juridica": "Persona Natural", "Regimen tributario": "No responsable de IVA", "Direccion": "Carrera 6 # 4-64, Sesquilé, Cundinamarca, Colombia", "Estado": "ACTIVO", "LAT": "5.0441779", "LON": "-73.79695199999999", "FORMATTED_ADDRESS": "Cra. 6 # 4-64, Sesquilé, Cundinamarca, Colombia", "LOCATION_TYPE": "ROOFTOP", "STATUS": "OK" }, "geometry": { "type": "Point", "coordinates": [ -73.796952, 5.0441779 ] } },
{ "type": "Feature", "properties": { "Tipo Documento": "Cédula de Ciudadanía", "No Documento": "20923351", "Nombre del contribuyente": "GELZEL ISLENA CASTRO", "Razon Social": null, "Naturaleza Juridica": "Persona Natural", "Regimen tributario": "Regimen Simplificado", "Direccion": "BOITIVA, Sesquilé, Cundinamarca, Colombia", "Estado": "ACTIVO", "LAT": "5.0445905", "LON": "-73.7967966", "FORMATTED_ADDRESS": "Sesquilé, Cundinamarca, Colombia", "LOCATION_TYPE": "APPROXIMATE", "STATUS": "OK" }, "geometry": { "type": "Point", "coordinates": [ -73.7967966, 5.0445905 ] } },
{ "type": "Feature", "properties": { "Tipo Documento": "Cédula de Ciudadanía", "No Documento": "17099965", "Nombre del contribuyente": "EDUARDO  ACOSTA", "Razon Social": "VIVERO ARBOLANDIA", "Naturaleza Juridica": "Persona Natural", "Regimen tributario": "Regimen Comun", "Direccion": "VEREDA GOBERNADOR, Sesquilé, Cundinamarca, Colombia", "Estado": "ACTIVO", "LAT": "5.032008", "LON": "-73.800835", "FORMATTED_ADDRESS": "Vda. Gobernador, Sesquilé, Cundinamarca, Colombia", "LOCATION_TYPE": "GEOMETRIC_CENTER", "STATUS": "OK" }, "geometry": { "type": "Point", "coordinates": [ -73.800835, 5.032008 ] } },
{ "type": "Feature", "properties": { "Tipo Documento": "Cédula de Ciudadanía", "No Documento": "20963952", "Nombre del contribuyente": "ALCIRA  GARZON GOMEZ", "Razon Social": null, "Naturaleza Juridica": "Persona Natural", "Regimen tributario": "Regimen Simplificado", "Direccion": "BOITA UTOPISTA, Sesquilé, Cundinamarca, Colombia", "Estado": "ACTIVO", "LAT": "5.0503395", "LON": "-73.8055901", "FORMATTED_ADDRESS": "Boita, Sesquilé, Cundinamarca, Colombia", "LOCATION_TYPE": "GEOMETRIC_CENTER", "STATUS": "OK" }, "geometry": { "type": "Point", "coordinates": [ -73.8055901, 5.0503395 ] } },
{ "type": "Feature", "properties": { "Tipo Documento": "Cédula de Ciudadanía", "No Documento": "51781971", "Nombre del contribuyente": "ALICIA  MARCELA SANCHEZ FUENTES", "Razon Social": null, "Naturaleza Juridica": "Persona Natural", "Regimen tributario": "Regimen Comun", "Direccion": "Calle 6N-7-35, Sesquilé, Cundinamarca, Colombia", "Estado": "ACTIVO", "LAT": "5.0445905", "LON": "-73.7967966", "FORMATTED_ADDRESS": "Sesquilé, Cundinamarca, Colombia", "LOCATION_TYPE": "APPROXIMATE", "STATUS": "OK" }, "geometry": { "type": "Point", "coordinates": [ -73.7967966, 5.0445905 ] } },
{ "type": "Feature", "properties": { "Tipo Documento": "Cédula de Ciudadanía", "No Documento": "21022548", "Nombre del contribuyente": "JOHANA ZORAIDA BALCERO CASTAÑEDA", "Razon Social": null, "Naturaleza Juridica": "Persona Natural", "Regimen tributario": "No responsable de IVA", "Direccion": "Calle 8 # 10-77, Sesquilé, Cundinamarca, Colombia", "Estado": "ACTIVO", "LAT": "5.048388999999999", "LON": "-73.798878", "FORMATTED_ADDRESS": "Cl. 8 # 10-77, Sesquilé, Cundinamarca, Colombia", "LOCATION_TYPE": "ROOFTOP", "STATUS": "OK" }, "geometry": { "type": "Point", "coordinates": [ -73.798878, 5.048389 ] } },
{ "type": "Feature", "properties": { "Tipo Documento": "Cédula de Ciudadanía", "No Documento": "62", "Nombre del contribuyente": "JAIRO  TORRES", "Razon Social": "RESTAURANTE EL OLIVO", "Naturaleza Juridica": "Persona Natural", "Regimen tributario": "Regimen Comun", "Direccion": "VEREDA GOBERNADOR, Sesquilé, Cundinamarca, Colombia", "Estado": "ACTIVO", "LAT": "5.032008", "LON": "-73.800835", "FORMATTED_ADDRESS": "Vda. Gobernador, Sesquilé, Cundinamarca, Colombia", "LOCATION_TYPE": "GEOMETRIC_CENTER", "STATUS": "OK" }, "geometry": { "type": "Point", "coordinates": [ -73.800835, 5.032008 ] } },
{ "type": "Feature", "properties": { "Tipo Documento": "Cédula de Ciudadanía", "No Documento": "63435294", "Nombre del contribuyente": "MARTHA CECILIA TRIANA MEDINA", "Razon Social": "MARTHA CECILIA TRIANA MEDINA", "Naturaleza Juridica": "Persona Natural", "Regimen tributario": "Regimen Comun", "Direccion": "Carrera 72A # 24-72, Sesquilé, Cundinamarca, Colombia", "Estado": "ACTIVO", "LAT": "5.0445905", "LON": "-73.7967966", "FORMATTED_ADDRESS": "Sesquilé, Cundinamarca, Colombia", "LOCATION_TYPE": "APPROXIMATE", "STATUS": "OK" }, "geometry": { "type": "Point", "coordinates": [ -73.7967966, 5.0445905 ] } },
{ "type": "Feature", "properties": { "Tipo Documento": "Cédula de Ciudadanía", "No Documento": "52155043", "Nombre del contribuyente": "BLANCA JOSEFA  RAMIREZ HERERA", "Razon Social": null, "Naturaleza Juridica": "Persona Natural", "Regimen tributario": "No responsable de IVA", "Direccion": "Carrera 6 # 4-89 93 99, Sesquilé, Cundinamarca, Colombia", "Estado": "ACTIVO", "LAT": "5.044446199999999", "LON": "-73.7969062", "FORMATTED_ADDRESS": "Cra. 6 #4-89 93 99, Sesquilé, Cundinamarca, Colombia", "LOCATION_TYPE": "ROOFTOP", "STATUS": "OK" }, "geometry": { "type": "Point", "coordinates": [ -73.7969062, 5.0444462 ] } },
{ "type": "Feature", "properties": { "Tipo Documento": "Cédula de Ciudadanía", "No Documento": "41896117", "Nombre del contribuyente": "MARIA DEL PILAR RINCON CASTAÑEDA", "Razon Social": null, "Naturaleza Juridica": "Persona Natural", "Regimen tributario": "Regimen Simplificado", "Direccion": "Calle 5 # 7-62, Sesquilé, Cundinamarca, Colombia", "Estado": "ACTIVO", "LAT": "5.0453873", "LON": "-73.7982561", "FORMATTED_ADDRESS": "Cl. 5 #7-62, Sesquilé, Cundinamarca, Colombia", "LOCATION_TYPE": "RANGE_INTERPOLATED", "STATUS": "OK" }, "geometry": { "type": "Point", "coordinates": [ -73.7982561, 5.0453873 ] } },
{ "type": "Feature", "properties": { "Tipo Documento": "Cédula de Ciudadanía", "No Documento": "45", "Nombre del contribuyente": "ARTESANIAS  CHALECHE", "Razon Social": "ARTESANIAS CHALECHE", "Naturaleza Juridica": "Persona Natural", "Regimen tributario": "Regimen Comun", "Direccion": "CHALECHE, Sesquilé, Cundinamarca, Colombia", "Estado": "ACTIVO", "LAT": "5.0445905", "LON": "-73.7967966", "FORMATTED_ADDRESS": "Sesquilé, Cundinamarca, Colombia", "LOCATION_TYPE": "APPROXIMATE", "STATUS": "OK" }, "geometry": { "type": "Point", "coordinates": [ -73.7967966, 5.0445905 ] } },
{ "type": "Feature", "properties": { "Tipo Documento": "Cédula de Ciudadanía", "No Documento": "8", "Nombre del contribuyente": "CARLOS  QUINTERO", "Razon Social": "HOTEL VILLA CENTRO", "Naturaleza Juridica": "Persona Natural", "Regimen tributario": "Regimen Comun", "Direccion": "VEREDA BOITIVA SECTOR ESPERANZA, Sesquilé, Cundinamarca, Colombia", "Estado": "ACTIVO", "LAT": "5.0445905", "LON": "-73.7967966", "FORMATTED_ADDRESS": "Sesquilé, Cundinamarca, Colombia", "LOCATION_TYPE": "APPROXIMATE", "STATUS": "OK" }, "geometry": { "type": "Point", "coordinates": [ -73.7967966, 5.0445905 ] } },
{ "type": "Feature", "properties": { "Tipo Documento": "Cédula de Ciudadanía", "No Documento": "39819377", "Nombre del contribuyente": "LUZ  JOHANA", "Razon Social": "MUEBLES TORRES LEÓN", "Naturaleza Juridica": "Persona Natural", "Regimen tributario": "Regimen Comun", "Direccion": "Calle 6 # 1-116, Sesquilé, Cundinamarca, Colombia", "Estado": "ACTIVO", "LAT": "5.046754", "LON": "-73.799442", "FORMATTED_ADDRESS": "Cl. 6 # 9-1, Sesquilé, Cundinamarca, Colombia", "LOCATION_TYPE": "ROOFTOP", "STATUS": "OK" }, "geometry": { "type": "Point", "coordinates": [ -73.799442, 5.046754 ] } },
{ "type": "Feature", "properties": { "Tipo Documento": "Cédula de Ciudadanía", "No Documento": "383862", "Nombre del contribuyente": "MANUEL ANTONIO BOJACA ROJAS", "Razon Social": null, "Naturaleza Juridica": "Persona Natural", "Regimen tributario": "Regimen Simplificado", "Direccion": "Calle 5 # 5-48, Sesquilé, Cundinamarca, Colombia", "Estado": "ACTIVO", "LAT": "5.044467699999999", "LON": "-73.7965846", "FORMATTED_ADDRESS": "Cl. 5 #5-48, Sesquilé, Cundinamarca, Colombia", "LOCATION_TYPE": "RANGE_INTERPOLATED", "STATUS": "OK" }, "geometry": { "type": "Point", "coordinates": [ -73.7965846, 5.0444677 ] } },
{ "type": "Feature", "properties": { "Tipo Documento": "Cédula de Ciudadanía", "No Documento": "3169143", "Nombre del contribuyente": "MARTIN  QUINTERO SANCHEZ", "Razon Social": null, "Naturaleza Juridica": "Persona Natural", "Regimen tributario": "No responsable de IVA", "Direccion": "VEREDA BOITIVA SECTOR LAS BRISAS, Sesquilé, Cundinamarca, Colombia", "Estado": "ACTIVO", "LAT": "5.0445905", "LON": "-73.7967966", "FORMATTED_ADDRESS": "Sesquilé, Cundinamarca, Colombia", "LOCATION_TYPE": "APPROXIMATE", "STATUS": "OK" }, "geometry": { "type": "Point", "coordinates": [ -73.7967966, 5.0445905 ] } },
{ "type": "Feature", "properties": { "Tipo Documento": "Cédula de Ciudadanía", "No Documento": "3169643", "Nombre del contribuyente": "JAIRO  GIL MAYORGA", "Razon Social": null, "Naturaleza Juridica": "Persona Natural", "Regimen tributario": "No responsable de IVA", "Direccion": "BOITIVA SECTOR LAS BRISAS, Sesquilé, Cundinamarca, Colombia", "Estado": "ACTIVO", "LAT": "5.0445905", "LON": "-73.7967966", "FORMATTED_ADDRESS": "Sesquilé, Cundinamarca, Colombia", "LOCATION_TYPE": "APPROXIMATE", "STATUS": "OK" }, "geometry": { "type": "Point", "coordinates": [ -73.7967966, 5.0445905 ] } },
{ "type": "Feature", "properties": { "Tipo Documento": "Cédula de Ciudadanía", "No Documento": "2264704", "Nombre del contribuyente": "RAUL  ORTIZ FLOREZ", "Razon Social": null, "Naturaleza Juridica": "Persona Natural", "Regimen tributario": "No responsable de IVA", "Direccion": "LA PLAYA, Sesquilé, Cundinamarca, Colombia", "Estado": "ACTIVO", "LAT": "5.054114999999999", "LON": "-73.79625", "FORMATTED_ADDRESS": "La Playa, Sesquilé, Cundinamarca, Colombia", "LOCATION_TYPE": "APPROXIMATE", "STATUS": "OK" }, "geometry": { "type": "Point", "coordinates": [ -73.79625, 5.054115 ] } },
{ "type": "Feature", "properties": { "Tipo Documento": "Cédula de Ciudadanía", "No Documento": "3169593", "Nombre del contribuyente": "JAVIER ORLANDO VEGA GONZALEZ", "Razon Social": null, "Naturaleza Juridica": "Persona Natural", "Regimen tributario": "No responsable de IVA", "Direccion": "Carrera 5 # 4-10, Sesquilé, Cundinamarca, Colombia", "Estado": "ACTIVO", "LAT": "5.0433775", "LON": "-73.79655489999999", "FORMATTED_ADDRESS": "Cra. 5 # 4-10, Sesquilé, Cundinamarca, Colombia", "LOCATION_TYPE": "ROOFTOP", "STATUS": "OK" }, "geometry": { "type": "Point", "coordinates": [ -73.7965549, 5.0433775 ] } },
{ "type": "Feature", "properties": { "Tipo Documento": "Cédula de Ciudadanía", "No Documento": "3168683", "Nombre del contribuyente": "RICARDO  ROJAS", "Razon Social": "HORNAMENTACION", "Naturaleza Juridica": "Persona Natural", "Regimen tributario": "Regimen Comun", "Direccion": "VEREDA BOITIVA, Sesquilé, Cundinamarca, Colombia", "Estado": "ACTIVO", "LAT": "5.0445905", "LON": "-73.7967966", "FORMATTED_ADDRESS": "Sesquilé, Cundinamarca, Colombia", "LOCATION_TYPE": "APPROXIMATE", "STATUS": "OK" }, "geometry": { "type": "Point", "coordinates": [ -73.7967966, 5.0445905 ] } },
{ "type": "Feature", "properties": { "Tipo Documento": "Cédula de Ciudadanía", "No Documento": "3", "Nombre del contribuyente": "ALVARO  TORRES", "Razon Social": "IGLESIA PENTECOSTAL UNIDA DE COLOMBIA", "Naturaleza Juridica": "Persona Natural", "Regimen tributario": "Regimen Comun", "Direccion": "Calle 5 # 6-58, Sesquilé, Cundinamarca, Colombia", "Estado": "ACTIVO", "LAT": "5.0449092", "LON": "-73.7974206", "FORMATTED_ADDRESS": "Cl. 5 #6-58, Sesquilé, Cundinamarca, Colombia", "LOCATION_TYPE": "ROOFTOP", "STATUS": "OK" }, "geometry": { "type": "Point", "coordinates": [ -73.7974206, 5.0449092 ] } },
{ "type": "Feature", "properties": { "Tipo Documento": "Cédula de Ciudadanía", "No Documento": "3058565", "Nombre del contribuyente": "EDUARDO  MUÑOZ", "Razon Social": null, "Naturaleza Juridica": "Persona Natural", "Regimen tributario": "Regimen Simplificado", "Direccion": "Carrera 6 # 3-49, Sesquilé, Cundinamarca, Colombia", "Estado": "ACTIVO", "LAT": "5.043309", "LON": "-73.7974459", "FORMATTED_ADDRESS": "Cra. 6 # 3-49, Sesquilé, Cundinamarca, Colombia", "LOCATION_TYPE": "ROOFTOP", "STATUS": "OK" }, "geometry": { "type": "Point", "coordinates": [ -73.7974459, 5.043309 ] } },
{ "type": "Feature", "properties": { "Tipo Documento": "Cédula de Ciudadanía", "No Documento": "310113", "Nombre del contribuyente": "SAUL  CASTAÑEDA", "Razon Social": "SAUL CASTAÑEDA", "Naturaleza Juridica": "Persona Natural", "Regimen tributario": "Regimen Comun", "Direccion": "RANCHERIA SECTOR GRANADILLO, Sesquilé, Cundinamarca, Colombia", "Estado": "ACTIVO", "LAT": "4.9833299", "LON": "-73.73329", "FORMATTED_ADDRESS": "Rancheria, Sesquilé, Cundinamarca, Colombia", "LOCATION_TYPE": "APPROXIMATE", "STATUS": "OK" }, "geometry": { "type": "Point", "coordinates": [ -73.73329, 4.9833299 ] } },
{ "type": "Feature", "properties": { "Tipo Documento": "Cédula de Ciudadanía", "No Documento": "25", "Nombre del contribuyente": "JENIFFER  MÉNDEZ", "Razon Social": "MISCELANEA PATY", "Naturaleza Juridica": "Persona Natural", "Regimen tributario": "Regimen Comun", "Direccion": "Calle 6 # 6-28, Sesquilé, Cundinamarca, Colombia", "Estado": "ACTIVO", "LAT": "5.0452369", "LON": "-73.79675089999999", "FORMATTED_ADDRESS": "Cl. 6 #6-28, Sesquilé, Cundinamarca, Colombia", "LOCATION_TYPE": "ROOFTOP", "STATUS": "OK" }, "geometry": { "type": "Point", "coordinates": [ -73.7967509, 5.0452369 ] } },
{ "type": "Feature", "properties": { "Tipo Documento": "Cédula de Ciudadanía", "No Documento": "383440", "Nombre del contribuyente": "REYNALDO  JUZGA", "Razon Social": "TIENDA LORENA", "Naturaleza Juridica": "Persona Natural", "Regimen tributario": "Regimen Comun", "Direccion": "VDA GOBERNADOR VIA AL CAJON, Sesquilé, Cundinamarca, Colombia", "Estado": "ACTIVO", "LAT": "5.0445905", "LON": "-73.7967966", "FORMATTED_ADDRESS": "Sesquilé, Cundinamarca, Colombia", "LOCATION_TYPE": "APPROXIMATE", "STATUS": "OK" }, "geometry": { "type": "Point", "coordinates": [ -73.7967966, 5.0445905 ] } },
{ "type": "Feature", "properties": { "Tipo Documento": "Cédula de Ciudadanía", "No Documento": "4079338", "Nombre del contribuyente": "LUIS OCTAVIO VERDUGO GARCES", "Razon Social": null, "Naturaleza Juridica": "Persona Natural", "Regimen tributario": "No responsable de IVA", "Direccion": "Calle 6 # 6-84, Sesquilé, Cundinamarca, Colombia", "Estado": "ACTIVO", "LAT": "5.045509", "LON": "-73.79720499999999", "FORMATTED_ADDRESS": "Cl. 6 # 6-84, Sesquilé, Cundinamarca, Colombia", "LOCATION_TYPE": "ROOFTOP", "STATUS": "OK" }, "geometry": { "type": "Point", "coordinates": [ -73.797205, 5.045509 ] } },
{ "type": "Feature", "properties": { "Tipo Documento": "Cédula de Ciudadanía", "No Documento": "383906", "Nombre del contribuyente": "CARLOS  LATORRE VELANDIA", "Razon Social": null, "Naturaleza Juridica": "Persona Natural", "Regimen tributario": "No responsable de IVA", "Direccion": "VEREDA SAN JOSE, Sesquilé, Cundinamarca, Colombia", "Estado": "ACTIVO", "LAT": "5.0445905", "LON": "-73.7967966", "FORMATTED_ADDRESS": "Sesquilé, Cundinamarca, Colombia", "LOCATION_TYPE": "APPROXIMATE", "STATUS": "OK" }, "geometry": { "type": "Point", "coordinates": [ -73.7967966, 5.0445905 ] } },
{ "type": "Feature", "properties": { "Tipo Documento": "Cédula de Ciudadanía", "No Documento": "3168811", "Nombre del contribuyente": "JOSE MIGUEL ZAMBRANO PALACINO", "Razon Social": null, "Naturaleza Juridica": "Persona Natural", "Regimen tributario": "Regimen Comun", "Direccion": "Calle 5 # 4-55, Sesquilé, Cundinamarca, Colombia", "Estado": "ACTIVO", "LAT": "5.0441698", "LON": "-73.796166", "FORMATTED_ADDRESS": "Cl. 5 # 4-55, Sesquilé, Cundinamarca, Colombia", "LOCATION_TYPE": "ROOFTOP", "STATUS": "OK" }, "geometry": { "type": "Point", "coordinates": [ -73.796166, 5.0441698 ] } },
{ "type": "Feature", "properties": { "Tipo Documento": "Cédula de Ciudadanía", "No Documento": "35406489", "Nombre del contribuyente": "MIREYA  PINTO CHAPARRO", "Razon Social": null, "Naturaleza Juridica": "Persona Natural", "Regimen tributario": "Regimen Comun", "Direccion": "Carrera 6 # 4-57, Sesquilé, Cundinamarca, Colombia", "Estado": "Activo", "LAT": "5.044168", "LON": "-73.797006", "FORMATTED_ADDRESS": "Cra. 6 # 4-57, Sesquilé, Cundinamarca, Colombia", "LOCATION_TYPE": "ROOFTOP", "STATUS": "OK" }, "geometry": { "type": "Point", "coordinates": [ -73.797006, 5.044168 ] } },
{ "type": "Feature", "properties": { "Tipo Documento": "Cédula de Ciudadanía", "No Documento": "35417894", "Nombre del contribuyente": "YUDI CLARITSA RODRIGUEZ MORENO", "Razon Social": null, "Naturaleza Juridica": "Persona Natural", "Regimen tributario": "Regimen Comun", "Direccion": "VEREDA GOBERNADOR VIA AL CAJON, Sesquilé, Cundinamarca, Colombia", "Estado": "ACTIVO", "LAT": "5.0445905", "LON": "-73.7967966", "FORMATTED_ADDRESS": "Sesquilé, Cundinamarca, Colombia", "LOCATION_TYPE": "APPROXIMATE", "STATUS": "OK" }, "geometry": { "type": "Point", "coordinates": [ -73.7967966, 5.0445905 ] } },
{ "type": "Feature", "properties": { "Tipo Documento": "Cédula de Ciudadanía", "No Documento": "20911540", "Nombre del contribuyente": "INGRID  VIVIANA MENESES QUINTERO", "Razon Social": null, "Naturaleza Juridica": "Persona Natural", "Regimen tributario": "No responsable de IVA", "Direccion": "Carrera 6 # 6-12, Sesquilé, Cundinamarca, Colombia", "Estado": "ACTIVO", "LAT": "5.0451263", "LON": "-73.7963996", "FORMATTED_ADDRESS": "Cra. 6 #6-12, Sesquilé, Cundinamarca, Colombia", "LOCATION_TYPE": "RANGE_INTERPOLATED", "STATUS": "OK" }, "geometry": { "type": "Point", "coordinates": [ -73.7963996, 5.0451263 ] } },
{ "type": "Feature", "properties": { "Tipo Documento": "Cédula de Ciudadanía", "No Documento": "1071331861", "Nombre del contribuyente": "LEYDI KARIME LOPEZ JIMENEZ", "Razon Social": "HELADERIA Y FRUTERIA NANICE CREAM", "Naturaleza Juridica": "Persona Natural", "Regimen tributario": "Regimen Comun", "Direccion": "Carrera 6 # 6-87, Sesquilé, Cundinamarca, Colombia", "Estado": "ACTIVO", "LAT": "5.0458482", "LON": "-73.7964372", "FORMATTED_ADDRESS": "Cra. 6 #6-87, Sesquilé, Cundinamarca, Colombia", "LOCATION_TYPE": "RANGE_INTERPOLATED", "STATUS": "OK" }, "geometry": { "type": "Point", "coordinates": [ -73.7964372, 5.0458482 ] } },
{ "type": "Feature", "properties": { "Tipo Documento": "Cédula de Ciudadanía", "No Documento": "20304351", "Nombre del contribuyente": "HILDA  ROJAS DE BOJACA", "Razon Social": null, "Naturaleza Juridica": "Persona Natural", "Regimen tributario": "No responsable de IVA", "Direccion": "Carrera 6 # 5-52, Sesquilé, Cundinamarca, Colombia", "Estado": "ACTIVO", "LAT": "5.0449323", "LON": "-73.7966138", "FORMATTED_ADDRESS": "Cra. 6 #5-52, Sesquilé, Cundinamarca, Colombia", "LOCATION_TYPE": "RANGE_INTERPOLATED", "STATUS": "OK" }, "geometry": { "type": "Point", "coordinates": [ -73.7966138, 5.0449323 ] } },
{ "type": "Feature", "properties": { "Tipo Documento": "Cédula de Ciudadanía", "No Documento": "20923012", "Nombre del contribuyente": "IRMA YOLANDA JUZGA MAMANCHE", "Razon Social": null, "Naturaleza Juridica": "Persona Natural", "Regimen tributario": "No responsable de IVA", "Direccion": "Calle 5 # 6-35, Sesquilé, Cundinamarca, Colombia", "Estado": "ACTIVO", "LAT": "5.0446802", "LON": "-73.7971314", "FORMATTED_ADDRESS": "Cl. 5 #6-35, Sesquilé, Cundinamarca, Colombia", "LOCATION_TYPE": "RANGE_INTERPOLATED", "STATUS": "OK" }, "geometry": { "type": "Point", "coordinates": [ -73.7971314, 5.0446802 ] } },
{ "type": "Feature", "properties": { "Tipo Documento": "Cédula de Ciudadanía", "No Documento": "1103095662", "Nombre del contribuyente": "MARTHA LIGIA GUEVARA LOPEZ", "Razon Social": null, "Naturaleza Juridica": "Persona Natural", "Regimen tributario": "No responsable de IVA", "Direccion": "VEREDA BOITA, Sesquilé, Cundinamarca, Colombia", "Estado": "ACTIVO", "LAT": "5.053867299999999", "LON": "-73.80727949999999", "FORMATTED_ADDRESS": "353V+H3, Sesquilé, Cundinamarca, Colombia", "LOCATION_TYPE": "GEOMETRIC_CENTER", "STATUS": "OK" }, "geometry": { "type": "Point", "coordinates": [ -73.8072795, 5.0538673 ] } },
{ "type": "Feature", "properties": { "Tipo Documento": "Cédula de Ciudadanía", "No Documento": "79313588", "Nombre del contribuyente": "HECTOR HORACIO VARGAS CARRASCO", "Razon Social": null, "Naturaleza Juridica": "Persona Natural", "Regimen tributario": "No responsable de IVA", "Direccion": "Calle 4A # 6-47-/49, Sesquilé, Cundinamarca, Colombia", "Estado": "ACTIVO", "LAT": "5.0445905", "LON": "-73.7967966", "FORMATTED_ADDRESS": "Sesquilé, Cundinamarca, Colombia", "LOCATION_TYPE": "APPROXIMATE", "STATUS": "OK" }, "geometry": { "type": "Point", "coordinates": [ -73.7967966, 5.0445905 ] } },
{ "type": "Feature", "properties": { "Tipo Documento": "Cédula de Ciudadanía", "No Documento": "20493673", "Nombre del contribuyente": "GLORIA PATRICIA MARIN GONZALEZ", "Razon Social": null, "Naturaleza Juridica": "Persona Natural", "Regimen tributario": "Regimen Simplificado", "Direccion": "Calle 6 # 6-51, Sesquilé, Cundinamarca, Colombia", "Estado": "ACTIVO", "LAT": "5.0452612", "LON": "-73.79699099999999", "FORMATTED_ADDRESS": "Cl. 6 # 6-51, Sesquilé, Cundinamarca, Colombia", "LOCATION_TYPE": "ROOFTOP", "STATUS": "OK" }, "geometry": { "type": "Point", "coordinates": [ -73.796991, 5.0452612 ] } },
{ "type": "Feature", "properties": { "Tipo Documento": "Cédula de Ciudadanía", "No Documento": "20922776", "Nombre del contribuyente": "MERCEDES  MANCERA", "Razon Social": null, "Naturaleza Juridica": "Persona Natural", "Regimen tributario": "Regimen Comun", "Direccion": "Carrera 5 # 5-29, Sesquilé, Cundinamarca, Colombia", "Estado": "ACTIVO", "LAT": "5.0444958", "LON": "-73.79627479999999", "FORMATTED_ADDRESS": "Cra. 5 #5-29, Sesquilé, Cundinamarca, Colombia", "LOCATION_TYPE": "RANGE_INTERPOLATED", "STATUS": "OK" }, "geometry": { "type": "Point", "coordinates": [ -73.7962748, 5.0444958 ] } },
{ "type": "Feature", "properties": { "Tipo Documento": "Cédula de Ciudadanía", "No Documento": "40982318", "Nombre del contribuyente": "AMALFI MERCEDES SOTO NIEVES", "Razon Social": null, "Naturaleza Juridica": "Persona Natural", "Regimen tributario": "Regimen Comun", "Direccion": "Carrera 7 # 5-84, Sesquilé, Cundinamarca, Colombia", "Estado": "ACTIVO", "LAT": "5.045578", "LON": "-73.79768700000001", "FORMATTED_ADDRESS": "Cra. 7 # 5-84, Sesquilé, Cundinamarca, Colombia", "LOCATION_TYPE": "ROOFTOP", "STATUS": "OK" }, "geometry": { "type": "Point", "coordinates": [ -73.797687, 5.045578 ] } },
{ "type": "Feature", "properties": { "Tipo Documento": "Cédula de Ciudadanía", "No Documento": "3696872", "Nombre del contribuyente": "MERCEDES  CRUZ", "Razon Social": "MERCEDES CRUZ", "Naturaleza Juridica": "Persona Natural", "Regimen tributario": "Regimen Comun", "Direccion": "Calle 6 # 6-84, Sesquilé, Cundinamarca, Colombia", "Estado": "ACTIVO", "LAT": "5.045509", "LON": "-73.79720499999999", "FORMATTED_ADDRESS": "Cl. 6 # 6-84, Sesquilé, Cundinamarca, Colombia", "LOCATION_TYPE": "ROOFTOP", "STATUS": "OK" }, "geometry": { "type": "Point", "coordinates": [ -73.797205, 5.045509 ] } },
{ "type": "Feature", "properties": { "Tipo Documento": "Cédula de Ciudadanía", "No Documento": "21021580", "Nombre del contribuyente": "SANDRA CONSUELO FARIAS VILLARRAGA", "Razon Social": null, "Naturaleza Juridica": "Persona Natural", "Regimen tributario": "No responsable de IVA", "Direccion": "Calle 5 # 3-51, Sesquilé, Cundinamarca, Colombia", "Estado": "ACTIVO", "LAT": "5.0437408", "LON": "-73.7953697", "FORMATTED_ADDRESS": "Cl. 5 #3 - 51, Sesquilé, Cundinamarca, Colombia", "LOCATION_TYPE": "ROOFTOP", "STATUS": "OK" }, "geometry": { "type": "Point", "coordinates": [ -73.7953697, 5.0437408 ] } },
{ "type": "Feature", "properties": { "Tipo Documento": "Cédula de Ciudadanía", "No Documento": "1071142345", "Nombre del contribuyente": "ZULMA ZORAIDA PRIETO GONZALEZ", "Razon Social": "RESTAURANTE PARRILA EL TUNJO", "Naturaleza Juridica": "Persona Natural", "Regimen tributario": "Regimen Comun", "Direccion": "VEREDA TIERRA NEGRA FINCA SANTANA, Sesquilé, Cundinamarca, Colombia", "Estado": "ACTIVO", "LAT": "4.997927", "LON": "-73.800418", "FORMATTED_ADDRESS": "X5XX+5R, Sesquilé, Cundinamarca, Colombia", "LOCATION_TYPE": "GEOMETRIC_CENTER", "STATUS": "OK" }, "geometry": { "type": "Point", "coordinates": [ -73.800418, 4.997927 ] } },
{ "type": "Feature", "properties": { "Tipo Documento": "Cédula de Ciudadanía", "No Documento": "74365787", "Nombre del contribuyente": "PABLO  VERDUGO GARCES", "Razon Social": null, "Naturaleza Juridica": "Persona Natural", "Regimen tributario": "No responsable de IVA", "Direccion": "Calle 5 # 6 112, Sesquilé, Cundinamarca, Colombia", "Estado": "ACTIVO", "LAT": "5.0450411", "LON": "-73.7976774", "FORMATTED_ADDRESS": "Cl. 5 # 6-112, Sesquilé, Cundinamarca, Colombia", "LOCATION_TYPE": "ROOFTOP", "STATUS": "OK" }, "geometry": { "type": "Point", "coordinates": [ -73.7976774, 5.0450411 ] } },
{ "type": "Feature", "properties": { "Tipo Documento": "Cédula de Ciudadanía", "No Documento": "76043170", "Nombre del contribuyente": "JAMINSON  LEMOS CARABALI", "Razon Social": null, "Naturaleza Juridica": "Persona Natural", "Regimen tributario": "Regimen Simplificado", "Direccion": "Calle 6 # 6-58, Sesquilé, Cundinamarca, Colombia", "Estado": "ACTIVO", "LAT": "5.045342", "LON": "-73.79696799999999", "FORMATTED_ADDRESS": "Cl. 6 # 6-58, Sesquilé, Cundinamarca, Colombia", "LOCATION_TYPE": "ROOFTOP", "STATUS": "OK" }, "geometry": { "type": "Point", "coordinates": [ -73.796968, 5.045342 ] } },
{ "type": "Feature", "properties": { "Tipo Documento": "Cédula de Ciudadanía", "No Documento": "1071328700", "Nombre del contribuyente": null, "Razon Social": "COOTRANSCOVADONGA PLACA  VQT111", "Naturaleza Juridica": "Persona Natural", "Regimen tributario": "Regimen Comun", "Direccion": "Calle 4 # 6-56, Sesquilé, Cundinamarca, Colombia", "Estado": "ACTIVO", "LAT": "5.0440666", "LON": "-73.7975637", "FORMATTED_ADDRESS": "Cl. 4 #6 56, Sesquilé, Cundinamarca, Colombia", "LOCATION_TYPE": "ROOFTOP", "STATUS": "OK" }, "geometry": { "type": "Point", "coordinates": [ -73.7975637, 5.0440666 ] } },
{ "type": "Feature", "properties": { "Tipo Documento": "Cédula de Ciudadanía", "No Documento": "52902050", "Nombre del contribuyente": "CIRA LYDIA VELANDIA RODRIGUEZ", "Razon Social": null, "Naturaleza Juridica": "Persona Natural", "Regimen tributario": "Regimen Simplificado", "Direccion": "Calle 4 # 5-07, Sesquilé, Cundinamarca, Colombia", "Estado": "ACTIVO", "LAT": "5.0433179", "LON": "-73.7968075", "FORMATTED_ADDRESS": "Cl. 4 #5-07, CENTRO, Sesquilé, Cundinamarca, Colombia", "LOCATION_TYPE": "ROOFTOP", "STATUS": "OK" }, "geometry": { "type": "Point", "coordinates": [ -73.7968075, 5.0433179 ] } },
{ "type": "Feature", "properties": { "Tipo Documento": "Cédula de Ciudadanía", "No Documento": "20923014", "Nombre del contribuyente": "BLANCA ISABEL ACERO JUZGA", "Razon Social": null, "Naturaleza Juridica": "Persona Natural", "Regimen tributario": "No responsable de IVA", "Direccion": "Calle 5 # 6-60 PISO 2, Sesquilé, Cundinamarca, Colombia", "Estado": "ACTIVO", "LAT": "5.0448409", "LON": "-73.7972095", "FORMATTED_ADDRESS": "Cl. 5 #6 - 60 piso 2, Sesquilé, Cundinamarca, Colombia", "LOCATION_TYPE": "ROOFTOP", "STATUS": "OK" }, "geometry": { "type": "Point", "coordinates": [ -73.7972095, 5.0448409 ] } },
{ "type": "Feature", "properties": { "Tipo Documento": "Cédula de Ciudadanía", "No Documento": "40028164", "Nombre del contribuyente": "CARLINA  GALAN RUIZ", "Razon Social": null, "Naturaleza Juridica": "Persona Natural", "Regimen tributario": "Regimen Simplificado", "Direccion": "BOITA, Sesquilé, Cundinamarca, Colombia", "Estado": "ACTIVO", "LAT": "5.030476699999999", "LON": "-73.84456279999999", "FORMATTED_ADDRESS": "Boita, La Pesquera, Sesquilé, Cundinamarca, Colombia", "LOCATION_TYPE": "APPROXIMATE", "STATUS": "OK" }, "geometry": { "type": "Point", "coordinates": [ -73.8445628, 5.0304767 ] } },
{ "type": "Feature", "properties": { "Tipo Documento": "Cédula de Ciudadanía", "No Documento": "1071329271", "Nombre del contribuyente": "NELLY JOHANA MOCETON QUINTERO", "Razon Social": null, "Naturaleza Juridica": "Persona Natural", "Regimen tributario": "No responsable de IVA", "Direccion": "Calle 6 # 6-74, Sesquilé, Cundinamarca, Colombia", "Estado": "ACTIVO", "LAT": "5.045493899999999", "LON": "-73.79719089999999", "FORMATTED_ADDRESS": "Cl. 6 #6-74, Sesquilé, Cundinamarca, Colombia", "LOCATION_TYPE": "ROOFTOP", "STATUS": "OK" }, "geometry": { "type": "Point", "coordinates": [ -73.7971909, 5.0454939 ] } },
{ "type": "Feature", "properties": { "Tipo Documento": "Cédula de Ciudadanía", "No Documento": "80147503", "Nombre del contribuyente": "ANDERSON  ALBERTO ESTUPIÑAN", "Razon Social": null, "Naturaleza Juridica": "Persona Natural", "Regimen tributario": "Regimen Simplificado", "Direccion": "VDA GOBERNADOR, Sesquilé, Cundinamarca, Colombia", "Estado": "ACTIVO", "LAT": "5.032008", "LON": "-73.800835", "FORMATTED_ADDRESS": "Vda. Gobernador, Sesquilé, Cundinamarca, Colombia", "LOCATION_TYPE": "GEOMETRIC_CENTER", "STATUS": "OK" }, "geometry": { "type": "Point", "coordinates": [ -73.800835, 5.032008 ] } },
{ "type": "Feature", "properties": { "Tipo Documento": "Cédula de Ciudadanía", "No Documento": "20587776", "Nombre del contribuyente": "LUZ MARINA VELANDIA", "Razon Social": null, "Naturaleza Juridica": "Persona Natural", "Regimen tributario": "Regimen Simplificado", "Direccion": "Calle 6 # 5-46, Sesquilé, Cundinamarca, Colombia", "Estado": "ACTIVO", "LAT": "5.045031", "LON": "-73.79639399999999", "FORMATTED_ADDRESS": "Cl. 6 # 5-46, Sesquilé, Cundinamarca, Colombia", "LOCATION_TYPE": "ROOFTOP", "STATUS": "OK" }, "geometry": { "type": "Point", "coordinates": [ -73.796394, 5.045031 ] } },
{ "type": "Feature", "properties": { "Tipo Documento": "Cédula de Ciudadanía", "No Documento": "20922676", "Nombre del contribuyente": "MARINA  DIAZ PRIETO", "Razon Social": null, "Naturaleza Juridica": "Persona Natural", "Regimen tributario": "Regimen Simplificado", "Direccion": "Calle 6 # 6-08, Sesquilé, Cundinamarca, Colombia", "Estado": "ACTIVO", "LAT": "5.045173999999999", "LON": "-73.7966203", "FORMATTED_ADDRESS": "Cl. 6 #6-08, Sesquilé, Cundinamarca, Colombia", "LOCATION_TYPE": "ROOFTOP", "STATUS": "OK" }, "geometry": { "type": "Point", "coordinates": [ -73.7966203, 5.045174 ] } },
{ "type": "Feature", "properties": { "Tipo Documento": "Cédula de Ciudadanía", "No Documento": "3169126", "Nombre del contribuyente": "BERNARDO  PRIETO LATORRE", "Razon Social": null, "Naturaleza Juridica": "Persona Natural", "Regimen tributario": "Regimen Simplificado", "Direccion": "Carrera 6 # 4-64, Sesquilé, Cundinamarca, Colombia", "Estado": "ACTIVO", "LAT": "5.0441779", "LON": "-73.79695199999999", "FORMATTED_ADDRESS": "Cra. 6 # 4-64, Sesquilé, Cundinamarca, Colombia", "LOCATION_TYPE": "ROOFTOP", "STATUS": "OK" }, "geometry": { "type": "Point", "coordinates": [ -73.796952, 5.0441779 ] } },
{ "type": "Feature", "properties": { "Tipo Documento": "Cédula de Ciudadanía", "No Documento": "3187204", "Nombre del contribuyente": "JOSE JAIRO HERNANDEZ BENAVIDES", "Razon Social": null, "Naturaleza Juridica": "Persona Natural", "Regimen tributario": "No responsable de IVA", "Direccion": "Calle 8 # 5-70, Sesquilé, Cundinamarca, Colombia", "Estado": "ACTIVO", "LAT": "5.0465202", "LON": "-73.79578219999999", "FORMATTED_ADDRESS": "Cl. 8 #5-70, Sesquilé, Cundinamarca, Colombia", "LOCATION_TYPE": "ROOFTOP", "STATUS": "OK" }, "geometry": { "type": "Point", "coordinates": [ -73.7957822, 5.0465202 ] } },
{ "type": "Feature", "properties": { "Tipo Documento": "Cédula de Ciudadanía", "No Documento": "7124541", "Nombre del contribuyente": "MARCO TULIO LAITON PAEZ", "Razon Social": null, "Naturaleza Juridica": "Persona Natural", "Regimen tributario": "Regimen Comun", "Direccion": "Carrera 5 # 4-98, Sesquilé, Cundinamarca, Colombia", "Estado": "ACTIVO", "LAT": "5.044009", "LON": "-73.796291", "FORMATTED_ADDRESS": "Cra. 5 # 4-98, Sesquilé, Cundinamarca, Colombia", "LOCATION_TYPE": "ROOFTOP", "STATUS": "OK" }, "geometry": { "type": "Point", "coordinates": [ -73.796291, 5.044009 ] } },
{ "type": "Feature", "properties": { "Tipo Documento": "Cédula de Ciudadanía", "No Documento": "20922520", "Nombre del contribuyente": "OLGA LUCIA BALLEN MORALES", "Razon Social": null, "Naturaleza Juridica": "Persona Natural", "Regimen tributario": "Regimen Comun", "Direccion": "LA PLAYA, Sesquilé, Cundinamarca, Colombia", "Estado": "ACTIVO", "LAT": "5.054114999999999", "LON": "-73.79625", "FORMATTED_ADDRESS": "La Playa, Sesquilé, Cundinamarca, Colombia", "LOCATION_TYPE": "APPROXIMATE", "STATUS": "OK" }, "geometry": { "type": "Point", "coordinates": [ -73.79625, 5.054115 ] } },
{ "type": "Feature", "properties": { "Tipo Documento": "Cédula de Ciudadanía", "No Documento": "3168913", "Nombre del contribuyente": "LUIS ANTONIO MALDONADO ZAMBRANO", "Razon Social": null, "Naturaleza Juridica": "Persona Natural", "Regimen tributario": "Regimen Simplificado", "Direccion": "Calle 8C # 10-62, Sesquilé, Cundinamarca, Colombia", "Estado": "ACTIVO", "LAT": "5.0445905", "LON": "-73.7967966", "FORMATTED_ADDRESS": "Sesquilé, Cundinamarca, Colombia", "LOCATION_TYPE": "APPROXIMATE", "STATUS": "OK" }, "geometry": { "type": "Point", "coordinates": [ -73.7967966, 5.0445905 ] } },
{ "type": "Feature", "properties": { "Tipo Documento": "Cédula de Ciudadanía", "No Documento": "52742267", "Nombre del contribuyente": "DORIS  VARGAS", "Razon Social": "PIZZA Y HOT DOG", "Naturaleza Juridica": "Persona Natural", "Regimen tributario": "Regimen Comun", "Direccion": "Carrera 6 # 6-40, Sesquilé, Cundinamarca, Colombia", "Estado": "ACTIVO", "LAT": "5.0453231", "LON": "-73.7962798", "FORMATTED_ADDRESS": "Cra. 6 #6-40, Sesquilé, Cundinamarca, Colombia", "LOCATION_TYPE": "ROOFTOP", "STATUS": "OK" }, "geometry": { "type": "Point", "coordinates": [ -73.7962798, 5.0453231 ] } },
{ "type": "Feature", "properties": { "Tipo Documento": "Cédula de Ciudadanía", "No Documento": "37696495", "Nombre del contribuyente": "ROSALBA  CRUZ SANCHEZ", "Razon Social": null, "Naturaleza Juridica": "Persona Natural", "Regimen tributario": "Regimen Comun", "Direccion": "Calle 4 3A-05, Sesquilé, Cundinamarca, Colombia", "Estado": "ACTIVO", "LAT": "5.0429233", "LON": "-73.79617280000001", "FORMATTED_ADDRESS": "Cl. 4 # 3A-5, Sesquilé, Cundinamarca, Colombia", "LOCATION_TYPE": "ROOFTOP", "STATUS": "OK" }, "geometry": { "type": "Point", "coordinates": [ -73.7961728, 5.0429233 ] } },
{ "type": "Feature", "properties": { "Tipo Documento": "Cédula de Ciudadanía", "No Documento": "1071331685", "Nombre del contribuyente": "BRAYAN STIVEN GARCIA CASTAÑEDA", "Razon Social": null, "Naturaleza Juridica": "Persona Natural", "Regimen tributario": "No responsable de IVA", "Direccion": "VEREDA EL HATO FINCA LAS CUCHILLAS SECTOR EL SANTUARIO, Sesquilé, Cundinamarca, Colombia", "Estado": "ACTIVO", "LAT": "5.066669999999999", "LON": "-73.81671", "FORMATTED_ADDRESS": "El Santuario, Sesquilé, Cundinamarca, Colombia", "LOCATION_TYPE": "APPROXIMATE", "STATUS": "OK" }, "geometry": { "type": "Point", "coordinates": [ -73.81671, 5.06667 ] } },
{ "type": "Feature", "properties": { "Tipo Documento": "Cédula de Ciudadanía", "No Documento": "11210724", "Nombre del contribuyente": "CAMILO HERNAN MANCIPE MANCIPE", "Razon Social": null, "Naturaleza Juridica": "Persona Natural", "Regimen tributario": "No responsable de IVA", "Direccion": "VEREDA BOITIVA - CERCA LA ROUND POINT, Sesquilé, Cundinamarca, Colombia", "Estado": "ACTIVO", "LAT": "5.0445905", "LON": "-73.7967966", "FORMATTED_ADDRESS": "Sesquilé, Cundinamarca, Colombia", "LOCATION_TYPE": "APPROXIMATE", "STATUS": "OK" }, "geometry": { "type": "Point", "coordinates": [ -73.7967966, 5.0445905 ] } },
{ "type": "Feature", "properties": { "Tipo Documento": "Cédula de Ciudadanía", "No Documento": "383556", "Nombre del contribuyente": "JOSE  DEL CARMEN", "Razon Social": "JOSE DEL CARMEN CANDIL", "Naturaleza Juridica": "Persona Natural", "Regimen tributario": "Regimen Comun", "Direccion": "RANCHERIA SECTOR GRANADILLO, Sesquilé, Cundinamarca, Colombia", "Estado": "ACTIVO", "LAT": "4.9833299", "LON": "-73.73329", "FORMATTED_ADDRESS": "Rancheria, Sesquilé, Cundinamarca, Colombia", "LOCATION_TYPE": "APPROXIMATE", "STATUS": "OK" }, "geometry": { "type": "Point", "coordinates": [ -73.73329, 4.9833299 ] } },
{ "type": "Feature", "properties": { "Tipo Documento": "Cédula de Ciudadanía", "No Documento": "11210867", "Nombre del contribuyente": "CAMILO ANDRES LOPEZ MORENO", "Razon Social": null, "Naturaleza Juridica": "Persona Natural", "Regimen tributario": "Regimen Comun", "Direccion": "Carrera 6 # 4-35, Sesquilé, Cundinamarca, Colombia", "Estado": "ACTIVO", "LAT": "5.0440125", "LON": "-73.7971287", "FORMATTED_ADDRESS": "Cra. 6 # 4-35, Sesquilé, Cundinamarca, Colombia", "LOCATION_TYPE": "ROOFTOP", "STATUS": "OK" }, "geometry": { "type": "Point", "coordinates": [ -73.7971287, 5.0440125 ] } },
{ "type": "Feature", "properties": { "Tipo Documento": "Cédula de Ciudadanía", "No Documento": "20922974", "Nombre del contribuyente": "DORIS OLAY SENDALES PIÑEROS", "Razon Social": null, "Naturaleza Juridica": "Persona Natural", "Regimen tributario": "Regimen Simplificado", "Direccion": "Carrera 7 # 5-26, Sesquilé, Cundinamarca, Colombia", "Estado": "ACTIVO", "LAT": "5.0453872", "LON": "-73.7977494", "FORMATTED_ADDRESS": "Cra. 7 # 5-26, Sesquilé, Cundinamarca, Colombia", "LOCATION_TYPE": "ROOFTOP", "STATUS": "OK" }, "geometry": { "type": "Point", "coordinates": [ -73.7977494, 5.0453872 ] } },
{ "type": "Feature", "properties": { "Tipo Documento": "Cédula de Ciudadanía", "No Documento": "3169568", "Nombre del contribuyente": "CARLOS JULIO MOSETON MERCHAN", "Razon Social": null, "Naturaleza Juridica": "Persona Natural", "Regimen tributario": "Regimen Simplificado", "Direccion": "VEREDA GOBERNADOR, Sesquilé, Cundinamarca, Colombia", "Estado": "ACTIVO", "LAT": "5.032008", "LON": "-73.800835", "FORMATTED_ADDRESS": "Vda. Gobernador, Sesquilé, Cundinamarca, Colombia", "LOCATION_TYPE": "GEOMETRIC_CENTER", "STATUS": "OK" }, "geometry": { "type": "Point", "coordinates": [ -73.800835, 5.032008 ] } },
{ "type": "Feature", "properties": { "Tipo Documento": "Cédula de Ciudadanía", "No Documento": "1069258809", "Nombre del contribuyente": "JULIANA ANDREA TRIANA  PENAGOS", "Razon Social": null, "Naturaleza Juridica": "Persona Natural", "Regimen tributario": "Regimen Simplificado", "Direccion": "Calle 6 # 6-110, Sesquilé, Cundinamarca, Colombia", "Estado": "ACTIVO", "LAT": "5.045627", "LON": "-73.79736", "FORMATTED_ADDRESS": "Cl. 6 # 6-110, Sesquilé, Cundinamarca, Colombia", "LOCATION_TYPE": "ROOFTOP", "STATUS": "OK" }, "geometry": { "type": "Point", "coordinates": [ -73.79736, 5.045627 ] } },
{ "type": "Feature", "properties": { "Tipo Documento": "Cédula de Ciudadanía", "No Documento": "41433406", "Nombre del contribuyente": "MARIA DIOMAR CASAS GONZALEZ", "Razon Social": null, "Naturaleza Juridica": "Persona Natural", "Regimen tributario": "Regimen Comun", "Direccion": "LA VILLA AUTOPISTA NORTE, Sesquilé, Cundinamarca, Colombia", "Estado": "ACTIVO", "LAT": "5.0445905", "LON": "-73.7967966", "FORMATTED_ADDRESS": "Sesquilé, Cundinamarca, Colombia", "LOCATION_TYPE": "APPROXIMATE", "STATUS": "OK" }, "geometry": { "type": "Point", "coordinates": [ -73.7967966, 5.0445905 ] } },
{ "type": "Feature", "properties": { "Tipo Documento": "Cédula de Ciudadanía", "No Documento": "20923484", "Nombre del contribuyente": "MARIA ESPERANZA CASTAÑEDA MUÑOZ", "Razon Social": null, "Naturaleza Juridica": "Persona Natural", "Regimen tributario": "No responsable de IVA", "Direccion": "Calle 6 # 6-70, Sesquilé, Cundinamarca, Colombia", "Estado": "ACTIVO", "LAT": "5.0455266", "LON": "-73.7970241", "FORMATTED_ADDRESS": "Cl. 6 #6-70, Sesquilé, Cundinamarca, Colombia", "LOCATION_TYPE": "RANGE_INTERPOLATED", "STATUS": "OK" }, "geometry": { "type": "Point", "coordinates": [ -73.7970241, 5.0455266 ] } },
{ "type": "Feature", "properties": { "Tipo Documento": "Cédula de Ciudadanía", "No Documento": "20491894", "Nombre del contribuyente": "GLORIA TERESA CASTAÑEDA RODRIGUEZ", "Razon Social": null, "Naturaleza Juridica": "Persona Natural", "Regimen tributario": "Regimen Simplificado", "Direccion": "VEREDA GOBERNADOR, Sesquilé, Cundinamarca, Colombia", "Estado": "Activo", "LAT": "5.032008", "LON": "-73.800835", "FORMATTED_ADDRESS": "Vda. Gobernador, Sesquilé, Cundinamarca, Colombia", "LOCATION_TYPE": "GEOMETRIC_CENTER", "STATUS": "OK" }, "geometry": { "type": "Point", "coordinates": [ -73.800835, 5.032008 ] } },
{ "type": "Feature", "properties": { "Tipo Documento": "Cédula de Ciudadanía", "No Documento": "52210027", "Nombre del contribuyente": "DIANA PATRICIA CASTRO CORTES", "Razon Social": null, "Naturaleza Juridica": "Persona Natural", "Regimen tributario": "No responsable de IVA", "Direccion": "VEREDA CHALECHE, Sesquilé, Cundinamarca, Colombia", "Estado": "ACTIVO", "LAT": "5.0451095", "LON": "-73.7978449", "FORMATTED_ADDRESS": "Cl. 5 #6-72, Sesquilé, Cundinamarca, Colombia", "LOCATION_TYPE": "ROOFTOP", "STATUS": "OK" }, "geometry": { "type": "Point", "coordinates": [ -73.7978449, 5.0451095 ] } },
{ "type": "Feature", "properties": { "Tipo Documento": "Cédula de Ciudadanía", "No Documento": "20576619", "Nombre del contribuyente": "LUZ MIREYA ZAMORA MAYORGA", "Razon Social": null, "Naturaleza Juridica": "Persona Natural", "Regimen tributario": "No responsable de IVA", "Direccion": "Calle 6 # 6-96, Sesquilé, Cundinamarca, Colombia", "Estado": "ACTIVO", "LAT": "5.045561999999999", "LON": "-73.79728", "FORMATTED_ADDRESS": "Cl. 6 # 6-96, Sesquilé, Cundinamarca, Colombia", "LOCATION_TYPE": "ROOFTOP", "STATUS": "OK" }, "geometry": { "type": "Point", "coordinates": [ -73.79728, 5.045562 ] } },
{ "type": "Feature", "properties": { "Tipo Documento": "Cédula de Ciudadanía", "No Documento": "20922191", "Nombre del contribuyente": "BEATRIZ QUINTERO DE MALDONADO", "Razon Social": null, "Naturaleza Juridica": "Persona Natural", "Regimen tributario": "Regimen Simplificado", "Direccion": "VDA BOITIVA FINCA ALTAMIRA, Sesquilé, Cundinamarca, Colombia", "Estado": "ACTIVO", "LAT": "5.0445905", "LON": "-73.7967966", "FORMATTED_ADDRESS": "Sesquilé, Cundinamarca, Colombia", "LOCATION_TYPE": "APPROXIMATE", "STATUS": "OK" }, "geometry": { "type": "Point", "coordinates": [ -73.7967966, 5.0445905 ] } },
{ "type": "Feature", "properties": { "Tipo Documento": "Cédula de Ciudadanía", "No Documento": "1149184004", "Nombre del contribuyente": "MOLANO HERVICO ARRIBIO CARTAGENA", "Razon Social": "RESTAURANTE CAMPESTRE MIRADOR EL ESTABLO", "Naturaleza Juridica": "Persona Natural", "Regimen tributario": "Regimen Simplificado", "Direccion": "VDA BOITIVA SESQUILE", "Estado": "ACTIVO", "LAT": "5.032008", "LON": "-73.800835", "FORMATTED_ADDRESS": "Vda. Gobernador, Sesquilé, Cundinamarca, Colombia", "LOCATION_TYPE": "GEOMETRIC_CENTER", "STATUS": "OK" }, "geometry": { "type": "Point", "coordinates": [ -73.800835, 5.032008 ] } },
{ "type": "Feature", "properties": { "Tipo Documento": "Cédula de Ciudadanía", "No Documento": "41624012", "Nombre del contribuyente": "ANA JOSEFA MAMANCHE GARCIA", "Razon Social": null, "Naturaleza Juridica": "Persona Natural", "Regimen tributario": "Regimen Simplificado", "Direccion": "Calle 5 # 4-13, Sesquilé, Cundinamarca, Colombia", "Estado": "ACTIVO", "LAT": "5.044001", "LON": "-73.795783", "FORMATTED_ADDRESS": "Cl. 5 # 4-13, Sesquilé, Cundinamarca, Colombia", "LOCATION_TYPE": "ROOFTOP", "STATUS": "OK" }, "geometry": { "type": "Point", "coordinates": [ -73.795783, 5.044001 ] } },
{ "type": "Feature", "properties": { "Tipo Documento": "Cédula de Ciudadanía", "No Documento": "20921653", "Nombre del contribuyente": "OFELIA  ACOSTA DE CAMARGO", "Razon Social": null, "Naturaleza Juridica": "Persona Natural", "Regimen tributario": "Regimen Comun", "Direccion": "Carrera 7 # 5-35, Sesquilé, Cundinamarca, Colombia", "Estado": "ACTIVO", "LAT": "5.045396", "LON": "-73.797827", "FORMATTED_ADDRESS": "Cra. 7 # 5-35, Sesquilé, Cundinamarca, Colombia", "LOCATION_TYPE": "ROOFTOP", "STATUS": "OK" }, "geometry": { "type": "Point", "coordinates": [ -73.797827, 5.045396 ] } },
{ "type": "Feature", "properties": { "Tipo Documento": "Cédula de Ciudadanía", "No Documento": "1071328506", "Nombre del contribuyente": "SANDRA MILENA GARZON PEÑA", "Razon Social": null, "Naturaleza Juridica": "Persona Natural", "Regimen tributario": "Regimen Simple", "Direccion": "Calle 6 # 6-16, Sesquilé, Cundinamarca, Colombia", "Estado": "ACTIVO", "LAT": "5.0452575", "LON": "-73.7966988", "FORMATTED_ADDRESS": "Cl. 6 #6-16, Sesquilé, Cundinamarca, Colombia", "LOCATION_TYPE": "ROOFTOP", "STATUS": "OK" }, "geometry": { "type": "Point", "coordinates": [ -73.7966988, 5.0452575 ] } },
{ "type": "Feature", "properties": { "Tipo Documento": "Cédula de Ciudadanía", "No Documento": "20921681", "Nombre del contribuyente": "ANA LUDITH CORTES DE ORJUELA", "Razon Social": null, "Naturaleza Juridica": "Persona Natural", "Regimen tributario": "No responsable de IVA", "Direccion": "Carrera 6 # 4-19, Sesquilé, Cundinamarca, Colombia", "Estado": "ACTIVO", "LAT": "5.0438508", "LON": "-73.7972022", "FORMATTED_ADDRESS": "Cra. 6 # 4-19, Sesquilé, Cundinamarca, Colombia", "LOCATION_TYPE": "ROOFTOP", "STATUS": "OK" }, "geometry": { "type": "Point", "coordinates": [ -73.7972022, 5.0438508 ] } },
{ "type": "Feature", "properties": { "Tipo Documento": "Cédula de Ciudadanía", "No Documento": "3188834", "Nombre del contribuyente": "JULIO HERNANDO GARZÓN CRISTANCHO", "Razon Social": null, "Naturaleza Juridica": "Persona Natural", "Regimen tributario": "No responsable de IVA", "Direccion": "Calle 6 # 7-30, Sesquilé, Cundinamarca, Colombia", "Estado": "ACTIVO", "LAT": "5.0460631", "LON": "-73.7978687", "FORMATTED_ADDRESS": "Cl. 6 #7-30, Sesquilé, Cundinamarca, Colombia", "LOCATION_TYPE": "RANGE_INTERPOLATED", "STATUS": "OK" }, "geometry": { "type": "Point", "coordinates": [ -73.7978687, 5.0460631 ] } },
{ "type": "Feature", "properties": { "Tipo Documento": "Cédula de Ciudadanía", "No Documento": "20948484", "Nombre del contribuyente": "MARIA AURORA PULIDO ORJUELA", "Razon Social": null, "Naturaleza Juridica": "Persona Natural", "Regimen tributario": "Regimen Simplificado", "Direccion": "Calle 5 # 6-78 LOCAL 1, Sesquilé, Cundinamarca, Colombia", "Estado": "ACTIVO", "LAT": "5.0449705", "LON": "-73.7975209", "FORMATTED_ADDRESS": "Cl. 5 #6-78 local 1, Sesquilé, Cundinamarca, Colombia", "LOCATION_TYPE": "ROOFTOP", "STATUS": "OK" }, "geometry": { "type": "Point", "coordinates": [ -73.7975209, 5.0449705 ] } },
{ "type": "Feature", "properties": { "Tipo Documento": "Cédula de Ciudadanía", "No Documento": "20923603", "Nombre del contribuyente": "ANA CECILIA CUERVO", "Razon Social": null, "Naturaleza Juridica": "Persona Natural", "Regimen tributario": "Regimen Simplificado", "Direccion": "VEREDA BOITVIA SECTOR LAS BRISAS, Sesquilé, Cundinamarca, Colombia", "Estado": "ACTIVO", "LAT": "5.0541443", "LON": "-73.79383659999999", "FORMATTED_ADDRESS": "Cl. 8 #10-98, Sesquilé, Cundinamarca, Colombia", "LOCATION_TYPE": "ROOFTOP", "STATUS": "OK" }, "geometry": { "type": "Point", "coordinates": [ -73.7938366, 5.0541443 ] } },
{ "type": "Feature", "properties": { "Tipo Documento": "Cédula de Ciudadanía", "No Documento": "79951737", "Nombre del contribuyente": "HERNAN FELIPE CORTES FETIVA", "Razon Social": null, "Naturaleza Juridica": "Persona Natural", "Regimen tributario": "No responsable de IVA", "Direccion": "Carrera 6 # 7-34, Sesquilé, Cundinamarca, Colombia", "Estado": "ACTIVO", "LAT": "5.045993", "LON": "-73.795992", "FORMATTED_ADDRESS": "Cra. 6 # 7-34, Sesquilé, Cundinamarca, Colombia", "LOCATION_TYPE": "ROOFTOP", "STATUS": "OK" }, "geometry": { "type": "Point", "coordinates": [ -73.795992, 5.045993 ] } },
{ "type": "Feature", "properties": { "Tipo Documento": "Cédula de Ciudadanía", "No Documento": "79779668", "Nombre del contribuyente": "DANIEL GUILLERMO GARCIA AVILA", "Razon Social": null, "Naturaleza Juridica": "Persona Natural", "Regimen tributario": "No responsable de IVA", "Direccion": "VEREDA LAS ESPIGAS FINCA SAN JOSE, Sesquilé, Cundinamarca, Colombia", "Estado": "ACTIVO", "LAT": "5.0435211", "LON": "-73.77227909999999", "FORMATTED_ADDRESS": "Unnamed Road, Sesquilé, Cundinamarca, Colombia", "LOCATION_TYPE": "GEOMETRIC_CENTER", "STATUS": "OK" }, "geometry": { "type": "Point", "coordinates": [ -73.7722791, 5.0435211 ] } },
{ "type": "Feature", "properties": { "Tipo Documento": "Cédula de Ciudadanía", "No Documento": "20363740", "Nombre del contribuyente": "NYNI YOANA TRIANA PENAGOS", "Razon Social": "ALMACEN DE CALZADO JB", "Naturaleza Juridica": "Persona Natural", "Regimen tributario": "Regimen Comun", "Direccion": "Calle 4 # 6-75, Sesquilé, Cundinamarca, Colombia", "Estado": "ACTIVO", "LAT": "5.043851200000001", "LON": "-73.7978384", "FORMATTED_ADDRESS": "Cl. 4 #6-75, Sesquilé, Cundinamarca, Colombia", "LOCATION_TYPE": "RANGE_INTERPOLATED", "STATUS": "OK" }, "geometry": { "type": "Point", "coordinates": [ -73.7978384, 5.0438512 ] } },
{ "type": "Feature", "properties": { "Tipo Documento": "Cédula de Ciudadanía", "No Documento": "7332626", "Nombre del contribuyente": "JOSE ALVARO ALFONSO ROMERO", "Razon Social": null, "Naturaleza Juridica": "Persona Natural", "Regimen tributario": "Regimen Simplificado", "Direccion": "Calle 3 # 6-30, Sesquilé, Cundinamarca, Colombia", "Estado": "ACTIVO", "LAT": "5.043211599999999", "LON": "-73.7979119", "FORMATTED_ADDRESS": "Cl. 3 #6-30, Sesquilé, Cundinamarca, Colombia", "LOCATION_TYPE": "ROOFTOP", "STATUS": "OK" }, "geometry": { "type": "Point", "coordinates": [ -73.7979119, 5.0432116 ] } },
{ "type": "Feature", "properties": { "Tipo Documento": "Cédula de Ciudadanía", "No Documento": "1071330887", "Nombre del contribuyente": "DEISI VIVIANA CORTES MUÑOZ", "Razon Social": null, "Naturaleza Juridica": "Persona Natural", "Regimen tributario": "No responsable de IVA", "Direccion": "FINCA EL COCUY VEREDA EL HATO, Sesquilé, Cundinamarca, Colombia", "Estado": "ACTIVO", "LAT": "5.0445905", "LON": "-73.7967966", "FORMATTED_ADDRESS": "Sesquilé, Cundinamarca, Colombia", "LOCATION_TYPE": "APPROXIMATE", "STATUS": "OK" }, "geometry": { "type": "Point", "coordinates": [ -73.7967966, 5.0445905 ] } },
{ "type": "Feature", "properties": { "Tipo Documento": "Cédula de Ciudadanía", "No Documento": "1071328380", "Nombre del contribuyente": "DIANA MARCELA ORJUELA CORTES", "Razon Social": null, "Naturaleza Juridica": "Persona Natural", "Regimen tributario": "Regimen Simplificado", "Direccion": "VEREDA RANCHERIA FINCA LOS SAUCES, Sesquilé, Cundinamarca, Colombia", "Estado": "ACTIVO", "LAT": "5.0445905", "LON": "-73.7967966", "FORMATTED_ADDRESS": "Sesquilé, Cundinamarca, Colombia", "LOCATION_TYPE": "GEOMETRIC_CENTER", "STATUS": "OK" }, "geometry": { "type": "Point", "coordinates": [ -73.7967966, 5.0445905 ] } },
{ "type": "Feature", "properties": { "Tipo Documento": "Cédula de Ciudadanía", "No Documento": "80402717", "Nombre del contribuyente": "FAYENSER  RUBIO RODRIGUEZ", "Razon Social": null, "Naturaleza Juridica": "Persona Natural", "Regimen tributario": "Regimen Simplificado", "Direccion": "Carrera 7 # 4-27, Sesquilé, Cundinamarca, Colombia", "Estado": "ACTIVO", "LAT": "5.044435", "LON": "-73.7982123", "FORMATTED_ADDRESS": "Cra. 7 # 4-27, Sesquilé, Cundinamarca, Colombia", "LOCATION_TYPE": "ROOFTOP", "STATUS": "OK" }, "geometry": { "type": "Point", "coordinates": [ -73.7982123, 5.044435 ] } },
{ "type": "Feature", "properties": { "Tipo Documento": "Cédula de Ciudadanía", "No Documento": "1071329622", "Nombre del contribuyente": "DIEGO RAUL ORJUELA ORJUELA", "Razon Social": null, "Naturaleza Juridica": "Persona Natural", "Regimen tributario": "No responsable de IVA", "Direccion": "VEREDA BOITIVA, Sesquilé, Cundinamarca, Colombia", "Estado": "ACTIVO", "LAT": "5.0445905", "LON": "-73.7967966", "FORMATTED_ADDRESS": "Sesquilé, Cundinamarca, Colombia", "LOCATION_TYPE": "APPROXIMATE", "STATUS": "OK" }, "geometry": { "type": "Point", "coordinates": [ -73.7967966, 5.0445905 ] } },
{ "type": "Feature", "properties": { "Tipo Documento": "Cédula de Ciudadanía", "No Documento": "20923558", "Nombre del contribuyente": "ANA JANNETH GARZON GARZON", "Razon Social": null, "Naturaleza Juridica": "Persona Natural", "Regimen tributario": "Regimen Comun", "Direccion": "Calle 6 # 6-115, Sesquilé, Cundinamarca, Colombia", "Estado": "ACTIVO", "LAT": "5.0457557", "LON": "-73.79732179999999", "FORMATTED_ADDRESS": "Cl. 6 # 6-115, Sesquilé, Cundinamarca, Colombia", "LOCATION_TYPE": "ROOFTOP", "STATUS": "OK" }, "geometry": { "type": "Point", "coordinates": [ -73.7973218, 5.0457557 ] } },
{ "type": "Feature", "properties": { "Tipo Documento": "Cédula de Ciudadanía", "No Documento": "52161302", "Nombre del contribuyente": "DORA LILIA VARGAS TOCOCHE", "Razon Social": null, "Naturaleza Juridica": "Persona Natural", "Regimen tributario": "No responsable de IVA", "Direccion": "C6 6 31, Sesquilé, Cundinamarca, Colombia", "Estado": "ACTIVO", "LAT": "5.0445905", "LON": "-73.7967966", "FORMATTED_ADDRESS": "Sesquilé, Cundinamarca, Colombia", "LOCATION_TYPE": "APPROXIMATE", "STATUS": "OK" }, "geometry": { "type": "Point", "coordinates": [ -73.7967966, 5.0445905 ] } },
{ "type": "Feature", "properties": { "Tipo Documento": "Cédula de Ciudadanía", "No Documento": "20363639", "Nombre del contribuyente": "DORIS CECILIA RODRIGUEZ ROZO", "Razon Social": null, "Naturaleza Juridica": "Persona Natural", "Regimen tributario": "Regimen Simplificado", "Direccion": "VDA NESCUATA SECTOR LA VILLA, Sesquilé, Cundinamarca, Colombia", "Estado": "ACTIVO", "LAT": "5.032008", "LON": "-73.800835", "FORMATTED_ADDRESS": "Vda. Gobernador, Sesquilé, Cundinamarca, Colombia", "LOCATION_TYPE": "GEOMETRIC_CENTER", "STATUS": "OK" }, "geometry": { "type": "Point", "coordinates": [ -73.800835, 5.032008 ] } },
{ "type": "Feature", "properties": { "Tipo Documento": "Cédula de Ciudadanía", "No Documento": "17170968", "Nombre del contribuyente": "ERNESTO  DUQUE RESTREPO", "Razon Social": null, "Naturaleza Juridica": "Persona Natural", "Regimen tributario": "Regimen Comun", "Direccion": "Calle 109A # 18-51 AP 303, Sesquilé, Cundinamarca, Colombia", "Estado": "ACTIVO", "LAT": "5.0445905", "LON": "-73.7967966", "FORMATTED_ADDRESS": "Sesquilé, Cundinamarca, Colombia", "LOCATION_TYPE": "APPROXIMATE", "STATUS": "OK" }, "geometry": { "type": "Point", "coordinates": [ -73.7967966, 5.0445905 ] } },
{ "type": "Feature", "properties": { "Tipo Documento": "Cédula de Ciudadanía", "No Documento": "1071331245", "Nombre del contribuyente": "ADRIANA YAKELINE DIAZ VELANDIA", "Razon Social": null, "Naturaleza Juridica": "Persona Natural", "Regimen tributario": "No responsable de IVA", "Direccion": "Carrera 9 # 4-78, Sesquilé, Cundinamarca, Colombia", "Estado": "ACTIVO", "LAT": "5.045648", "LON": "-73.799297", "FORMATTED_ADDRESS": "Cra. 9 # 4-78, Sesquilé, Cundinamarca, Colombia", "LOCATION_TYPE": "ROOFTOP", "STATUS": "OK" }, "geometry": { "type": "Point", "coordinates": [ -73.799297, 5.045648 ] } },
{ "type": "Feature", "properties": { "Tipo Documento": "Cédula de Ciudadanía", "No Documento": "79866589", "Nombre del contribuyente": "EIVAR HELIAT FAJARDO PEÑA", "Razon Social": null, "Naturaleza Juridica": "Persona Natural", "Regimen tributario": "Regimen Simple", "Direccion": "Calle 5 # 6-112 CENTRO, Sesquilé, Cundinamarca, Colombia", "Estado": "ACTIVO", "LAT": "5.0450411", "LON": "-73.7976774", "FORMATTED_ADDRESS": "Cl. 5 # 6-112, Sesquilé, Cundinamarca, Colombia", "LOCATION_TYPE": "ROOFTOP", "STATUS": "OK" }, "geometry": { "type": "Point", "coordinates": [ -73.7976774, 5.0450411 ] } },
{ "type": "Feature", "properties": { "Tipo Documento": "Cédula de Ciudadanía", "No Documento": "51668032", "Nombre del contribuyente": "MARIA EUGENIA SANCHEZ AYALA", "Razon Social": null, "Naturaleza Juridica": "Persona Natural", "Regimen tributario": "Regimen Simplificado", "Direccion": "Carrera 8N-6-12, Sesquilé, Cundinamarca, Colombia", "Estado": "ACTIVO", "LAT": "5.0445905", "LON": "-73.7967966", "FORMATTED_ADDRESS": "Sesquilé, Cundinamarca, Colombia", "LOCATION_TYPE": "APPROXIMATE", "STATUS": "OK" }, "geometry": { "type": "Point", "coordinates": [ -73.7967966, 5.0445905 ] } },
{ "type": "Feature", "properties": { "Tipo Documento": "Cédula de Ciudadanía", "No Documento": "20796690", "Nombre del contribuyente": "OLGA LUCY ROJAS PINZON", "Razon Social": null, "Naturaleza Juridica": "Persona Natural", "Regimen tributario": "Regimen Simplificado", "Direccion": "VEREDA BOITA, Sesquilé, Cundinamarca, Colombia", "Estado": "ACTIVO", "LAT": "5.053867299999999", "LON": "-73.80727949999999", "FORMATTED_ADDRESS": "353V+H3, Sesquilé, Cundinamarca, Colombia", "LOCATION_TYPE": "GEOMETRIC_CENTER", "STATUS": "OK" }, "geometry": { "type": "Point", "coordinates": [ -73.8072795, 5.0538673 ] } },
{ "type": "Feature", "properties": { "Tipo Documento": "Cédula de Ciudadanía", "No Documento": "1069264616", "Nombre del contribuyente": "ANDRES  CASTIBLANCO ROJAS", "Razon Social": null, "Naturaleza Juridica": "Persona Natural", "Regimen tributario": "No responsable de IVA", "Direccion": "Calle 5 # 6-15, Sesquilé, Cundinamarca, Colombia", "Estado": "ACTIVO", "LAT": "5.0445926", "LON": "-73.79694359999999", "FORMATTED_ADDRESS": "Cl. 5 #6-15, Sesquilé, Cundinamarca, Colombia", "LOCATION_TYPE": "RANGE_INTERPOLATED", "STATUS": "OK" }, "geometry": { "type": "Point", "coordinates": [ -73.7969436, 5.0445926 ] } },
{ "type": "Feature", "properties": { "Tipo Documento": "Cédula de Ciudadanía", "No Documento": "20923811", "Nombre del contribuyente": "PAOLA ALEXANDRA JUZGA ROJAS", "Razon Social": null, "Naturaleza Juridica": "Persona Natural", "Regimen tributario": "No responsable de IVA", "Direccion": "Carrera 5 # 4-90, Sesquilé, Cundinamarca, Colombia", "Estado": "ACTIVO", "LAT": "5.0440229", "LON": "-73.7963103", "FORMATTED_ADDRESS": "Cra. 5 #4 - 90, Sesquilé, Cundinamarca, Colombia", "LOCATION_TYPE": "ROOFTOP", "STATUS": "OK" }, "geometry": { "type": "Point", "coordinates": [ -73.7963103, 5.0440229 ] } },
{ "type": "Feature", "properties": { "Tipo Documento": "Cédula de Ciudadanía", "No Documento": "20947840", "Nombre del contribuyente": "LUZ MARINA CIFUENTE ALFONSO", "Razon Social": null, "Naturaleza Juridica": "Persona Natural", "Regimen tributario": "Regimen Simple", "Direccion": "Calle 4 # 4-38, Sesquilé, Cundinamarca, Colombia", "Estado": "ACTIVO", "LAT": "5.043309", "LON": "-73.796437", "FORMATTED_ADDRESS": "Cl. 4 # 4-38, Sesquilé, Cundinamarca, Colombia", "LOCATION_TYPE": "ROOFTOP", "STATUS": "OK" }, "geometry": { "type": "Point", "coordinates": [ -73.796437, 5.043309 ] } },
{ "type": "Feature", "properties": { "Tipo Documento": "Cédula de Ciudadanía", "No Documento": "21103910", "Nombre del contribuyente": "MARLENE  ROJAS VENTERO", "Razon Social": null, "Naturaleza Juridica": "Persona Natural", "Regimen tributario": "No responsable de IVA", "Direccion": "Calle 5 # 6-10, Sesquilé, Cundinamarca, Colombia", "Estado": "ACTIVO", "LAT": "5.045022599999999", "LON": "-73.7974022", "FORMATTED_ADDRESS": "Cl. 5 #6-10, Sesquilé, Cundinamarca, Colombia", "LOCATION_TYPE": "ROOFTOP", "STATUS": "OK" }, "geometry": { "type": "Point", "coordinates": [ -73.7974022, 5.0450226 ] } },
{ "type": "Feature", "properties": { "Tipo Documento": "Cédula de Ciudadanía", "No Documento": "79747928", "Nombre del contribuyente": "ANGEL REYES BARRETO GUTIERREZ", "Razon Social": null, "Naturaleza Juridica": "Persona Natural", "Regimen tributario": "Regimen Simplificado", "Direccion": "Carrera 3 # 4A-27, Sesquilé, Cundinamarca, Colombia", "Estado": "ACTIVO", "LAT": "5.0433221", "LON": "-73.7952282", "FORMATTED_ADDRESS": "Cra. 3 # 4A-27, Sesquilé, Cundinamarca, Colombia", "LOCATION_TYPE": "ROOFTOP", "STATUS": "OK" }, "geometry": { "type": "Point", "coordinates": [ -73.7952282, 5.0433221 ] } },
{ "type": "Feature", "properties": { "Tipo Documento": "Cédula de Ciudadanía", "No Documento": "20923573", "Nombre del contribuyente": "JOHANA PATRICIA GALINDRES JIMENEZ", "Razon Social": null, "Naturaleza Juridica": "Persona Natural", "Regimen tributario": "No responsable de IVA", "Direccion": "Carrera 6 # 4-26, Sesquilé, Cundinamarca, Colombia", "Estado": "ACTIVO", "LAT": "5.0438585", "LON": "-73.7970875", "FORMATTED_ADDRESS": "Cra. 6 # 4-26, Sesquilé, Cundinamarca, Colombia", "LOCATION_TYPE": "ROOFTOP", "STATUS": "OK" }, "geometry": { "type": "Point", "coordinates": [ -73.7970875, 5.0438585 ] } },
{ "type": "Feature", "properties": { "Tipo Documento": "Cédula de Ciudadanía", "No Documento": "74245026", "Nombre del contribuyente": "HECTOR FABIO MEJIA GUERRERO", "Razon Social": null, "Naturaleza Juridica": "Persona Natural", "Regimen tributario": "No responsable de IVA", "Direccion": "VEREDA BOITA, Sesquilé, Cundinamarca, Colombia", "Estado": "ACTIVO", "LAT": "5.053867299999999", "LON": "-73.80727949999999", "FORMATTED_ADDRESS": "353V+H3, Sesquilé, Cundinamarca, Colombia", "LOCATION_TYPE": "GEOMETRIC_CENTER", "STATUS": "OK" }, "geometry": { "type": "Point", "coordinates": [ -73.8072795, 5.0538673 ] } },
{ "type": "Feature", "properties": { "Tipo Documento": "Cédula de Ciudadanía", "No Documento": "5705581", "Nombre del contribuyente": "FIDEL HUMBERTO MARTINEZ FONSECA", "Razon Social": null, "Naturaleza Juridica": "Persona Natural", "Regimen tributario": "Regimen Simplificado", "Direccion": "Calle 5 # 7-02, Sesquilé, Cundinamarca, Colombia", "Estado": "Activo", "LAT": "5.045135699999999", "LON": "-73.7979139", "FORMATTED_ADDRESS": "Cl. 5 #7-2, Sesquilé, Cundinamarca, Colombia", "LOCATION_TYPE": "RANGE_INTERPOLATED", "STATUS": "OK" }, "geometry": { "type": "Point", "coordinates": [ -73.7979139, 5.0451357 ] } },
{ "type": "Feature", "properties": { "Tipo Documento": "Cédula de Ciudadanía", "No Documento": "3168758", "Nombre del contribuyente": "MANUEL MARTIN GARZON CORTES", "Razon Social": null, "Naturaleza Juridica": "Persona Natural", "Regimen tributario": "No responsable de IVA", "Direccion": "VEREDA BOITIVA SECTOR LA PLAYA, Sesquilé, Cundinamarca, Colombia", "Estado": "ACTIVO", "LAT": "5.054114999999999", "LON": "-73.79625", "FORMATTED_ADDRESS": "La Playa, Sesquilé, Cundinamarca, Colombia", "LOCATION_TYPE": "APPROXIMATE", "STATUS": "OK" }, "geometry": { "type": "Point", "coordinates": [ -73.79625, 5.054115 ] } },
{ "type": "Feature", "properties": { "Tipo Documento": "Cédula de Ciudadanía", "No Documento": "3169880", "Nombre del contribuyente": "JORGE ANDRES GARZON PRIETO", "Razon Social": null, "Naturaleza Juridica": "Persona Natural", "Regimen tributario": "No responsable de IVA", "Direccion": "VEREDA BOITIVA, Sesquilé, Cundinamarca, Colombia", "Estado": "ACTIVO", "LAT": "5.0445905", "LON": "-73.7967966", "FORMATTED_ADDRESS": "Sesquilé, Cundinamarca, Colombia", "LOCATION_TYPE": "APPROXIMATE", "STATUS": "OK" }, "geometry": { "type": "Point", "coordinates": [ -73.7967966, 5.0445905 ] } },
{ "type": "Feature", "properties": { "Tipo Documento": "Cédula de Ciudadanía", "No Documento": "3169666", "Nombre del contribuyente": "ANDRES EDUARDO GARZON CELEITA", "Razon Social": null, "Naturaleza Juridica": "Persona Natural", "Regimen tributario": "Regimen Comun", "Direccion": "BOITIVA, Sesquilé, Cundinamarca, Colombia", "Estado": "ACTIVO", "LAT": "5.0445905", "LON": "-73.7967966", "FORMATTED_ADDRESS": "Sesquilé, Cundinamarca, Colombia", "LOCATION_TYPE": "APPROXIMATE", "STATUS": "OK" }, "geometry": { "type": "Point", "coordinates": [ -73.7967966, 5.0445905 ] } },
{ "type": "Feature", "properties": { "Tipo Documento": "Cédula de Ciudadanía", "No Documento": "1014246292", "Nombre del contribuyente": "HECTOR FABIO GOMEZ CHAPARRO", "Razon Social": null, "Naturaleza Juridica": "Persona Natural", "Regimen tributario": "No responsable de IVA", "Direccion": "BOITA, Sesquilé, Cundinamarca, Colombia", "Estado": "ACTIVO", "LAT": "5.030476699999999", "LON": "-73.84456279999999", "FORMATTED_ADDRESS": "Boita, La Pesquera, Sesquilé, Cundinamarca, Colombia", "LOCATION_TYPE": "APPROXIMATE", "STATUS": "OK" }, "geometry": { "type": "Point", "coordinates": [ -73.8445628, 5.0304767 ] } },
{ "type": "Feature", "properties": { "Tipo Documento": "Cédula de Ciudadanía", "No Documento": "20476768", "Nombre del contribuyente": "ROSA ELVIRA GONZALEZ RAMIREZ", "Razon Social": null, "Naturaleza Juridica": "Persona Natural", "Regimen tributario": "Regimen Comun", "Direccion": "VDA SAN JOSE FINCA LA NAVETA, Sesquilé, Cundinamarca, Colombia", "Estado": "ACTIVO", "LAT": "5.0445905", "LON": "-73.7967966", "FORMATTED_ADDRESS": "Sesquilé, Cundinamarca, Colombia", "LOCATION_TYPE": "APPROXIMATE", "STATUS": "OK" }, "geometry": { "type": "Point", "coordinates": [ -73.7967966, 5.0445905 ] } },
{ "type": "Feature", "properties": { "Tipo Documento": "Cédula de Ciudadanía", "No Documento": "9433201", "Nombre del contribuyente": "GUSTAVO  CUERVO HERNANDEZ", "Razon Social": null, "Naturaleza Juridica": "Persona Natural", "Regimen tributario": "No responsable de IVA", "Direccion": "VEREDA BOITIVA, Sesquilé, Cundinamarca, Colombia", "Estado": "ACTIVO", "LAT": "5.0445905", "LON": "-73.7967966", "FORMATTED_ADDRESS": "Sesquilé, Cundinamarca, Colombia", "LOCATION_TYPE": "APPROXIMATE", "STATUS": "OK" }, "geometry": { "type": "Point", "coordinates": [ -73.7967966, 5.0445905 ] } },
{ "type": "Feature", "properties": { "Tipo Documento": "Cédula de Ciudadanía", "No Documento": "1071330357", "Nombre del contribuyente": "ERIKA JOHANA GUZMAN JIMENEZ", "Razon Social": null, "Naturaleza Juridica": "Persona Natural", "Regimen tributario": "Regimen Comun", "Direccion": "Carrera 6 # 4-16, Sesquilé, Cundinamarca, Colombia", "Estado": "ACTIVO", "LAT": "5.0438046", "LON": "-73.7971167", "FORMATTED_ADDRESS": "Cra. 6 #4 - 16, Sesquilé, Cundinamarca, Colombia", "LOCATION_TYPE": "ROOFTOP", "STATUS": "OK" }, "geometry": { "type": "Point", "coordinates": [ -73.7971167, 5.0438046 ] } },
{ "type": "Feature", "properties": { "Tipo Documento": "Cédula de Ciudadanía", "No Documento": "1071142506", "Nombre del contribuyente": "HEIDI NATALIA GUTIERREZ RODRIGUEZ", "Razon Social": null, "Naturaleza Juridica": "Persona Natural", "Regimen tributario": "No responsable de IVA", "Direccion": "VEREDA RANCHERIA, Sesquilé, Cundinamarca, Colombia", "Estado": "ACTIVO", "LAT": "5.0445905", "LON": "-73.7967966", "FORMATTED_ADDRESS": "Sesquilé, Cundinamarca, Colombia", "LOCATION_TYPE": "GEOMETRIC_CENTER", "STATUS": "OK" }, "geometry": { "type": "Point", "coordinates": [ -73.7967966, 5.0445905 ] } },
{ "type": "Feature", "properties": { "Tipo Documento": "Cédula de Ciudadanía", "No Documento": "81717246", "Nombre del contribuyente": "HENRY ANDRES ZAPATA RIAÑO", "Razon Social": null, "Naturaleza Juridica": "Persona Natural", "Regimen tributario": "Regimen Simplificado", "Direccion": "VDA EL GOBERNADOR SECTOR EL MURO, Sesquilé, Cundinamarca, Colombia", "Estado": "ACTIVO", "LAT": "5.032008", "LON": "-73.800835", "FORMATTED_ADDRESS": "Vda. Gobernador, Sesquilé, Cundinamarca, Colombia", "LOCATION_TYPE": "GEOMETRIC_CENTER", "STATUS": "OK" }, "geometry": { "type": "Point", "coordinates": [ -73.800835, 5.032008 ] } },
{ "type": "Feature", "properties": { "Tipo Documento": "Cédula de Ciudadanía", "No Documento": "20922823", "Nombre del contribuyente": "ANA HERMENCIA MUÑOZ MUÑOZ", "Razon Social": null, "Naturaleza Juridica": "Persona Natural", "Regimen tributario": "No responsable de IVA", "Direccion": "EL UVAL, Sesquilé, Cundinamarca, Colombia", "Estado": "ACTIVO", "LAT": "4.967905", "LON": "-73.749252", "FORMATTED_ADDRESS": "Sesquilé, Cundinamarca, Colombia", "LOCATION_TYPE": "GEOMETRIC_CENTER", "STATUS": "OK" }, "geometry": { "type": "Point", "coordinates": [ -73.749252, 4.967905 ] } },
{ "type": "Feature", "properties": { "Tipo Documento": "Cédula de Ciudadanía", "No Documento": "20921910", "Nombre del contribuyente": "MARIA DEL CARMEN JUZGA GOMEZ", "Razon Social": null, "Naturaleza Juridica": "Persona Natural", "Regimen tributario": "No responsable de IVA", "Direccion": "Calle 5 # 5 39, Sesquilé, Cundinamarca, Colombia", "Estado": "ACTIVO", "LAT": "5.044441", "LON": "-73.796609", "FORMATTED_ADDRESS": "Cl. 5 # 5-39, Sesquilé, Cundinamarca, Colombia", "LOCATION_TYPE": "ROOFTOP", "STATUS": "OK" }, "geometry": { "type": "Point", "coordinates": [ -73.796609, 5.044441 ] } },
{ "type": "Feature", "properties": { "Tipo Documento": "Cédula de Ciudadanía", "No Documento": "51724853", "Nombre del contribuyente": "MARIA  EUGENIA MENDEZ LOPEZ", "Razon Social": null, "Naturaleza Juridica": "Persona Natural", "Regimen tributario": "Regimen Simplificado", "Direccion": "VEREDA BOITA, Sesquilé, Cundinamarca, Colombia", "Estado": "ACTIVO", "LAT": "5.053867299999999", "LON": "-73.80727949999999", "FORMATTED_ADDRESS": "353V+H3, Sesquilé, Cundinamarca, Colombia", "LOCATION_TYPE": "GEOMETRIC_CENTER", "STATUS": "OK" }, "geometry": { "type": "Point", "coordinates": [ -73.8072795, 5.0538673 ] } },
{ "type": "Feature", "properties": { "Tipo Documento": "Cédula de Ciudadanía", "No Documento": "1071329847", "Nombre del contribuyente": "VELANDIA SALVADOR SANCHEZ", "Razon Social": "COMIDAS RAPIDAS LA TORTUGA MANCA", "Naturaleza Juridica": "Persona Natural", "Regimen tributario": "Regimen Simplificado", "Direccion": "Carrera 8 # 05-35, Sesquilé, Cundinamarca, Colombia", "Estado": "ACTIVO", "LAT": "5.044709", "LON": "-73.798937", "FORMATTED_ADDRESS": "Cra. 8 # 4-5, Sesquilé, Cundinamarca, Colombia", "LOCATION_TYPE": "ROOFTOP", "STATUS": "OK" }, "geometry": { "type": "Point", "coordinates": [ -73.798937, 5.044709 ] } },
{ "type": "Feature", "properties": { "Tipo Documento": "Cédula de Ciudadanía", "No Documento": "3169516", "Nombre del contribuyente": "JAIRO ALBERTO PRIMICIERO CHAUTA", "Razon Social": null, "Naturaleza Juridica": "Persona Natural", "Regimen tributario": "No responsable de IVA", "Direccion": "Carrera 7 # 4-53 INT. 4, Sesquilé, Cundinamarca, Colombia", "Estado": "ACTIVO", "LAT": "5.0446548", "LON": "-73.7981456", "FORMATTED_ADDRESS": "Cra. 7 #4-53 int 4, Sesquilé, Cundinamarca, Colombia", "LOCATION_TYPE": "RANGE_INTERPOLATED", "STATUS": "OK" }, "geometry": { "type": "Point", "coordinates": [ -73.7981456, 5.0446548 ] } },
{ "type": "Feature", "properties": { "Tipo Documento": "Cédula de Ciudadanía", "No Documento": "3168904", "Nombre del contribuyente": "JAIRO ENRIQUE LEGUIZAMON RODRIGUEZ", "Razon Social": null, "Naturaleza Juridica": "Persona Natural", "Regimen tributario": "No responsable de IVA", "Direccion": "Calle 6 # 7-35, Sesquilé, Cundinamarca, Colombia", "Estado": "ACTIVO", "LAT": "5.0459951", "LON": "-73.7980073", "FORMATTED_ADDRESS": "Cl. 6 #7-35, Sesquilé, Cundinamarca, Colombia", "LOCATION_TYPE": "ROOFTOP", "STATUS": "OK" }, "geometry": { "type": "Point", "coordinates": [ -73.7980073, 5.0459951 ] } },
{ "type": "Feature", "properties": { "Tipo Documento": "Cédula de Ciudadanía", "No Documento": "20922847", "Nombre del contribuyente": "YOLANDA PATRICIA QUINTERO AMORTEGUI", "Razon Social": null, "Naturaleza Juridica": "Persona Natural", "Regimen tributario": "No responsable de IVA", "Direccion": "Carrera 5 # 5-36, Sesquilé, Cundinamarca, Colombia", "Estado": "ACTIVO", "LAT": "5.0443669", "LON": "-73.79599069999999", "FORMATTED_ADDRESS": "Cra. 5 #5-36, Sesquilé, Cundinamarca, Colombia", "LOCATION_TYPE": "RANGE_INTERPOLATED", "STATUS": "OK" }, "geometry": { "type": "Point", "coordinates": [ -73.7959907, 5.0443669 ] } },
{ "type": "Feature", "properties": { "Tipo Documento": "Cédula de Ciudadanía", "No Documento": "52702583", "Nombre del contribuyente": "ANA MARIA MELO MORTIGO", "Razon Social": null, "Naturaleza Juridica": "Persona Natural", "Regimen tributario": "Regimen Simplificado", "Direccion": "Calle 5 # 6-100, Sesquilé, Cundinamarca, Colombia", "Estado": "ACTIVO", "LAT": "5.0449891", "LON": "-73.79756929999999", "FORMATTED_ADDRESS": "Cl. 5 # 6-100, Sesquilé, Cundinamarca, Colombia", "LOCATION_TYPE": "ROOFTOP", "STATUS": "OK" }, "geometry": { "type": "Point", "coordinates": [ -73.7975693, 5.0449891 ] } },
{ "type": "Feature", "properties": { "Tipo Documento": "Cédula de Ciudadanía", "No Documento": "1071330636", "Nombre del contribuyente": "MUNAR CAROLINA RODRIGUEZ", "Razon Social": "LAS DELICIAS DE SOPHI", "Naturaleza Juridica": "Persona Natural", "Regimen tributario": "Regimen Simplificado", "Direccion": "VDA GOBERNADOR SECTOR EL CAJON, Sesquilé, Cundinamarca, Colombia", "Estado": "ACTIVO", "LAT": "5.032008", "LON": "-73.800835", "FORMATTED_ADDRESS": "Vda. Gobernador, Sesquilé, Cundinamarca, Colombia", "LOCATION_TYPE": "GEOMETRIC_CENTER", "STATUS": "OK" }, "geometry": { "type": "Point", "coordinates": [ -73.800835, 5.032008 ] } },
{ "type": "Feature", "properties": { "Tipo Documento": "Cédula de Ciudadanía", "No Documento": "1071329236", "Nombre del contribuyente": "JENNY LIZETH CHAVEZ MELLIZO", "Razon Social": null, "Naturaleza Juridica": "Persona Natural", "Regimen tributario": "Regimen Simplificado", "Direccion": "VDA BOITIVA FINCA LOS CEREZOS, Sesquilé, Cundinamarca, Colombia", "Estado": "ACTIVO", "LAT": "5.032902", "LON": "-73.80136499999999", "FORMATTED_ADDRESS": "25MX+4F, Sesquilé, Cundinamarca, Colombia", "LOCATION_TYPE": "GEOMETRIC_CENTER", "STATUS": "OK" }, "geometry": { "type": "Point", "coordinates": [ -73.801365, 5.032902 ] } },
{ "type": "Feature", "properties": { "Tipo Documento": "Cédula de Ciudadanía", "No Documento": "20923561", "Nombre del contribuyente": null, "Razon Social": "MAC TAMAL", "Naturaleza Juridica": "Persona Natural", "Regimen tributario": "Regimen Comun", "Direccion": "Carrera 6 # 5-19, Sesquilé, Cundinamarca, Colombia", "Estado": "ACTIVO", "LAT": "5.044726", "LON": "-73.796722", "FORMATTED_ADDRESS": "Cra. 6 # 5-19, Sesquilé, Cundinamarca, Colombia", "LOCATION_TYPE": "ROOFTOP", "STATUS": "OK" }, "geometry": { "type": "Point", "coordinates": [ -73.796722, 5.044726 ] } },
{ "type": "Feature", "properties": { "Tipo Documento": "Cédula de Ciudadanía", "No Documento": "383840", "Nombre del contribuyente": "JUSTO  MANCERA", "Razon Social": null, "Naturaleza Juridica": "Persona Natural", "Regimen tributario": "Regimen Comun", "Direccion": "VEREDA GOBERNADOR, Sesquilé, Cundinamarca, Colombia", "Estado": "ACTIVO", "LAT": "5.032008", "LON": "-73.800835", "FORMATTED_ADDRESS": "Vda. Gobernador, Sesquilé, Cundinamarca, Colombia", "LOCATION_TYPE": "GEOMETRIC_CENTER", "STATUS": "OK" }, "geometry": { "type": "Point", "coordinates": [ -73.800835, 5.032008 ] } },
{ "type": "Feature", "properties": { "Tipo Documento": "Cédula de Ciudadanía", "No Documento": "20922792", "Nombre del contribuyente": "ANDERSON  CARRAZCAL", "Razon Social": "MAFE COMUNICACIONES", "Naturaleza Juridica": "Persona Natural", "Regimen tributario": "Regimen Comun", "Direccion": "Carrera 6, Sesquilé, Cundinamarca, Colombia", "Estado": "ACTIVO", "LAT": "5.0445709", "LON": "-73.7967947", "FORMATTED_ADDRESS": "Cra. 6, Sesquilé, Cundinamarca, Colombia", "LOCATION_TYPE": "GEOMETRIC_CENTER", "STATUS": "OK" }, "geometry": { "type": "Point", "coordinates": [ -73.7967947, 5.0445709 ] } },
{ "type": "Feature", "properties": { "Tipo Documento": "Cédula de Ciudadanía", "No Documento": "3169620", "Nombre del contribuyente": "JOSE ANTONIO JIMENEZ GUTIERREZ", "Razon Social": null, "Naturaleza Juridica": "Persona Natural", "Regimen tributario": "No responsable de IVA", "Direccion": "Calle 5 # 6-12, Sesquilé, Cundinamarca, Colombia", "Estado": "ACTIVO", "LAT": "5.0448688", "LON": "-73.7975287", "FORMATTED_ADDRESS": "Cl. 5 #6-12, Sesquilé, Cundinamarca, Colombia", "LOCATION_TYPE": "ROOFTOP", "STATUS": "OK" }, "geometry": { "type": "Point", "coordinates": [ -73.7975287, 5.0448688 ] } },
{ "type": "Feature", "properties": { "Tipo Documento": "Cédula de Ciudadanía", "No Documento": "4277560", "Nombre del contribuyente": "CADENA GABRIEL FIGUEROA", "Razon Social": null, "Naturaleza Juridica": "Persona Natural", "Regimen tributario": "Regimen Comun", "Direccion": "VEREDA BOITA SECTOR SIATOYA, Sesquilé, Cundinamarca, Colombia", "Estado": "ACTIVO", "LAT": "5.053867299999999", "LON": "-73.80727949999999", "FORMATTED_ADDRESS": "353V+H3, Sesquilé, Cundinamarca, Colombia", "LOCATION_TYPE": "GEOMETRIC_CENTER", "STATUS": "OK" }, "geometry": { "type": "Point", "coordinates": [ -73.8072795, 5.0538673 ] } },
{ "type": "Feature", "properties": { "Tipo Documento": "Cédula de Ciudadanía", "No Documento": "1069739534", "Nombre del contribuyente": "JUAN CAMILO LOPEZ BARRERA", "Razon Social": null, "Naturaleza Juridica": "Persona Natural", "Regimen tributario": "Regimen Simplificado", "Direccion": "VEREDA SAN JOSE SESQUILE", "Estado": "ACTIVO", "LAT": "5.0445905", "LON": "-73.7967966", "FORMATTED_ADDRESS": "Sesquilé, Cundinamarca, Colombia", "LOCATION_TYPE": "APPROXIMATE", "STATUS": "OK" }, "geometry": { "type": "Point", "coordinates": [ -73.7967966, 5.0445905 ] } },
{ "type": "Feature", "properties": { "Tipo Documento": "Cédula de Ciudadanía", "No Documento": "20922531", "Nombre del contribuyente": "MYRIAM ELCY CORTES ROZO", "Razon Social": null, "Naturaleza Juridica": "Persona Natural", "Regimen tributario": "No responsable de IVA", "Direccion": "Calle 5 # 4-15, Sesquilé, Cundinamarca, Colombia", "Estado": "ACTIVO", "LAT": "5.043944499999999", "LON": "-73.7957965", "FORMATTED_ADDRESS": "Cl. 5 #4-15, Sesquilé, Cundinamarca, Colombia", "LOCATION_TYPE": "RANGE_INTERPOLATED", "STATUS": "OK" }, "geometry": { "type": "Point", "coordinates": [ -73.7957965, 5.0439445 ] } },
{ "type": "Feature", "properties": { "Tipo Documento": "Cédula de Ciudadanía", "No Documento": "5317123", "Nombre del contribuyente": "XIOMARA  MONCADA ROJAS", "Razon Social": null, "Naturaleza Juridica": "Persona Natural", "Regimen tributario": "No responsable de IVA", "Direccion": "SIATOYA, Sesquilé, Cundinamarca, Colombia", "Estado": "ACTIVO", "LAT": "5.0445905", "LON": "-73.7967966", "FORMATTED_ADDRESS": "Sesquilé, Cundinamarca, Colombia", "LOCATION_TYPE": "APPROXIMATE", "STATUS": "OK" }, "geometry": { "type": "Point", "coordinates": [ -73.7967966, 5.0445905 ] } },
{ "type": "Feature", "properties": { "Tipo Documento": "Cédula de Ciudadanía", "No Documento": "1078347633", "Nombre del contribuyente": "LADY YASMIN BALLEN BARON", "Razon Social": null, "Naturaleza Juridica": "Persona Natural", "Regimen tributario": "No responsable de IVA", "Direccion": "Calle 6 # 6-130, Sesquilé, Cundinamarca, Colombia", "Estado": "ACTIVO", "LAT": "5.0458554", "LON": "-73.7973907", "FORMATTED_ADDRESS": "Cl. 6 #6-130, Sesquilé, Cundinamarca, Colombia", "LOCATION_TYPE": "ROOFTOP", "STATUS": "OK" }, "geometry": { "type": "Point", "coordinates": [ -73.7973907, 5.0458554 ] } },
{ "type": "Feature", "properties": { "Tipo Documento": "Cédula de Ciudadanía", "No Documento": "1077087756", "Nombre del contribuyente": "MARIA DEL PILAR SANCHEZ NOVOA", "Razon Social": null, "Naturaleza Juridica": "Persona Natural", "Regimen tributario": "No responsable de IVA", "Direccion": "Calle 6 # 6-61, Sesquilé, Cundinamarca, Colombia", "Estado": "ACTIVO", "LAT": "5.0453125", "LON": "-73.7970574", "FORMATTED_ADDRESS": "Cl. 6 # 6-61, Sesquilé, Cundinamarca, Colombia", "LOCATION_TYPE": "ROOFTOP", "STATUS": "OK" }, "geometry": { "type": "Point", "coordinates": [ -73.7970574, 5.0453125 ] } },
{ "type": "Feature", "properties": { "Tipo Documento": "Cédula de Ciudadanía", "No Documento": "20922626", "Nombre del contribuyente": "LIBIA MABEL RODRIGUEZ PINZON", "Razon Social": null, "Naturaleza Juridica": "Persona Natural", "Regimen tributario": "No responsable de IVA", "Direccion": "LA PLAYA BOITIVA, Sesquilé, Cundinamarca, Colombia", "Estado": "ACTIVO", "LAT": "5.054114999999999", "LON": "-73.79625", "FORMATTED_ADDRESS": "La Playa, Sesquilé, Cundinamarca, Colombia", "LOCATION_TYPE": "APPROXIMATE", "STATUS": "OK" }, "geometry": { "type": "Point", "coordinates": [ -73.79625, 5.054115 ] } },
{ "type": "Feature", "properties": { "Tipo Documento": "Cédula de Ciudadanía", "No Documento": "20922369", "Nombre del contribuyente": "LILIA CONSTANZA MELLIZO SANCHEZ", "Razon Social": null, "Naturaleza Juridica": "Persona Natural", "Regimen tributario": "Regimen Simplificado", "Direccion": "CASA 130 BARRIO EL PINAR, Sesquilé, Cundinamarca, Colombia", "Estado": "ACTIVO", "LAT": "5.0467171", "LON": "-73.7996321", "FORMATTED_ADDRESS": "Sesquilé, Cundinamarca, Colombia", "LOCATION_TYPE": "GEOMETRIC_CENTER", "STATUS": "OK" }, "geometry": { "type": "Point", "coordinates": [ -73.7996321, 5.0467171 ] } },
{ "type": "Feature", "properties": { "Tipo Documento": "Cédula de Ciudadanía", "No Documento": "51828704", "Nombre del contribuyente": "LAVERDE MARIA ARCILA", "Razon Social": "MUÑECAS MELUCHITA", "Naturaleza Juridica": "Persona Natural", "Regimen tributario": "Regimen Simplificado", "Direccion": "VEREDA GOBERNADOR, Sesquilé, Cundinamarca, Colombia", "Estado": "ACTIVO", "LAT": "5.032008", "LON": "-73.800835", "FORMATTED_ADDRESS": "Vda. Gobernador, Sesquilé, Cundinamarca, Colombia", "LOCATION_TYPE": "GEOMETRIC_CENTER", "STATUS": "OK" }, "geometry": { "type": "Point", "coordinates": [ -73.800835, 5.032008 ] } },
{ "type": "Feature", "properties": { "Tipo Documento": "Cédula de Ciudadanía", "No Documento": "43845225", "Nombre del contribuyente": "LILIANA MARIA CANO URREGO", "Razon Social": null, "Naturaleza Juridica": "Persona Natural", "Regimen tributario": "No responsable de IVA", "Direccion": "AUT # VDA BOITIVA ESTACION DE SERVICIO, Sesquilé, Cundinamarca, Colombia", "Estado": "ACTIVO", "LAT": "5.0445905", "LON": "-73.7967966", "FORMATTED_ADDRESS": "Sesquilé, Cundinamarca, Colombia", "LOCATION_TYPE": "APPROXIMATE", "STATUS": "OK" }, "geometry": { "type": "Point", "coordinates": [ -73.7967966, 5.0445905 ] } },
{ "type": "Feature", "properties": { "Tipo Documento": "Cédula de Ciudadanía", "No Documento": "52493533", "Nombre del contribuyente": "BERNAL STELLA MONROY", "Razon Social": "LOS GIRASOLES", "Naturaleza Juridica": "Persona Natural", "Regimen tributario": "Regimen Comun", "Direccion": "VEREDA BOITA, Sesquilé, Cundinamarca, Colombia", "Estado": "ACTIVO", "LAT": "5.053867299999999", "LON": "-73.80727949999999", "FORMATTED_ADDRESS": "353V+H3, Sesquilé, Cundinamarca, Colombia", "LOCATION_TYPE": "GEOMETRIC_CENTER", "STATUS": "OK" }, "geometry": { "type": "Point", "coordinates": [ -73.8072795, 5.0538673 ] } },
{ "type": "Feature", "properties": { "Tipo Documento": "Cédula de Ciudadanía", "No Documento": "1078347248", "Nombre del contribuyente": "ANGELICA YANETH FLOREZ RODRIGUEZ", "Razon Social": null, "Naturaleza Juridica": "Persona Natural", "Regimen tributario": "No responsable de IVA", "Direccion": "VEREDA BOITA, Sesquilé, Cundinamarca, Colombia", "Estado": "ACTIVO", "LAT": "5.053867299999999", "LON": "-73.80727949999999", "FORMATTED_ADDRESS": "353V+H3, Sesquilé, Cundinamarca, Colombia", "LOCATION_TYPE": "GEOMETRIC_CENTER", "STATUS": "OK" }, "geometry": { "type": "Point", "coordinates": [ -73.8072795, 5.0538673 ] } },
{ "type": "Feature", "properties": { "Tipo Documento": "Cédula de Ciudadanía", "No Documento": "1077142350", "Nombre del contribuyente": "ACOSTA RODRIGO RUBIANO", "Razon Social": "MINIMERCADO LA 83 J.R", "Naturaleza Juridica": "Persona Natural", "Regimen tributario": "Regimen Comun", "Direccion": "VEREDA BOITA, Sesquilé, Cundinamarca, Colombia", "Estado": "ACTIVO", "LAT": "5.053867299999999", "LON": "-73.80727949999999", "FORMATTED_ADDRESS": "353V+H3, Sesquilé, Cundinamarca, Colombia", "LOCATION_TYPE": "GEOMETRIC_CENTER", "STATUS": "OK" }, "geometry": { "type": "Point", "coordinates": [ -73.8072795, 5.0538673 ] } },
{ "type": "Feature", "properties": { "Tipo Documento": "Cédula de Ciudadanía", "No Documento": "1070704768", "Nombre del contribuyente": "LUZ DARY RODRIGUEZ JUNCO", "Razon Social": null, "Naturaleza Juridica": "Persona Natural", "Regimen tributario": "No responsable de IVA", "Direccion": "Carrera 5 # 4-84, Sesquilé, Cundinamarca, Colombia", "Estado": "ACTIVO", "LAT": "5.043988", "LON": "-73.79636250000001", "FORMATTED_ADDRESS": "Cra. 5 #4-84, Sesquilé, Cundinamarca, Colombia", "LOCATION_TYPE": "ROOFTOP", "STATUS": "OK" }, "geometry": { "type": "Point", "coordinates": [ -73.796362500000015, 5.043988 ] } },
{ "type": "Feature", "properties": { "Tipo Documento": "Cédula de Ciudadanía", "No Documento": "20922252", "Nombre del contribuyente": "BLANCA MARINA GARZON DE JIMENEZ", "Razon Social": null, "Naturaleza Juridica": "Persona Natural", "Regimen tributario": "Regimen Simplificado", "Direccion": "VEREDA BOITA, Sesquilé, Cundinamarca, Colombia", "Estado": "ACTIVO", "LAT": "5.053867299999999", "LON": "-73.80727949999999", "FORMATTED_ADDRESS": "353V+H3, Sesquilé, Cundinamarca, Colombia", "LOCATION_TYPE": "GEOMETRIC_CENTER", "STATUS": "OK" }, "geometry": { "type": "Point", "coordinates": [ -73.8072795, 5.0538673 ] } },
{ "type": "Feature", "properties": { "Tipo Documento": "Cédula de Ciudadanía", "No Documento": "1030562589", "Nombre del contribuyente": "DISNEY AZUCENA CORONADO DURAN", "Razon Social": null, "Naturaleza Juridica": "Persona Natural", "Regimen tributario": "Regimen Simplificado", "Direccion": "Carrera 6 # 4-90, Sesquilé, Cundinamarca, Colombia", "Estado": "ACTIVO", "LAT": "5.044409000000001", "LON": "-73.79683399999999", "FORMATTED_ADDRESS": "Cra. 6 # 4-90, Sesquilé, Cundinamarca, Colombia", "LOCATION_TYPE": "ROOFTOP", "STATUS": "OK" }, "geometry": { "type": "Point", "coordinates": [ -73.796834, 5.044409 ] } },
{ "type": "Feature", "properties": { "Tipo Documento": "Cédula de Ciudadanía", "No Documento": "24081712", "Nombre del contribuyente": "MARIA EMILCE CELY TELLEZ", "Razon Social": null, "Naturaleza Juridica": "Persona Natural", "Regimen tributario": "No responsable de IVA", "Direccion": "BOITA, Sesquilé, Cundinamarca, Colombia", "Estado": "ACTIVO", "LAT": "5.030476699999999", "LON": "-73.84456279999999", "FORMATTED_ADDRESS": "Boita, La Pesquera, Sesquilé, Cundinamarca, Colombia", "LOCATION_TYPE": "APPROXIMATE", "STATUS": "OK" }, "geometry": { "type": "Point", "coordinates": [ -73.8445628, 5.0304767 ] } },
{ "type": "Feature", "properties": { "Tipo Documento": "Cédula de Ciudadanía", "No Documento": "20922010", "Nombre del contribuyente": "MARIA BEATRIZ HERNANDEZ LATORRE", "Razon Social": null, "Naturaleza Juridica": "Persona Natural", "Regimen tributario": "No responsable de IVA", "Direccion": "VEREDA SAN JOSE, Sesquilé, Cundinamarca, Colombia", "Estado": "ACTIVO", "LAT": "5.0445905", "LON": "-73.7967966", "FORMATTED_ADDRESS": "Sesquilé, Cundinamarca, Colombia", "LOCATION_TYPE": "APPROXIMATE", "STATUS": "OK" }, "geometry": { "type": "Point", "coordinates": [ -73.7967966, 5.0445905 ] } },
{ "type": "Feature", "properties": { "Tipo Documento": "Cédula de Ciudadanía", "No Documento": "52078428", "Nombre del contribuyente": "MARIA MARGARITA CHAPARRO PEREZ", "Razon Social": null, "Naturaleza Juridica": "Persona Natural", "Regimen tributario": "No responsable de IVA", "Direccion": "VEREDA SAN JOSE FINCA LAS MANITAS, Sesquilé, Cundinamarca, Colombia", "Estado": "ACTIVO", "LAT": "5.0445905", "LON": "-73.7967966", "FORMATTED_ADDRESS": "Sesquilé, Cundinamarca, Colombia", "LOCATION_TYPE": "APPROXIMATE", "STATUS": "OK" }, "geometry": { "type": "Point", "coordinates": [ -73.7967966, 5.0445905 ] } },
{ "type": "Feature", "properties": { "Tipo Documento": "Cédula de Ciudadanía", "No Documento": "1077091312", "Nombre del contribuyente": "CRISTIAN ALEJANDRO MARIN CUERVO", "Razon Social": null, "Naturaleza Juridica": "Persona Natural", "Regimen tributario": "Regimen Comun", "Direccion": "Carrera 6 # 6-03, Sesquilé, Cundinamarca, Colombia", "Estado": "ACTIVO", "LAT": "5.0451327", "LON": "-73.7965679", "FORMATTED_ADDRESS": "Cra. 6 #6-03, Sesquilé, Cundinamarca, Colombia", "LOCATION_TYPE": "ROOFTOP", "STATUS": "OK" }, "geometry": { "type": "Point", "coordinates": [ -73.7965679, 5.0451327 ] } },
{ "type": "Feature", "properties": { "Tipo Documento": "Cédula de Ciudadanía", "No Documento": "20923757", "Nombre del contribuyente": "MARTHA LILIANA QUIASUA VALERO", "Razon Social": null, "Naturaleza Juridica": "Persona Natural", "Regimen tributario": "Regimen Comun", "Direccion": "VEREDA GOBERNADOR SEC EL CAJON, Sesquilé, Cundinamarca, Colombia", "Estado": "ACTIVO", "LAT": "5.032008", "LON": "-73.800835", "FORMATTED_ADDRESS": "Vda. Gobernador, Sesquilé, Cundinamarca, Colombia", "LOCATION_TYPE": "GEOMETRIC_CENTER", "STATUS": "OK" }, "geometry": { "type": "Point", "coordinates": [ -73.800835, 5.032008 ] } },
{ "type": "Feature", "properties": { "Tipo Documento": "Cédula de Ciudadanía", "No Documento": "1071331171", "Nombre del contribuyente": "MARTHA LILIANA PRIETO DIAZ", "Razon Social": null, "Naturaleza Juridica": "Persona Natural", "Regimen tributario": "No responsable de IVA", "Direccion": "VEREDA RANCHERIA, Sesquilé, Cundinamarca, Colombia", "Estado": "ACTIVO", "LAT": "5.0445905", "LON": "-73.7967966", "FORMATTED_ADDRESS": "Sesquilé, Cundinamarca, Colombia", "LOCATION_TYPE": "GEOMETRIC_CENTER", "STATUS": "OK" }, "geometry": { "type": "Point", "coordinates": [ -73.7967966, 5.0445905 ] } },
{ "type": "Feature", "properties": { "Tipo Documento": "Cédula de Ciudadanía", "No Documento": "1032440171", "Nombre del contribuyente": "MAYRA ALEJANDRA ACEVEDO JIMENEZ", "Razon Social": null, "Naturaleza Juridica": "Persona Natural", "Regimen tributario": "Regimen Simplificado", "Direccion": "Carrera 7 # 5-26, Sesquilé, Cundinamarca, Colombia", "Estado": "ACTIVO", "LAT": "5.0453872", "LON": "-73.7977494", "FORMATTED_ADDRESS": "Cra. 7 # 5-26, Sesquilé, Cundinamarca, Colombia", "LOCATION_TYPE": "ROOFTOP", "STATUS": "OK" }, "geometry": { "type": "Point", "coordinates": [ -73.7977494, 5.0453872 ] } },
{ "type": "Feature", "properties": { "Tipo Documento": "Cédula de Ciudadanía", "No Documento": "1071331627", "Nombre del contribuyente": "LAURA ESPERANZA MELLIZO BERNAL", "Razon Social": null, "Naturaleza Juridica": "Persona Natural", "Regimen tributario": "Regimen Simplificado", "Direccion": "Calle 5 # 6-35, Sesquilé, Cundinamarca, Colombia", "Estado": "ACTIVO", "LAT": "5.0446802", "LON": "-73.7971314", "FORMATTED_ADDRESS": "Cl. 5 #6-35, Sesquilé, Cundinamarca, Colombia", "LOCATION_TYPE": "RANGE_INTERPOLATED", "STATUS": "OK" }, "geometry": { "type": "Point", "coordinates": [ -73.7971314, 5.0446802 ] } },
{ "type": "Feature", "properties": { "Tipo Documento": "Cédula de Ciudadanía", "No Documento": "3168836", "Nombre del contribuyente": "RAFAEL ERNESTO OSORIO MELLIZO", "Razon Social": null, "Naturaleza Juridica": "Persona Natural", "Regimen tributario": "Regimen Simplificado", "Direccion": "Carrera 8 # 7-55, Sesquilé, Cundinamarca, Colombia", "Estado": "ACTIVO", "LAT": "5.047348299999999", "LON": "-73.7974212", "FORMATTED_ADDRESS": "Cra. 8 #7-55, Sesquilé, Cundinamarca, Colombia", "LOCATION_TYPE": "ROOFTOP", "STATUS": "OK" }, "geometry": { "type": "Point", "coordinates": [ -73.7974212, 5.0473483 ] } },
{ "type": "Feature", "properties": { "Tipo Documento": "Cédula de Ciudadanía", "No Documento": "20922496", "Nombre del contribuyente": "MARIA  EVA MERCHAN HURTADO", "Razon Social": null, "Naturaleza Juridica": "Persona Natural", "Regimen tributario": "Regimen Simple", "Direccion": "Carrera 7 # 4-86, Sesquilé, Cundinamarca, Colombia", "Estado": "ACTIVO", "LAT": "5.044886", "LON": "-73.797945", "FORMATTED_ADDRESS": "Cra. 7 # 4-86, Sesquilé, Cundinamarca, Colombia", "LOCATION_TYPE": "ROOFTOP", "STATUS": "OK" }, "geometry": { "type": "Point", "coordinates": [ -73.797945, 5.044886 ] } },
{ "type": "Feature", "properties": { "Tipo Documento": "Cédula de Ciudadanía", "No Documento": "1032372312", "Nombre del contribuyente": "YULI ANDREA CANCHON GOMEZ", "Razon Social": null, "Naturaleza Juridica": "Persona Natural", "Regimen tributario": "No responsable de IVA", "Direccion": "Calle 7 # 5-52, Sesquilé, Cundinamarca, Colombia", "Estado": "ACTIVO", "LAT": "5.045745", "LON": "-73.795739", "FORMATTED_ADDRESS": "Cl. 7 # 5-52, Sesquilé, Cundinamarca, Colombia", "LOCATION_TYPE": "ROOFTOP", "STATUS": "OK" }, "geometry": { "type": "Point", "coordinates": [ -73.795739, 5.045745 ] } },
{ "type": "Feature", "properties": { "Tipo Documento": "Cédula de Ciudadanía", "No Documento": "1071329577", "Nombre del contribuyente": "MILTON RODRIGO PINZON FORERO", "Razon Social": null, "Naturaleza Juridica": "Persona Natural", "Regimen tributario": "Regimen Simplificado", "Direccion": "VEREDA GOBERNADOR, Sesquilé, Cundinamarca, Colombia", "Estado": "ACTIVO", "LAT": "5.032008", "LON": "-73.800835", "FORMATTED_ADDRESS": "Vda. Gobernador, Sesquilé, Cundinamarca, Colombia", "LOCATION_TYPE": "GEOMETRIC_CENTER", "STATUS": "OK" }, "geometry": { "type": "Point", "coordinates": [ -73.800835, 5.032008 ] } },
{ "type": "Feature", "properties": { "Tipo Documento": "Cédula de Ciudadanía", "No Documento": "20923171", "Nombre del contribuyente": "ROSA AMALIA MOCETON  MERCHAN", "Razon Social": null, "Naturaleza Juridica": "Persona Natural", "Regimen tributario": "No responsable de IVA", "Direccion": "Calle 6 # 9-09 CS 115, Sesquilé, Cundinamarca, Colombia", "Estado": "ACTIVO", "LAT": "5.0466337", "LON": "-73.7986901", "FORMATTED_ADDRESS": "Cl. 6 #9-09 cs 115, Sesquilé, Cundinamarca, Colombia", "LOCATION_TYPE": "ROOFTOP", "STATUS": "OK" }, "geometry": { "type": "Point", "coordinates": [ -73.7986901, 5.0466337 ] } },
{ "type": "Feature", "properties": { "Tipo Documento": "Cédula de Ciudadanía", "No Documento": "383915", "Nombre del contribuyente": "CESAR ORLANDO MUETE PRIETO", "Razon Social": null, "Naturaleza Juridica": "Persona Natural", "Regimen tributario": "No responsable de IVA", "Direccion": "Calle 5 # 7 70, Sesquilé, Cundinamarca, Colombia", "Estado": "ACTIVO", "LAT": "5.045454100000001", "LON": "-73.7984539", "FORMATTED_ADDRESS": "Cl. 5 # 7-70, Sesquilé, Cundinamarca, Colombia", "LOCATION_TYPE": "ROOFTOP", "STATUS": "OK" }, "geometry": { "type": "Point", "coordinates": [ -73.7984539, 5.0454541 ] } },
{ "type": "Feature", "properties": { "Tipo Documento": "Cédula de Ciudadanía", "No Documento": "20922468", "Nombre del contribuyente": "MARIA OLGA MUETE RODRIGUEZ", "Razon Social": null, "Naturaleza Juridica": "Persona Natural", "Regimen tributario": "No responsable de IVA", "Direccion": "VEREDA BOITA, Sesquilé, Cundinamarca, Colombia", "Estado": "ACTIVO", "LAT": "5.053867299999999", "LON": "-73.80727949999999", "FORMATTED_ADDRESS": "353V+H3, Sesquilé, Cundinamarca, Colombia", "LOCATION_TYPE": "GEOMETRIC_CENTER", "STATUS": "OK" }, "geometry": { "type": "Point", "coordinates": [ -73.8072795, 5.0538673 ] } },
{ "type": "Feature", "properties": { "Tipo Documento": "Cédula de Ciudadanía", "No Documento": "21168586", "Nombre del contribuyente": "ANA  MARIA", "Razon Social": "LA PRIMAVERA", "Naturaleza Juridica": "Persona Natural", "Regimen tributario": "Regimen Comun", "Direccion": "TIERRA NEGRA, Sesquilé, Cundinamarca, Colombia", "Estado": "ACTIVO", "LAT": "4.99226", "LON": "-73.78941999999999", "FORMATTED_ADDRESS": "Tierra Negra, Sesquilé, Cundinamarca, Colombia", "LOCATION_TYPE": "APPROXIMATE", "STATUS": "OK" }, "geometry": { "type": "Point", "coordinates": [ -73.78942, 4.99226 ] } },
{ "type": "Feature", "properties": { "Tipo Documento": "Cédula de Ciudadanía", "No Documento": "3168955", "Nombre del contribuyente": "LUIS ENRIQUE MUÑOZ LATORRE", "Razon Social": null, "Naturaleza Juridica": "Persona Natural", "Regimen tributario": "No responsable de IVA", "Direccion": "Calle 7 # 8-02, Sesquilé, Cundinamarca, Colombia", "Estado": "ACTIVO", "LAT": "5.046972999999999", "LON": "-73.79777299999999", "FORMATTED_ADDRESS": "Cl. 7 # 8-2, Sesquilé, Cundinamarca, Colombia", "LOCATION_TYPE": "ROOFTOP", "STATUS": "OK" }, "geometry": { "type": "Point", "coordinates": [ -73.797773, 5.046973 ] } },
{ "type": "Feature", "properties": { "Tipo Documento": "Cédula de Ciudadanía", "No Documento": "3168571", "Nombre del contribuyente": "JUAN FRANCISCO MUÑOZ LATORRE", "Razon Social": null, "Naturaleza Juridica": "Persona Natural", "Regimen tributario": "Regimen Comun", "Direccion": "Calle 8 # 8 09, Sesquilé, Cundinamarca, Colombia", "Estado": "ACTIVO", "LAT": "5.0474871", "LON": "-73.7975235", "FORMATTED_ADDRESS": "Cl. 8 #8-9, Sesquilé, Cundinamarca, Colombia", "LOCATION_TYPE": "RANGE_INTERPOLATED", "STATUS": "OK" }, "geometry": { "type": "Point", "coordinates": [ -73.7975235, 5.0474871 ] } },
{ "type": "Feature", "properties": { "Tipo Documento": "Cédula de Ciudadanía", "No Documento": "11210901", "Nombre del contribuyente": "NESTOR ALBERTO VASQUEZ GOMEZ", "Razon Social": null, "Naturaleza Juridica": "Persona Natural", "Regimen tributario": "No responsable de IVA", "Direccion": "VEREDA NESCUATA FINCA ALTOS DE JALISCO, Sesquilé, Cundinamarca, Colombia", "Estado": "ACTIVO", "LAT": "5.0445905", "LON": "-73.7967966", "FORMATTED_ADDRESS": "Sesquilé, Cundinamarca, Colombia", "LOCATION_TYPE": "APPROXIMATE", "STATUS": "OK" }, "geometry": { "type": "Point", "coordinates": [ -73.7967966, 5.0445905 ] } },
{ "type": "Feature", "properties": { "Tipo Documento": "Cédula de Ciudadanía", "No Documento": "1097665500", "Nombre del contribuyente": "NIDIA RAQUEL MURCIA FANDIÑO", "Razon Social": null, "Naturaleza Juridica": "Persona Natural", "Regimen tributario": "Regimen Simplificado", "Direccion": "VEREDA BOITIVA SEC LAS BRISAS, Sesquilé, Cundinamarca, Colombia", "Estado": "ACTIVO", "LAT": "5.0445905", "LON": "-73.7967966", "FORMATTED_ADDRESS": "Sesquilé, Cundinamarca, Colombia", "LOCATION_TYPE": "APPROXIMATE", "STATUS": "OK" }, "geometry": { "type": "Point", "coordinates": [ -73.7967966, 5.0445905 ] } },
{ "type": "Feature", "properties": { "Tipo Documento": "Cédula de Ciudadanía", "No Documento": "1079032124", "Nombre del contribuyente": "NIDYA  MORERA URREGO", "Razon Social": null, "Naturaleza Juridica": "Persona Natural", "Regimen tributario": "No responsable de IVA", "Direccion": "VDA BOITA SECTOR SIATOYA, Sesquilé, Cundinamarca, Colombia", "Estado": "ACTIVO", "LAT": "5.032008", "LON": "-73.800835", "FORMATTED_ADDRESS": "Vda. Gobernador, Sesquilé, Cundinamarca, Colombia", "LOCATION_TYPE": "GEOMETRIC_CENTER", "STATUS": "OK" }, "geometry": { "type": "Point", "coordinates": [ -73.800835, 5.032008 ] } },
{ "type": "Feature", "properties": { "Tipo Documento": "Cédula de Ciudadanía", "No Documento": "1071330367", "Nombre del contribuyente": "GICELL ZORAIDA NIETO RIVERA", "Razon Social": null, "Naturaleza Juridica": "Persona Natural", "Regimen tributario": "No responsable de IVA", "Direccion": "Calle 5 # 3-65, Sesquilé, Cundinamarca, Colombia", "Estado": "ACTIVO", "LAT": "5.043786000000001", "LON": "-73.7954924", "FORMATTED_ADDRESS": "Cl. 5 #3-65, Sesquilé, Cundinamarca, Colombia", "LOCATION_TYPE": "ROOFTOP", "STATUS": "OK" }, "geometry": { "type": "Point", "coordinates": [ -73.7954924, 5.043786 ] } },
{ "type": "Feature", "properties": { "Tipo Documento": "Cédula de Ciudadanía", "No Documento": "52969175", "Nombre del contribuyente": "NUBIA YANETH ROMERO MORENO", "Razon Social": null, "Naturaleza Juridica": "Persona Natural", "Regimen tributario": "No responsable de IVA", "Direccion": "SIATOYA, Sesquilé, Cundinamarca, Colombia", "Estado": "ACTIVO", "LAT": "5.0445905", "LON": "-73.7967966", "FORMATTED_ADDRESS": "Sesquilé, Cundinamarca, Colombia", "LOCATION_TYPE": "APPROXIMATE", "STATUS": "OK" }, "geometry": { "type": "Point", "coordinates": [ -73.7967966, 5.0445905 ] } },
{ "type": "Feature", "properties": { "Tipo Documento": "Cédula de Ciudadanía", "No Documento": "4013553", "Nombre del contribuyente": "HENRY  EDUARDO", "Razon Social": "ALMACEN ZENIT", "Naturaleza Juridica": "Persona Natural", "Regimen tributario": "Regimen Comun", "Direccion": "Carrera 6 # 4-68, Sesquilé, Cundinamarca, Colombia", "Estado": "ACTIVO", "LAT": "5.044220999999999", "LON": "-73.796931", "FORMATTED_ADDRESS": "Cra. 6 # 4-68, Sesquilé, Cundinamarca, Colombia", "LOCATION_TYPE": "ROOFTOP", "STATUS": "OK" }, "geometry": { "type": "Point", "coordinates": [ -73.796931, 5.044221 ] } },
{ "type": "Feature", "properties": { "Tipo Documento": "Cédula de Ciudadanía", "No Documento": "20923104", "Nombre del contribuyente": "MARIA ARACELY ORJUELA MALDONADO", "Razon Social": null, "Naturaleza Juridica": "Persona Natural", "Regimen tributario": "Regimen Simplificado", "Direccion": "Calle 5 # 6A-05, Sesquilé, Cundinamarca, Colombia", "Estado": "ACTIVO", "LAT": "5.044792999999999", "LON": "-73.797586", "FORMATTED_ADDRESS": "Cl. 5 # 6A-5, Sesquilé, Cundinamarca, Colombia", "LOCATION_TYPE": "ROOFTOP", "STATUS": "OK" }, "geometry": { "type": "Point", "coordinates": [ -73.797586, 5.044793 ] } },
{ "type": "Feature", "properties": { "Tipo Documento": "Cédula de Ciudadanía", "No Documento": "3169086", "Nombre del contribuyente": "JOSE MARTIN ORJUELA ORJUELA", "Razon Social": null, "Naturaleza Juridica": "Persona Natural", "Regimen tributario": "Regimen Comun", "Direccion": "VDA BOITIVA SECTOR LAS BRISAS, Sesquilé, Cundinamarca, Colombia", "Estado": "ACTIVO", "LAT": "5.0445905", "LON": "-73.7967966", "FORMATTED_ADDRESS": "Sesquilé, Cundinamarca, Colombia", "LOCATION_TYPE": "APPROXIMATE", "STATUS": "OK" }, "geometry": { "type": "Point", "coordinates": [ -73.7967966, 5.0445905 ] } },
{ "type": "Feature", "properties": { "Tipo Documento": "Cédula de Ciudadanía", "No Documento": "1071330547", "Nombre del contribuyente": "YESICA PATRICIA SANDOVAL BARON", "Razon Social": null, "Naturaleza Juridica": "Persona Natural", "Regimen tributario": "Regimen Simplificado", "Direccion": "VEREDA BOITA, Sesquilé, Cundinamarca, Colombia", "Estado": "ACTIVO", "LAT": "5.053867299999999", "LON": "-73.80727949999999", "FORMATTED_ADDRESS": "353V+H3, Sesquilé, Cundinamarca, Colombia", "LOCATION_TYPE": "GEOMETRIC_CENTER", "STATUS": "OK" }, "geometry": { "type": "Point", "coordinates": [ -73.8072795, 5.0538673 ] } },
{ "type": "Feature", "properties": { "Tipo Documento": "Cédula de Ciudadanía", "No Documento": "80372047", "Nombre del contribuyente": "CAMARGO  CAMARGO", "Razon Social": "DEPOSITO Y FERRETERIA LA SABANA", "Naturaleza Juridica": "Persona Natural", "Regimen tributario": "Regimen Comun", "Direccion": "VEREDA BOITA, Sesquilé, Cundinamarca, Colombia", "Estado": "ACTIVO", "LAT": "5.053867299999999", "LON": "-73.80727949999999", "FORMATTED_ADDRESS": "353V+H3, Sesquilé, Cundinamarca, Colombia", "LOCATION_TYPE": "GEOMETRIC_CENTER", "STATUS": "OK" }, "geometry": { "type": "Point", "coordinates": [ -73.8072795, 5.0538673 ] } },
{ "type": "Feature", "properties": { "Tipo Documento": "Cédula de Ciudadanía", "No Documento": "1071329140", "Nombre del contribuyente": "LUZ ESPERANZA AGUIRRE CORREA", "Razon Social": null, "Naturaleza Juridica": "Persona Natural", "Regimen tributario": "No responsable de IVA", "Direccion": "Calle 5 # 3-2, Sesquilé, Cundinamarca, Colombia", "Estado": "ACTIVO", "LAT": "5.04369", "LON": "-73.79501599999999", "FORMATTED_ADDRESS": "Cl. 5 # 3-2, Sesquilé, Cundinamarca, Colombia", "LOCATION_TYPE": "ROOFTOP", "STATUS": "OK" }, "geometry": { "type": "Point", "coordinates": [ -73.795016, 5.04369 ] } },
{ "type": "Feature", "properties": { "Tipo Documento": "Cédula de Ciudadanía", "No Documento": "51846111", "Nombre del contribuyente": "EDELMIRA  LEON", "Razon Social": "MUEBLE EDE", "Naturaleza Juridica": "Persona Natural", "Regimen tributario": "Regimen Comun", "Direccion": "Calle 6 # 7-35, Sesquilé, Cundinamarca, Colombia", "Estado": "ACTIVO", "LAT": "5.0459951", "LON": "-73.7980073", "FORMATTED_ADDRESS": "Cl. 6 #7-35, Sesquilé, Cundinamarca, Colombia", "LOCATION_TYPE": "ROOFTOP", "STATUS": "OK" }, "geometry": { "type": "Point", "coordinates": [ -73.7980073, 5.0459951 ] } },
{ "type": "Feature", "properties": { "Tipo Documento": "Cédula de Ciudadanía", "No Documento": "3169197", "Nombre del contribuyente": "RAFAEL ADOLFO LOZANO MORA", "Razon Social": null, "Naturaleza Juridica": "Persona Natural", "Regimen tributario": "Regimen Simplificado", "Direccion": "VEREDA BOITIVA KM 1, Sesquilé, Cundinamarca, Colombia", "Estado": "ACTIVO", "LAT": "5.0445905", "LON": "-73.7967966", "FORMATTED_ADDRESS": "Sesquilé, Cundinamarca, Colombia", "LOCATION_TYPE": "APPROXIMATE", "STATUS": "OK" }, "geometry": { "type": "Point", "coordinates": [ -73.7967966, 5.0445905 ] } },
{ "type": "Feature", "properties": { "Tipo Documento": "Cédula de Ciudadanía", "No Documento": "35264566", "Nombre del contribuyente": "DORIS STELLA PIÑEROS CHAPARRO", "Razon Social": null, "Naturaleza Juridica": "Persona Natural", "Regimen tributario": "Regimen Comun", "Direccion": "Calle 7 # 3-51, Sesquilé, Cundinamarca, Colombia", "Estado": "ACTIVO", "LAT": "5.045046999999999", "LON": "-73.794699", "FORMATTED_ADDRESS": "Cl. 7 # 3-51, Sesquilé, Cundinamarca, Colombia", "LOCATION_TYPE": "ROOFTOP", "STATUS": "OK" }, "geometry": { "type": "Point", "coordinates": [ -73.794699, 5.045047 ] } },
{ "type": "Feature", "properties": { "Tipo Documento": "Cédula de Ciudadanía", "No Documento": "20923916", "Nombre del contribuyente": "MERCEDES  BUITRAGO FORERO", "Razon Social": null, "Naturaleza Juridica": "Persona Natural", "Regimen tributario": "Regimen Simplificado", "Direccion": "Carrera 7 # 7-28, Sesquilé, Cundinamarca, Colombia", "Estado": "ACTIVO", "LAT": "5.0467048", "LON": "-73.79704389999999", "FORMATTED_ADDRESS": "Cra. 7 #7-28, Sesquilé, Cundinamarca, Colombia", "LOCATION_TYPE": "RANGE_INTERPOLATED", "STATUS": "OK" }, "geometry": { "type": "Point", "coordinates": [ -73.7970439, 5.0467048 ] } },
{ "type": "Feature", "properties": { "Tipo Documento": "Cédula de Ciudadanía", "No Documento": "20922360", "Nombre del contribuyente": "MARIA ANGELICA PEÑUELA CORTES", "Razon Social": null, "Naturaleza Juridica": "Persona Natural", "Regimen tributario": "No responsable de IVA", "Direccion": "EL HATO, Sesquilé, Cundinamarca, Colombia", "Estado": "ACTIVO", "LAT": "4.9944", "LON": "-73.74889999999999", "FORMATTED_ADDRESS": "El Hato, Sesquilé, Cundinamarca, Colombia", "LOCATION_TYPE": "APPROXIMATE", "STATUS": "OK" }, "geometry": { "type": "Point", "coordinates": [ -73.7489, 4.9944 ] } },
{ "type": "Feature", "properties": { "Tipo Documento": "Cédula de Ciudadanía", "No Documento": "1071329055", "Nombre del contribuyente": "ZULAY MARCELA SANCHEZ BALVUENA", "Razon Social": null, "Naturaleza Juridica": "Persona Natural", "Regimen tributario": "No responsable de IVA", "Direccion": "Calle 6 # 6-08, Sesquilé, Cundinamarca, Colombia", "Estado": "ACTIVO", "LAT": "5.045173999999999", "LON": "-73.7966203", "FORMATTED_ADDRESS": "Cl. 6 #6-08, Sesquilé, Cundinamarca, Colombia", "LOCATION_TYPE": "ROOFTOP", "STATUS": "OK" }, "geometry": { "type": "Point", "coordinates": [ -73.7966203, 5.045174 ] } },
{ "type": "Feature", "properties": { "Tipo Documento": "NIT", "No Documento": "21148478", "Nombre del contribuyente": "YERDI YADIRA VALENZUELA ZAMORA", "Razon Social": null, "Naturaleza Juridica": "Persona Natural", "Regimen tributario": "No responsable de IVA", "Direccion": "Calle 6 # 6-96, Sesquilé, Cundinamarca, Colombia", "Estado": "ACTIVO", "LAT": "5.045561999999999", "LON": "-73.79728", "FORMATTED_ADDRESS": "Cl. 6 # 6-96, Sesquilé, Cundinamarca, Colombia", "LOCATION_TYPE": "ROOFTOP", "STATUS": "OK" }, "geometry": { "type": "Point", "coordinates": [ -73.79728, 5.045562 ] } },
{ "type": "Feature", "properties": { "Tipo Documento": "Cédula de Ciudadanía", "No Documento": "3168705", "Nombre del contribuyente": "JESUS ALFONSO PRIETO JIMENEZ", "Razon Social": null, "Naturaleza Juridica": "Persona Natural", "Regimen tributario": "No responsable de IVA", "Direccion": "VEREDA RANCHERIA, Sesquilé, Cundinamarca, Colombia", "Estado": "ACTIVO", "LAT": "5.0445905", "LON": "-73.7967966", "FORMATTED_ADDRESS": "Sesquilé, Cundinamarca, Colombia", "LOCATION_TYPE": "GEOMETRIC_CENTER", "STATUS": "OK" }, "geometry": { "type": "Point", "coordinates": [ -73.7967966, 5.0445905 ] } },
{ "type": "Feature", "properties": { "Tipo Documento": "Cédula de Ciudadanía", "No Documento": "1069261053", "Nombre del contribuyente": "LUZ DARY FARFAN FARFAN", "Razon Social": null, "Naturaleza Juridica": "Persona Natural", "Regimen tributario": "Regimen Simplificado", "Direccion": "Calle 6 # 7-07, Sesquilé, Cundinamarca, Colombia", "Estado": "ACTIVO", "LAT": "5.045830899999999", "LON": "-73.7977744", "FORMATTED_ADDRESS": "Cl. 6 # 7-7, Sesquilé, Cundinamarca, Colombia", "LOCATION_TYPE": "ROOFTOP", "STATUS": "OK" }, "geometry": { "type": "Point", "coordinates": [ -73.7977744, 5.0458309 ] } },
{ "type": "Feature", "properties": { "Tipo Documento": "Cédula de Ciudadanía", "No Documento": "52600738", "Nombre del contribuyente": "ESTELA RUTH ANZOLA", "Razon Social": null, "Naturaleza Juridica": "Persona Natural", "Regimen tributario": "Regimen Simplificado", "Direccion": "Calle 6 # 6-115 LC, Sesquilé, Cundinamarca, Colombia", "Estado": "ACTIVO", "LAT": "5.0457557", "LON": "-73.79732179999999", "FORMATTED_ADDRESS": "Cl. 6 # 6-115, Sesquilé, Cundinamarca, Colombia", "LOCATION_TYPE": "ROOFTOP", "STATUS": "OK" }, "geometry": { "type": "Point", "coordinates": [ -73.7973218, 5.0457557 ] } },
{ "type": "Feature", "properties": { "Tipo Documento": "Cédula de Ciudadanía", "No Documento": "79798231", "Nombre del contribuyente": "RAFAEL DAVID CAMPO KURMEN", "Razon Social": null, "Naturaleza Juridica": "Persona Natural", "Regimen tributario": "No responsable de IVA", "Direccion": "FCA LA ESPERANZA VEREDA ESPIGAS SESQUILE", "Estado": "ACTIVO", "LAT": "5.0445905", "LON": "-73.7967966", "FORMATTED_ADDRESS": "Sesquilé, Cundinamarca, Colombia", "LOCATION_TYPE": "APPROXIMATE", "STATUS": "OK" }, "geometry": { "type": "Point", "coordinates": [ -73.7967966, 5.0445905 ] } },
{ "type": "Feature", "properties": { "Tipo Documento": "Cédula de Ciudadanía", "No Documento": "20923404", "Nombre del contribuyente": "NOHORA OMAIRA MALDONADO PRIETO", "Razon Social": null, "Naturaleza Juridica": "Persona Natural", "Regimen tributario": "No responsable de IVA", "Direccion": "Calle 8A # 10-32, Sesquilé, Cundinamarca, Colombia", "Estado": "ACTIVO", "LAT": "5.0445905", "LON": "-73.7967966", "FORMATTED_ADDRESS": "Sesquilé, Cundinamarca, Colombia", "LOCATION_TYPE": "APPROXIMATE", "STATUS": "OK" }, "geometry": { "type": "Point", "coordinates": [ -73.7967966, 5.0445905 ] } },
{ "type": "Feature", "properties": { "Tipo Documento": "Cédula de Ciudadanía", "No Documento": "80541146", "Nombre del contribuyente": "RAUL ALEJANDRO CONTRERAS ALFONSO", "Razon Social": null, "Naturaleza Juridica": "Persona Natural", "Regimen tributario": "No responsable de IVA", "Direccion": "Carrera 22 # 3-21 BRR JULIO CARO, Sesquilé, Cundinamarca, Colombia", "Estado": "ACTIVO", "LAT": "5.0445905", "LON": "-73.7967966", "FORMATTED_ADDRESS": "Sesquilé, Cundinamarca, Colombia", "LOCATION_TYPE": "APPROXIMATE", "STATUS": "OK" }, "geometry": { "type": "Point", "coordinates": [ -73.7967966, 5.0445905 ] } },
{ "type": "Feature", "properties": { "Tipo Documento": "Cédula de Ciudadanía", "No Documento": "11406721", "Nombre del contribuyente": "MARCO AURELIO REYES TORRES", "Razon Social": null, "Naturaleza Juridica": "Persona Natural", "Regimen tributario": "Regimen Comun", "Direccion": "Carrera 7 # 4-60, Sesquilé, Cundinamarca, Colombia", "Estado": "ACTIVO", "LAT": "5.044655", "LON": "-73.7979831", "FORMATTED_ADDRESS": "Cra. 7 #4-60, Sesquilé, Cundinamarca, Colombia", "LOCATION_TYPE": "RANGE_INTERPOLATED", "STATUS": "OK" }, "geometry": { "type": "Point", "coordinates": [ -73.7979831, 5.044655 ] } },
{ "type": "Feature", "properties": { "Tipo Documento": "Cédula de Ciudadanía", "No Documento": "1030539159", "Nombre del contribuyente": "NYDIA JOHANNA CASTELLANOS COY", "Razon Social": null, "Naturaleza Juridica": "Persona Natural", "Regimen tributario": "Regimen Simplificado", "Direccion": "Carrera 7 # 5-64, Sesquilé, Cundinamarca, Colombia", "Estado": "ACTIVO", "LAT": "5.045654", "LON": "-73.79766599999999", "FORMATTED_ADDRESS": "Cra. 7 # 5-64, Sesquilé, Cundinamarca, Colombia", "LOCATION_TYPE": "ROOFTOP", "STATUS": "OK" }, "geometry": { "type": "Point", "coordinates": [ -73.797666, 5.045654 ] } },
{ "type": "Feature", "properties": { "Tipo Documento": "Cédula de Ciudadanía", "No Documento": "28359064", "Nombre del contribuyente": "MARTHA  RICO DELGADO", "Razon Social": null, "Naturaleza Juridica": "Persona Natural", "Regimen tributario": "No responsable de IVA", "Direccion": "Carrera 6 # 3-18, Sesquilé, Cundinamarca, Colombia", "Estado": "ACTIVO", "LAT": "5.042854", "LON": "-73.7975699", "FORMATTED_ADDRESS": "Cra. 6 # 3-18, Sesquilé, Cundinamarca, Colombia", "LOCATION_TYPE": "ROOFTOP", "STATUS": "OK" }, "geometry": { "type": "Point", "coordinates": [ -73.7975699, 5.042854 ] } },
{ "type": "Feature", "properties": { "Tipo Documento": "Cédula de Ciudadanía", "No Documento": "3168572", "Nombre del contribuyente": "LUIS ARMANDO RODRIGUEZ BOJACA", "Razon Social": null, "Naturaleza Juridica": "Persona Natural", "Regimen tributario": "Regimen Comun", "Direccion": "Carrera 4 # 4-97, Sesquilé, Cundinamarca, Colombia", "Estado": "ACTIVO", "LAT": "5.0438516", "LON": "-73.79578289999999", "FORMATTED_ADDRESS": "Cra. 4 # 4-97, Sesquilé, Cundinamarca, Colombia", "LOCATION_TYPE": "ROOFTOP", "STATUS": "OK" }, "geometry": { "type": "Point", "coordinates": [ -73.7957829, 5.0438516 ] } },
{ "type": "Feature", "properties": { "Tipo Documento": "Cédula de Ciudadanía", "No Documento": "1071329222", "Nombre del contribuyente": "HERNAN FELIPE RODRIGUEZ RODRIGUEZ", "Razon Social": null, "Naturaleza Juridica": "Persona Natural", "Regimen tributario": "Regimen Comun", "Direccion": "Calle 5 # 6-15, Sesquilé, Cundinamarca, Colombia", "Estado": "ACTIVO", "LAT": "5.0445926", "LON": "-73.79694359999999", "FORMATTED_ADDRESS": "Cl. 5 #6-15, Sesquilé, Cundinamarca, Colombia", "LOCATION_TYPE": "RANGE_INTERPOLATED", "STATUS": "OK" }, "geometry": { "type": "Point", "coordinates": [ -73.7969436, 5.0445926 ] } },
{ "type": "Feature", "properties": { "Tipo Documento": "Cédula de Ciudadanía", "No Documento": "20923152", "Nombre del contribuyente": "DORA LIGIA RODRIGUEZ QUINTERO", "Razon Social": null, "Naturaleza Juridica": "Persona Natural", "Regimen tributario": "Regimen Simple", "Direccion": "VDA BOITIVA SECTOR LAS BRISAS, Sesquilé, Cundinamarca, Colombia", "Estado": "ACTIVO", "LAT": "5.0445905", "LON": "-73.7967966", "FORMATTED_ADDRESS": "Sesquilé, Cundinamarca, Colombia", "LOCATION_TYPE": "APPROXIMATE", "STATUS": "OK" }, "geometry": { "type": "Point", "coordinates": [ -73.7967966, 5.0445905 ] } },
{ "type": "Feature", "properties": { "Tipo Documento": "Cédula de Ciudadanía", "No Documento": "35972200", "Nombre del contribuyente": "MARIA  NELLY", "Razon Social": "MARIA NELLY RODRIGUEZ", "Naturaleza Juridica": "Persona Natural", "Regimen tributario": "Regimen Comun", "Direccion": "BOITIVA, Sesquilé, Cundinamarca, Colombia", "Estado": "ACTIVO", "LAT": "5.0445905", "LON": "-73.7967966", "FORMATTED_ADDRESS": "Sesquilé, Cundinamarca, Colombia", "LOCATION_TYPE": "APPROXIMATE", "STATUS": "OK" }, "geometry": { "type": "Point", "coordinates": [ -73.7967966, 5.0445905 ] } },
{ "type": "Feature", "properties": { "Tipo Documento": "Cédula de Ciudadanía", "No Documento": "1073535052", "Nombre del contribuyente": "MIGUEL ANGEL RODRIGUEZ BURGOS", "Razon Social": null, "Naturaleza Juridica": "Persona Natural", "Regimen tributario": "No responsable de IVA", "Direccion": "Calle 4 # 6-05, Sesquilé, Cundinamarca, Colombia", "Estado": "ACTIVO", "LAT": "5.0436554", "LON": "-73.7974619", "FORMATTED_ADDRESS": "Cl. 4 #6-5, Sesquilé, Cundinamarca, Colombia", "LOCATION_TYPE": "ROOFTOP", "STATUS": "OK" }, "geometry": { "type": "Point", "coordinates": [ -73.7974619, 5.0436554 ] } },
{ "type": "Feature", "properties": { "Tipo Documento": "Cédula de Ciudadanía", "No Documento": "39526186", "Nombre del contribuyente": "ANA RUTH RODRIGUEZ", "Razon Social": null, "Naturaleza Juridica": "Persona Natural", "Regimen tributario": "No responsable de IVA", "Direccion": "Calle 5 # 6-58, Sesquilé, Cundinamarca, Colombia", "Estado": "ACTIVO", "LAT": "5.0449092", "LON": "-73.7974206", "FORMATTED_ADDRESS": "Cl. 5 #6-58, Sesquilé, Cundinamarca, Colombia", "LOCATION_TYPE": "ROOFTOP", "STATUS": "OK" }, "geometry": { "type": "Point", "coordinates": [ -73.7974206, 5.0449092 ] } },
{ "type": "Feature", "properties": { "Tipo Documento": "Cédula de Ciudadanía", "No Documento": "20922551", "Nombre del contribuyente": "LUZ MARINA RODRIGUEZ MUNOZ", "Razon Social": null, "Naturaleza Juridica": "Persona Natural", "Regimen tributario": "No responsable de IVA", "Direccion": "RANCHERIA, Sesquilé, Cundinamarca, Colombia", "Estado": "ACTIVO", "LAT": "4.9833299", "LON": "-73.73329", "FORMATTED_ADDRESS": "Rancheria, Sesquilé, Cundinamarca, Colombia", "LOCATION_TYPE": "APPROXIMATE", "STATUS": "OK" }, "geometry": { "type": "Point", "coordinates": [ -73.73329, 4.9833299 ] } },
{ "type": "Feature", "properties": { "Tipo Documento": "Cédula de Ciudadanía", "No Documento": "17109423", "Nombre del contribuyente": "JOSE ANGEL RODRIGUEZ SANCHEZ", "Razon Social": null, "Naturaleza Juridica": "Persona Natural", "Regimen tributario": "No responsable de IVA", "Direccion": "VDA CHALECHE - SESQUILE", "Estado": "ACTIVO", "LAT": "5.0445905", "LON": "-73.7967966", "FORMATTED_ADDRESS": "Sesquilé, Cundinamarca, Colombia", "LOCATION_TYPE": "APPROXIMATE", "STATUS": "OK" }, "geometry": { "type": "Point", "coordinates": [ -73.7967966, 5.0445905 ] } },
{ "type": "Feature", "properties": { "Tipo Documento": "Cédula de Ciudadanía", "No Documento": "3169704", "Nombre del contribuyente": "JOBANY  MARQUEZ ROMERO", "Razon Social": null, "Naturaleza Juridica": "Persona Natural", "Regimen tributario": "No responsable de IVA", "Direccion": "VEREDA BOITIVA SECTOR LA PLAYA, Sesquilé, Cundinamarca, Colombia", "Estado": "ACTIVO", "LAT": "5.054114999999999", "LON": "-73.79625", "FORMATTED_ADDRESS": "La Playa, Sesquilé, Cundinamarca, Colombia", "LOCATION_TYPE": "APPROXIMATE", "STATUS": "OK" }, "geometry": { "type": "Point", "coordinates": [ -73.79625, 5.054115 ] } },
{ "type": "Feature", "properties": { "Tipo Documento": "Cédula de Ciudadanía", "No Documento": "20650856", "Nombre del contribuyente": "MARIA  IGNACIA ROMERO", "Razon Social": null, "Naturaleza Juridica": "Persona Natural", "Regimen tributario": "Regimen Simplificado", "Direccion": "Carrera 6 # 5-4 5, Sesquilé, Cundinamarca, Colombia", "Estado": "ACTIVO", "LAT": "5.0445902", "LON": "-73.796785", "FORMATTED_ADDRESS": "Cra. 6 #5-4 5, Sesquilé, Cundinamarca, Colombia", "LOCATION_TYPE": "RANGE_INTERPOLATED", "STATUS": "OK" }, "geometry": { "type": "Point", "coordinates": [ -73.796785, 5.0445902 ] } },
{ "type": "Feature", "properties": { "Tipo Documento": "Cédula de Ciudadanía", "No Documento": "24162679", "Nombre del contribuyente": "MARTHA  ISABEL", "Razon Social": "TIENDA CASABLANCA", "Naturaleza Juridica": "Persona Natural", "Regimen tributario": "Regimen Comun", "Direccion": "VDA BOITA, Sesquilé, Cundinamarca, Colombia", "Estado": "ACTIVO", "LAT": "5.032008", "LON": "-73.800835", "FORMATTED_ADDRESS": "Vda. Gobernador, Sesquilé, Cundinamarca, Colombia", "LOCATION_TYPE": "GEOMETRIC_CENTER", "STATUS": "OK" }, "geometry": { "type": "Point", "coordinates": [ -73.800835, 5.032008 ] } },
{ "type": "Feature", "properties": { "Tipo Documento": "Cédula de Ciudadanía", "No Documento": "52418079", "Nombre del contribuyente": "FLOR ESPERANZA ORTIZ ORTIZ", "Razon Social": null, "Naturaleza Juridica": "Persona Natural", "Regimen tributario": "No responsable de IVA", "Direccion": "VEREDA BOITA, Sesquilé, Cundinamarca, Colombia", "Estado": "ACTIVO", "LAT": "5.053867299999999", "LON": "-73.80727949999999", "FORMATTED_ADDRESS": "353V+H3, Sesquilé, Cundinamarca, Colombia", "LOCATION_TYPE": "GEOMETRIC_CENTER", "STATUS": "OK" }, "geometry": { "type": "Point", "coordinates": [ -73.8072795, 5.0538673 ] } },
{ "type": "Feature", "properties": { "Tipo Documento": "Cédula de Ciudadanía", "No Documento": "3169934", "Nombre del contribuyente": "OSCAR ERNEY SALINAS  IBAGUE", "Razon Social": null, "Naturaleza Juridica": "Persona Natural", "Regimen tributario": "Regimen Simple", "Direccion": "Carrera 9 # 7-52 CL 8N-9-35, Sesquilé, Cundinamarca, Colombia", "Estado": "ACTIVO", "LAT": "5.04774", "LON": "-73.798084", "FORMATTED_ADDRESS": "Cra. 9 # 7-52, Sesquilé, Cundinamarca, Colombia", "LOCATION_TYPE": "ROOFTOP", "STATUS": "OK" }, "geometry": { "type": "Point", "coordinates": [ -73.798084, 5.04774 ] } },
{ "type": "Feature", "properties": { "Tipo Documento": "Cédula de Ciudadanía", "No Documento": "79671578", "Nombre del contribuyente": "SAMUEL LEONARDO CUSHCAGUA SANTILLAN", "Razon Social": null, "Naturaleza Juridica": "Persona Natural", "Regimen tributario": "No responsable de IVA", "Direccion": "VEREDA BOITIVA SECTOR LAS BRISAS, Sesquilé, Cundinamarca, Colombia", "Estado": "ACTIVO", "LAT": "5.0445905", "LON": "-73.7967966", "FORMATTED_ADDRESS": "Sesquilé, Cundinamarca, Colombia", "LOCATION_TYPE": "APPROXIMATE", "STATUS": "OK" }, "geometry": { "type": "Point", "coordinates": [ -73.7967966, 5.0445905 ] } },
{ "type": "Feature", "properties": { "Tipo Documento": "Cédula de Ciudadanía", "No Documento": "4568525", "Nombre del contribuyente": "JORGE ALBERTO RAMIREZ PEREIRA", "Razon Social": null, "Naturaleza Juridica": "Persona Natural", "Regimen tributario": "No responsable de IVA", "Direccion": "VEREDA BOITA, Sesquilé, Cundinamarca, Colombia", "Estado": "ACTIVO", "LAT": "5.053867299999999", "LON": "-73.80727949999999", "FORMATTED_ADDRESS": "353V+H3, Sesquilé, Cundinamarca, Colombia", "LOCATION_TYPE": "GEOMETRIC_CENTER", "STATUS": "OK" }, "geometry": { "type": "Point", "coordinates": [ -73.8072795, 5.0538673 ] } },
{ "type": "Feature", "properties": { "Tipo Documento": "Cédula de Ciudadanía", "No Documento": "1070015100", "Nombre del contribuyente": "MIGUEL ANGEL QUINTERO MALDONADO", "Razon Social": null, "Naturaleza Juridica": "Persona Natural", "Regimen tributario": "No responsable de IVA", "Direccion": "Calle 6 # 6-38, Sesquilé, Cundinamarca, Colombia", "Estado": "ACTIVO", "LAT": "5.0453659", "LON": "-73.7967781", "FORMATTED_ADDRESS": "Cl. 6 #6-38, Sesquilé, Cundinamarca, Colombia", "LOCATION_TYPE": "RANGE_INTERPOLATED", "STATUS": "OK" }, "geometry": { "type": "Point", "coordinates": [ -73.7967781, 5.0453659 ] } },
{ "type": "Feature", "properties": { "Tipo Documento": "Cédula de Ciudadanía", "No Documento": "14274634", "Nombre del contribuyente": "JAMER  MONTEALEGRE PRADA", "Razon Social": null, "Naturaleza Juridica": "Persona Natural", "Regimen tributario": "Regimen Comun", "Direccion": "Carrera 8 # 7-60, Sesquilé, Cundinamarca, Colombia", "Estado": "ACTIVO", "LAT": "5.047354800000001", "LON": "-73.7973334", "FORMATTED_ADDRESS": "Cra. 8 #7-60, Sesquilé, Cundinamarca, Colombia", "LOCATION_TYPE": "ROOFTOP", "STATUS": "OK" }, "geometry": { "type": "Point", "coordinates": [ -73.7973334, 5.0473548 ] } },
{ "type": "Feature", "properties": { "Tipo Documento": "Cédula de Ciudadanía", "No Documento": "11210963", "Nombre del contribuyente": "LINDOLFO  QUIROGA PEREZ", "Razon Social": null, "Naturaleza Juridica": "Persona Natural", "Regimen tributario": "No responsable de IVA", "Direccion": "VEREDA BOITA, Sesquilé, Cundinamarca, Colombia", "Estado": "ACTIVO", "LAT": "5.053867299999999", "LON": "-73.80727949999999", "FORMATTED_ADDRESS": "353V+H3, Sesquilé, Cundinamarca, Colombia", "LOCATION_TYPE": "GEOMETRIC_CENTER", "STATUS": "OK" }, "geometry": { "type": "Point", "coordinates": [ -73.8072795, 5.0538673 ] } },
{ "type": "Feature", "properties": { "Tipo Documento": "Cédula de Ciudadanía", "No Documento": "43637212", "Nombre del contribuyente": "OLGA LUCIA TORRES GASPAR", "Razon Social": null, "Naturaleza Juridica": "Persona Natural", "Regimen tributario": "Regimen Comun", "Direccion": "BOITA CENTRO, Sesquilé, Cundinamarca, Colombia", "Estado": "ACTIVO", "LAT": "5.053867299999999", "LON": "-73.80727949999999", "FORMATTED_ADDRESS": "353V+H3, Sesquilé, Cundinamarca, Colombia", "LOCATION_TYPE": "GEOMETRIC_CENTER", "STATUS": "OK" }, "geometry": { "type": "Point", "coordinates": [ -73.8072795, 5.0538673 ] } },
{ "type": "Feature", "properties": { "Tipo Documento": "Cédula de Ciudadanía", "No Documento": "21021526", "Nombre del contribuyente": "ALBA CECILIA MONTAÑO MARTINEZ", "Razon Social": null, "Naturaleza Juridica": "Persona Natural", "Regimen tributario": "Regimen Simplificado", "Direccion": "Calle 3 # 2-21 VDA BOITA, Sesquilé, Cundinamarca, Colombia", "Estado": "ACTIVO", "LAT": "5.0432869", "LON": "-73.798247", "FORMATTED_ADDRESS": "Cl. 3 #2 40, Sesquilé, Cundinamarca, Colombia", "LOCATION_TYPE": "ROOFTOP", "STATUS": "OK" }, "geometry": { "type": "Point", "coordinates": [ -73.798247, 5.0432869 ] } },
{ "type": "Feature", "properties": { "Tipo Documento": "Cédula de Ciudadanía", "No Documento": "1130659382", "Nombre del contribuyente": "ANGELA VIVIANA ARENAS MUETE", "Razon Social": null, "Naturaleza Juridica": "Persona Natural", "Regimen tributario": "No responsable de IVA", "Direccion": "Calle 5 # 6-78, Sesquilé, Cundinamarca, Colombia", "Estado": "ACTIVO", "LAT": "5.0449705", "LON": "-73.7975209", "FORMATTED_ADDRESS": "Cl. 5 #6-78, Sesquilé, Cundinamarca, Colombia", "LOCATION_TYPE": "ROOFTOP", "STATUS": "OK" }, "geometry": { "type": "Point", "coordinates": [ -73.7975209, 5.0449705 ] } },
{ "type": "Feature", "properties": { "Tipo Documento": "Cédula de Ciudadanía", "No Documento": "77", "Nombre del contribuyente": "RAFAEL LATORRE IGNACIO", "Razon Social": "MADERAS Y ALISTADOS SESQUILE", "Naturaleza Juridica": "Persona Natural", "Regimen tributario": "Regimen Comun", "Direccion": "Calle 4 # 6-11, Sesquilé, Cundinamarca, Colombia", "Estado": "ACTIVO", "LAT": "5.0436638", "LON": "-73.7973547", "FORMATTED_ADDRESS": "Cl. 4 #6-11, Sesquilé, Cundinamarca, Colombia", "LOCATION_TYPE": "ROOFTOP", "STATUS": "OK" }, "geometry": { "type": "Point", "coordinates": [ -73.7973547, 5.0436638 ] } },
{ "type": "Feature", "properties": { "Tipo Documento": "Cédula de Ciudadanía", "No Documento": "1071330527", "Nombre del contribuyente": "Fredy Alonso Prieto Sarmiento", "Razon Social": null, "Naturaleza Juridica": "Persona Natural", "Regimen tributario": "No responsable de IVA", "Direccion": "Calle 7 # 4-65, Sesquilé, Cundinamarca, Colombia", "Estado": "ACTIVO", "LAT": "5.0453565", "LON": "-73.79554830000001", "FORMATTED_ADDRESS": "Cl. 7 #4-65, Sesquilé, Cundinamarca, Colombia", "LOCATION_TYPE": "ROOFTOP", "STATUS": "OK" }, "geometry": { "type": "Point", "coordinates": [ -73.7955483, 5.0453565 ] } },
{ "type": "Feature", "properties": { "Tipo Documento": "Cédula de Ciudadanía", "No Documento": "11210630", "Nombre del contribuyente": "WILSON GIOVANNI VILLALOBOS VELASQUEZ", "Razon Social": null, "Naturaleza Juridica": "Persona Natural", "Regimen tributario": "No responsable de IVA", "Direccion": "Carrera 6 # 3-13, Sesquilé, Cundinamarca, Colombia", "Estado": "ACTIVO", "LAT": "5.043039", "LON": "-73.797635", "FORMATTED_ADDRESS": "Cra. 6 # 3-13, Sesquilé, Cundinamarca, Colombia", "LOCATION_TYPE": "ROOFTOP", "STATUS": "OK" }, "geometry": { "type": "Point", "coordinates": [ -73.797635, 5.043039 ] } },
{ "type": "Feature", "properties": { "Tipo Documento": "Cédula de Ciudadanía", "No Documento": "20921774", "Nombre del contribuyente": "ANA ELVIA VILLALOBOS  DE SANCHEZ", "Razon Social": null, "Naturaleza Juridica": "Persona Natural", "Regimen tributario": "No responsable de IVA", "Direccion": "Calle 6 # 9-06, Sesquilé, Cundinamarca, Colombia", "Estado": "ACTIVO", "LAT": "5.046744299999999", "LON": "-73.79894469999999", "FORMATTED_ADDRESS": "Cl. 6 #9-06, Sesquilé, Cundinamarca, Colombia", "LOCATION_TYPE": "ROOFTOP", "STATUS": "OK" }, "geometry": { "type": "Point", "coordinates": [ -73.7989447, 5.0467443 ] } },
{ "type": "Feature", "properties": { "Tipo Documento": "Cédula de Ciudadanía", "No Documento": "11200059", "Nombre del contribuyente": "JORGE ELIECER REYES CASTILLO", "Razon Social": null, "Naturaleza Juridica": "Persona Natural", "Regimen tributario": "No responsable de IVA", "Direccion": "VDA BOITA, Sesquilé, Cundinamarca, Colombia", "Estado": "ACTIVO", "LAT": "5.032008", "LON": "-73.800835", "FORMATTED_ADDRESS": "Vda. Gobernador, Sesquilé, Cundinamarca, Colombia", "LOCATION_TYPE": "GEOMETRIC_CENTER", "STATUS": "OK" }, "geometry": { "type": "Point", "coordinates": [ -73.800835, 5.032008 ] } },
{ "type": "Feature", "properties": { "Tipo Documento": "Cédula de Ciudadanía", "No Documento": "20723464", "Nombre del contribuyente": "MARIA LEONOR SASTOQUE TRIANA", "Razon Social": null, "Naturaleza Juridica": "Persona Natural", "Regimen tributario": "No responsable de IVA", "Direccion": "Carrera 8 # 5-65, Sesquilé, Cundinamarca, Colombia", "Estado": "ACTIVO", "LAT": "5.0460764", "LON": "-73.798373", "FORMATTED_ADDRESS": "Cra. 8 #5-65, Sesquilé, Cundinamarca, Colombia", "LOCATION_TYPE": "ROOFTOP", "STATUS": "OK" }, "geometry": { "type": "Point", "coordinates": [ -73.798373, 5.0460764 ] } },
{ "type": "Feature", "properties": { "Tipo Documento": "Cédula de Ciudadanía", "No Documento": "20923136", "Nombre del contribuyente": "SONIA ROSMELI MUÑOZ RODRIGUEZ", "Razon Social": null, "Naturaleza Juridica": "Persona Natural", "Regimen tributario": "Regimen Simplificado", "Direccion": "Carrera 7 # 5-95, Sesquilé, Cundinamarca, Colombia", "Estado": "ACTIVO", "LAT": "5.0456638", "LON": "-73.7977623", "FORMATTED_ADDRESS": "Cra. 7 # 5-95, Sesquilé, Cundinamarca, Colombia", "LOCATION_TYPE": "ROOFTOP", "STATUS": "OK" }, "geometry": { "type": "Point", "coordinates": [ -73.7977623, 5.0456638 ] } },
{ "type": "Feature", "properties": { "Tipo Documento": "Cédula de Ciudadanía", "No Documento": "1071329887", "Nombre del contribuyente": "YURI ANDREA JUZGA JIMENEZ", "Razon Social": null, "Naturaleza Juridica": "Persona Natural", "Regimen tributario": "Regimen Simplificado", "Direccion": "Carrera 6 # 3-88, Sesquilé, Cundinamarca, Colombia", "Estado": "ACTIVO", "LAT": "5.0434401", "LON": "-73.7972527", "FORMATTED_ADDRESS": "Cra. 6 #3-88, Sesquilé, Cundinamarca, Colombia", "LOCATION_TYPE": "RANGE_INTERPOLATED", "STATUS": "OK" }, "geometry": { "type": "Point", "coordinates": [ -73.7972527, 5.0434401 ] } },
{ "type": "Feature", "properties": { "Tipo Documento": "Cédula de Ciudadanía", "No Documento": "20923568", "Nombre del contribuyente": "YURI ALEXANDRA RODRIGUEZ RODRIGUEZ", "Razon Social": null, "Naturaleza Juridica": "Persona Natural", "Regimen tributario": "No responsable de IVA", "Direccion": "Carrera 6 # 4-36, Sesquilé, Cundinamarca, Colombia", "Estado": "ACTIVO", "LAT": "5.043851000000001", "LON": "-73.79709", "FORMATTED_ADDRESS": "Cra. 6 # 4-36, Sesquilé, Cundinamarca, Colombia", "LOCATION_TYPE": "ROOFTOP", "STATUS": "OK" }, "geometry": { "type": "Point", "coordinates": [ -73.79709, 5.043851 ] } },
{ "type": "Feature", "properties": { "Tipo Documento": "Cédula de Ciudadanía", "No Documento": "1049661563", "Nombre del contribuyente": "YURLEY MERCEDES MARTINEZ", "Razon Social": null, "Naturaleza Juridica": "Persona Natural", "Regimen tributario": "No responsable de IVA", "Direccion": "CL 6 6 58 / VEREDA BOITIVA, Sesquilé, Cundinamarca, Colombia", "Estado": "ACTIVO", "LAT": "5.045342", "LON": "-73.79696799999999", "FORMATTED_ADDRESS": "Cl. 6 # 6-58, Sesquilé, Cundinamarca, Colombia", "LOCATION_TYPE": "ROOFTOP", "STATUS": "OK" }, "geometry": { "type": "Point", "coordinates": [ -73.796968, 5.045342 ] } },
{ "type": "Feature", "properties": { "Tipo Documento": "Cédula de Ciudadanía", "No Documento": "52152639", "Nombre del contribuyente": "MARTHA LUCIA LOVERA JUZGA", "Razon Social": null, "Naturaleza Juridica": "Persona Natural", "Regimen tributario": "No responsable de IVA", "Direccion": "Carrera 4 # 4-10, Sesquilé, Cundinamarca, Colombia", "Estado": "ACTIVO", "LAT": "5.043143", "LON": "-73.796078", "FORMATTED_ADDRESS": "Cra. 4 # 4-10, Sesquilé, Cundinamarca, Colombia", "LOCATION_TYPE": "ROOFTOP", "STATUS": "OK" }, "geometry": { "type": "Point", "coordinates": [ -73.796078, 5.043143 ] } },
{ "type": "Feature", "properties": { "Tipo Documento": "NIT", "No Documento": "900695307", "Nombre del contribuyente": "CASALILA SAS  DIEGO FELIPE BUITRAGO UMAÑA", "Razon Social": null, "Naturaleza Juridica": "Persona Natural", "Regimen tributario": "Regimen Comun", "Direccion": "Carrera 22 # 168-23 VDA NESCUATA, Sesquilé, Cundinamarca, Colombia", "Estado": "ACTIVO", "LAT": "5.032008", "LON": "-73.800835", "FORMATTED_ADDRESS": "Vda. Gobernador, Sesquilé, Cundinamarca, Colombia", "LOCATION_TYPE": "GEOMETRIC_CENTER", "STATUS": "OK" }, "geometry": { "type": "Point", "coordinates": [ -73.800835, 5.032008 ] } },
{ "type": "Feature", "properties": { "Tipo Documento": "Cédula de Ciudadanía", "No Documento": "20923519", "Nombre del contribuyente": "MARIA MAGDALENA RODRIGUEZ BERNAL", "Razon Social": "DROGUERIA SESQUIFARMA", "Naturaleza Juridica": "Persona Natural", "Regimen tributario": "Regimen Comun", "Direccion": "Carrera 5 # 4-86, Sesquilé, Cundinamarca, Colombia", "Estado": "ACTIVO", "LAT": "5.044028", "LON": "-73.796335", "FORMATTED_ADDRESS": "Cra. 5 # 4-86, Sesquilé, Cundinamarca, Colombia", "LOCATION_TYPE": "ROOFTOP", "STATUS": "OK" }, "geometry": { "type": "Point", "coordinates": [ -73.796335, 5.044028 ] } },
{ "type": "Feature", "properties": { "Tipo Documento": "Cédula de Ciudadanía", "No Documento": "3188959", "Nombre del contribuyente": "DIEGO OCTAVIO PAEZ", "Razon Social": null, "Naturaleza Juridica": "Persona Natural", "Regimen tributario": "Regimen Simplificado", "Direccion": "Calle 5 # 6-44, Sesquilé, Cundinamarca, Colombia", "Estado": "ACTIVO", "LAT": "5.0447421", "LON": "-73.7971032", "FORMATTED_ADDRESS": "Cl. 5 #6-44, Sesquilé, Cundinamarca, Colombia", "LOCATION_TYPE": "ROOFTOP", "STATUS": "OK" }, "geometry": { "type": "Point", "coordinates": [ -73.7971032, 5.0447421 ] } },
{ "type": "Feature", "properties": { "Tipo Documento": "NIT", "No Documento": "860526603", "Nombre del contribuyente": "SEGURIDAD EL PENTAGONO COLOMBIANO LTDA", "Razon Social": "SEPECOL LTDA", "Naturaleza Juridica": "Persona Natural", "Regimen tributario": "Regimen Comun", "Direccion": "Calle 83 # 24-78, Sesquilé, Cundinamarca, Colombia", "Estado": "ACTIVO", "LAT": "5.0445905", "LON": "-73.7967966", "FORMATTED_ADDRESS": "Sesquilé, Cundinamarca, Colombia", "LOCATION_TYPE": "APPROXIMATE", "STATUS": "OK" }, "geometry": { "type": "Point", "coordinates": [ -73.7967966, 5.0445905 ] } },
{ "type": "Feature", "properties": { "Tipo Documento": "Cédula de Ciudadanía", "No Documento": "1071329790", "Nombre del contribuyente": "CARLOS MAURICIO PINILLA AVILA", "Razon Social": null, "Naturaleza Juridica": "Persona Natural", "Regimen tributario": "No responsable de IVA", "Direccion": "Carrera 6 # 4-50, Sesquilé, Cundinamarca, Colombia", "Estado": "ACTIVO", "LAT": "5.0439892", "LON": "-73.797038", "FORMATTED_ADDRESS": "Cra. 6 #4-50, Sesquilé, Cundinamarca, Colombia", "LOCATION_TYPE": "ROOFTOP", "STATUS": "OK" }, "geometry": { "type": "Point", "coordinates": [ -73.797038, 5.0439892 ] } },
{ "type": "Feature", "properties": { "Tipo Documento": "Cédula de Ciudadanía", "No Documento": "52158466", "Nombre del contribuyente": "ADRIANA  MARIA JARAMILLO ANGARITA", "Razon Social": null, "Naturaleza Juridica": "Persona Natural", "Regimen tributario": "Regimen Simple", "Direccion": "Carrera 6 # 3-65, Sesquilé, Cundinamarca, Colombia", "Estado": "ACTIVO", "LAT": "5.0434113", "LON": "-73.7974303", "FORMATTED_ADDRESS": "Cra. 6 #3-65, Sesquilé, Cundinamarca, Colombia", "LOCATION_TYPE": "ROOFTOP", "STATUS": "OK" }, "geometry": { "type": "Point", "coordinates": [ -73.7974303, 5.0434113 ] } },
{ "type": "Feature", "properties": { "Tipo Documento": "Cédula de Ciudadanía", "No Documento": "1071329135", "Nombre del contribuyente": "LIEZEL XIMENA BERNAL RODRIGUEZ", "Razon Social": null, "Naturaleza Juridica": "Persona Natural", "Regimen tributario": "No responsable de IVA", "Direccion": "Carrera 6 # 6-29, Sesquilé, Cundinamarca, Colombia", "Estado": "ACTIVO", "LAT": "5.0454077", "LON": "-73.79666759999999", "FORMATTED_ADDRESS": "Cra. 6 #6-29, Sesquilé, Cundinamarca, Colombia", "LOCATION_TYPE": "RANGE_INTERPOLATED", "STATUS": "OK" }, "geometry": { "type": "Point", "coordinates": [ -73.7966676, 5.0454077 ] } },
{ "type": "Feature", "properties": { "Tipo Documento": "Cédula de Ciudadanía", "No Documento": "80758775", "Nombre del contribuyente": "DIEGO ALEJANDRO MARTINEZ MONCADA", "Razon Social": null, "Naturaleza Juridica": "Persona Natural", "Regimen tributario": "No responsable de IVA", "Direccion": "Calle 5 # 7-05, Sesquilé, Cundinamarca, Colombia", "Estado": "ACTIVO", "LAT": "5.0450691", "LON": "-73.7980249", "FORMATTED_ADDRESS": "Cl. 5 #7-05, Sesquilé, Cundinamarca, Colombia", "LOCATION_TYPE": "ROOFTOP", "STATUS": "OK" }, "geometry": { "type": "Point", "coordinates": [ -73.7980249, 5.0450691 ] } },
{ "type": "Feature", "properties": { "Tipo Documento": "Cédula de Ciudadanía", "No Documento": "1019125423", "Nombre del contribuyente": "JUAN ESTEBAN RUIZ PEÑA", "Razon Social": null, "Naturaleza Juridica": "Persona Natural", "Regimen tributario": "Regimen Comun", "Direccion": "Calle 7 # 8-02 LC, Sesquilé, Cundinamarca, Colombia", "Estado": "ACTIVO", "LAT": "5.046972999999999", "LON": "-73.79777299999999", "FORMATTED_ADDRESS": "Cl. 7 # 8-2, Sesquilé, Cundinamarca, Colombia", "LOCATION_TYPE": "ROOFTOP", "STATUS": "OK" }, "geometry": { "type": "Point", "coordinates": [ -73.797773, 5.046973 ] } },
{ "type": "Feature", "properties": { "Tipo Documento": "NIT", "No Documento": "1056955022", "Nombre del contribuyente": "EVARISTO  BARRANTES FARFAN", "Razon Social": null, "Naturaleza Juridica": "Persona Natural", "Regimen tributario": "Regimen Comun", "Direccion": "VDA BOITA, Sesquilé, Cundinamarca, Colombia", "Estado": "ACTIVO", "LAT": "5.032008", "LON": "-73.800835", "FORMATTED_ADDRESS": "Vda. Gobernador, Sesquilé, Cundinamarca, Colombia", "LOCATION_TYPE": "GEOMETRIC_CENTER", "STATUS": "OK" }, "geometry": { "type": "Point", "coordinates": [ -73.800835, 5.032008 ] } },
{ "type": "Feature", "properties": { "Tipo Documento": "Cédula de Ciudadanía", "No Documento": "20911437", "Nombre del contribuyente": "DORY ESPERANZA TEJERO CHAUTA", "Razon Social": null, "Naturaleza Juridica": "Persona Natural", "Regimen tributario": "Regimen Comun", "Direccion": "Calle 6 # 6-96, Sesquilé, Cundinamarca, Colombia", "Estado": "ACTIVO", "LAT": "5.045561999999999", "LON": "-73.79728", "FORMATTED_ADDRESS": "Cl. 6 # 6-96, Sesquilé, Cundinamarca, Colombia", "LOCATION_TYPE": "ROOFTOP", "STATUS": "OK" }, "geometry": { "type": "Point", "coordinates": [ -73.79728, 5.045562 ] } },
{ "type": "Feature", "properties": { "Tipo Documento": "Cédula de Ciudadanía", "No Documento": "3188372", "Nombre del contribuyente": "CLUB DEPORTIVO EL IMPERIO DEL FUTBOL", "Razon Social": "CLUB DEPORTIVO EL IMPERIO DEL FUTBOL", "Naturaleza Juridica": "Persona Natural", "Regimen tributario": "Regimen Comun", "Direccion": "Carrera 8 # 06-39, Sesquilé, Cundinamarca, Colombia", "Estado": "ACTIVO", "LAT": "5.044633999999999", "LON": "-73.799052", "FORMATTED_ADDRESS": "Cra. 8 # 4-6, Sesquilé, Cundinamarca, Colombia", "LOCATION_TYPE": "ROOFTOP", "STATUS": "OK" }, "geometry": { "type": "Point", "coordinates": [ -73.799052, 5.044634 ] } },
{ "type": "Feature", "properties": { "Tipo Documento": "Cédula de Ciudadanía", "No Documento": "20923920", "Nombre del contribuyente": "LUZ MIRYAM MARTINEZ RODRIGUEZ", "Razon Social": null, "Naturaleza Juridica": "Persona Natural", "Regimen tributario": "No responsable de IVA", "Direccion": "Calle 4 # 4-32, Sesquilé, Cundinamarca, Colombia", "Estado": "ACTIVO", "LAT": "5.043277000000001", "LON": "-73.796373", "FORMATTED_ADDRESS": "Cl. 4 # 4-32, Sesquilé, Cundinamarca, Colombia", "LOCATION_TYPE": "ROOFTOP", "STATUS": "OK" }, "geometry": { "type": "Point", "coordinates": [ -73.796373, 5.043277 ] } },
{ "type": "Feature", "properties": { "Tipo Documento": "Cédula de Ciudadanía", "No Documento": "80393840", "Nombre del contribuyente": "ELICEO MORENO RICO", "Razon Social": "CABAÑAS ALASKA", "Naturaleza Juridica": "Persona Natural", "Regimen tributario": "Regimen Comun", "Direccion": "VEREDA ESPIGAS, Sesquilé, Cundinamarca, Colombia", "Estado": "ACTIVO", "LAT": "5.0556183", "LON": "-73.7794017", "FORMATTED_ADDRESS": "364C+66, Sesquilé, Cundinamarca, Colombia", "LOCATION_TYPE": "GEOMETRIC_CENTER", "STATUS": "OK" }, "geometry": { "type": "Point", "coordinates": [ -73.7794017, 5.0556183 ] } },
{ "type": "Feature", "properties": { "Tipo Documento": "Cédula de Ciudadanía", "No Documento": "80395193", "Nombre del contribuyente": "JAIME ENRIQUE CASTAÑEDA HERRERA", "Razon Social": "TIENDA LA ESPERANZA - SECTOR LA GALLERA-", "Naturaleza Juridica": "Persona Natural", "Regimen tributario": "Regimen Comun", "Direccion": "VDA NESCUATA SECTOR LA GALLERA, Sesquilé, Cundinamarca, Colombia", "Estado": "ACTIVO", "LAT": "5.032008", "LON": "-73.800835", "FORMATTED_ADDRESS": "Vda. Gobernador, Sesquilé, Cundinamarca, Colombia", "LOCATION_TYPE": "GEOMETRIC_CENTER", "STATUS": "OK" }, "geometry": { "type": "Point", "coordinates": [ -73.800835, 5.032008 ] } },
{ "type": "Feature", "properties": { "Tipo Documento": "Cédula de Ciudadanía", "No Documento": "53910166", "Nombre del contribuyente": "DIANA MILENA ROBAYO LOPEZ", "Razon Social": null, "Naturaleza Juridica": "Persona Natural", "Regimen tributario": "No responsable de IVA", "Direccion": "Calle 6N. 6 41 INT 2, Sesquilé, Cundinamarca, Colombia", "Estado": "ACTIVO", "LAT": "5.0445905", "LON": "-73.7967966", "FORMATTED_ADDRESS": "Sesquilé, Cundinamarca, Colombia", "LOCATION_TYPE": "APPROXIMATE", "STATUS": "OK" }, "geometry": { "type": "Point", "coordinates": [ -73.7967966, 5.0445905 ] } },
{ "type": "Feature", "properties": { "Tipo Documento": "Cédula de Ciudadanía", "No Documento": "79324653", "Nombre del contribuyente": "JULIAN   ACUÑA  AGUIRRE", "Razon Social": null, "Naturaleza Juridica": "Persona Natural", "Regimen tributario": "Regimen Comun", "Direccion": "VDA GOBERNADOR, Sesquilé, Cundinamarca, Colombia", "Estado": "ACTIVO", "LAT": "5.032008", "LON": "-73.800835", "FORMATTED_ADDRESS": "Vda. Gobernador, Sesquilé, Cundinamarca, Colombia", "LOCATION_TYPE": "GEOMETRIC_CENTER", "STATUS": "OK" }, "geometry": { "type": "Point", "coordinates": [ -73.800835, 5.032008 ] } },
{ "type": "Feature", "properties": { "Tipo Documento": "Cédula de Ciudadanía", "No Documento": "51930400", "Nombre del contribuyente": "ELSA MIRIAM CAÑON SIERRA", "Razon Social": null, "Naturaleza Juridica": "Persona Natural", "Regimen tributario": "Regimen Simplificado", "Direccion": "VDA BOITIVA, Sesquilé, Cundinamarca, Colombia", "Estado": "ACTIVO", "LAT": "5.0445905", "LON": "-73.7967966", "FORMATTED_ADDRESS": "Sesquilé, Cundinamarca, Colombia", "LOCATION_TYPE": "APPROXIMATE", "STATUS": "OK" }, "geometry": { "type": "Point", "coordinates": [ -73.7967966, 5.0445905 ] } },
{ "type": "Feature", "properties": { "Tipo Documento": "Cédula de Ciudadanía", "No Documento": "80396484", "Nombre del contribuyente": "WILLIAM ENRIQUE PALACINO BERNAL", "Razon Social": null, "Naturaleza Juridica": "Persona Natural", "Regimen tributario": "No responsable de IVA", "Direccion": "Carrera 5 # 3-31, Sesquilé, Cundinamarca, Colombia", "Estado": "ACTIVO", "LAT": "5.0428516", "LON": "-73.79720689999999", "FORMATTED_ADDRESS": "Cra. 5 #3-31, Sesquilé, Cundinamarca, Colombia", "LOCATION_TYPE": "ROOFTOP", "STATUS": "OK" }, "geometry": { "type": "Point", "coordinates": [ -73.7972069, 5.0428516 ] } },
{ "type": "Feature", "properties": { "Tipo Documento": "Cédula de Ciudadanía", "No Documento": "1071330103", "Nombre del contribuyente": "BRYANT ANDRES BOJACA MACHUCA", "Razon Social": null, "Naturaleza Juridica": "Persona Natural", "Regimen tributario": "No responsable de IVA", "Direccion": "Calle 4 # 8-17, Sesquilé, Cundinamarca, Colombia", "Estado": "ACTIVO", "LAT": "5.044446900000001", "LON": "-73.79916709999999", "FORMATTED_ADDRESS": "Cl. 4 #8-17, Sesquilé, Cundinamarca, Colombia", "LOCATION_TYPE": "ROOFTOP", "STATUS": "OK" }, "geometry": { "type": "Point", "coordinates": [ -73.7991671, 5.0444469 ] } },
{ "type": "Feature", "properties": { "Tipo Documento": "Cédula de Ciudadanía", "No Documento": "20651988", "Nombre del contribuyente": "FLOR MATILDE VELANDIA GARCIA", "Razon Social": "CLUB DE TEJO COVADONGA SESQUILE", "Naturaleza Juridica": "Persona Natural", "Regimen tributario": "Regimen Comun", "Direccion": "Calle 4 # 6-56, Sesquilé, Cundinamarca, Colombia", "Estado": "ACTIVO", "LAT": "5.0440666", "LON": "-73.7975637", "FORMATTED_ADDRESS": "Cl. 4 #6 56, Sesquilé, Cundinamarca, Colombia", "LOCATION_TYPE": "ROOFTOP", "STATUS": "OK" }, "geometry": { "type": "Point", "coordinates": [ -73.7975637, 5.0440666 ] } },
{ "type": "Feature", "properties": { "Tipo Documento": "Cédula de Ciudadanía", "No Documento": "24070400", "Nombre del contribuyente": "MARINELDA  CHIRIVI MOTAVITA", "Razon Social": null, "Naturaleza Juridica": "Persona Natural", "Regimen tributario": "No responsable de IVA", "Direccion": "VEREDA BOITA, Sesquilé, Cundinamarca, Colombia", "Estado": "ACTIVO", "LAT": "5.053867299999999", "LON": "-73.80727949999999", "FORMATTED_ADDRESS": "353V+H3, Sesquilé, Cundinamarca, Colombia", "LOCATION_TYPE": "GEOMETRIC_CENTER", "STATUS": "OK" }, "geometry": { "type": "Point", "coordinates": [ -73.8072795, 5.0538673 ] } },
{ "type": "Feature", "properties": { "Tipo Documento": "Cédula de Ciudadanía", "No Documento": "383980", "Nombre del contribuyente": "JORGE ARNULFO JUZGA GOMEZ", "Razon Social": null, "Naturaleza Juridica": "Persona Natural", "Regimen tributario": "No responsable de IVA", "Direccion": "Calle 5 # 5-39, Sesquilé, Cundinamarca, Colombia", "Estado": "ACTIVO", "LAT": "5.044441", "LON": "-73.796609", "FORMATTED_ADDRESS": "Cl. 5 # 5-39, Sesquilé, Cundinamarca, Colombia", "LOCATION_TYPE": "ROOFTOP", "STATUS": "OK" }, "geometry": { "type": "Point", "coordinates": [ -73.796609, 5.044441 ] } },
{ "type": "Feature", "properties": { "Tipo Documento": "Cédula de Ciudadanía", "No Documento": "52029189", "Nombre del contribuyente": "ANA GLADYS  PARROQUIANO ALDANA", "Razon Social": null, "Naturaleza Juridica": "Persona Natural", "Regimen tributario": "No responsable de IVA", "Direccion": "VEREDA BOITA, Sesquilé, Cundinamarca, Colombia", "Estado": "ACTIVO", "LAT": "5.053867299999999", "LON": "-73.80727949999999", "FORMATTED_ADDRESS": "353V+H3, Sesquilé, Cundinamarca, Colombia", "LOCATION_TYPE": "GEOMETRIC_CENTER", "STATUS": "OK" }, "geometry": { "type": "Point", "coordinates": [ -73.8072795, 5.0538673 ] } },
{ "type": "Feature", "properties": { "Tipo Documento": "Cédula de Ciudadanía", "No Documento": "1020749833", "Nombre del contribuyente": "LEIDY PAOLA SOLANO BRAVO", "Razon Social": null, "Naturaleza Juridica": "Persona Natural", "Regimen tributario": "Regimen Simplificado", "Direccion": "VEREDA BOITA, Sesquilé, Cundinamarca, Colombia", "Estado": "ACTIVO", "LAT": "5.053867299999999", "LON": "-73.80727949999999", "FORMATTED_ADDRESS": "353V+H3, Sesquilé, Cundinamarca, Colombia", "LOCATION_TYPE": "GEOMETRIC_CENTER", "STATUS": "OK" }, "geometry": { "type": "Point", "coordinates": [ -73.8072795, 5.0538673 ] } },
{ "type": "Feature", "properties": { "Tipo Documento": "Cédula de Ciudadanía", "No Documento": "1121895722", "Nombre del contribuyente": "NELSON JULIAN QUINTERO CASTIBLANCO", "Razon Social": null, "Naturaleza Juridica": "Persona Natural", "Regimen tributario": "No responsable de IVA", "Direccion": "Carrera 6 # 4-71, Sesquilé, Cundinamarca, Colombia", "Estado": "ACTIVO", "LAT": "5.044290999999999", "LON": "-73.796942", "FORMATTED_ADDRESS": "Cra. 6 # 4-71, Sesquilé, Cundinamarca, Colombia", "LOCATION_TYPE": "ROOFTOP", "STATUS": "OK" }, "geometry": { "type": "Point", "coordinates": [ -73.796942, 5.044291 ] } },
{ "type": "Feature", "properties": { "Tipo Documento": "Cédula de Ciudadanía", "No Documento": "1070009905", "Nombre del contribuyente": "JESSICA JISETH MUÑOZ PINTO", "Razon Social": null, "Naturaleza Juridica": "Persona Natural", "Regimen tributario": "No responsable de IVA", "Direccion": "Calle 6N. 5 - 46 48, Sesquilé, Cundinamarca, Colombia", "Estado": "ACTIVO", "LAT": "5.0445905", "LON": "-73.7967966", "FORMATTED_ADDRESS": "Sesquilé, Cundinamarca, Colombia", "LOCATION_TYPE": "APPROXIMATE", "STATUS": "OK" }, "geometry": { "type": "Point", "coordinates": [ -73.7967966, 5.0445905 ] } },
{ "type": "Feature", "properties": { "Tipo Documento": "Cédula de Ciudadanía", "No Documento": "1071329588", "Nombre del contribuyente": "CRISTIAN FELIPE MUÑOZ RUIZ", "Razon Social": "LICORERA M & Q", "Naturaleza Juridica": "Persona Natural", "Regimen tributario": "Regimen Comun", "Direccion": "Calle 7 # 3-31, Sesquilé, Cundinamarca, Colombia", "Estado": "ACTIVO", "LAT": "5.0448683", "LON": "-73.7945594", "FORMATTED_ADDRESS": "Cl. 7 # 3-31, Sesquilé, Cundinamarca, Colombia", "LOCATION_TYPE": "ROOFTOP", "STATUS": "OK" }, "geometry": { "type": "Point", "coordinates": [ -73.7945594, 5.0448683 ] } },
{ "type": "Feature", "properties": { "Tipo Documento": "Cédula de Ciudadanía", "No Documento": "1071330626", "Nombre del contribuyente": "MARIA  ROXANA RUA GUTIERREZ", "Razon Social": null, "Naturaleza Juridica": "Persona Natural", "Regimen tributario": "Regimen Simple", "Direccion": "VDA NESCUATA SECTOR LA VILLA, Sesquilé, Cundinamarca, Colombia", "Estado": "ACTIVO", "LAT": "5.032008", "LON": "-73.800835", "FORMATTED_ADDRESS": "Vda. Gobernador, Sesquilé, Cundinamarca, Colombia", "LOCATION_TYPE": "GEOMETRIC_CENTER", "STATUS": "OK" }, "geometry": { "type": "Point", "coordinates": [ -73.800835, 5.032008 ] } },
{ "type": "Feature", "properties": { "Tipo Documento": "Cédula de Ciudadanía", "No Documento": "1032429371", "Nombre del contribuyente": "NUBIA  BEATRIZ  CARO  PUENTES", "Razon Social": null, "Naturaleza Juridica": "Persona Natural", "Regimen tributario": "Regimen Comun", "Direccion": "Calle 17A # 69B-74 BRR MONTEVIDEO, Sesquilé, Cundinamarca, Colombia", "Estado": "ACTIVO", "LAT": "5.0445905", "LON": "-73.7967966", "FORMATTED_ADDRESS": "Sesquilé, Cundinamarca, Colombia", "LOCATION_TYPE": "APPROXIMATE", "STATUS": "OK" }, "geometry": { "type": "Point", "coordinates": [ -73.7967966, 5.0445905 ] } },
{ "type": "Feature", "properties": { "Tipo Documento": "Cédula de Ciudadanía", "No Documento": "1077092827", "Nombre del contribuyente": "MARIA PAULA VEGA CASTRO", "Razon Social": null, "Naturaleza Juridica": "Persona Natural", "Regimen tributario": "No responsable de IVA", "Direccion": "FCA LOS ALPES VEREDA CHALECHE SESQUILE", "Estado": "ACTIVO", "LAT": "5.0445905", "LON": "-73.7967966", "FORMATTED_ADDRESS": "Sesquilé, Cundinamarca, Colombia", "LOCATION_TYPE": "APPROXIMATE", "STATUS": "OK" }, "geometry": { "type": "Point", "coordinates": [ -73.7967966, 5.0445905 ] } },
{ "type": "Feature", "properties": { "Tipo Documento": "Cédula de Ciudadanía", "No Documento": "11210593", "Nombre del contribuyente": "URIEL ANTONIO PRIETO GUTIERREZ", "Razon Social": null, "Naturaleza Juridica": "Persona Natural", "Regimen tributario": "No responsable de IVA", "Direccion": "VDA BOITIVA FINCA SAN JORGE, Sesquilé, Cundinamarca, Colombia", "Estado": "ACTIVO", "LAT": "5.0445905", "LON": "-73.7967966", "FORMATTED_ADDRESS": "Sesquilé, Cundinamarca, Colombia", "LOCATION_TYPE": "APPROXIMATE", "STATUS": "OK" }, "geometry": { "type": "Point", "coordinates": [ -73.7967966, 5.0445905 ] } },
{ "type": "Feature", "properties": { "Tipo Documento": "Cédula de Ciudadanía", "No Documento": "37749241", "Nombre del contribuyente": "MARIA SMITH DUEÑAS", "Razon Social": null, "Naturaleza Juridica": "Persona Natural", "Regimen tributario": "No responsable de IVA", "Direccion": "SIATOYA, Sesquilé, Cundinamarca, Colombia", "Estado": "ACTIVO", "LAT": "5.0445905", "LON": "-73.7967966", "FORMATTED_ADDRESS": "Sesquilé, Cundinamarca, Colombia", "LOCATION_TYPE": "APPROXIMATE", "STATUS": "OK" }, "geometry": { "type": "Point", "coordinates": [ -73.7967966, 5.0445905 ] } },
{ "type": "Feature", "properties": { "Tipo Documento": "Cédula de Ciudadanía", "No Documento": "20923598", "Nombre del contribuyente": "CLAUDIA ALEJANDRA REYES PARRA", "Razon Social": null, "Naturaleza Juridica": "Persona Natural", "Regimen tributario": "No responsable de IVA", "Direccion": "Carrera 6 # 4-64 LC 2, Sesquilé, Cundinamarca, Colombia", "Estado": "ACTIVO", "LAT": "5.0441779", "LON": "-73.79695199999999", "FORMATTED_ADDRESS": "Cra. 6 # 4-64, Sesquilé, Cundinamarca, Colombia", "LOCATION_TYPE": "ROOFTOP", "STATUS": "OK" }, "geometry": { "type": "Point", "coordinates": [ -73.796952, 5.0441779 ] } },
{ "type": "Feature", "properties": { "Tipo Documento": "Cédula de Ciudadanía", "No Documento": "20922811", "Nombre del contribuyente": "MARTHA  CASTAÑEDA  PRIETO", "Razon Social": null, "Naturaleza Juridica": "Persona Natural", "Regimen tributario": "Regimen Simplificado", "Direccion": "Calle 5 # 6-103 SESQUILE", "Estado": "ACTIVO", "LAT": "5.0448062", "LON": "-73.79775839999999", "FORMATTED_ADDRESS": "Cl. 5 # 6-103, Sesquilé, Cundinamarca, Colombia", "LOCATION_TYPE": "ROOFTOP", "STATUS": "OK" }, "geometry": { "type": "Point", "coordinates": [ -73.7977584, 5.0448062 ] } },
{ "type": "Feature", "properties": { "Tipo Documento": "Cédula de Ciudadanía", "No Documento": "20922940", "Nombre del contribuyente": "MUETE CASTAÑEDA ANA MERCEDES", "Razon Social": null, "Naturaleza Juridica": "Persona Natural", "Regimen tributario": "Regimen Simplificado", "Direccion": "Carrera 7 # 3-76, Sesquilé, Cundinamarca, Colombia", "Estado": "ACTIVO", "LAT": "5.0439532", "LON": "-73.79818970000001", "FORMATTED_ADDRESS": "Cra. 7 #3-76, Sesquilé, Cundinamarca, Colombia", "LOCATION_TYPE": "ROOFTOP", "STATUS": "OK" }, "geometry": { "type": "Point", "coordinates": [ -73.7981897, 5.0439532 ] } },
{ "type": "Feature", "properties": { "Tipo Documento": "Cédula de Ciudadanía", "No Documento": "5978953", "Nombre del contribuyente": "WILTON  RODRIGUEZ", "Razon Social": null, "Naturaleza Juridica": "Persona Natural", "Regimen tributario": "Regimen Simplificado", "Direccion": "VDA BOITA SECTOR SIATOYA, Sesquilé, Cundinamarca, Colombia", "Estado": "ACTIVO", "LAT": "5.032008", "LON": "-73.800835", "FORMATTED_ADDRESS": "Vda. Gobernador, Sesquilé, Cundinamarca, Colombia", "LOCATION_TYPE": "GEOMETRIC_CENTER", "STATUS": "OK" }, "geometry": { "type": "Point", "coordinates": [ -73.800835, 5.032008 ] } },
{ "type": "Feature", "properties": { "Tipo Documento": "Cédula de Ciudadanía", "No Documento": "4286440", "Nombre del contribuyente": "JOSELO  MORALES RAMIREZ", "Razon Social": null, "Naturaleza Juridica": "Persona Natural", "Regimen tributario": "No responsable de IVA", "Direccion": "SIATOYA, Sesquilé, Cundinamarca, Colombia", "Estado": "ACTIVO", "LAT": "5.0445905", "LON": "-73.7967966", "FORMATTED_ADDRESS": "Sesquilé, Cundinamarca, Colombia", "LOCATION_TYPE": "APPROXIMATE", "STATUS": "OK" }, "geometry": { "type": "Point", "coordinates": [ -73.7967966, 5.0445905 ] } },
{ "type": "Feature", "properties": { "Tipo Documento": "Cédula de Ciudadanía", "No Documento": "51687606", "Nombre del contribuyente": "MARIA DEL ROSARIO FRANCO PANCHE", "Razon Social": null, "Naturaleza Juridica": "Persona Natural", "Regimen tributario": "No responsable de IVA", "Direccion": "VEREDA BOITIVA SECTOR LA PLAYA, Sesquilé, Cundinamarca, Colombia", "Estado": "ACTIVO", "LAT": "5.054114999999999", "LON": "-73.79625", "FORMATTED_ADDRESS": "La Playa, Sesquilé, Cundinamarca, Colombia", "LOCATION_TYPE": "APPROXIMATE", "STATUS": "OK" }, "geometry": { "type": "Point", "coordinates": [ -73.79625, 5.054115 ] } },
{ "type": "Feature", "properties": { "Tipo Documento": "NIT", "No Documento": "1071328475", "Nombre del contribuyente": "EDWIN ESTEBAN MERCHAN", "Razon Social": null, "Naturaleza Juridica": "Persona Natural", "Regimen tributario": "Regimen Simplificado", "Direccion": "Calle 6 # 6-120, Sesquilé, Cundinamarca, Colombia", "Estado": "ACTIVO", "LAT": "5.0456443", "LON": "-73.79751460000001", "FORMATTED_ADDRESS": "Cl. 6 # 6-120, Sesquilé, Cundinamarca, Colombia", "LOCATION_TYPE": "ROOFTOP", "STATUS": "OK" }, "geometry": { "type": "Point", "coordinates": [ -73.797514600000014, 5.0456443 ] } },
{ "type": "Feature", "properties": { "Tipo Documento": "Cédula de Ciudadanía", "No Documento": "1071328110", "Nombre del contribuyente": "NOHORA VIVIANA CHAPETON NIETO", "Razon Social": null, "Naturaleza Juridica": "Persona Natural", "Regimen tributario": "Regimen Simple", "Direccion": "Calle 6 # 7-35, Sesquilé, Cundinamarca, Colombia", "Estado": "ACTIVO", "LAT": "5.0459951", "LON": "-73.7980073", "FORMATTED_ADDRESS": "Cl. 6 #7-35, Sesquilé, Cundinamarca, Colombia", "LOCATION_TYPE": "ROOFTOP", "STATUS": "OK" }, "geometry": { "type": "Point", "coordinates": [ -73.7980073, 5.0459951 ] } },
{ "type": "Feature", "properties": { "Tipo Documento": "Cédula de Ciudadanía", "No Documento": "1019141752", "Nombre del contribuyente": "JULIANA  PRIETO RODRIGUEZ", "Razon Social": null, "Naturaleza Juridica": "Persona Natural", "Regimen tributario": "No responsable de IVA", "Direccion": "Calle 4 # 5-06, Sesquilé, Cundinamarca, Colombia", "Estado": "ACTIVO", "LAT": "5.0434361", "LON": "-73.79670930000002", "FORMATTED_ADDRESS": "Cl. 4 #5-6, Sesquilé, Cundinamarca, Colombia", "LOCATION_TYPE": "RANGE_INTERPOLATED", "STATUS": "OK" }, "geometry": { "type": "Point", "coordinates": [ -73.796709300000018, 5.0434361 ] } },
{ "type": "Feature", "properties": { "Tipo Documento": "Cédula de Ciudadanía", "No Documento": "15958186", "Nombre del contribuyente": "JUSTO PASTOR GALVIS", "Razon Social": null, "Naturaleza Juridica": "Persona Natural", "Regimen tributario": "No responsable de IVA", "Direccion": "VEREDA BOITA, Sesquilé, Cundinamarca, Colombia", "Estado": "ACTIVO", "LAT": "5.053867299999999", "LON": "-73.80727949999999", "FORMATTED_ADDRESS": "353V+H3, Sesquilé, Cundinamarca, Colombia", "LOCATION_TYPE": "GEOMETRIC_CENTER", "STATUS": "OK" }, "geometry": { "type": "Point", "coordinates": [ -73.8072795, 5.0538673 ] } },
{ "type": "Feature", "properties": { "Tipo Documento": "Cédula de Ciudadanía", "No Documento": "1124830678", "Nombre del contribuyente": "JHON JAIRO MONSALVE CASTAÑO", "Razon Social": "THE BICKER´S SOLUTION", "Naturaleza Juridica": "Persona Natural", "Regimen tributario": "Regimen Comun", "Direccion": "Carrera 6 # 7 34, Sesquilé, Cundinamarca, Colombia", "Estado": "ACTIVO", "LAT": "5.045993", "LON": "-73.795992", "FORMATTED_ADDRESS": "Cra. 6 # 7-34, Sesquilé, Cundinamarca, Colombia", "LOCATION_TYPE": "ROOFTOP", "STATUS": "OK" }, "geometry": { "type": "Point", "coordinates": [ -73.795992, 5.045993 ] } },
{ "type": "Feature", "properties": { "Tipo Documento": "Cédula de Ciudadanía", "No Documento": "1071328933", "Nombre del contribuyente": "FABIAN CAMILO MORA RUA", "Razon Social": null, "Naturaleza Juridica": "Persona Natural", "Regimen tributario": "Regimen Simplificado", "Direccion": "Calle 6 # 8-27, Sesquilé, Cundinamarca, Colombia", "Estado": "ACTIVO", "LAT": "5.046295799999999", "LON": "-73.7985166", "FORMATTED_ADDRESS": "Cl. 6 #8-27, Sesquilé, Cundinamarca, Colombia", "LOCATION_TYPE": "ROOFTOP", "STATUS": "OK" }, "geometry": { "type": "Point", "coordinates": [ -73.7985166, 5.0462958 ] } },
{ "type": "Feature", "properties": { "Tipo Documento": "Cédula de Ciudadanía", "No Documento": "1077082886", "Nombre del contribuyente": "ADRIANA YINET NIÑO TRIANA", "Razon Social": null, "Naturaleza Juridica": "Persona Natural", "Regimen tributario": "No responsable de IVA", "Direccion": "VEREDA BOITA LOTE 7, Sesquilé, Cundinamarca, Colombia", "Estado": "ACTIVO", "LAT": "5.053867299999999", "LON": "-73.80727949999999", "FORMATTED_ADDRESS": "353V+H3, Sesquilé, Cundinamarca, Colombia", "LOCATION_TYPE": "GEOMETRIC_CENTER", "STATUS": "OK" }, "geometry": { "type": "Point", "coordinates": [ -73.8072795, 5.0538673 ] } },
{ "type": "Feature", "properties": { "Tipo Documento": "Cédula de Ciudadanía", "No Documento": "93090195", "Nombre del contribuyente": "JOSE IVAN MENDOZA CORTES", "Razon Social": null, "Naturaleza Juridica": "Persona Natural", "Regimen tributario": "No responsable de IVA", "Direccion": "VEREDA BOITA, Sesquilé, Cundinamarca, Colombia", "Estado": "ACTIVO", "LAT": "5.053867299999999", "LON": "-73.80727949999999", "FORMATTED_ADDRESS": "353V+H3, Sesquilé, Cundinamarca, Colombia", "LOCATION_TYPE": "GEOMETRIC_CENTER", "STATUS": "OK" }, "geometry": { "type": "Point", "coordinates": [ -73.8072795, 5.0538673 ] } },
{ "type": "Feature", "properties": { "Tipo Documento": "Cédula de Ciudadanía", "No Documento": "52829832", "Nombre del contribuyente": "SAYURI  CESPEDES GARZON", "Razon Social": null, "Naturaleza Juridica": "Persona Natural", "Regimen tributario": "Regimen Comun", "Direccion": "KM 2 VIA DUITAMA PAIPA CA A 9 CONJ SURBA Y BONZA, Sesquilé, Cundinamarca, Colombia", "Estado": "ACTIVO", "LAT": "5.0445905", "LON": "-73.7967966", "FORMATTED_ADDRESS": "Sesquilé, Cundinamarca, Colombia", "LOCATION_TYPE": "APPROXIMATE", "STATUS": "OK" }, "geometry": { "type": "Point", "coordinates": [ -73.7967966, 5.0445905 ] } },
{ "type": "Feature", "properties": { "Tipo Documento": "Cédula de Ciudadanía", "No Documento": "20922342", "Nombre del contribuyente": "VICTORIA  RODRIGUEZ RODRIGUEZ", "Razon Social": null, "Naturaleza Juridica": "Persona Natural", "Regimen tributario": "Regimen Simplificado", "Direccion": "Carrera 7 # 5-35, Sesquilé, Cundinamarca, Colombia", "Estado": "ACTIVO", "LAT": "5.045396", "LON": "-73.797827", "FORMATTED_ADDRESS": "Cra. 7 # 5-35, Sesquilé, Cundinamarca, Colombia", "LOCATION_TYPE": "ROOFTOP", "STATUS": "OK" }, "geometry": { "type": "Point", "coordinates": [ -73.797827, 5.045396 ] } },
{ "type": "Feature", "properties": { "Tipo Documento": "Cédula de Ciudadanía", "No Documento": "70905569", "Nombre del contribuyente": "luis emilio giraldo giraldo", "Razon Social": null, "Naturaleza Juridica": "Persona Natural", "Regimen tributario": "Regimen Ordinario", "Direccion": "Carrera 50 # 53-44 SUR, Sesquilé, Cundinamarca, Colombia", "Estado": "ACTIVO", "LAT": "5.0445905", "LON": "-73.7967966", "FORMATTED_ADDRESS": "Sesquilé, Cundinamarca, Colombia", "LOCATION_TYPE": "APPROXIMATE", "STATUS": "OK" }, "geometry": { "type": "Point", "coordinates": [ -73.7967966, 5.0445905 ] } },
{ "type": "Feature", "properties": { "Tipo Documento": "Cédula de Ciudadanía", "No Documento": "20652734", "Nombre del contribuyente": "MARTHA  YOMAIRA GARZON  GARZON", "Razon Social": null, "Naturaleza Juridica": "Persona Natural", "Regimen tributario": "Regimen Simplificado", "Direccion": "Carrera 8N. 6 12, Sesquilé, Cundinamarca, Colombia", "Estado": "ACTIVO", "LAT": "5.0445905", "LON": "-73.7967966", "FORMATTED_ADDRESS": "Sesquilé, Cundinamarca, Colombia", "LOCATION_TYPE": "APPROXIMATE", "STATUS": "OK" }, "geometry": { "type": "Point", "coordinates": [ -73.7967966, 5.0445905 ] } },
{ "type": "Feature", "properties": { "Tipo Documento": "Cédula de Ciudadanía", "No Documento": "52393018", "Nombre del contribuyente": "MARIA DELSY CARACAS CAMILDE", "Razon Social": null, "Naturaleza Juridica": "Persona Natural", "Regimen tributario": "No responsable de IVA", "Direccion": "VEREDA BOITA SECTOR SIATOYA, Sesquilé, Cundinamarca, Colombia", "Estado": "ACTIVO", "LAT": "5.053867299999999", "LON": "-73.80727949999999", "FORMATTED_ADDRESS": "353V+H3, Sesquilé, Cundinamarca, Colombia", "LOCATION_TYPE": "GEOMETRIC_CENTER", "STATUS": "OK" }, "geometry": { "type": "Point", "coordinates": [ -73.8072795, 5.0538673 ] } },
{ "type": "Feature", "properties": { "Tipo Documento": "Cédula de Ciudadanía", "No Documento": "27072065", "Nombre del contribuyente": "MARIA ISAURA JOSA BOTINA", "Razon Social": null, "Naturaleza Juridica": "Persona Natural", "Regimen tributario": "No responsable de IVA", "Direccion": "VEREDA BOITA, Sesquilé, Cundinamarca, Colombia", "Estado": "ACTIVO", "LAT": "5.053867299999999", "LON": "-73.80727949999999", "FORMATTED_ADDRESS": "353V+H3, Sesquilé, Cundinamarca, Colombia", "LOCATION_TYPE": "GEOMETRIC_CENTER", "STATUS": "OK" }, "geometry": { "type": "Point", "coordinates": [ -73.8072795, 5.0538673 ] } },
{ "type": "Feature", "properties": { "Tipo Documento": "Cédula de Ciudadanía", "No Documento": "1073157864", "Nombre del contribuyente": "SANDRA MILENA SOTO MALPICA", "Razon Social": null, "Naturaleza Juridica": "Persona Natural", "Regimen tributario": "Regimen Ordinario", "Direccion": "LOTE EL RECUERDO, Sesquilé, Cundinamarca, Colombia", "Estado": "ACTIVO", "LAT": "5.0474239", "LON": "-73.78965029999999", "FORMATTED_ADDRESS": "Sesquilé, Cundinamarca, Colombia", "LOCATION_TYPE": "GEOMETRIC_CENTER", "STATUS": "OK" }, "geometry": { "type": "Point", "coordinates": [ -73.7896503, 5.0474239 ] } },
{ "type": "Feature", "properties": { "Tipo Documento": "Cédula de Ciudadanía", "No Documento": "20923676", "Nombre del contribuyente": "ADRIANA LUCIA PRIETO JIMENEZ", "Razon Social": null, "Naturaleza Juridica": "Persona Natural", "Regimen tributario": "Regimen Simple", "Direccion": "Carrera 7 # 4-18, Sesquilé, Cundinamarca, Colombia", "Estado": "ACTIVO", "LAT": "5.0443571", "LON": "-73.7981152", "FORMATTED_ADDRESS": "Cra. 7 # 4-18, Sesquilé, Cundinamarca, Colombia", "LOCATION_TYPE": "ROOFTOP", "STATUS": "OK" }, "geometry": { "type": "Point", "coordinates": [ -73.7981152, 5.0443571 ] } },
{ "type": "Feature", "properties": { "Tipo Documento": "Cédula de Ciudadanía", "No Documento": "20774255", "Nombre del contribuyente": "DORA  ISABEL ROJAS  BUSTOS", "Razon Social": null, "Naturaleza Juridica": "Persona Natural", "Regimen tributario": "Regimen Simplificado", "Direccion": "VEREDA BOITA SEC. LOS TANQUES, Sesquilé, Cundinamarca, Colombia", "Estado": "ACTIVO", "LAT": "5.0445905", "LON": "-73.7967966", "FORMATTED_ADDRESS": "Sesquilé, Cundinamarca, Colombia", "LOCATION_TYPE": "APPROXIMATE", "STATUS": "OK" }, "geometry": { "type": "Point", "coordinates": [ -73.7967966, 5.0445905 ] } },
{ "type": "Feature", "properties": { "Tipo Documento": "Cédula de Ciudadanía", "No Documento": "1071143002", "Nombre del contribuyente": "ADRIANA ISABEL CASTILLO SANCHEZ", "Razon Social": null, "Naturaleza Juridica": "Persona Natural", "Regimen tributario": "No responsable de IVA", "Direccion": "Calle 6 # 6-20, Sesquilé, Cundinamarca, Colombia", "Estado": "ACTIVO", "LAT": "5.045242900000001", "LON": "-73.7966781", "FORMATTED_ADDRESS": "Cl. 6 #6-20, Sesquilé, Cundinamarca, Colombia", "LOCATION_TYPE": "ROOFTOP", "STATUS": "OK" }, "geometry": { "type": "Point", "coordinates": [ -73.7966781, 5.0452429 ] } },
{ "type": "Feature", "properties": { "Tipo Documento": "Cédula de Ciudadanía", "No Documento": "1071328319", "Nombre del contribuyente": "LEIDY MARCELA LATORRE LATORRE", "Razon Social": null, "Naturaleza Juridica": "Persona Natural", "Regimen tributario": "No responsable de IVA", "Direccion": "VEREDA SAN JOSE, Sesquilé, Cundinamarca, Colombia", "Estado": "ACTIVO", "LAT": "5.0445905", "LON": "-73.7967966", "FORMATTED_ADDRESS": "Sesquilé, Cundinamarca, Colombia", "LOCATION_TYPE": "APPROXIMATE", "STATUS": "OK" }, "geometry": { "type": "Point", "coordinates": [ -73.7967966, 5.0445905 ] } },
{ "type": "Feature", "properties": { "Tipo Documento": "Cédula de Ciudadanía", "No Documento": "6761208", "Nombre del contribuyente": "EDGAR IVAN AVILA AMEZQUITA", "Razon Social": null, "Naturaleza Juridica": "Persona Natural", "Regimen tributario": "No responsable de IVA", "Direccion": "Carrera 3 # 9-33, Sesquilé, Cundinamarca, Colombia", "Estado": "ACTIVO", "LAT": "5.045532", "LON": "-73.79356", "FORMATTED_ADDRESS": "Cra. 3 # 9-33, Sesquilé, Cundinamarca, Colombia", "LOCATION_TYPE": "ROOFTOP", "STATUS": "OK" }, "geometry": { "type": "Point", "coordinates": [ -73.79356, 5.045532 ] } },
{ "type": "Feature", "properties": { "Tipo Documento": "Cédula de Ciudadanía", "No Documento": "20577117", "Nombre del contribuyente": "LUZ MIRIAM PULIDO JUNCO", "Razon Social": null, "Naturaleza Juridica": "Persona Natural", "Regimen tributario": "Regimen Comun", "Direccion": "Calle 4 # 6-11, Sesquilé, Cundinamarca, Colombia", "Estado": "ACTIVO", "LAT": "5.0436638", "LON": "-73.7973547", "FORMATTED_ADDRESS": "Cl. 4 #6-11, Sesquilé, Cundinamarca, Colombia", "LOCATION_TYPE": "ROOFTOP", "STATUS": "OK" }, "geometry": { "type": "Point", "coordinates": [ -73.7973547, 5.0436638 ] } },
{ "type": "Feature", "properties": { "Tipo Documento": "Cédula de Ciudadanía", "No Documento": "40031174", "Nombre del contribuyente": "MIRIAM  SUAREZ SUAREZ", "Razon Social": null, "Naturaleza Juridica": "Persona Natural", "Regimen tributario": "Regimen Simplificado", "Direccion": "Calle 6 # 9-09 CASA 136 PINAR, Sesquilé, Cundinamarca, Colombia", "Estado": "ACTIVO", "LAT": "5.0466337", "LON": "-73.7986901", "FORMATTED_ADDRESS": "Cl. 6 #9-09 casa 136, Sesquilé, Cundinamarca, Colombia", "LOCATION_TYPE": "ROOFTOP", "STATUS": "OK" }, "geometry": { "type": "Point", "coordinates": [ -73.7986901, 5.0466337 ] } },
{ "type": "Feature", "properties": { "Tipo Documento": "Cédula de Ciudadanía", "No Documento": "3168837", "Nombre del contribuyente": "MAURICIO  GONZALEZ ROMERO", "Razon Social": null, "Naturaleza Juridica": "Persona Natural", "Regimen tributario": "No responsable de IVA", "Direccion": "Carrera 7 # 7-15, Sesquilé, Cundinamarca, Colombia", "Estado": "ACTIVO", "LAT": "5.046794999999999", "LON": "-73.797262", "FORMATTED_ADDRESS": "Cra. 7 # 7-15, Sesquilé, Cundinamarca, Colombia", "LOCATION_TYPE": "ROOFTOP", "STATUS": "OK" }, "geometry": { "type": "Point", "coordinates": [ -73.797262, 5.046795 ] } },
{ "type": "Feature", "properties": { "Tipo Documento": "Cédula de Ciudadanía", "No Documento": "3169285", "Nombre del contribuyente": "GERARDO  PRIETO  JIMENEZ", "Razon Social": null, "Naturaleza Juridica": "Persona Natural", "Regimen tributario": "No responsable de IVA", "Direccion": "VEREDA RANCHERIA FINCA MIRAFLORES, Sesquilé, Cundinamarca, Colombia", "Estado": "ACTIVO", "LAT": "5.0445905", "LON": "-73.7967966", "FORMATTED_ADDRESS": "Sesquilé, Cundinamarca, Colombia", "LOCATION_TYPE": "GEOMETRIC_CENTER", "STATUS": "OK" }, "geometry": { "type": "Point", "coordinates": [ -73.7967966, 5.0445905 ] } },
{ "type": "Feature", "properties": { "Tipo Documento": "Cédula de Ciudadanía", "No Documento": "3168880", "Nombre del contribuyente": "JAIRO  RIVERA MUÑOZ", "Razon Social": null, "Naturaleza Juridica": "Persona Natural", "Regimen tributario": "Regimen Simplificado", "Direccion": "Carrera 9 # 7-20, Sesquilé, Cundinamarca, Colombia", "Estado": "ACTIVO", "LAT": "5.0474448", "LON": "-73.7982179", "FORMATTED_ADDRESS": "Cra. 9 # 7-20, Sesquilé, Cundinamarca, Colombia", "LOCATION_TYPE": "ROOFTOP", "STATUS": "OK" }, "geometry": { "type": "Point", "coordinates": [ -73.7982179, 5.0474448 ] } },
{ "type": "Feature", "properties": { "Tipo Documento": "Cédula de Ciudadanía", "No Documento": "20152873", "Nombre del contribuyente": "MARIA TERESA ROZO DE CORTES", "Razon Social": null, "Naturaleza Juridica": "Persona Natural", "Regimen tributario": "No responsable de IVA", "Direccion": "Carrera 5 # 4-43, Sesquilé, Cundinamarca, Colombia", "Estado": "ACTIVO", "LAT": "5.0437237", "LON": "-73.7966434", "FORMATTED_ADDRESS": "Cra. 5 #4-43, Sesquilé, Cundinamarca, Colombia", "LOCATION_TYPE": "RANGE_INTERPOLATED", "STATUS": "OK" }, "geometry": { "type": "Point", "coordinates": [ -73.7966434, 5.0437237 ] } },
{ "type": "Feature", "properties": { "Tipo Documento": "Cédula de Ciudadanía", "No Documento": "11210563", "Nombre del contribuyente": "WILSON LEONARDO RODRIGUEZ BALLEN", "Razon Social": null, "Naturaleza Juridica": "Persona Natural", "Regimen tributario": "No responsable de IVA", "Direccion": "Carrera 6 # 5-07, Sesquilé, Cundinamarca, Colombia", "Estado": "ACTIVO", "LAT": "5.0446289", "LON": "-73.79677", "FORMATTED_ADDRESS": "Cra. 6 # 5-7, Sesquilé, Cundinamarca, Colombia", "LOCATION_TYPE": "ROOFTOP", "STATUS": "OK" }, "geometry": { "type": "Point", "coordinates": [ -73.79677, 5.0446289 ] } },
{ "type": "Feature", "properties": { "Tipo Documento": "Cédula de Ciudadanía", "No Documento": "3169392", "Nombre del contribuyente": "ROGELIO  PRIETO JIMENEZ", "Razon Social": null, "Naturaleza Juridica": "Persona Natural", "Regimen tributario": "No responsable de IVA", "Direccion": "VEREDA RANCHERIA, Sesquilé, Cundinamarca, Colombia", "Estado": "ACTIVO", "LAT": "5.0445905", "LON": "-73.7967966", "FORMATTED_ADDRESS": "Sesquilé, Cundinamarca, Colombia", "LOCATION_TYPE": "GEOMETRIC_CENTER", "STATUS": "OK" }, "geometry": { "type": "Point", "coordinates": [ -73.7967966, 5.0445905 ] } },
{ "type": "Feature", "properties": { "Tipo Documento": "Cédula de Ciudadanía", "No Documento": "3188845", "Nombre del contribuyente": "OSCAR  EDUARDO PIENEDA GOMEZ", "Razon Social": null, "Naturaleza Juridica": "Persona Natural", "Regimen tributario": "Regimen Simplificado", "Direccion": "VEREDA BOITIVA SOBRE LA VIA, Sesquilé, Cundinamarca, Colombia", "Estado": "ACTIVO", "LAT": "5.0445905", "LON": "-73.7967966", "FORMATTED_ADDRESS": "Sesquilé, Cundinamarca, Colombia", "LOCATION_TYPE": "APPROXIMATE", "STATUS": "OK" }, "geometry": { "type": "Point", "coordinates": [ -73.7967966, 5.0445905 ] } },
{ "type": "Feature", "properties": { "Tipo Documento": "Cédula de Ciudadanía", "No Documento": "1071332076", "Nombre del contribuyente": "RUTH ESPERANZA BELTRAN CORTES", "Razon Social": null, "Naturaleza Juridica": "Persona Natural", "Regimen tributario": "No responsable de IVA", "Direccion": "VDA BOITA SECTOR SIATOYA, Sesquilé, Cundinamarca, Colombia", "Estado": "ACTIVO", "LAT": "5.032008", "LON": "-73.800835", "FORMATTED_ADDRESS": "Vda. Gobernador, Sesquilé, Cundinamarca, Colombia", "LOCATION_TYPE": "GEOMETRIC_CENTER", "STATUS": "OK" }, "geometry": { "type": "Point", "coordinates": [ -73.800835, 5.032008 ] } },
{ "type": "Feature", "properties": { "Tipo Documento": "Cédula de Ciudadanía", "No Documento": "3169539", "Nombre del contribuyente": "REINEL IGNACIO VEGA RODRIGUEZ", "Razon Social": null, "Naturaleza Juridica": "Persona Natural", "Regimen tributario": "Regimen Simplificado", "Direccion": "VEREDA CHALECHE FINCA LOS ALPES, Sesquilé, Cundinamarca, Colombia", "Estado": "ACTIVO", "LAT": "5.0451095", "LON": "-73.7978449", "FORMATTED_ADDRESS": "Cl. 5 #6-72, Sesquilé, Cundinamarca, Colombia", "LOCATION_TYPE": "ROOFTOP", "STATUS": "OK" }, "geometry": { "type": "Point", "coordinates": [ -73.7978449, 5.0451095 ] } },
{ "type": "Feature", "properties": { "Tipo Documento": "Cédula de Ciudadanía", "No Documento": "51840918", "Nombre del contribuyente": "MEISY DEL CARMEN BUSTOS PORTACIO", "Razon Social": null, "Naturaleza Juridica": "Persona Natural", "Regimen tributario": "No responsable de IVA", "Direccion": "Calle 4 # 5-23 PS 2, Sesquilé, Cundinamarca, Colombia", "Estado": "ACTIVO", "LAT": "5.0434129", "LON": "-73.796903", "FORMATTED_ADDRESS": "Cl. 4 # 5-23, Sesquilé, Cundinamarca, Colombia", "LOCATION_TYPE": "ROOFTOP", "STATUS": "OK" }, "geometry": { "type": "Point", "coordinates": [ -73.796903, 5.0434129 ] } },
{ "type": "Feature", "properties": { "Tipo Documento": "Cédula de Ciudadanía", "No Documento": "1091060608", "Nombre del contribuyente": "ANGIE PAOLA VILLAMIZAR FLOREZ", "Razon Social": null, "Naturaleza Juridica": "Persona Natural", "Regimen tributario": "No responsable de IVA", "Direccion": "Calle 6 # 6-95, Sesquilé, Cundinamarca, Colombia", "Estado": "ACTIVO", "LAT": "5.0454664", "LON": "-73.797376", "FORMATTED_ADDRESS": "Cl. 6 #6-95, Sesquilé, Cundinamarca, Colombia", "LOCATION_TYPE": "ROOFTOP", "STATUS": "OK" }, "geometry": { "type": "Point", "coordinates": [ -73.797376, 5.0454664 ] } },
{ "type": "Feature", "properties": { "Tipo Documento": "Cédula de Ciudadanía", "No Documento": "3169300", "Nombre del contribuyente": "LUIS NORBERTO RODRIGUEZ  SANCHEZ", "Razon Social": null, "Naturaleza Juridica": "Persona Natural", "Regimen tributario": "No responsable de IVA", "Direccion": "Calle 6 # 7-41, Sesquilé, Cundinamarca, Colombia", "Estado": "ACTIVO", "LAT": "5.0459089", "LON": "-73.79797719999999", "FORMATTED_ADDRESS": "Cl. 6 #7-41, Sesquilé, Cundinamarca, Colombia", "LOCATION_TYPE": "ROOFTOP", "STATUS": "OK" }, "geometry": { "type": "Point", "coordinates": [ -73.7979772, 5.0459089 ] } },
{ "type": "Feature", "properties": { "Tipo Documento": "Cédula de Ciudadanía", "No Documento": "1071328619", "Nombre del contribuyente": "EDISON EDUARDO MUÑOZ CORTES", "Razon Social": null, "Naturaleza Juridica": "Persona Natural", "Regimen tributario": "Regimen Simplificado", "Direccion": "SESQUILE", "Estado": "ACTIVO", "LAT": "5.0445905", "LON": "-73.7967966", "FORMATTED_ADDRESS": "Sesquilé, Cundinamarca, Colombia", "LOCATION_TYPE": "APPROXIMATE", "STATUS": "OK" }, "geometry": { "type": "Point", "coordinates": [ -73.7967966, 5.0445905 ] } },
{ "type": "Feature", "properties": { "Tipo Documento": "Cédula de Ciudadanía", "No Documento": "1072643131", "Nombre del contribuyente": "JUAN SEBASTIAN LANCHEROS BOJACA", "Razon Social": null, "Naturaleza Juridica": "Persona Natural", "Regimen tributario": "Regimen Simple", "Direccion": "BOITA SECTOR SIATOYA, Sesquilé, Cundinamarca, Colombia", "Estado": "ACTIVO", "LAT": "5.053867299999999", "LON": "-73.80727949999999", "FORMATTED_ADDRESS": "353V+H3, Sesquilé, Cundinamarca, Colombia", "LOCATION_TYPE": "GEOMETRIC_CENTER", "STATUS": "OK" }, "geometry": { "type": "Point", "coordinates": [ -73.8072795, 5.0538673 ] } },
{ "type": "Feature", "properties": { "Tipo Documento": "Cédula de Ciudadanía", "No Documento": "1069078132", "Nombre del contribuyente": "DIANA FERNANDA CARDENAS BERMUDEZ", "Razon Social": null, "Naturaleza Juridica": "Persona Natural", "Regimen tributario": "Regimen Comun", "Direccion": "Carrera 6 # 7-50, Sesquilé, Cundinamarca, Colombia", "Estado": "ACTIVO", "LAT": "5.046301199999999", "LON": "-73.7958708", "FORMATTED_ADDRESS": "Cra. 6 #7-50, Sesquilé, Cundinamarca, Colombia", "LOCATION_TYPE": "ROOFTOP", "STATUS": "OK" }, "geometry": { "type": "Point", "coordinates": [ -73.7958708, 5.0463012 ] } },
{ "type": "Feature", "properties": { "Tipo Documento": "Cédula de Ciudadanía", "No Documento": "80466417", "Nombre del contribuyente": "JOSE GABRIEL ESPITIA SANCHEZ", "Razon Social": null, "Naturaleza Juridica": "Persona Natural", "Regimen tributario": "Regimen Simplificado", "Direccion": "VEREDA BOITIVA SECTOR LA PLAYA, Sesquilé, Cundinamarca, Colombia", "Estado": "ACTIVO", "LAT": "5.054114999999999", "LON": "-73.79625", "FORMATTED_ADDRESS": "La Playa, Sesquilé, Cundinamarca, Colombia", "LOCATION_TYPE": "APPROXIMATE", "STATUS": "OK" }, "geometry": { "type": "Point", "coordinates": [ -73.79625, 5.054115 ] } },
{ "type": "Feature", "properties": { "Tipo Documento": "NIT", "No Documento": "901514154", "Nombre del contribuyente": "KONFIA  SAS", "Razon Social": null, "Naturaleza Juridica": "Persona Natural", "Regimen tributario": "Regimen Comun", "Direccion": "AK 7 156 68 ED NORTH POINT III OF 1804, Sesquilé, Cundinamarca, Colombia", "Estado": "ACTIVO", "LAT": "5.0445905", "LON": "-73.7967966", "FORMATTED_ADDRESS": "Sesquilé, Cundinamarca, Colombia", "LOCATION_TYPE": "APPROXIMATE", "STATUS": "OK" }, "geometry": { "type": "Point", "coordinates": [ -73.7967966, 5.0445905 ] } },
{ "type": "Feature", "properties": { "Tipo Documento": "Cédula de Ciudadanía", "No Documento": "1000032787", "Nombre del contribuyente": "ADRIANA MARCELA  MALPICA VELANDIA", "Razon Social": null, "Naturaleza Juridica": "Persona Natural", "Regimen tributario": "Regimen Comun", "Direccion": "Calle 7 # 8-02, Sesquilé, Cundinamarca, Colombia", "Estado": "ACTIVO", "LAT": "5.046972999999999", "LON": "-73.79777299999999", "FORMATTED_ADDRESS": "Cl. 7 # 8-2, Sesquilé, Cundinamarca, Colombia", "LOCATION_TYPE": "ROOFTOP", "STATUS": "OK" }, "geometry": { "type": "Point", "coordinates": [ -73.797773, 5.046973 ] } },
{ "type": "Feature", "properties": { "Tipo Documento": "Cédula de Ciudadanía", "No Documento": "1119889272", "Nombre del contribuyente": "JORGE  LUIS FONSECA GUZMAN", "Razon Social": null, "Naturaleza Juridica": "Persona Natural", "Regimen tributario": "Responsable de IVA", "Direccion": "Calle 12N° 35-16 CAMINO REAL 5 MZ C CS B5, Sesquilé, Cundinamarca, Colombia", "Estado": "ACTIVO", "LAT": "5.0445905", "LON": "-73.7967966", "FORMATTED_ADDRESS": "Sesquilé, Cundinamarca, Colombia", "LOCATION_TYPE": "APPROXIMATE", "STATUS": "OK" }, "geometry": { "type": "Point", "coordinates": [ -73.7967966, 5.0445905 ] } },
{ "type": "Feature", "properties": { "Tipo Documento": "Cédula de Ciudadanía", "No Documento": "1077090483", "Nombre del contribuyente": "SARMIENTO ANDREA ORJUELA", "Razon Social": "SALON DE BELLEZA ANDREA", "Naturaleza Juridica": "Persona Natural", "Regimen tributario": "Regimen Comun", "Direccion": "Calle 7 # 4-85, Sesquilé, Cundinamarca, Colombia", "Estado": "ACTIVO", "LAT": "5.045552", "LON": "-73.795654", "FORMATTED_ADDRESS": "Cl. 7 # 4-85, Sesquilé, Cundinamarca, Colombia", "LOCATION_TYPE": "ROOFTOP", "STATUS": "OK" }, "geometry": { "type": "Point", "coordinates": [ -73.795654, 5.045552 ] } },
{ "type": "Feature", "properties": { "Tipo Documento": "Cédula de Ciudadanía", "No Documento": "79433096", "Nombre del contribuyente": "JAMES  BOLAÑOS CADENA", "Razon Social": null, "Naturaleza Juridica": "Persona Natural", "Regimen tributario": "Regimen Comun", "Direccion": "Calle 22D # 83 60, Sesquilé, Cundinamarca, Colombia", "Estado": "ACTIVO", "LAT": "5.0445905", "LON": "-73.7967966", "FORMATTED_ADDRESS": "Sesquilé, Cundinamarca, Colombia", "LOCATION_TYPE": "APPROXIMATE", "STATUS": "OK" }, "geometry": { "type": "Point", "coordinates": [ -73.7967966, 5.0445905 ] } },
{ "type": "Feature", "properties": { "Tipo Documento": "Cédula de Ciudadanía", "No Documento": "74374462", "Nombre del contribuyente": "MERARDO   ANAYA MERIDA", "Razon Social": null, "Naturaleza Juridica": "Persona Natural", "Regimen tributario": "Regimen Comun", "Direccion": "Calle 5 # 5-25, Sesquilé, Cundinamarca, Colombia", "Estado": "ACTIVO", "LAT": "5.044307", "LON": "-73.796609", "FORMATTED_ADDRESS": "Cl. 5 # 5-25, Sesquilé, Cundinamarca, Colombia", "LOCATION_TYPE": "ROOFTOP", "STATUS": "OK" }, "geometry": { "type": "Point", "coordinates": [ -73.796609, 5.044307 ] } },
{ "type": "Feature", "properties": { "Tipo Documento": "Cédula de Ciudadanía", "No Documento": "1072704292", "Nombre del contribuyente": "LUISA FERNANDA OVALLE TRIVIÑO", "Razon Social": null, "Naturaleza Juridica": "Persona Natural", "Regimen tributario": "Regimen Simplificado", "Direccion": "VEREDA BOITA, Sesquilé, Cundinamarca, Colombia", "Estado": "ACTIVO", "LAT": "5.053867299999999", "LON": "-73.80727949999999", "FORMATTED_ADDRESS": "353V+H3, Sesquilé, Cundinamarca, Colombia", "LOCATION_TYPE": "GEOMETRIC_CENTER", "STATUS": "OK" }, "geometry": { "type": "Point", "coordinates": [ -73.8072795, 5.0538673 ] } },
{ "type": "Feature", "properties": { "Tipo Documento": "Cédula de Ciudadanía", "No Documento": "1055962124", "Nombre del contribuyente": "DAVIDSON ARLEY DELGADILLO MURCIA", "Razon Social": null, "Naturaleza Juridica": "Persona Natural", "Regimen tributario": "Responsable de IVA", "Direccion": "VEREDA BOITIVA SECTOR SAN ROQUE, Sesquilé, Cundinamarca, Colombia", "Estado": "ACTIVO", "LAT": "5.0445905", "LON": "-73.7967966", "FORMATTED_ADDRESS": "Sesquilé, Cundinamarca, Colombia", "LOCATION_TYPE": "APPROXIMATE", "STATUS": "OK" }, "geometry": { "type": "Point", "coordinates": [ -73.7967966, 5.0445905 ] } },
{ "type": "Feature", "properties": { "Tipo Documento": "Cédula de Ciudadanía", "No Documento": "21148478", "Nombre del contribuyente": "Yerdi Yadira Valenzuela Zamora", "Razon Social": null, "Naturaleza Juridica": "Persona Natural", "Regimen tributario": "No responsable de IVA", "Direccion": "Calle 6N-6 - 41 INTERIOR 2, Sesquilé, Cundinamarca, Colombia", "Estado": "ACTIVO", "LAT": "5.0445905", "LON": "-73.7967966", "FORMATTED_ADDRESS": "Sesquilé, Cundinamarca, Colombia", "LOCATION_TYPE": "APPROXIMATE", "STATUS": "OK" }, "geometry": { "type": "Point", "coordinates": [ -73.7967966, 5.0445905 ] } },
{ "type": "Feature", "properties": { "Tipo Documento": "Cédula de Ciudadanía", "No Documento": "1069258090", "Nombre del contribuyente": "PEDRO JULIAN SILVA GOMEZ", "Razon Social": null, "Naturaleza Juridica": "Persona Natural", "Regimen tributario": "No responsable de IVA", "Direccion": "Calle 8 # 9-61, Sesquilé, Cundinamarca, Colombia", "Estado": "ACTIVO", "LAT": "5.0482035", "LON": "-73.7985107", "FORMATTED_ADDRESS": "Cl. 8 # 9-61, Sesquilé, Cundinamarca, Colombia", "LOCATION_TYPE": "ROOFTOP", "STATUS": "OK" }, "geometry": { "type": "Point", "coordinates": [ -73.7985107, 5.0482035 ] } },
{ "type": "Feature", "properties": { "Tipo Documento": "Cédula de Ciudadanía", "No Documento": "1116786058", "Nombre del contribuyente": "JESSICA PAOLA CAYLE HERRERA", "Razon Social": null, "Naturaleza Juridica": "Persona Natural", "Regimen tributario": "No responsable de IVA", "Direccion": "Calle 6 # 5-52, Sesquilé, Cundinamarca, Colombia", "Estado": "ACTIVO", "LAT": "5.045073899999999", "LON": "-73.796459", "FORMATTED_ADDRESS": "Cl. 6 # 5-52, Sesquilé, Cundinamarca, Colombia", "LOCATION_TYPE": "ROOFTOP", "STATUS": "OK" }, "geometry": { "type": "Point", "coordinates": [ -73.796459, 5.0450739 ] } },
{ "type": "Feature", "properties": { "Tipo Documento": "Cédula de Ciudadanía", "No Documento": "20923531", "Nombre del contribuyente": "PAULA YANETH IBAGUE MONTOYA", "Razon Social": null, "Naturaleza Juridica": "Persona Natural", "Regimen tributario": "No responsable de IVA", "Direccion": "Carrera 6 # 6-115, Sesquilé, Cundinamarca, Colombia", "Estado": "ACTIVO", "LAT": "5.045927", "LON": "-73.79606199999999", "FORMATTED_ADDRESS": "Cra. 6 # 7-6, Sesquilé, Cundinamarca, Colombia", "LOCATION_TYPE": "ROOFTOP", "STATUS": "OK" }, "geometry": { "type": "Point", "coordinates": [ -73.796062, 5.045927 ] } },
{ "type": "Feature", "properties": { "Tipo Documento": "Cédula de Ciudadanía", "No Documento": "1045138161", "Nombre del contribuyente": "DEIBY LUZ ARTEAGA LOPEZ", "Razon Social": null, "Naturaleza Juridica": "Persona Natural", "Regimen tributario": "No responsable de IVA", "Direccion": "Calle 7 # 7-68, Sesquilé, Cundinamarca, Colombia", "Estado": "ACTIVO", "LAT": "5.0469804", "LON": "-73.7974945", "FORMATTED_ADDRESS": "Cl. 7 #7-68, Sesquilé, Cundinamarca, Colombia", "LOCATION_TYPE": "RANGE_INTERPOLATED", "STATUS": "OK" }, "geometry": { "type": "Point", "coordinates": [ -73.7974945, 5.0469804 ] } },
{ "type": "Feature", "properties": { "Tipo Documento": "Cédula de Ciudadanía", "No Documento": "80074602", "Nombre del contribuyente": "LUIS  OCTAVIO VELEZ RODRIGUEZ", "Razon Social": null, "Naturaleza Juridica": "Persona Natural", "Regimen tributario": "No responsable de IVA", "Direccion": "Calle 174 # 55C-96, Sesquilé, Cundinamarca, Colombia", "Estado": "ACTIVO", "LAT": "5.0445905", "LON": "-73.7967966", "FORMATTED_ADDRESS": "Sesquilé, Cundinamarca, Colombia", "LOCATION_TYPE": "APPROXIMATE", "STATUS": "OK" }, "geometry": { "type": "Point", "coordinates": [ -73.7967966, 5.0445905 ] } },
{ "type": "Feature", "properties": { "Tipo Documento": "Cédula de Ciudadanía", "No Documento": "1020732814", "Nombre del contribuyente": "MARIO ALBERTO MUÑOZ ROJAS", "Razon Social": null, "Naturaleza Juridica": "Persona Natural", "Regimen tributario": "No responsable de IVA", "Direccion": "VEREDA ESPIGAS, Sesquilé, Cundinamarca, Colombia", "Estado": "ACTIVO", "LAT": "5.0556183", "LON": "-73.7794017", "FORMATTED_ADDRESS": "364C+66, Sesquilé, Cundinamarca, Colombia", "LOCATION_TYPE": "GEOMETRIC_CENTER", "STATUS": "OK" }, "geometry": { "type": "Point", "coordinates": [ -73.7794017, 5.0556183 ] } },
{ "type": "Feature", "properties": { "Tipo Documento": "Cédula de Ciudadanía", "No Documento": "1071331459", "Nombre del contribuyente": "CLAUDIA MARCELA CORTES GARZON", "Razon Social": null, "Naturaleza Juridica": "Persona Natural", "Regimen tributario": "No responsable de IVA", "Direccion": "Calle 6 # 6-42, Sesquilé, Cundinamarca, Colombia", "Estado": "ACTIVO", "LAT": "5.04538", "LON": "-73.796904", "FORMATTED_ADDRESS": "Cl. 6 # 6-42, Sesquilé, Cundinamarca, Colombia", "LOCATION_TYPE": "ROOFTOP", "STATUS": "OK" }, "geometry": { "type": "Point", "coordinates": [ -73.796904, 5.04538 ] } },
{ "type": "Feature", "properties": { "Tipo Documento": "Cédula de Ciudadanía", "No Documento": "1071328182", "Nombre del contribuyente": "SANDRA  MILENA GRANADOS MELLIZO", "Razon Social": null, "Naturaleza Juridica": "Persona Natural", "Regimen tributario": "Regimen Simplificado", "Direccion": "Calle 6 # 2A-15, Sesquilé, Cundinamarca, Colombia", "Estado": "ACTIVO", "LAT": "5.04599", "LON": "-73.7978666", "FORMATTED_ADDRESS": "Cl. 6, Sesquilé, Cundinamarca, Colombia", "LOCATION_TYPE": "GEOMETRIC_CENTER", "STATUS": "OK" }, "geometry": { "type": "Point", "coordinates": [ -73.7978666, 5.04599 ] } },
{ "type": "Feature", "properties": { "Tipo Documento": "Cédula de Ciudadanía", "No Documento": "20493573", "Nombre del contribuyente": "CARMEN ROSA MORA HERNANDEZ", "Razon Social": null, "Naturaleza Juridica": "Persona Natural", "Regimen tributario": "No responsable de IVA", "Direccion": "Calle 5 # 5-15, Sesquilé, Cundinamarca, Colombia", "Estado": "ACTIVO", "LAT": "5.0443171", "LON": "-73.7963949", "FORMATTED_ADDRESS": "Cl. 5 # 5-15, Sesquilé, Cundinamarca, Colombia", "LOCATION_TYPE": "ROOFTOP", "STATUS": "OK" }, "geometry": { "type": "Point", "coordinates": [ -73.7963949, 5.0443171 ] } },
{ "type": "Feature", "properties": { "Tipo Documento": "Cédula de Ciudadanía", "No Documento": "1026571910", "Nombre del contribuyente": "PABLO ELIECER GUAYANA GIL", "Razon Social": null, "Naturaleza Juridica": "Persona Natural", "Regimen tributario": "No responsable de IVA", "Direccion": "Calle 4A # 6-53, Sesquilé, Cundinamarca, Colombia", "Estado": "ACTIVO", "LAT": "5.0445905", "LON": "-73.7967966", "FORMATTED_ADDRESS": "Sesquilé, Cundinamarca, Colombia", "LOCATION_TYPE": "APPROXIMATE", "STATUS": "OK" }, "geometry": { "type": "Point", "coordinates": [ -73.7967966, 5.0445905 ] } },
{ "type": "Feature", "properties": { "Tipo Documento": "Cédula de Ciudadanía", "No Documento": "79001862", "Nombre del contribuyente": "LUIS MARTIN CAMACHO LOZANO", "Razon Social": null, "Naturaleza Juridica": "Persona Natural", "Regimen tributario": "Regimen Simple", "Direccion": "VEREDA BOITA, Sesquilé, Cundinamarca, Colombia", "Estado": "ACTIVO", "LAT": "5.053867299999999", "LON": "-73.80727949999999", "FORMATTED_ADDRESS": "353V+H3, Sesquilé, Cundinamarca, Colombia", "LOCATION_TYPE": "GEOMETRIC_CENTER", "STATUS": "OK" }, "geometry": { "type": "Point", "coordinates": [ -73.8072795, 5.0538673 ] } },
{ "type": "Feature", "properties": { "Tipo Documento": "Cédula de Ciudadanía", "No Documento": "38070710", "Nombre del contribuyente": "AYLIN  BENAVIDES ORTEGON", "Razon Social": null, "Naturaleza Juridica": "Persona Natural", "Regimen tributario": "No responsable de IVA", "Direccion": "Calle 6 # 6-54, Sesquilé, Cundinamarca, Colombia", "Estado": "ACTIVO", "LAT": "5.0454437", "LON": "-73.79690149999999", "FORMATTED_ADDRESS": "Cl. 6 #6-54, Sesquilé, Cundinamarca, Colombia", "LOCATION_TYPE": "RANGE_INTERPOLATED", "STATUS": "OK" }, "geometry": { "type": "Point", "coordinates": [ -73.7969015, 5.0454437 ] } },
{ "type": "Feature", "properties": { "Tipo Documento": "Cédula de Ciudadanía", "No Documento": "39685633", "Nombre del contribuyente": "MARIA ODILIA VALERO GOMEZ", "Razon Social": null, "Naturaleza Juridica": "Persona Natural", "Regimen tributario": "No responsable de IVA", "Direccion": "SIATOYA, Sesquilé, Cundinamarca, Colombia", "Estado": "ACTIVO", "LAT": "5.0445905", "LON": "-73.7967966", "FORMATTED_ADDRESS": "Sesquilé, Cundinamarca, Colombia", "LOCATION_TYPE": "APPROXIMATE", "STATUS": "OK" }, "geometry": { "type": "Point", "coordinates": [ -73.7967966, 5.0445905 ] } },
{ "type": "Feature", "properties": { "Tipo Documento": "NIT", "No Documento": "19477697", "Nombre del contribuyente": "FEDERICO   TOVAR  MATEUS", "Razon Social": null, "Naturaleza Juridica": "Persona Natural", "Regimen tributario": "Regimen Comun", "Direccion": "AK 72 24B-34 IN 1 OF 901, Sesquilé, Cundinamarca, Colombia", "Estado": "ACTIVO", "LAT": "5.0445905", "LON": "-73.7967966", "FORMATTED_ADDRESS": "Sesquilé, Cundinamarca, Colombia", "LOCATION_TYPE": "APPROXIMATE", "STATUS": "OK" }, "geometry": { "type": "Point", "coordinates": [ -73.7967966, 5.0445905 ] } },
{ "type": "Feature", "properties": { "Tipo Documento": "Cédula de Ciudadanía", "No Documento": "1069101625", "Nombre del contribuyente": "LEYDI VIVIANA SUAREZ RUIZ", "Razon Social": null, "Naturaleza Juridica": "Persona Natural", "Regimen tributario": "No responsable de IVA", "Direccion": "Carrera 3 # 5-23, Sesquilé, Cundinamarca, Colombia", "Estado": "ACTIVO", "LAT": "5.0438382", "LON": "-73.7949148", "FORMATTED_ADDRESS": "Cra. 3 #5-23, Sesquilé, Cundinamarca, Colombia", "LOCATION_TYPE": "ROOFTOP", "STATUS": "OK" }, "geometry": { "type": "Point", "coordinates": [ -73.7949148, 5.0438382 ] } },
{ "type": "Feature", "properties": { "Tipo Documento": "Cédula de Ciudadanía", "No Documento": "1098767587", "Nombre del contribuyente": "GERALDYN AUDREI MENESES NUÑEZ", "Razon Social": null, "Naturaleza Juridica": "Persona Natural", "Regimen tributario": "No responsable de IVA", "Direccion": "Calle 5 # 6-86 LOCAL, Sesquilé, Cundinamarca, Colombia", "Estado": "ACTIVO", "LAT": "5.0448676", "LON": "-73.7975299", "FORMATTED_ADDRESS": "Cl. 5 #6-86, Sesquilé, Cundinamarca, Colombia", "LOCATION_TYPE": "ROOFTOP", "STATUS": "OK" }, "geometry": { "type": "Point", "coordinates": [ -73.7975299, 5.0448676 ] } },
{ "type": "Feature", "properties": { "Tipo Documento": "Cédula de Ciudadanía", "No Documento": "79641390", "Nombre del contribuyente": "JAIME ALBERTO VELOZA CAÑON", "Razon Social": null, "Naturaleza Juridica": "Persona Natural", "Regimen tributario": "No responsable de IVA", "Direccion": "Calle 6 # 5-46, Sesquilé, Cundinamarca, Colombia", "Estado": "ACTIVO", "LAT": "5.045031", "LON": "-73.79639399999999", "FORMATTED_ADDRESS": "Cl. 6 # 5-46, Sesquilé, Cundinamarca, Colombia", "LOCATION_TYPE": "ROOFTOP", "STATUS": "OK" }, "geometry": { "type": "Point", "coordinates": [ -73.796394, 5.045031 ] } },
{ "type": "Feature", "properties": { "Tipo Documento": "Cédula de Ciudadanía", "No Documento": "1005702928", "Nombre del contribuyente": "JUAN  SEBASTIAN LOPEZ CABALLERO", "Razon Social": null, "Naturaleza Juridica": "Persona Natural", "Regimen tributario": "Regimen Simple", "Direccion": "Carrera 6N. 7-30, Sesquilé, Cundinamarca, Colombia", "Estado": "ACTIVO", "LAT": "5.0445905", "LON": "-73.7967966", "FORMATTED_ADDRESS": "Sesquilé, Cundinamarca, Colombia", "LOCATION_TYPE": "APPROXIMATE", "STATUS": "OK" }, "geometry": { "type": "Point", "coordinates": [ -73.7967966, 5.0445905 ] } },
{ "type": "Feature", "properties": { "Tipo Documento": "Cédula de Ciudadanía", "No Documento": "10713281100", "Nombre del contribuyente": "NOHORA VIVIANA CHAPETON NIETO", "Razon Social": null, "Naturaleza Juridica": "Persona Natural", "Regimen tributario": "Regimen Ordinario", "Direccion": "Carrera 7 # 5-84, Sesquilé, Cundinamarca, Colombia", "Estado": "ACTIVO", "LAT": "5.045578", "LON": "-73.79768700000001", "FORMATTED_ADDRESS": "Cra. 7 # 5-84, Sesquilé, Cundinamarca, Colombia", "LOCATION_TYPE": "ROOFTOP", "STATUS": "OK" }, "geometry": { "type": "Point", "coordinates": [ -73.797687, 5.045578 ] } },
{ "type": "Feature", "properties": { "Tipo Documento": "Cédula de Ciudadanía", "No Documento": "1076647829", "Nombre del contribuyente": "GEOVANY ARLES CHACON TORRES", "Razon Social": null, "Naturaleza Juridica": "Persona Natural", "Regimen tributario": "No responsable de IVA", "Direccion": "VEREDA BOITA, Sesquilé, Cundinamarca, Colombia", "Estado": "ACTIVO", "LAT": "5.053867299999999", "LON": "-73.80727949999999", "FORMATTED_ADDRESS": "353V+H3, Sesquilé, Cundinamarca, Colombia", "LOCATION_TYPE": "GEOMETRIC_CENTER", "STATUS": "OK" }, "geometry": { "type": "Point", "coordinates": [ -73.8072795, 5.0538673 ] } },
{ "type": "Feature", "properties": { "Tipo Documento": "Cédula de Ciudadanía", "No Documento": "20923363", "Nombre del contribuyente": "BLANCA LILIANA DIAZ PRIETO", "Razon Social": null, "Naturaleza Juridica": "Persona Natural", "Regimen tributario": "No responsable de IVA", "Direccion": "BARRIO PABLO MUÑOZ, Sesquilé, Cundinamarca, Colombia", "Estado": "ACTIVO", "LAT": "5.049074399999999", "LON": "-73.7987279", "FORMATTED_ADDRESS": "Cl. 8 #cra 10, Sesquilé, Cundinamarca, Colombia", "LOCATION_TYPE": "ROOFTOP", "STATUS": "OK" }, "geometry": { "type": "Point", "coordinates": [ -73.7987279, 5.0490744 ] } },
{ "type": "Feature", "properties": { "Tipo Documento": "Cédula de Ciudadanía", "No Documento": "1019049323", "Nombre del contribuyente": "EDUARDO ANDRES GRACIA RODRIGUEZ", "Razon Social": null, "Naturaleza Juridica": "Persona Natural", "Regimen tributario": "No responsable de IVA", "Direccion": "Calle 4 # 3-34, Sesquilé, Cundinamarca, Colombia", "Estado": "ACTIVO", "LAT": "5.0432304", "LON": "-73.7956518", "FORMATTED_ADDRESS": "Cl. 4 # 3-34, Sesquilé, Cundinamarca, Colombia", "LOCATION_TYPE": "ROOFTOP", "STATUS": "OK" }, "geometry": { "type": "Point", "coordinates": [ -73.7956518, 5.0432304 ] } },
{ "type": "Feature", "properties": { "Tipo Documento": "Cédula de Ciudadanía", "No Documento": "36273989", "Nombre del contribuyente": "JERONIMA  CLAROS MURCIA", "Razon Social": null, "Naturaleza Juridica": "Persona Natural", "Regimen tributario": "No responsable de IVA", "Direccion": "VDA BIOTIVA SECTOR LA ESPERANZA, Sesquilé, Cundinamarca, Colombia", "Estado": "ACTIVO", "LAT": "5.032008", "LON": "-73.800835", "FORMATTED_ADDRESS": "Vda. Gobernador, Sesquilé, Cundinamarca, Colombia", "LOCATION_TYPE": "GEOMETRIC_CENTER", "STATUS": "OK" }, "geometry": { "type": "Point", "coordinates": [ -73.800835, 5.032008 ] } },
{ "type": "Feature", "properties": { "Tipo Documento": "Cédula de Ciudadanía", "No Documento": "1069303044", "Nombre del contribuyente": "DERLY DIGNORY DIAZ CORTES", "Razon Social": null, "Naturaleza Juridica": "Persona Natural", "Regimen tributario": "No responsable de IVA", "Direccion": "AUTOPISTA NORTE KM 41 ENTRADA SESQUILE", "Estado": "ACTIVO", "LAT": "5.0445905", "LON": "-73.7967966", "FORMATTED_ADDRESS": "Sesquilé, Cundinamarca, Colombia", "LOCATION_TYPE": "APPROXIMATE", "STATUS": "OK" }, "geometry": { "type": "Point", "coordinates": [ -73.7967966, 5.0445905 ] } },
{ "type": "Feature", "properties": { "Tipo Documento": "Cédula de Ciudadanía", "No Documento": "1071330301", "Nombre del contribuyente": "NANCY JOHANA CORTES MUÑOZ", "Razon Social": null, "Naturaleza Juridica": "Persona Natural", "Regimen tributario": "No responsable de IVA", "Direccion": "Calle 5 # 4-35, Sesquilé, Cundinamarca, Colombia", "Estado": "ACTIVO", "LAT": "5.043945", "LON": "-73.795934", "FORMATTED_ADDRESS": "Cl. 5 # 4-35, Sesquilé, Cundinamarca, Colombia", "LOCATION_TYPE": "ROOFTOP", "STATUS": "OK" }, "geometry": { "type": "Point", "coordinates": [ -73.795934, 5.043945 ] } },
{ "type": "Feature", "properties": { "Tipo Documento": "Cédula de Ciudadanía", "No Documento": "1090407328", "Nombre del contribuyente": "HECTOR ANTONIO ZAPATA LLANOS", "Razon Social": null, "Naturaleza Juridica": "Persona Natural", "Regimen tributario": "Responsable de IVA", "Direccion": "Carrera 5 # 4-17, Sesquilé, Cundinamarca, Colombia", "Estado": "ACTIVO", "LAT": "5.0435351", "LON": "-73.7967288", "FORMATTED_ADDRESS": "Cra. 5 #4-17, Sesquilé, Cundinamarca, Colombia", "LOCATION_TYPE": "RANGE_INTERPOLATED", "STATUS": "OK" }, "geometry": { "type": "Point", "coordinates": [ -73.7967288, 5.0435351 ] } },
{ "type": "Feature", "properties": { "Tipo Documento": "Cédula de Ciudadanía", "No Documento": "1072700384", "Nombre del contribuyente": "LUCERO  BISCUE FRANCO", "Razon Social": null, "Naturaleza Juridica": "Persona Natural", "Regimen tributario": "No responsable de IVA", "Direccion": "Calle 6 # 6-41 CASA PI 2, Sesquilé, Cundinamarca, Colombia", "Estado": "ACTIVO", "LAT": "5.0452087", "LON": "-73.7969306", "FORMATTED_ADDRESS": "Cl. 6 # 6-41, Sesquilé, Cundinamarca, Colombia", "LOCATION_TYPE": "ROOFTOP", "STATUS": "OK" }, "geometry": { "type": "Point", "coordinates": [ -73.7969306, 5.0452087 ] } },
{ "type": "Feature", "properties": { "Tipo Documento": "Cédula de Ciudadanía", "No Documento": "24813865", "Nombre del contribuyente": "CLAUDIA MILENA RIVERA  AGUDELO", "Razon Social": null, "Naturaleza Juridica": "Persona Natural", "Regimen tributario": "No responsable de IVA", "Direccion": "Transversal 2 # 2-23, Sesquilé, Cundinamarca, Colombia", "Estado": "ACTIVO", "LAT": "5.0445905", "LON": "-73.7967966", "FORMATTED_ADDRESS": "Sesquilé, Cundinamarca, Colombia", "LOCATION_TYPE": "APPROXIMATE", "STATUS": "OK" }, "geometry": { "type": "Point", "coordinates": [ -73.7967966, 5.0445905 ] } },
{ "type": "Feature", "properties": { "Tipo Documento": "Cédula de Ciudadanía", "No Documento": "1071330132", "Nombre del contribuyente": "LEIDY GERALDINE PAVA BOHORQUEZ", "Razon Social": null, "Naturaleza Juridica": "Persona Natural", "Regimen tributario": "No responsable de IVA", "Direccion": "Carrera 6 # 4-47, Sesquilé, Cundinamarca, Colombia", "Estado": "ACTIVO", "LAT": "5.044066", "LON": "-73.797054", "FORMATTED_ADDRESS": "Cra. 6 # 4-47, Sesquilé, Cundinamarca, Colombia", "LOCATION_TYPE": "ROOFTOP", "STATUS": "OK" }, "geometry": { "type": "Point", "coordinates": [ -73.797054, 5.044066 ] } },
{ "type": "Feature", "properties": { "Tipo Documento": "Cédula de Ciudadanía", "No Documento": "1003908336", "Nombre del contribuyente": "MICHAEL  ANDRES REYES AVILA", "Razon Social": null, "Naturaleza Juridica": "Persona Natural", "Regimen tributario": "No responsable de IVA", "Direccion": "VEREDA BOITA, Sesquilé, Cundinamarca, Colombia", "Estado": "ACTIVO", "LAT": "5.053867299999999", "LON": "-73.80727949999999", "FORMATTED_ADDRESS": "353V+H3, Sesquilé, Cundinamarca, Colombia", "LOCATION_TYPE": "GEOMETRIC_CENTER", "STATUS": "OK" }, "geometry": { "type": "Point", "coordinates": [ -73.8072795, 5.0538673 ] } },
{ "type": "Feature", "properties": { "Tipo Documento": "Cédula de Ciudadanía", "No Documento": "1071329907", "Nombre del contribuyente": "MARIA CAROLINA CASTAÑEDA PRIETO", "Razon Social": null, "Naturaleza Juridica": "Persona Natural", "Regimen tributario": "No responsable de IVA", "Direccion": "Carrera 7 # 5-64, Sesquilé, Cundinamarca, Colombia", "Estado": "ACTIVO", "LAT": "5.045654", "LON": "-73.79766599999999", "FORMATTED_ADDRESS": "Cra. 7 # 5-64, Sesquilé, Cundinamarca, Colombia", "LOCATION_TYPE": "ROOFTOP", "STATUS": "OK" }, "geometry": { "type": "Point", "coordinates": [ -73.797666, 5.045654 ] } },
{ "type": "Feature", "properties": { "Tipo Documento": "Cédula de Ciudadanía", "No Documento": "24179209", "Nombre del contribuyente": "LUZ NERY CALDERON ACERO", "Razon Social": null, "Naturaleza Juridica": "Persona Natural", "Regimen tributario": "No responsable de IVA", "Direccion": "VEREDA GOBERNADOR, Sesquilé, Cundinamarca, Colombia", "Estado": "ACTIVO", "LAT": "5.032008", "LON": "-73.800835", "FORMATTED_ADDRESS": "Vda. Gobernador, Sesquilé, Cundinamarca, Colombia", "LOCATION_TYPE": "GEOMETRIC_CENTER", "STATUS": "OK" }, "geometry": { "type": "Point", "coordinates": [ -73.800835, 5.032008 ] } },
{ "type": "Feature", "properties": { "Tipo Documento": "NIT", "No Documento": "3058565", "Nombre del contribuyente": "EDUARDO  MUÑOZ JIMENEZ", "Razon Social": null, "Naturaleza Juridica": "Persona Natural", "Regimen tributario": "No responsable de IVA", "Direccion": "VEREDA TIERRA NEGRA, Sesquilé, Cundinamarca, Colombia", "Estado": "ACTIVO", "LAT": "4.99226", "LON": "-73.78941999999999", "FORMATTED_ADDRESS": "Tierra Negra, Sesquilé, Cundinamarca, Colombia", "LOCATION_TYPE": "APPROXIMATE", "STATUS": "OK" }, "geometry": { "type": "Point", "coordinates": [ -73.78942, 4.99226 ] } },
{ "type": "Feature", "properties": { "Tipo Documento": "Cédula de Ciudadanía", "No Documento": "20922434", "Nombre del contribuyente": "BLANCA NELY MELO AGUILAR", "Razon Social": null, "Naturaleza Juridica": "Persona Natural", "Regimen tributario": "No responsable de IVA", "Direccion": "Calle 4 # 6-43, Sesquilé, Cundinamarca, Colombia", "Estado": "ACTIVO", "LAT": "5.043758299999999", "LON": "-73.79761069999999", "FORMATTED_ADDRESS": "Cl. 4 # 6-43, Sesquilé, Cundinamarca, Colombia", "LOCATION_TYPE": "ROOFTOP", "STATUS": "OK" }, "geometry": { "type": "Point", "coordinates": [ -73.7976107, 5.0437583 ] } },
{ "type": "Feature", "properties": { "Tipo Documento": "Cédula de Ciudadanía", "No Documento": "1071328300", "Nombre del contribuyente": "JUAN MANUEL ROMERO ESTUPIÑAN", "Razon Social": null, "Naturaleza Juridica": "Persona Natural", "Regimen tributario": "No responsable de IVA", "Direccion": "Calle 7 # 3-81 BARRIO CENTRO, Sesquilé, Cundinamarca, Colombia", "Estado": "ACTIVO", "LAT": "5.0450859", "LON": "-73.7948943", "FORMATTED_ADDRESS": "Cl. 7 #3-81, Sesquilé, Cundinamarca, Colombia", "LOCATION_TYPE": "ROOFTOP", "STATUS": "OK" }, "geometry": { "type": "Point", "coordinates": [ -73.7948943, 5.0450859 ] } },
{ "type": "Feature", "properties": { "Tipo Documento": "Cédula de Ciudadanía", "No Documento": "1071329346", "Nombre del contribuyente": "SARA ELVIRA PRIETO ORJUELA", "Razon Social": null, "Naturaleza Juridica": "Persona Natural", "Regimen tributario": "Regimen Ordinario", "Direccion": "VEREDA EL HATO, Sesquilé, Cundinamarca, Colombia", "Estado": "ACTIVO", "LAT": "4.998733", "LON": "-73.7450967", "FORMATTED_ADDRESS": "Vda. El Hato, Sesquilé, Cundinamarca, Colombia", "LOCATION_TYPE": "GEOMETRIC_CENTER", "STATUS": "OK" }, "geometry": { "type": "Point", "coordinates": [ -73.7450967, 4.998733 ] } },
{ "type": "Feature", "properties": { "Tipo Documento": "Cédula de Ciudadanía", "No Documento": "52557665", "Nombre del contribuyente": "MARLEN  RODRIGUEZ VELANDIA", "Razon Social": null, "Naturaleza Juridica": "Persona Natural", "Regimen tributario": "No responsable de IVA", "Direccion": "VDA CHALECHE, Sesquilé, Cundinamarca, Colombia", "Estado": "ACTIVO", "LAT": "5.0445905", "LON": "-73.7967966", "FORMATTED_ADDRESS": "Sesquilé, Cundinamarca, Colombia", "LOCATION_TYPE": "APPROXIMATE", "STATUS": "OK" }, "geometry": { "type": "Point", "coordinates": [ -73.7967966, 5.0445905 ] } }
]
}
