{
"type": "FeatureCollection",
"name": "PREDIOS_CONTRIBUYENTES_NATURAL",
"crs": { "type": "name", "properties": { "name": "urn:ogc:def:crs:OGC:1.3:CRS84" } },
"features": [
{ "type": "Feature", "properties": { "OBJECTID": 26.0, "codigo": "257360100000000180017000000000", "Shape_Area": 189.10573782700001, "Tipo Documento": "Cédula de Ciudadanía", "No Documento": "20650856", "Nombre del contribuyente": "MARIA  IGNACIA ROMERO", "Razon Social": null, "Naturaleza Juridica": "Persona Natural", "Regimen tributario": "Regimen Simplificado", "Direccion": "CR 6 5 -4 5", "Estado": "ACTIVO" }, "geometry": { "type": "MultiPolygon", "coordinates": [ [ [ [ -73.797244990195807, 5.042861050679813 ], [ -73.797301229548509, 5.042761913745041 ], [ -73.79730343711627, 5.042758023221577 ], [ -73.797350698350499, 5.042674711420255 ], [ -73.797352927551671, 5.042670781123604 ], [ -73.797361209759373, 5.042656181716655 ], [ -73.797396794065946, 5.042681572253151 ], [ -73.797427411571377, 5.042703419375934 ], [ -73.797422661110801, 5.042710987095858 ], [ -73.79742026064082, 5.042714812536681 ], [ -73.797407771526039, 5.042734711698699 ], [ -73.797359006731241, 5.042812404663245 ], [ -73.797349399439724, 5.042827710041208 ], [ -73.797333067583935, 5.04285373062973 ], [ -73.797296576446129, 5.042832292984466 ], [ -73.7972641398853, 5.04287696349715 ], [ -73.797244990195807, 5.042861050679813 ] ] ] ] } },
{ "type": "Feature", "properties": { "OBJECTID": 60.0, "codigo": "257360100000000130008000000000", "Shape_Area": 54.791958604599998, "Tipo Documento": "Cédula de Ciudadanía", "No Documento": "4079338", "Nombre del contribuyente": "LUIS OCTAVIO VERDUGO GARCES", "Razon Social": null, "Naturaleza Juridica": "Persona Natural", "Regimen tributario": "No responsable de IVA", "Direccion": "C 6 6 84", "Estado": "ACTIVO" }, "geometry": { "type": "MultiPolygon", "coordinates": [ [ [ [ -73.797135548886047, 5.045525820299142 ], [ -73.797158152897211, 5.045493450500778 ], [ -73.797195707854414, 5.045521278950551 ], [ -73.797227052030721, 5.045544504577044 ], [ -73.797203317640339, 5.04557971633956 ], [ -73.79719978227061, 5.045584960952262 ], [ -73.797196751696106, 5.045589455301505 ], [ -73.797153168038108, 5.045557150580527 ], [ -73.797156683576816, 5.045551935797805 ], [ -73.797130737105093, 5.045532710067333 ], [ -73.797135548886047, 5.045525820299142 ] ] ] ] } },
{ "type": "Feature", "properties": { "OBJECTID": 64.0, "codigo": "257360100000000130009000000000", "Shape_Area": 213.81435119299999, "Tipo Documento": "Cédula de Ciudadanía", "No Documento": "20923213", "Nombre del contribuyente": "ROSA ODILIA CHAUTA  BOJACA", "Razon Social": null, "Naturaleza Juridica": "Persona Natural", "Regimen tributario": "No responsable de IVA", "Direccion": "C 6 6 96", "Estado": "ACTIVO" }, "geometry": { "type": "MultiPolygon", "coordinates": [ [ [ [ -73.797260161199688, 5.045738858970821 ], [ -73.79720903985276, 5.045690411838527 ], [ -73.79720767690533, 5.045692212470796 ], [ -73.797174438839505, 5.045659043592612 ], [ -73.797159737579065, 5.045644372776865 ], [ -73.797175896438688, 5.045620398696716 ], [ -73.797196751696106, 5.045589455301505 ], [ -73.79719978227061, 5.045584960952262 ], [ -73.797203317640339, 5.04557971633956 ], [ -73.797227052030721, 5.045544504577044 ], [ -73.797269769426833, 5.045576628506776 ], [ -73.797307132391111, 5.045604726321771 ], [ -73.797315789630801, 5.045611236438015 ], [ -73.797335269322161, 5.045625885555076 ], [ -73.797311408735908, 5.045661775270398 ], [ -73.797288698359097, 5.045695934859068 ], [ -73.797260161199688, 5.045738858970821 ] ] ] ] } },
{ "type": "Feature", "properties": { "OBJECTID": 89.0, "codigo": "257360100000000270013000000000", "Shape_Area": 262.47973310600003, "Tipo Documento": "Cédula de Ciudadanía", "No Documento": "11210630", "Nombre del contribuyente": "WILSON GIOVANNI VILLALOBOS VELASQUEZ", "Razon Social": null, "Naturaleza Juridica": "Persona Natural", "Regimen tributario": "No responsable de IVA", "Direccion": "CR 6 3 13", "Estado": "ACTIVO" }, "geometry": { "type": "MultiPolygon", "coordinates": [ [ [ [ -73.794194690009434, 5.045040447019606 ], [ -73.794205078034096, 5.045025662357739 ], [ -73.794217625756175, 5.045033219286597 ], [ -73.794290892920785, 5.045077335113775 ], [ -73.794317179141061, 5.045093161271559 ], [ -73.794308131513262, 5.04511137184311 ], [ -73.794271529973699, 5.045178908045786 ], [ -73.794240526289528, 5.045236114138286 ], [ -73.794126073417132, 5.045157082837161 ], [ -73.79413243208073, 5.045146405623846 ], [ -73.794194690009434, 5.045040447019606 ] ] ] ] } },
{ "type": "Feature", "properties": { "OBJECTID": 95.0, "codigo": "257360100000000340002000000000", "Shape_Area": 1121.11794429, "Tipo Documento": "Cédula de Ciudadanía", "No Documento": "3168837", "Nombre del contribuyente": "MAURICIO  GONZALEZ ROMERO", "Razon Social": null, "Naturaleza Juridica": "Persona Natural", "Regimen tributario": "No responsable de IVA", "Direccion": "CRA 7 7 15", "Estado": "ACTIVO" }, "geometry": { "type": "MultiPolygon", "coordinates": [ [ [ [ -73.797145776259782, 5.046701615107966 ], [ -73.797228245520316, 5.046571418191117 ], [ -73.797456817215988, 5.046745076113728 ], [ -73.797345273530738, 5.046941538501211 ], [ -73.797341257697212, 5.046948610864763 ], [ -73.797301549166633, 5.047018549885835 ], [ -73.797066535855919, 5.046845998321102 ], [ -73.797139801634373, 5.046724513509016 ], [ -73.797133962225431, 5.046720266836378 ], [ -73.797145776259782, 5.046701615107966 ] ] ] ] } },
{ "type": "Feature", "properties": { "OBJECTID": 111.0, "codigo": "257360100000000450008000000000", "Shape_Area": 117.90889720600001, "Tipo Documento": "Cédula de Ciudadanía", "No Documento": "20577117", "Nombre del contribuyente": "LUZ MIRIAM PULIDO JUNCO", "Razon Social": null, "Naturaleza Juridica": "Persona Natural", "Regimen tributario": "Regimen Comun", "Direccion": "CL 4 6 11", "Estado": "ACTIVO" }, "geometry": { "type": "MultiPolygon", "coordinates": [ [ [ [ -73.793128131239484, 5.043220726775098 ], [ -73.793150517262831, 5.043182521327844 ], [ -73.793155716612418, 5.043186111778116 ], [ -73.793182725631212, 5.043207468242822 ], [ -73.793193797679848, 5.043216222892507 ], [ -73.793200172468545, 5.043221264160461 ], [ -73.793219446469692, 5.043236504572148 ], [ -73.79320467568138, 5.043264473943423 ], [ -73.793207808995462, 5.043266263748036 ], [ -73.793179462671603, 5.043325841727103 ], [ -73.793173156380277, 5.043322329008305 ], [ -73.793117975432565, 5.043291592264141 ], [ -73.793094325941482, 5.043278419114077 ], [ -73.793105289091685, 5.043259708696183 ], [ -73.793128131239484, 5.043220726775098 ] ] ] ] } },
{ "type": "Feature", "properties": { "OBJECTID": 119.0, "codigo": "257360100000000330011000000000", "Shape_Area": 154.10446445100001, "Tipo Documento": "Cédula de Ciudadanía", "No Documento": "1071328619", "Nombre del contribuyente": "EDISON EDUARDO MUÑOZ CORTES", "Razon Social": null, "Naturaleza Juridica": "Persona Natural", "Regimen tributario": "Regimen Simplificado", "Direccion": "SESQUILE", "Estado": "ACTIVO" }, "geometry": { "type": "MultiPolygon", "coordinates": [ [ [ [ -73.79587655711137, 5.042943133540902 ], [ -73.795887206482718, 5.042924771088994 ], [ -73.795924971280215, 5.042946545078548 ], [ -73.795962460247097, 5.042968159973325 ], [ -73.795951855947933, 5.04298654954448 ], [ -73.795926902850624, 5.043029822525978 ], [ -73.795913772771414, 5.043052594353578 ], [ -73.795901136669357, 5.043074503830796 ], [ -73.795890534169573, 5.0430928934009 ], [ -73.795814699882712, 5.043049793765376 ], [ -73.795825619683498, 5.043030963078368 ], [ -73.795844336765015, 5.042998690939529 ], [ -73.79587655711137, 5.042943133540902 ] ] ] ] } },
{ "type": "Feature", "properties": { "OBJECTID": 170.0, "codigo": "257360100000000120005000000000", "Shape_Area": 325.11484224399999, "Tipo Documento": "Cédula de Ciudadanía", "No Documento": "20921910", "Nombre del contribuyente": "MARIA DEL CARMEN JUZGA GOMEZ", "Razon Social": null, "Naturaleza Juridica": "Persona Natural", "Regimen tributario": "No responsable de IVA", "Direccion": "CALLE 5 No 5 39", "Estado": "ACTIVO" }, "geometry": { "type": "MultiPolygon", "coordinates": [ [ [ [ -73.796637379678174, 5.046917245985004 ], [ -73.796672648763675, 5.046856250502322 ], [ -73.796705103540091, 5.046875798959198 ], [ -73.796712830524712, 5.046880454214349 ], [ -73.796752238869061, 5.046904191494482 ], [ -73.796759967657181, 5.046908846749061 ], [ -73.79678701390938, 5.046925135619699 ], [ -73.796792422438841, 5.046928395201555 ], [ -73.796824877222434, 5.046947943652404 ], [ -73.796839559578231, 5.046956787730456 ], [ -73.796864287377787, 5.046971680925695 ], [ -73.796872014364652, 5.046976336178933 ], [ -73.796895197128791, 5.046990298322365 ], [ -73.796869825681085, 5.047033711443969 ], [ -73.796840504194193, 5.047083884164557 ], [ -73.79662472008863, 5.046939141010761 ], [ -73.796634668196802, 5.046921937388852 ], [ -73.796637379678174, 5.046917245985004 ] ] ] ] } },
{ "type": "Feature", "properties": { "OBJECTID": 181.0, "codigo": "257360100000000380801800000008", "Shape_Area": 106.144412317, "Tipo Documento": "Cédula de Ciudadanía", "No Documento": "20492541", "Nombre del contribuyente": "MIRIAM  MILAGUY", "Razon Social": null, "Naturaleza Juridica": "Persona Natural", "Regimen tributario": "Regimen Comun", "Direccion": "K 10 8 19", "Estado": "ACTIVO" }, "geometry": { "type": "MultiPolygon", "coordinates": [ [ [ [ -73.7985636634087, 5.048704872192713 ], [ -73.798574118995447, 5.048688085253557 ], [ -73.798588231714348, 5.048697162507176 ], [ -73.798615728793493, 5.048711142657964 ], [ -73.798666057177172, 5.048736732857262 ], [ -73.79867007753468, 5.048738777542032 ], [ -73.798690177519774, 5.04874899554197 ], [ -73.79868002211694, 5.048769169514763 ], [ -73.79867799031517, 5.048773204670861 ], [ -73.79867189851538, 5.048785310139142 ], [ -73.798659590519051, 5.048809761521651 ], [ -73.798639490532565, 5.048799541712929 ], [ -73.798635069941852, 5.048797292740251 ], [ -73.798577227272048, 5.048767770450991 ], [ -73.798549914082017, 5.048753828263353 ], [ -73.798567913666915, 5.048725350758879 ], [ -73.798555733604346, 5.04871760408847 ], [ -73.7985636634087, 5.048704872192713 ] ] ] ] } },
{ "type": "Feature", "properties": { "OBJECTID": 221.0, "codigo": "257360100000000100012000000000", "Shape_Area": 219.83335916499999, "Tipo Documento": "Cédula de Ciudadanía", "No Documento": "3169300", "Nombre del contribuyente": "LUIS NORBERTO RODRIGUEZ  SANCHEZ", "Razon Social": null, "Naturaleza Juridica": "Persona Natural", "Regimen tributario": "No responsable de IVA", "Direccion": "C 6 7 41", "Estado": "ACTIVO" }, "geometry": { "type": "MultiPolygon", "coordinates": [ [ [ [ -73.798022682685072, 5.045853279080307 ], [ -73.798079476507695, 5.045721320319903 ], [ -73.798140001510021, 5.045749437942386 ], [ -73.798136979958315, 5.045756005011788 ], [ -73.798134715597371, 5.0457609305398 ], [ -73.798112441567056, 5.045809359625221 ], [ -73.798104891292013, 5.04582577503848 ], [ -73.798098096404715, 5.045840550718209 ], [ -73.798090167533445, 5.045857790517663 ], [ -73.798082995852809, 5.045873385159987 ], [ -73.79805694667607, 5.045930021949804 ], [ -73.798048884392301, 5.045947196665775 ], [ -73.798035213486912, 5.045978693285366 ], [ -73.798020190448426, 5.046009560769699 ], [ -73.797993382177424, 5.045992415022269 ], [ -73.797968510160757, 5.045976507658153 ], [ -73.797970426576327, 5.045972418268128 ], [ -73.797971194584818, 5.045970782150545 ], [ -73.797978478045408, 5.045955238129546 ], [ -73.797979244251025, 5.045953602011965 ], [ -73.797979628255248, 5.04595278304923 ], [ -73.797993299162769, 5.045921288238646 ], [ -73.798000537548887, 5.04590374833585 ], [ -73.798011430284518, 5.045878928161178 ], [ -73.79801215682744, 5.045877273964945 ], [ -73.798013608110423, 5.045873965572499 ], [ -73.798022326625016, 5.045854107986271 ], [ -73.798022682685072, 5.045853279080307 ] ] ] ] } },
{ "type": "Feature", "properties": { "OBJECTID": 222.0, "codigo": "257360100000000100004000000000", "Shape_Area": 760.82983156900002, "Tipo Documento": "Cédula de Ciudadanía", "No Documento": "51781971", "Nombre del contribuyente": "ALICIA  MARCELA SANCHEZ FUENTES", "Razon Social": null, "Naturaleza Juridica": "Persona Natural", "Regimen tributario": "Regimen Comun", "Direccion": "CALLE 6 N 7-35", "Estado": "ACTIVO" }, "geometry": { "type": "MultiPolygon", "coordinates": [ [ [ [ -73.797934623541508, 5.045595860172758 ], [ -73.797948701882518, 5.04556158848356 ], [ -73.797995061944505, 5.045585824651866 ], [ -73.798030233576171, 5.045604210583663 ], [ -73.798074462684667, 5.045626671426663 ], [ -73.798113063324735, 5.045646274041772 ], [ -73.798092748980224, 5.045691624331992 ], [ -73.798080929592828, 5.045718008311562 ], [ -73.798080190430369, 5.045719658892168 ], [ -73.798079476507695, 5.045721320319903 ], [ -73.798022682685072, 5.045853279080307 ], [ -73.798022326625016, 5.045854107986271 ], [ -73.798013608110423, 5.045873965572499 ], [ -73.79801215682744, 5.045877273964945 ], [ -73.798011430284518, 5.045878928161178 ], [ -73.798000537548887, 5.04590374833585 ], [ -73.797993299162769, 5.045921288238646 ], [ -73.797979628255248, 5.04595278304923 ], [ -73.797979244251025, 5.045953602011965 ], [ -73.797978478045408, 5.045955238129546 ], [ -73.797971194584818, 5.045970782150545 ], [ -73.797970426576327, 5.045972418268128 ], [ -73.797948941200247, 5.04595838203833 ], [ -73.797937194780005, 5.045950707669737 ], [ -73.797916002367231, 5.045936863072064 ], [ -73.797904718376827, 5.04592949061562 ], [ -73.797906890795176, 5.045924524411595 ], [ -73.797903871034251, 5.045922547515745 ], [ -73.797865176630751, 5.045897206728916 ], [ -73.797851040545311, 5.045887948672445 ], [ -73.797822360933324, 5.045869165899057 ], [ -73.79784845248814, 5.045805646581162 ], [ -73.797858752093092, 5.045780571500746 ], [ -73.797879692938039, 5.045729589721678 ], [ -73.79789926272305, 5.045681945259815 ], [ -73.797909217982451, 5.045657710835519 ], [ -73.797920891343466, 5.045629293012434 ], [ -73.797934623541508, 5.045595860172758 ] ] ] ] } },
{ "type": "Feature", "properties": { "OBJECTID": 252.0, "codigo": "257360100000000230024000000000", "Shape_Area": 143.94907481600001, "Tipo Documento": "Cédula de Ciudadanía", "No Documento": "3169765", "Nombre del contribuyente": "LUCAS SANCHEZ ELIAS", "Razon Social": "LA ZONA CIBERGAMES", "Naturaleza Juridica": "Persona Natural", "Regimen tributario": "Regimen Comun", "Direccion": "CALLE 4 No 5-37", "Estado": "ACTIVO" }, "geometry": { "type": "MultiPolygon", "coordinates": [ [ [ [ -73.796227955700132, 5.043325909583619 ], [ -73.796266671655872, 5.043259606233075 ], [ -73.796309941572233, 5.043185501953713 ], [ -73.796373120025862, 5.043220368502642 ], [ -73.796306164426369, 5.043335035795525 ], [ -73.796304341756851, 5.043338154358173 ], [ -73.796291134162956, 5.043360776140368 ], [ -73.796227955700132, 5.043325909583619 ] ] ] ] } },
{ "type": "Feature", "properties": { "OBJECTID": 265.0, "codigo": "257360100000000100019000000000", "Shape_Area": 383.27220033100002, "Tipo Documento": "Cédula de Ciudadanía", "No Documento": "21021580", "Nombre del contribuyente": "SANDRA CONSUELO FARIAS VILLARRAGA", "Razon Social": null, "Naturaleza Juridica": "Persona Natural", "Regimen tributario": "No responsable de IVA", "Direccion": "CALLE 5 No  3-51", "Estado": "ACTIVO" }, "geometry": { "type": "MultiPolygon", "coordinates": [ [ [ [ -73.798074462684667, 5.045626671426663 ], [ -73.798030233576171, 5.045604210583663 ], [ -73.798116639842277, 5.045414229297299 ], [ -73.798156662757719, 5.045326229663249 ], [ -73.798171626277394, 5.045293331944158 ], [ -73.798213950668497, 5.045314896080237 ], [ -73.798251989709485, 5.045334276320876 ], [ -73.798239126494764, 5.045363166004485 ], [ -73.79819428822195, 5.045463864085936 ], [ -73.798192818912398, 5.045467165247398 ], [ -73.798161577601604, 5.045537323063027 ], [ -73.798125192796888, 5.045619036749428 ], [ -73.798113063324735, 5.045646274041772 ], [ -73.798074462684667, 5.045626671426663 ] ] ] ] } },
{ "type": "Feature", "properties": { "OBJECTID": 272.0, "codigo": "257360100000000230008000000000", "Shape_Area": 54.4379059416, "Tipo Documento": "Cédula de Ciudadanía", "No Documento": "3168811", "Nombre del contribuyente": "JOSE MIGUEL ZAMBRANO PALACINO", "Razon Social": null, "Naturaleza Juridica": "Persona Natural", "Regimen tributario": "Regimen Comun", "Direccion": "C 5 4 55", "Estado": "ACTIVO" }, "geometry": { "type": "MultiPolygon", "coordinates": [ [ [ [ -73.796086359796988, 5.044088679663883 ], [ -73.796105427557222, 5.044050741673833 ], [ -73.796147548077442, 5.044073349082431 ], [ -73.796123141195523, 5.044125768054164 ], [ -73.796109412548077, 5.044155254290282 ], [ -73.796089597592697, 5.044145119371267 ], [ -73.796077293246682, 5.044138826175627 ], [ -73.79606524850908, 5.04413266495428 ], [ -73.796067278509739, 5.044128627997895 ], [ -73.796086359796988, 5.044088679663883 ] ] ] ] } },
{ "type": "Feature", "properties": { "OBJECTID": 300.0, "codigo": "257360100000000210034000000000", "Shape_Area": 255.402332669, "Tipo Documento": "Cédula de Ciudadanía", "No Documento": "3168837", "Nombre del contribuyente": "MAURICIO  GONZALEZ ROMERO", "Razon Social": null, "Naturaleza Juridica": "Persona Natural", "Regimen tributario": "No responsable de IVA", "Direccion": "CRA 7 7 15", "Estado": "ACTIVO" }, "geometry": { "type": "MultiPolygon", "coordinates": [ [ [ [ -73.795125134244529, 5.04416634220017 ], [ -73.795159011597434, 5.044084996570514 ], [ -73.795183424672231, 5.044094388500296 ], [ -73.795247253107178, 5.04411894220037 ], [ -73.795253138458875, 5.044121210183446 ], [ -73.795320750146558, 5.044147223737809 ], [ -73.795285376525925, 5.044205091547404 ], [ -73.795339265012188, 5.044238213579386 ], [ -73.795400768672408, 5.044276019803478 ], [ -73.795390514092517, 5.044292262527395 ], [ -73.795384626001962, 5.04430158837642 ], [ -73.795125134244529, 5.04416634220017 ] ] ] ] } },
{ "type": "Feature", "properties": { "OBJECTID": 302.0, "codigo": "257360100000000210035000000000", "Shape_Area": 204.91226001300001, "Tipo Documento": "Cédula de Ciudadanía", "No Documento": "3168837", "Nombre del contribuyente": "MAURICIO  GONZALEZ ROMERO", "Razon Social": null, "Naturaleza Juridica": "Persona Natural", "Regimen tributario": "No responsable de IVA", "Direccion": "CRA 7 7 15", "Estado": "ACTIVO" }, "geometry": { "type": "MultiPolygon", "coordinates": [ [ [ [ -73.795103002454198, 5.044219525867168 ], [ -73.795125134244529, 5.04416634220017 ], [ -73.795384626001962, 5.04430158837642 ], [ -73.795366428988601, 5.044330411097991 ], [ -73.795353195205792, 5.044351371433465 ], [ -73.795103002454198, 5.044219525867168 ] ] ] ] } },
{ "type": "Feature", "properties": { "OBJECTID": 314.0, "codigo": "257360100000000160011000000000", "Shape_Area": 161.61165778200001, "Tipo Documento": "Cédula de Ciudadanía", "No Documento": "7332626", "Nombre del contribuyente": "JOSE ALVARO ALFONSO ROMERO", "Razon Social": null, "Naturaleza Juridica": "Persona Natural", "Regimen tributario": "Regimen Simplificado", "Direccion": "CL 3 No. 6-30", "Estado": "ACTIVO" }, "geometry": { "type": "MultiPolygon", "coordinates": [ [ [ [ -73.797847870282126, 5.043097795583042 ], [ -73.797875111047645, 5.043051989708249 ], [ -73.797899476356079, 5.043069336137587 ], [ -73.797922887966266, 5.043086002810192 ], [ -73.797909345107371, 5.043109476129713 ], [ -73.797856980098317, 5.043200236374852 ], [ -73.79782899115186, 5.043248745005914 ], [ -73.797814546870754, 5.043273782126453 ], [ -73.797790953173362, 5.043260532312971 ], [ -73.797761067584332, 5.04324374812995 ], [ -73.797779997311139, 5.043211918862037 ], [ -73.797790154460913, 5.043194838155042 ], [ -73.797804467135236, 5.043170771858025 ], [ -73.797808622660213, 5.043163784460277 ], [ -73.797847870282126, 5.043097795583042 ] ] ] ] } },
{ "type": "Feature", "properties": { "OBJECTID": 325.0, "codigo": "257360100000000350033000000000", "Shape_Area": 120.841919944, "Tipo Documento": "Cédula de Ciudadanía", "No Documento": "1069739534", "Nombre del contribuyente": "JUAN CAMILO LOPEZ BARRERA", "Razon Social": null, "Naturaleza Juridica": "Persona Natural", "Regimen tributario": "Regimen Simplificado", "Direccion": "VEREDA SAN JOSE SESQUILE", "Estado": "ACTIVO" }, "geometry": { "type": "MultiPolygon", "coordinates": [ [ [ [ -73.793176600179095, 5.0407836785387 ], [ -73.793229263786259, 5.040729877734337 ], [ -73.79332308775686, 5.04082097838043 ], [ -73.793270443079649, 5.040874796367073 ], [ -73.793176600179095, 5.0407836785387 ] ] ] ] } },
{ "type": "Feature", "properties": { "OBJECTID": 337.0, "codigo": "257360100000000230028000000000", "Shape_Area": 209.88046324000001, "Tipo Documento": "Cédula de Ciudadanía", "No Documento": "20493573", "Nombre del contribuyente": "CARMEN ROSA MORA HERNANDEZ", "Razon Social": null, "Naturaleza Juridica": "Persona Natural", "Regimen tributario": "No responsable de IVA", "Direccion": "C 5 5 15", "Estado": "ACTIVO" }, "geometry": { "type": "MultiPolygon", "coordinates": [ [ [ [ -73.796033191866726, 5.043368518800742 ], [ -73.796066311826394, 5.043314660787052 ], [ -73.796299645224337, 5.04344443686219 ], [ -73.796277028595796, 5.043494695445892 ], [ -73.796273691538559, 5.04350211129873 ], [ -73.796033191866726, 5.043368518800742 ] ] ] ] } },
{ "type": "Feature", "properties": { "OBJECTID": 351.0, "codigo": "257360100000000220010000000000", "Shape_Area": 258.27000181, "Tipo Documento": "Cédula de Ciudadanía", "No Documento": "79103508", "Nombre del contribuyente": "PABLO ANTONIO GUERRERO PAEZ", "Razon Social": null, "Naturaleza Juridica": "Persona Natural", "Regimen tributario": "No responsable de IVA", "Direccion": "C 7 5 30", "Estado": "ACTIVO" }, "geometry": { "type": "MultiPolygon", "coordinates": [ [ [ [ -73.795578112207863, 5.045587259378928 ], [ -73.795580690278626, 5.045583556880429 ], [ -73.795617350068909, 5.045609226829756 ], [ -73.79561778996117, 5.045609535071615 ], [ -73.795639504233577, 5.045624740163143 ], [ -73.795619141970079, 5.045658951223299 ], [ -73.795615901351141, 5.04566439469311 ], [ -73.795590447842287, 5.045707159647145 ], [ -73.795495934410511, 5.045865955828331 ], [ -73.795430051498315, 5.045826846133194 ], [ -73.795516815382953, 5.045686446762817 ], [ -73.795517170544031, 5.045685873670934 ], [ -73.795533776576846, 5.045659002531163 ], [ -73.795559614090067, 5.045617193036287 ], [ -73.795569430595464, 5.045601308266282 ], [ -73.795575529628778, 5.045591439153417 ], [ -73.795577663298829, 5.04558798523509 ], [ -73.795578112207863, 5.045587259378928 ] ] ] ] } },
{ "type": "Feature", "properties": { "OBJECTID": 352.0, "codigo": "257360100000000220015000000000", "Shape_Area": 209.478393332, "Tipo Documento": "Cédula de Ciudadanía", "No Documento": "20923404", "Nombre del contribuyente": "NOHORA OMAIRA MALDONADO PRIETO", "Razon Social": null, "Naturaleza Juridica": "Persona Natural", "Regimen tributario": "No responsable de IVA", "Direccion": "CL 8 A 10 32", "Estado": "ACTIVO" }, "geometry": { "type": "MultiPolygon", "coordinates": [ [ [ [ -73.795643852386135, 5.045748156705728 ], [ -73.795696272864006, 5.045669991129174 ], [ -73.795704723707672, 5.045657390338478 ], [ -73.795776657841685, 5.045701744632251 ], [ -73.795831326203583, 5.045735452371545 ], [ -73.79577689642413, 5.045834591885824 ], [ -73.795643852386135, 5.045748156705728 ] ] ] ] } },
{ "type": "Feature", "properties": { "OBJECTID": 354.0, "codigo": "257360100000000220016000000000", "Shape_Area": 346.30851002200001, "Tipo Documento": "Cédula de Ciudadanía", "No Documento": "79951737", "Nombre del contribuyente": "HERNAN FELIPE CORTES FETIVA", "Razon Social": null, "Naturaleza Juridica": "Persona Natural", "Regimen tributario": "No responsable de IVA", "Direccion": "CRA 6 7 34", "Estado": "ACTIVO" }, "geometry": { "type": "MultiPolygon", "coordinates": [ [ [ [ -73.79577689642413, 5.045834591885824 ], [ -73.795831326203583, 5.045735452371545 ], [ -73.795935214766075, 5.045799509718518 ], [ -73.796068193958661, 5.045881504725316 ], [ -73.796048207599426, 5.045917139492024 ], [ -73.796031383431711, 5.045947138248644 ], [ -73.796024044041303, 5.045960229880511 ], [ -73.79577689642413, 5.045834591885824 ] ] ] ] } },
{ "type": "Feature", "properties": { "OBJECTID": 363.0, "codigo": "257360100000000190011000000000", "Shape_Area": 160.62320199300001, "Tipo Documento": "Cédula de Ciudadanía", "No Documento": "20152873", "Nombre del contribuyente": "MARIA TERESA ROZO DE CORTES", "Razon Social": null, "Naturaleza Juridica": "Persona Natural", "Regimen tributario": "No responsable de IVA", "Direccion": "K 5 4 43", "Estado": "ACTIVO" }, "geometry": { "type": "MultiPolygon", "coordinates": [ [ [ [ -73.796646974658316, 5.043567431666492 ], [ -73.796653826343118, 5.043553766029394 ], [ -73.796720814242875, 5.043585309693642 ], [ -73.796732646242532, 5.043590879731297 ], [ -73.796708262863916, 5.043641407700171 ], [ -73.796707909507717, 5.043642139884764 ], [ -73.796670174306257, 5.043720333582395 ], [ -73.796585123790564, 5.043690111444106 ], [ -73.796594092911448, 5.043672371788501 ], [ -73.796614492927205, 5.04363202390178 ], [ -73.796625885962172, 5.043609489792936 ], [ -73.796633390275176, 5.043594523398602 ], [ -73.796646974658316, 5.043567431666492 ] ] ] ] } },
{ "type": "Feature", "properties": { "OBJECTID": 370.0, "codigo": "257360100000000230020000000000", "Shape_Area": 253.65384533299999, "Tipo Documento": "Cédula de Ciudadanía", "No Documento": "35406489", "Nombre del contribuyente": "MIREYA  PINTO CHAPARRO", "Razon Social": null, "Naturaleza Juridica": "Persona Natural", "Regimen tributario": "Regimen Comun", "Direccion": "CR 6 4 57", "Estado": "Activo" }, "geometry": { "type": "MultiPolygon", "coordinates": [ [ [ [ -73.796201107366528, 5.043665525813288 ], [ -73.796223053346665, 5.043618938099052 ], [ -73.79622345718289, 5.04361813088846 ], [ -73.796227091708801, 5.043610857857616 ], [ -73.796235976105152, 5.043593077529847 ], [ -73.796286130930369, 5.04361780375839 ], [ -73.796326579303326, 5.043637742746165 ], [ -73.796386440592187, 5.043667254395925 ], [ -73.796464101265855, 5.043705539624561 ], [ -73.796466527880355, 5.043706734625403 ], [ -73.796434507640427, 5.043779511955649 ], [ -73.796201107366528, 5.043665525813288 ] ] ] ] } },
{ "type": "Feature", "properties": { "OBJECTID": 376.0, "codigo": "257360100000000190014000000000", "Shape_Area": 337.96304074, "Tipo Documento": "Cédula de Ciudadanía", "No Documento": "7124541", "Nombre del contribuyente": "MARCO TULIO LAITON PAEZ", "Razon Social": null, "Naturaleza Juridica": "Persona Natural", "Regimen tributario": "Regimen Comun", "Direccion": "CR 5 4 98", "Estado": "ACTIVO" }, "geometry": { "type": "MultiPolygon", "coordinates": [ [ [ [ -73.796539391187622, 5.043775267209933 ], [ -73.796561749090145, 5.043733634839737 ], [ -73.796585123790564, 5.043690111444106 ], [ -73.796670174306257, 5.043720333582395 ], [ -73.796742731178739, 5.043755706304614 ], [ -73.796750838525426, 5.043759658300989 ], [ -73.796865287897532, 5.043779241155433 ], [ -73.796849806921244, 5.043832809961196 ], [ -73.796837938832084, 5.04387387558214 ], [ -73.796539391187622, 5.043775267209933 ] ] ] ] } },
{ "type": "Feature", "properties": { "OBJECTID": 378.0, "codigo": "257360100000000230009000000000", "Shape_Area": 157.324134625, "Tipo Documento": "Cédula de Ciudadanía", "No Documento": "3168572", "Nombre del contribuyente": "LUIS ARMANDO RODRIGUEZ BOJACA", "Razon Social": null, "Naturaleza Juridica": "Persona Natural", "Regimen tributario": "Regimen Comun", "Direccion": "K 4 4 97", "Estado": "ACTIVO" }, "geometry": { "type": "MultiPolygon", "coordinates": [ [ [ [ -73.795730282205909, 5.043845405550838 ], [ -73.795757961248768, 5.043795680317984 ], [ -73.795826923214321, 5.043836789486309 ], [ -73.795800033815965, 5.043886950418974 ], [ -73.795785950007414, 5.043913225881467 ], [ -73.795761196971981, 5.043959405900896 ], [ -73.795756927839207, 5.043967367723755 ], [ -73.795753515056916, 5.043973736820436 ], [ -73.795719044880457, 5.043955221503847 ], [ -73.795680411963801, 5.043934469847943 ], [ -73.795684825323917, 5.043926589379804 ], [ -73.795697182010571, 5.043904519006841 ], [ -73.79571525370838, 5.043872245967121 ], [ -73.795715718841834, 5.043871415254769 ], [ -73.795730282205909, 5.043845405550838 ] ] ] ] } },
{ "type": "Feature", "properties": { "OBJECTID": 383.0, "codigo": "257360100000000190015000000000", "Shape_Area": 185.392524952, "Tipo Documento": "Cédula de Ciudadanía", "No Documento": "7124541", "Nombre del contribuyente": "MARCO TULIO LAITON PAEZ", "Razon Social": null, "Naturaleza Juridica": "Persona Natural", "Regimen tributario": "Regimen Comun", "Direccion": "CR 5 4 98", "Estado": "ACTIVO" }, "geometry": { "type": "MultiPolygon", "coordinates": [ [ [ [ -73.79668603910747, 5.043899520023562 ], [ -73.796646551609285, 5.043890211298718 ], [ -73.796637539236983, 5.043887606158838 ], [ -73.796644606366868, 5.043870878000755 ], [ -73.79666215520264, 5.0438293459594 ], [ -73.796549627663524, 5.043796876617507 ], [ -73.796532215886103, 5.043791852545546 ], [ -73.796537017749358, 5.043780752266423 ], [ -73.796539391187622, 5.043775267209933 ], [ -73.796837938832084, 5.04387387558214 ], [ -73.796838016317878, 5.043935342953719 ], [ -73.79668603910747, 5.043899520023562 ] ] ] ] } },
{ "type": "Feature", "properties": { "OBJECTID": 424.0, "codigo": "257360100000000290801800000027", "Shape_Area": 72.000804596199998, "Tipo Documento": "Cédula de Ciudadanía", "No Documento": "20922847", "Nombre del contribuyente": "YOLANDA PATRICIA QUINTERO AMORTEGUI", "Razon Social": null, "Naturaleza Juridica": "Persona Natural", "Regimen tributario": "No responsable de IVA", "Direccion": "CR 5 5 36", "Estado": "ACTIVO" }, "geometry": { "type": "MultiPolygon", "coordinates": [ [ [ [ -73.798823242584731, 5.047438755096925 ], [ -73.798832170241084, 5.047425167171494 ], [ -73.798854686012945, 5.047440188654531 ], [ -73.798877201785842, 5.047455208328933 ], [ -73.798869763274567, 5.047466530998016 ], [ -73.798866786788281, 5.047471061511917 ], [ -73.7988226514953, 5.047538243643952 ], [ -73.798817693688449, 5.047545791486968 ], [ -73.798804733010613, 5.047537146314637 ], [ -73.798795177913803, 5.047530771810544 ], [ -73.798772662140181, 5.047515752133349 ], [ -73.79877761994733, 5.047508204290691 ], [ -73.798823242584731, 5.047438755096925 ] ] ] ] } },
{ "type": "Feature", "properties": { "OBJECTID": 448.0, "codigo": "257360100000000150018000000000", "Shape_Area": 193.416291188, "Tipo Documento": "Cédula de Ciudadanía", "No Documento": "11406721", "Nombre del contribuyente": "MARCO AURELIO REYES TORRES", "Razon Social": null, "Naturaleza Juridica": "Persona Natural", "Regimen tributario": "Regimen Comun", "Direccion": "CRA 7 No 4-60", "Estado": "ACTIVO" }, "geometry": { "type": "MultiPolygon", "coordinates": [ [ [ [ -73.797751811182152, 5.044661493963938 ], [ -73.797771487316936, 5.044619830821749 ], [ -73.797798602003866, 5.044632097154349 ], [ -73.797833934028944, 5.044648080446142 ], [ -73.797940752208987, 5.044696400921139 ], [ -73.797980192910444, 5.044714242684426 ], [ -73.797996627588333, 5.04472167660109 ], [ -73.797986654319914, 5.044747501947597 ], [ -73.79797384158941, 5.04478068168725 ], [ -73.79795329643774, 5.04477139652211 ], [ -73.797925354239155, 5.044758768624158 ], [ -73.797913850325074, 5.044753569220146 ], [ -73.797851392782519, 5.044725339490047 ], [ -73.79780701591217, 5.04470528309025 ], [ -73.797771676673307, 5.044689310644194 ], [ -73.797744558378838, 5.044677053349813 ], [ -73.797751811182152, 5.044661493963938 ] ] ] ] } },
{ "type": "Feature", "properties": { "OBJECTID": 463.0, "codigo": "257360100000000060015000000000", "Shape_Area": 695.188630289, "Tipo Documento": "Cédula de Ciudadanía", "No Documento": "20922626", "Nombre del contribuyente": "LIBIA MABEL RODRIGUEZ PINZON", "Razon Social": null, "Naturaleza Juridica": "Persona Natural", "Regimen tributario": "No responsable de IVA", "Direccion": "La Playa BOITIVA", "Estado": "ACTIVO" }, "geometry": { "type": "MultiPolygon", "coordinates": [ [ [ [ -73.798975654325702, 5.045126106486367 ], [ -73.799083178689614, 5.044931628854129 ], [ -73.799127833272635, 5.044958894926682 ], [ -73.799149391653557, 5.044972057919489 ], [ -73.799194817858407, 5.044999794029712 ], [ -73.799274891086412, 5.045048683842562 ], [ -73.799162369306259, 5.045248642963778 ], [ -73.799155351735351, 5.045242170832315 ], [ -73.799147387677593, 5.045236914491972 ], [ -73.799138685361285, 5.045233009531906 ], [ -73.799129469240142, 5.045230557191798 ], [ -73.799119980894758, 5.045229623457931 ], [ -73.799110465511276, 5.04523023002396 ], [ -73.799101170979966, 5.045232362426252 ], [ -73.799092339782476, 5.045235965524281 ], [ -73.799084199977642, 5.04524094530847 ], [ -73.799076965201536, 5.045247171612061 ], [ -73.799052287003207, 5.045235235261355 ], [ -73.79902996690835, 5.045219299908413 ], [ -73.799010643123495, 5.045199822037369 ], [ -73.798994868220362, 5.04517735756507 ], [ -73.798983092910277, 5.045152549186121 ], [ -73.798975654325702, 5.045126106486367 ] ] ] ] } },
{ "type": "Feature", "properties": { "OBJECTID": 466.0, "codigo": "257360100000000060003000000000", "Shape_Area": 502.41684486100002, "Tipo Documento": "Cédula de Ciudadanía", "No Documento": "20922626", "Nombre del contribuyente": "LIBIA MABEL RODRIGUEZ PINZON", "Razon Social": null, "Naturaleza Juridica": "Persona Natural", "Regimen tributario": "No responsable de IVA", "Direccion": "La Playa BOITIVA", "Estado": "ACTIVO" }, "geometry": { "type": "MultiPolygon", "coordinates": [ [ [ [ -73.798831117774824, 5.04538992119223 ], [ -73.798937457760886, 5.045195823239994 ], [ -73.798948743479187, 5.045175226217862 ], [ -73.798960029196778, 5.045154627387639 ], [ -73.798975654325702, 5.045126106486367 ], [ -73.798983092910277, 5.045152549186121 ], [ -73.798994868220362, 5.04517735756507 ], [ -73.799010643123495, 5.045199822037369 ], [ -73.79902996690835, 5.045219299908413 ], [ -73.799052287003207, 5.045235235261355 ], [ -73.799076965201536, 5.045247171612061 ], [ -73.799084199977642, 5.04524094530847 ], [ -73.799092339782476, 5.045235965524281 ], [ -73.799101170979966, 5.045232362426252 ], [ -73.799110465511276, 5.04523023002396 ], [ -73.799119980894758, 5.045229623457931 ], [ -73.799129469240142, 5.045230557191798 ], [ -73.799138685361285, 5.045233009531906 ], [ -73.799147387677593, 5.045236914491972 ], [ -73.799155351735351, 5.045242170832315 ], [ -73.799162369306259, 5.045248642963778 ], [ -73.799168511602218, 5.045256254051983 ], [ -73.79917329275743, 5.045264789866532 ], [ -73.799176578459608, 5.045274009961994 ], [ -73.799178274058832, 5.045283651294492 ], [ -73.799178331779018, 5.045293441780687 ], [ -73.799176750717791, 5.045303103913456 ], [ -73.799173575043866, 5.045312361993488 ], [ -73.799168894898344, 5.045320953880171 ], [ -73.799162842789158, 5.045328637319397 ], [ -73.799155590886826, 5.045335192655105 ], [ -73.799147345615921, 5.045340435484578 ], [ -73.799138338640887, 5.045344215754374 ], [ -73.799128827767518, 5.045346426799768 ], [ -73.799118739079276, 5.045346993594611 ], [ -73.79910870176694, 5.045345834783144 ], [ -73.799099005186449, 5.045342982906095 ], [ -73.79908993328533, 5.045338522028341 ], [ -73.799081747475711, 5.045332581411421 ], [ -73.799074687535793, 5.045325333705641 ], [ -73.799068956285581, 5.045316988622706 ], [ -73.799064721389811, 5.045307789319844 ], [ -73.799062105442275, 5.045298002456629 ], [ -73.799061185064375, 5.045287911867494 ], [ -73.799050935902912, 5.045280853092251 ], [ -73.799039687072138, 5.045275541619997 ], [ -73.799027732435164, 5.045272114847502 ], [ -73.799015382981935, 5.045270663167067 ], [ -73.799002962322092, 5.045271223639014 ], [ -73.798990793163725, 5.04527378179952 ], [ -73.798906175482713, 5.045423102533906 ], [ -73.79889376119263, 5.045448206562467 ], [ -73.798865727176462, 5.045504894010711 ], [ -73.798849707221379, 5.045537287354215 ], [ -73.798843700188527, 5.045549434405944 ], [ -73.798827194264547, 5.045540602128456 ], [ -73.798811889034027, 5.045532411639242 ], [ -73.798860763779331, 5.045433620801536 ], [ -73.798873183478932, 5.045408518581444 ], [ -73.798831117774824, 5.04538992119223 ] ] ] ] } },
{ "type": "Feature", "properties": { "OBJECTID": 476.0, "codigo": "257360100000000080013000000000", "Shape_Area": 171.51780484400001, "Tipo Documento": "Cédula de Ciudadanía", "No Documento": "20922676", "Nombre del contribuyente": "MARINA  DIAZ PRIETO", "Razon Social": null, "Naturaleza Juridica": "Persona Natural", "Regimen tributario": "Regimen Simplificado", "Direccion": "CL 6 6 08", "Estado": "ACTIVO" }, "geometry": { "type": "MultiPolygon", "coordinates": [ [ [ [ -73.798443061383296, 5.044120300856516 ], [ -73.798451888004067, 5.044085801373902 ], [ -73.798518172927771, 5.044111653698248 ], [ -73.79850952300788, 5.044156194057265 ], [ -73.798508695514442, 5.044160453386126 ], [ -73.798500563903502, 5.044202332568346 ], [ -73.798498358155413, 5.044213689573398 ], [ -73.798495877477436, 5.044226465752099 ], [ -73.798484678369022, 5.044284138438579 ], [ -73.798481819098598, 5.044298867110891 ], [ -73.798449765532297, 5.044281522526482 ], [ -73.798437791981144, 5.044275043164978 ], [ -73.798420548733816, 5.044265712811665 ], [ -73.798407646721515, 5.044258730865155 ], [ -73.79842399923254, 5.044194813808682 ], [ -73.798434034648238, 5.044155586760144 ], [ -73.798439612582911, 5.044133783911643 ], [ -73.798443061383296, 5.044120300856516 ] ] ] ] } },
{ "type": "Feature", "properties": { "OBJECTID": 541.0, "codigo": "257360100000000290801800000057", "Shape_Area": 104.995550739, "Tipo Documento": "Cédula de Ciudadanía", "No Documento": "3168811", "Nombre del contribuyente": "JOSE MIGUEL ZAMBRANO PALACINO", "Razon Social": null, "Naturaleza Juridica": "Persona Natural", "Regimen tributario": "Regimen Comun", "Direccion": "C 5 4 55", "Estado": "ACTIVO" }, "geometry": { "type": "MultiPolygon", "coordinates": [ [ [ [ -73.798923362372776, 5.048352617260643 ], [ -73.798934092879094, 5.048335894493924 ], [ -73.79898685511553, 5.048370599910617 ], [ -73.798969295450604, 5.048397965589705 ], [ -73.798966367637746, 5.048402526837486 ], [ -73.798938075660772, 5.048446615282889 ], [ -73.798921002758789, 5.048473219848759 ], [ -73.798913686830559, 5.048484622063665 ], [ -73.798900905516817, 5.048476215531031 ], [ -73.798888059300765, 5.048467765609582 ], [ -73.798860924588794, 5.048449916641148 ], [ -73.798868240517564, 5.048438514426825 ], [ -73.798885315223643, 5.048411909862328 ], [ -73.798913607202664, 5.048367821419178 ], [ -73.798916533212903, 5.048363260171617 ], [ -73.79892043636265, 5.048357178508208 ], [ -73.798923362372776, 5.048352617260643 ] ] ] ] } },
{ "type": "Feature", "properties": { "OBJECTID": 568.0, "codigo": "257360100000000310129000000000", "Shape_Area": 375.85991804700001, "Tipo Documento": "Cédula de Ciudadanía", "No Documento": "51668032", "Nombre del contribuyente": "MARIA EUGENIA SANCHEZ AYALA", "Razon Social": null, "Naturaleza Juridica": "Persona Natural", "Regimen tributario": "Regimen Simplificado", "Direccion": "CRA 8 N 6-12", "Estado": "ACTIVO" }, "geometry": { "type": "MultiPolygon", "coordinates": [ [ [ [ -73.793615938221023, 5.04226577977975 ], [ -73.793489415113058, 5.042182818900311 ], [ -73.793574631051712, 5.042069062255904 ], [ -73.793756144985991, 5.042153121691894 ], [ -73.793670838843511, 5.042282133115399 ], [ -73.793666941154854, 5.042276234937948 ], [ -73.793662082553141, 5.042271103289512 ], [ -73.793656409968293, 5.04226689455112 ], [ -73.793650096471339, 5.042263734370265 ], [ -73.793643332260459, 5.042261719468692 ], [ -73.793636322857949, 5.042260911314886 ], [ -73.793629279194946, 5.042261332508286 ], [ -73.793622414906892, 5.04226297220293 ], [ -73.793615938221023, 5.04226577977975 ] ] ] ] } },
{ "type": "Feature", "properties": { "OBJECTID": 575.0, "codigo": "257360100000000310128000000000", "Shape_Area": 125.875648997, "Tipo Documento": "Cédula de Ciudadanía", "No Documento": "51668032", "Nombre del contribuyente": "MARIA EUGENIA SANCHEZ AYALA", "Razon Social": null, "Naturaleza Juridica": "Persona Natural", "Regimen tributario": "Regimen Simplificado", "Direccion": "CRA 8 N 6-12", "Estado": "ACTIVO" }, "geometry": { "type": "MultiPolygon", "coordinates": [ [ [ [ -73.793467001247492, 5.042212739823698 ], [ -73.793479067686704, 5.042196631825391 ], [ -73.793489415113058, 5.042182818900311 ], [ -73.793615938221023, 5.04226577977975 ], [ -73.793622414906892, 5.04226297220293 ], [ -73.793629279194946, 5.042261332508286 ], [ -73.793636322857949, 5.042260911314886 ], [ -73.793643332260459, 5.042261719468692 ], [ -73.793650096471339, 5.042263734370265 ], [ -73.793656409968293, 5.04226689455112 ], [ -73.793662082553141, 5.042271103289512 ], [ -73.793666941154854, 5.042276234937948 ], [ -73.793670838843511, 5.042282133115399 ], [ -73.793673433085772, 5.042287960779034 ], [ -73.79367508534699, 5.042294124700207 ], [ -73.793675755965737, 5.0423004721142 ], [ -73.793675428717307, 5.042306845736787 ], [ -73.793674110813853, 5.042313090091691 ], [ -73.793671834707169, 5.042319050606712 ], [ -73.793668657187183, 5.042324580845181 ], [ -73.793664840567658, 5.04232934725762 ], [ -73.793660354199702, 5.042333486337585 ], [ -73.793655300845202, 5.042336904076678 ], [ -73.793649793181558, 5.042339524545233 ], [ -73.793643956505861, 5.042341287180486 ], [ -73.793637021009133, 5.042342203729288 ], [ -73.793630032335514, 5.042341911720686 ], [ -73.793623196909166, 5.042340419291178 ], [ -73.793616719351206, 5.042337771638526 ], [ -73.793610790761349, 5.042334047405893 ], [ -73.79360558961929, 5.042329356873933 ], [ -73.79360126916491, 5.04232384015305 ], [ -73.793597958299728, 5.042317661759522 ], [ -73.793595754375588, 5.042311003384309 ], [ -73.79359472499749, 5.042304065700643 ], [ -73.793594899009605, 5.042297052997326 ], [ -73.793596272805047, 5.042290174986574 ], [ -73.793467001247492, 5.042212739823698 ] ] ] ] } },
{ "type": "Feature", "properties": { "OBJECTID": 682.0, "codigo": "257360100000000310124000000000", "Shape_Area": 924.88595349000002, "Tipo Documento": "Cédula de Ciudadanía", "No Documento": "80466417", "Nombre del contribuyente": "JOSE GABRIEL ESPITIA SANCHEZ", "Razon Social": null, "Naturaleza Juridica": "Persona Natural", "Regimen tributario": "Regimen Simplificado", "Direccion": "VEREDA BOITIVA SECTOR LA PLAYA", "Estado": "ACTIVO" }, "geometry": { "type": "MultiPolygon", "coordinates": [ [ [ [ -73.790927285772028, 5.042497371985887 ], [ -73.791176636009027, 5.042238352646089 ], [ -73.791289930373239, 5.042341915368269 ], [ -73.791247209880808, 5.042407995115967 ], [ -73.791206596018412, 5.042470818013317 ], [ -73.791178572403751, 5.042514164003084 ], [ -73.791144613777689, 5.042566692077016 ], [ -73.79108661673699, 5.042656401356154 ], [ -73.791063197606945, 5.042692626208095 ], [ -73.790990954350846, 5.042615371878228 ], [ -73.790990720886498, 5.04261512239077 ], [ -73.790927285772028, 5.042497371985887 ] ] ] ] } },
{ "type": "Feature", "properties": { "OBJECTID": 683.0, "codigo": "257360100000000310086000000000", "Shape_Area": 2627.7229774900002, "Tipo Documento": "Cédula de Ciudadanía", "No Documento": "3168642", "Nombre del contribuyente": "HUMBERTO  JUZGA", "Razon Social": "SURTIDORA DE FINES EL ESCORPION", "Naturaleza Juridica": "Persona Natural", "Regimen tributario": "Regimen Comun", "Direccion": "K 6 3 36", "Estado": "ACTIVO" }, "geometry": { "type": "MultiPolygon", "coordinates": [ [ [ [ -73.792506482596835, 5.042478452505051 ], [ -73.792599159464928, 5.042279276279969 ], [ -73.792942707734611, 5.042434646460187 ], [ -73.792884517090229, 5.042533037261709 ], [ -73.792859324041615, 5.042574661352425 ], [ -73.792824206301532, 5.042630883876327 ], [ -73.792819028512156, 5.042639172897402 ], [ -73.792800257246427, 5.042665565775538 ], [ -73.79276250739629, 5.042716655752315 ], [ -73.792695598285448, 5.042802935595728 ], [ -73.792628068985053, 5.042888850239131 ], [ -73.792590367786374, 5.042939752188025 ], [ -73.792582813845627, 5.042949760468803 ], [ -73.792561204917774, 5.042973991114263 ], [ -73.79231373645915, 5.042839046714049 ], [ -73.792324812321425, 5.042817656151669 ], [ -73.792354423370156, 5.042760471830293 ], [ -73.792398627607028, 5.042680524801188 ], [ -73.792419589378341, 5.04264760104243 ], [ -73.79245000891251, 5.042599822134484 ], [ -73.792506482596835, 5.042478452505051 ] ] ] ] } },
{ "type": "Feature", "properties": { "OBJECTID": 691.0, "codigo": "257360100000000310040000000000", "Shape_Area": 153.60547745900001, "Tipo Documento": "Cédula de Ciudadanía", "No Documento": "20491894", "Nombre del contribuyente": "GLORIA TERESA CASTAÑEDA RODRIGUEZ", "Razon Social": null, "Naturaleza Juridica": "Persona Natural", "Regimen tributario": "Regimen Simplificado", "Direccion": "VEREDA GOBERNADOR", "Estado": "Activo" }, "geometry": { "type": "MultiPolygon", "coordinates": [ [ [ [ -73.792363827947156, 5.043353111384545 ], [ -73.792393786096483, 5.043291298933373 ], [ -73.79244235606906, 5.04331506185542 ], [ -73.792474747470649, 5.043330908923807 ], [ -73.79247424086671, 5.043331954769378 ], [ -73.792446648077131, 5.043388889624791 ], [ -73.792419057085581, 5.04344582447894 ], [ -73.792419033648372, 5.043445871483238 ], [ -73.792417084754987, 5.043449890350264 ], [ -73.792415116030071, 5.043453954413724 ], [ -73.792406790567838, 5.043450358510814 ], [ -73.792373964666567, 5.043436178286367 ], [ -73.792371539862302, 5.043435130611141 ], [ -73.792332295893573, 5.043418177977388 ], [ -73.792334266421747, 5.043414112106325 ], [ -73.792336238752739, 5.043410044427395 ], [ -73.792363827947156, 5.043353111384545 ] ] ] ] } },
{ "type": "Feature", "properties": { "OBJECTID": 703.0, "codigo": "257360100000000140026000000000", "Shape_Area": 178.05193082599999, "Tipo Documento": "Cédula de Ciudadanía", "No Documento": "35414951", "Nombre del contribuyente": "MARIA CLAUDIA GARZON CRUZ", "Razon Social": null, "Naturaleza Juridica": "Persona Natural", "Regimen tributario": "No responsable de IVA", "Direccion": "C 5 6 48", "Estado": "ACTIVO" }, "geometry": { "type": "MultiPolygon", "coordinates": [ [ [ [ -73.79714887556392, 5.044772747403523 ], [ -73.79715391900433, 5.044760142977505 ], [ -73.797164709890055, 5.044765732893485 ], [ -73.797197265536383, 5.044782593937494 ], [ -73.797215539101813, 5.044792058105015 ], [ -73.797213310793978, 5.044797636268802 ], [ -73.797211941538478, 5.044801064882524 ], [ -73.797210066586857, 5.044805759904831 ], [ -73.797155080013098, 5.044943450425356 ], [ -73.797150734269948, 5.044954331957178 ], [ -73.79713800532511, 5.044986207306412 ], [ -73.797127164857869, 5.044980908456084 ], [ -73.797108050264271, 5.044971564508901 ], [ -73.797075663175988, 5.044955732135093 ], [ -73.797088406545981, 5.044923883001087 ], [ -73.797098469092973, 5.044898732905639 ], [ -73.797109465509777, 5.044871246146204 ], [ -73.797109487143857, 5.044871191910286 ], [ -73.797121741941226, 5.044840564891388 ], [ -73.797121787913625, 5.04484044918812 ], [ -73.797135626503589, 5.044805862947402 ], [ -73.797135671574551, 5.044805748148073 ], [ -73.797145689948366, 5.044780709235412 ], [ -73.797147700113243, 5.044775685182107 ], [ -73.797148369867713, 5.044774038218224 ], [ -73.79714887556392, 5.044772747403523 ] ] ] ] } },
{ "type": "Feature", "properties": { "OBJECTID": 714.0, "codigo": "257360100000000140027000000000", "Shape_Area": 166.22183374400001, "Tipo Documento": "Cédula de Ciudadanía", "No Documento": "3168904", "Nombre del contribuyente": "JAIRO ENRIQUE LEGUIZAMON RODRIGUEZ", "Razon Social": null, "Naturaleza Juridica": "Persona Natural", "Regimen tributario": "No responsable de IVA", "Direccion": "C 6 7 35", "Estado": "ACTIVO" }, "geometry": { "type": "MultiPolygon", "coordinates": [ [ [ [ -73.797456227936678, 5.044927844906254 ], [ -73.79745979034189, 5.044918564236091 ], [ -73.797486177590642, 5.044932230772394 ], [ -73.797519141596567, 5.044949302416128 ], [ -73.797518945988642, 5.044949397329077 ], [ -73.797515626065618, 5.044958143775691 ], [ -73.797516035310039, 5.044958348064126 ], [ -73.797515336710973, 5.044960187565859 ], [ -73.797513605086678, 5.04496474428738 ], [ -73.797502186822172, 5.044994791892841 ], [ -73.797494361610049, 5.045015383464927 ], [ -73.797484126906127, 5.045042311600539 ], [ -73.797475467880815, 5.045065099727225 ], [ -73.797466807052061, 5.045087888757741 ], [ -73.797464239812115, 5.045094641129996 ], [ -73.79745718350766, 5.045113208797769 ], [ -73.797447882670397, 5.045137684565145 ], [ -73.797396643276883, 5.04511264295547 ], [ -73.797396284511919, 5.045112467592768 ], [ -73.797387143216312, 5.045107993132254 ], [ -73.797387167554618, 5.045107929857022 ], [ -73.797396519774665, 5.045083542675805 ], [ -73.797405251817949, 5.045060770820939 ], [ -73.797406218138804, 5.045058253370318 ], [ -73.79741533328432, 5.045034488094007 ], [ -73.797428329036052, 5.045000599682952 ], [ -73.797428396642445, 5.045000422512277 ], [ -73.797440907429689, 5.044967801413627 ], [ -73.797452350034931, 5.044937962617471 ], [ -73.79745380492416, 5.044934168814736 ], [ -73.79745487400632, 5.044931380184434 ], [ -73.797455097558071, 5.044930796244341 ], [ -73.797456227936678, 5.044927844906254 ] ] ] ] } },
{ "type": "Feature", "properties": { "OBJECTID": 717.0, "codigo": "257360100000000140017000000000", "Shape_Area": 195.64465484600001, "Tipo Documento": "Cédula de Ciudadanía", "No Documento": "20650856", "Nombre del contribuyente": "MARIA  IGNACIA ROMERO", "Razon Social": null, "Naturaleza Juridica": "Persona Natural", "Regimen tributario": "Regimen Simplificado", "Direccion": "CR 6 5 -4 5", "Estado": "ACTIVO" }, "geometry": { "type": "MultiPolygon", "coordinates": [ [ [ [ -73.79662684113957, 5.044955540245284 ], [ -73.796635838221505, 5.044936891234316 ], [ -73.796682495661074, 5.044958374120421 ], [ -73.796687406591133, 5.044960635762098 ], [ -73.796713599120139, 5.044972696042617 ], [ -73.796758619587962, 5.044993425042723 ], [ -73.796725312095106, 5.045060323210391 ], [ -73.79671769418826, 5.045075624059835 ], [ -73.796717265111965, 5.045076486410536 ], [ -73.796701166637419, 5.045108820041931 ], [ -73.796660193542053, 5.04508171289794 ], [ -73.796634155157022, 5.045064487548571 ], [ -73.796631622170125, 5.045062811656527 ], [ -73.7965887678196, 5.045034459792024 ], [ -73.796601174078219, 5.045008744749222 ], [ -73.79661402653926, 5.044982103176371 ], [ -73.796614264514403, 5.044981610533696 ], [ -73.79662684113957, 5.044955540245284 ] ] ] ] } },
{ "type": "Feature", "properties": { "OBJECTID": 718.0, "codigo": "257360100000000140029000000000", "Shape_Area": 148.437548671, "Tipo Documento": "Cédula de Ciudadanía", "No Documento": "383862", "Nombre del contribuyente": "MANUEL ANTONIO BOJACA ROJAS", "Razon Social": null, "Naturaleza Juridica": "Persona Natural", "Regimen tributario": "Regimen Simplificado", "Direccion": "C 5 5 48", "Estado": "ACTIVO" }, "geometry": { "type": "MultiPolygon", "coordinates": [ [ [ [ -73.797597002609834, 5.044997704313672 ], [ -73.797599557228153, 5.044990950132996 ], [ -73.797629780924467, 5.045006604407464 ], [ -73.797654423031972, 5.045019367006068 ], [ -73.797651744018467, 5.045026481855866 ], [ -73.797650684852627, 5.045029296700511 ], [ -73.7976498303086, 5.04503156466622 ], [ -73.797648871200096, 5.045034114658749 ], [ -73.797638121792815, 5.045062660835196 ], [ -73.797632112039921, 5.045078618852815 ], [ -73.797630745490409, 5.04508224994814 ], [ -73.797615919869401, 5.045121622519105 ], [ -73.797609874058722, 5.045137678161154 ], [ -73.797609078106575, 5.045139792458335 ], [ -73.79758585126541, 5.045201477688496 ], [ -73.797554233066066, 5.045187732516973 ], [ -73.797530949394655, 5.045177611202981 ], [ -73.79752929078235, 5.045176814839772 ], [ -73.797552599657166, 5.045115161249162 ], [ -73.797558985303752, 5.045098269470449 ], [ -73.797565370048588, 5.045081379499527 ], [ -73.797575930161614, 5.045053444382352 ], [ -73.797581947127043, 5.045037530657908 ], [ -73.797594718416846, 5.045003748003676 ], [ -73.797595087096767, 5.045002771757019 ], [ -73.797596441026471, 5.044999187666232 ], [ -73.79759663302849, 5.044998676944605 ], [ -73.797597002609834, 5.044997704313672 ] ] ] ] } },
{ "type": "Feature", "properties": { "OBJECTID": 719.0, "codigo": "257360100000000140030000000000", "Shape_Area": 96.278673144699994, "Tipo Documento": "Cédula de Ciudadanía", "No Documento": "74365787", "Nombre del contribuyente": "PABLO  VERDUGO GARCES", "Razon Social": null, "Naturaleza Juridica": "Persona Natural", "Regimen tributario": "No responsable de IVA", "Direccion": "CL 5 No. 6 112", "Estado": "ACTIVO" }, "geometry": { "type": "MultiPolygon", "coordinates": [ [ [ [ -73.797651744018467, 5.045026481855866 ], [ -73.797654423031972, 5.045019367006068 ], [ -73.797682450872628, 5.045033883229263 ], [ -73.797710357022893, 5.045048337080025 ], [ -73.79770646019324, 5.045056680374402 ], [ -73.79770443560858, 5.045061014729378 ], [ -73.79769422795593, 5.045089007700002 ], [ -73.797673500757497, 5.045145842433006 ], [ -73.79767147346891, 5.045151401615596 ], [ -73.797665906312517, 5.045166668125264 ], [ -73.797609874058722, 5.045137678161154 ], [ -73.797615919869401, 5.045121622519105 ], [ -73.797630745490409, 5.04508224994814 ], [ -73.797632112039921, 5.045078618852815 ], [ -73.797638121792815, 5.045062660835196 ], [ -73.797648871200096, 5.045034114658749 ], [ -73.7976498303086, 5.04503156466622 ], [ -73.797650684852627, 5.045029296700511 ], [ -73.797651744018467, 5.045026481855866 ] ] ] ] } },
{ "type": "Feature", "properties": { "OBJECTID": 723.0, "codigo": "257360200000000540003000000000", "Shape_Area": 169.970787857, "Tipo Documento": "Cédula de Ciudadanía", "No Documento": "5978953", "Nombre del contribuyente": "WILTON  RODRIGUEZ", "Razon Social": null, "Naturaleza Juridica": "Persona Natural", "Regimen tributario": "Regimen Simplificado", "Direccion": "VDA BOITA SECTOR SIATOYA", "Estado": "ACTIVO" }, "geometry": { "type": "MultiPolygon", "coordinates": [ [ [ [ -73.806327847222263, 5.052590554639329 ], [ -73.806409144986858, 5.052563468988233 ], [ -73.806411006497214, 5.052567587274606 ], [ -73.806416592831269, 5.052579941229769 ], [ -73.806427765500004, 5.052604648235969 ], [ -73.806453834763218, 5.052662297916329 ], [ -73.806475621203148, 5.052710478972296 ], [ -73.806475994406853, 5.052711305160518 ], [ -73.806475747416158, 5.052711382902173 ], [ -73.806430799631102, 5.052726594904008 ], [ -73.806407537441046, 5.052734467574763 ], [ -73.806394822832175, 5.052738771373368 ], [ -73.806327847222263, 5.052590554639329 ] ] ] ] } },
{ "type": "Feature", "properties": { "OBJECTID": 749.0, "codigo": "257360100000000140013000000000", "Shape_Area": 378.943240382, "Tipo Documento": "Cédula de Ciudadanía", "No Documento": "17095581", "Nombre del contribuyente": "CARLOS ANTONIO PATIÑO ZAMBRANO", "Razon Social": null, "Naturaleza Juridica": "Persona Natural", "Regimen tributario": "No responsable de IVA", "Direccion": "C 6 6 95", "Estado": "ACTIVO" }, "geometry": { "type": "MultiPolygon", "coordinates": [ [ [ [ -73.797314634835516, 5.04507309414376 ], [ -73.797314922388225, 5.045072688278291 ], [ -73.797315578621578, 5.045073020021199 ], [ -73.79732004425351, 5.045075189457106 ], [ -73.797325666406635, 5.045077918426666 ], [ -73.797325947649497, 5.045078052208535 ], [ -73.797362092767813, 5.045095746668723 ], [ -73.797387143216312, 5.045107993132254 ], [ -73.797396284511919, 5.045112467592768 ], [ -73.797356742861666, 5.045183458797862 ], [ -73.797322796312926, 5.045244404604365 ], [ -73.797255594585366, 5.045365051497455 ], [ -73.797245931365936, 5.045382398854851 ], [ -73.79723363419734, 5.045404477391682 ], [ -73.797227483809877, 5.045415518015898 ], [ -73.797215185738608, 5.045437596552339 ], [ -73.797183105107791, 5.0454150832235 ], [ -73.797142605218781, 5.045386659985351 ], [ -73.797176314717802, 5.045333231286156 ], [ -73.797199965268732, 5.045295747039561 ], [ -73.797227410793596, 5.045252247125269 ], [ -73.797253711511416, 5.045198587919203 ], [ -73.797258342103135, 5.045189140022767 ], [ -73.797279192834779, 5.045146599178227 ], [ -73.797278863816629, 5.045146148116245 ], [ -73.797314634835516, 5.04507309414376 ] ] ] ] } },
{ "type": "Feature", "properties": { "OBJECTID": 761.0, "codigo": "257360100000000150012000000000", "Shape_Area": 77.761332274699996, "Tipo Documento": "Cédula de Ciudadanía", "No Documento": "35406489", "Nombre del contribuyente": "MIREYA  PINTO CHAPARRO", "Razon Social": null, "Naturaleza Juridica": "Persona Natural", "Regimen tributario": "Regimen Comun", "Direccion": "CR 6 4 57", "Estado": "Activo" }, "geometry": { "type": "MultiPolygon", "coordinates": [ [ [ [ -73.79701498258639, 5.044174356195594 ], [ -73.797023975139197, 5.044156381512019 ], [ -73.797069761765911, 5.044177693527436 ], [ -73.797077939430466, 5.044181499986639 ], [ -73.797089385637051, 5.044186827763846 ], [ -73.79712863338095, 5.044205094427061 ], [ -73.797161338633984, 5.044220316644581 ], [ -73.797142360170511, 5.044258301669875 ], [ -73.797109804551496, 5.044242757651688 ], [ -73.797059344967636, 5.044218666047314 ], [ -73.797005380674008, 5.044193547571194 ], [ -73.797010232109713, 5.044183851998953 ], [ -73.79701498258639, 5.044174356195594 ] ] ] ] } },
{ "type": "Feature", "properties": { "OBJECTID": 764.0, "codigo": "257360100000000140009000000000", "Shape_Area": 218.702026426, "Tipo Documento": "Cédula de Ciudadanía", "No Documento": "40982318", "Nombre del contribuyente": "AMALFI MERCEDES SOTO NIEVES", "Razon Social": null, "Naturaleza Juridica": "Persona Natural", "Regimen tributario": "Regimen Comun", "Direccion": "CRA 7 5-84", "Estado": "ACTIVO" }, "geometry": { "type": "MultiPolygon", "coordinates": [ [ [ [ -73.797492742857088, 5.045488968753311 ], [ -73.797510355683215, 5.045447404149518 ], [ -73.797520488546581, 5.045452521303374 ], [ -73.79754650263007, 5.045465659940958 ], [ -73.79754856147369, 5.045466700365533 ], [ -73.797585113160352, 5.045485161347142 ], [ -73.797613269922351, 5.045499381987312 ], [ -73.797632632429384, 5.045509160710556 ], [ -73.797644698841182, 5.04551525501163 ], [ -73.797686530152191, 5.045536382583117 ], [ -73.797690551388357, 5.045538412811258 ], [ -73.797674217691622, 5.045587615643369 ], [ -73.797665286441102, 5.045616692426547 ], [ -73.797660498103383, 5.045625656722307 ], [ -73.797656335343618, 5.045623312829729 ], [ -73.797611603255675, 5.045598122084244 ], [ -73.797590619090428, 5.045586304994924 ], [ -73.797578036163571, 5.045579219079869 ], [ -73.797574895615085, 5.045577450086884 ], [ -73.797547408605027, 5.045561969363698 ], [ -73.797509711209059, 5.045540739637136 ], [ -73.797478300319966, 5.045523049703204 ], [ -73.797492742857088, 5.045488968753311 ] ] ] ] } },
{ "type": "Feature", "properties": { "OBJECTID": 771.0, "codigo": "257360100000000240002000000000", "Shape_Area": 199.24749128799999, "Tipo Documento": "Cédula de Ciudadanía", "No Documento": "3169300", "Nombre del contribuyente": "LUIS NORBERTO RODRIGUEZ  SANCHEZ", "Razon Social": null, "Naturaleza Juridica": "Persona Natural", "Regimen tributario": "No responsable de IVA", "Direccion": "C 6 7 41", "Estado": "ACTIVO" }, "geometry": { "type": "MultiPolygon", "coordinates": [ [ [ [ -73.796869830893655, 5.042382844358534 ], [ -73.79690145798665, 5.042336224083178 ], [ -73.796945476799465, 5.042372544090272 ], [ -73.796985314852378, 5.042405414688394 ], [ -73.796940990407535, 5.042479984538996 ], [ -73.796928985342817, 5.042500180181857 ], [ -73.796911235549516, 5.042530040662404 ], [ -73.796904243269381, 5.042524330520759 ], [ -73.796820327804539, 5.042455816046409 ], [ -73.796834529622387, 5.042434880990494 ], [ -73.796839576653483, 5.042427440729397 ], [ -73.796869830893655, 5.042382844358534 ] ] ] ] } },
{ "type": "Feature", "properties": { "OBJECTID": 788.0, "codigo": "257360100000000400801800000022", "Shape_Area": 105.783840106, "Tipo Documento": "Cédula de Ciudadanía", "No Documento": "3168913", "Nombre del contribuyente": "LUIS ANTONIO MALDONADO ZAMBRANO", "Razon Social": null, "Naturaleza Juridica": "Persona Natural", "Regimen tributario": "Regimen Simplificado", "Direccion": "CL 8 C 10 62", "Estado": "ACTIVO" }, "geometry": { "type": "MultiPolygon", "coordinates": [ [ [ [ -73.798677764446751, 5.049352042817284 ], [ -73.798682158877355, 5.04934414605935 ], [ -73.798710821533376, 5.049360187167687 ], [ -73.798712645119068, 5.049361207702483 ], [ -73.798737280203014, 5.049374994413003 ], [ -73.798730688107042, 5.049386838646495 ], [ -73.79867092114155, 5.049494230397796 ], [ -73.798639738091993, 5.049476779159709 ], [ -73.79861579890752, 5.049463382038626 ], [ -73.798625687506387, 5.049445615238194 ], [ -73.798627884271625, 5.049441666859432 ], [ -73.798675522611035, 5.04935606983839 ], [ -73.798677764446751, 5.049352042817284 ] ] ] ] } },
{ "type": "Feature", "properties": { "OBJECTID": 799.0, "codigo": "257360100000000250009000000000", "Shape_Area": 393.85699151699998, "Tipo Documento": "Cédula de Ciudadanía", "No Documento": "20921653", "Nombre del contribuyente": "OFELIA  ACOSTA DE CAMARGO", "Razon Social": null, "Naturaleza Juridica": "Persona Natural", "Regimen tributario": "Regimen Comun", "Direccion": "K 7 5 35", "Estado": "ACTIVO" }, "geometry": { "type": "MultiPolygon", "coordinates": [ [ [ [ -73.796077331135692, 5.042063568342675 ], [ -73.796236600717549, 5.041845934322417 ], [ -73.796331858548456, 5.041914212058803 ], [ -73.796289956187337, 5.041972998313017 ], [ -73.796175025503445, 5.042134237005997 ], [ -73.796077331135692, 5.042063568342675 ] ] ] ] } },
{ "type": "Feature", "properties": { "OBJECTID": 812.0, "codigo": "257360100000000210049000000000", "Shape_Area": 120.233571739, "Tipo Documento": "Cédula de Ciudadanía", "No Documento": "51781971", "Nombre del contribuyente": "ALICIA  MARCELA SANCHEZ FUENTES", "Razon Social": null, "Naturaleza Juridica": "Persona Natural", "Regimen tributario": "Regimen Comun", "Direccion": "CALLE 6 N 7-35", "Estado": "ACTIVO" }, "geometry": { "type": "MultiPolygon", "coordinates": [ [ [ [ -73.796095659907152, 5.045552443738009 ], [ -73.796103294956453, 5.045539860115379 ], [ -73.796106387725501, 5.045541639058655 ], [ -73.796186882657523, 5.045587950334353 ], [ -73.796187560524814, 5.045588339930067 ], [ -73.796230162502439, 5.045612850109641 ], [ -73.796230555521277, 5.045613076093223 ], [ -73.796211444462486, 5.045645875232258 ], [ -73.796201478334382, 5.045662978511895 ], [ -73.79619244607774, 5.045679665080232 ], [ -73.796084029678184, 5.045614210287561 ], [ -73.796084555207628, 5.04561334612958 ], [ -73.796092488628759, 5.04560026172936 ], [ -73.796094176092012, 5.045597480333893 ], [ -73.796113082530155, 5.045566304659552 ], [ -73.79611448514369, 5.045563993308116 ], [ -73.796095882556443, 5.045553298857959 ], [ -73.796095337197855, 5.045552980672988 ], [ -73.796095659907152, 5.045552443738009 ] ] ] ] } },
{ "type": "Feature", "properties": { "OBJECTID": 814.0, "codigo": "257360100000000250027000000000", "Shape_Area": 149.94645172899999, "Tipo Documento": "Cédula de Ciudadanía", "No Documento": "20923104", "Nombre del contribuyente": "MARIA ARACELY ORJUELA MALDONADO", "Razon Social": null, "Naturaleza Juridica": "Persona Natural", "Regimen tributario": "Regimen Simplificado", "Direccion": "CL 5 6 A 05", "Estado": "ACTIVO" }, "geometry": { "type": "MultiPolygon", "coordinates": [ [ [ [ -73.795941887706718, 5.042258880673526 ], [ -73.795996820110005, 5.042182648579722 ], [ -73.796102932789978, 5.042262735336716 ], [ -73.796052541729992, 5.04233571510024 ], [ -73.795941887706718, 5.042258880673526 ] ] ] ] } },
{ "type": "Feature", "properties": { "OBJECTID": 848.0, "codigo": "257360100000000260025000000000", "Shape_Area": 281.33195307300002, "Tipo Documento": "Cédula de Ciudadanía", "No Documento": "20152873", "Nombre del contribuyente": "MARIA TERESA ROZO DE CORTES", "Razon Social": null, "Naturaleza Juridica": "Persona Natural", "Regimen tributario": "No responsable de IVA", "Direccion": "K 5 4 43", "Estado": "ACTIVO" }, "geometry": { "type": "MultiPolygon", "coordinates": [ [ [ [ -73.795522059269445, 5.043482898501481 ], [ -73.795545604386689, 5.043443769156559 ], [ -73.795548158112283, 5.043439525202658 ], [ -73.795549960052782, 5.043436530480757 ], [ -73.795568024527867, 5.043406512754865 ], [ -73.795569846299429, 5.043403484587482 ], [ -73.79579473605655, 5.04353256479439 ], [ -73.795793775142656, 5.043533980349701 ], [ -73.795775088679335, 5.043571743873184 ], [ -73.795758142858674, 5.04360598658509 ], [ -73.795522059269445, 5.043482898501481 ] ] ] ] } },
{ "type": "Feature", "properties": { "OBJECTID": 856.0, "codigo": "257360100000000260026000000000", "Shape_Area": 275.331800262, "Tipo Documento": "Cédula de Ciudadanía", "No Documento": "20152873", "Nombre del contribuyente": "MARIA TERESA ROZO DE CORTES", "Razon Social": null, "Naturaleza Juridica": "Persona Natural", "Regimen tributario": "No responsable de IVA", "Direccion": "K 5 4 43", "Estado": "ACTIVO" }, "geometry": { "type": "MultiPolygon", "coordinates": [ [ [ [ -73.795569846299429, 5.043403484587482 ], [ -73.795611777689231, 5.043333802386663 ], [ -73.795621269597319, 5.043338987363778 ], [ -73.795699586414671, 5.043379019082274 ], [ -73.795769323563434, 5.043414664894346 ], [ -73.79582414587118, 5.043450608964526 ], [ -73.795840416419509, 5.043465294277735 ], [ -73.795815032431776, 5.043502675424969 ], [ -73.79579473605655, 5.04353256479439 ], [ -73.795569846299429, 5.043403484587482 ] ] ] ] } },
{ "type": "Feature", "properties": { "OBJECTID": 860.0, "codigo": "257360100000000150050000000000", "Shape_Area": 200.77188604700001, "Tipo Documento": "Cédula de Ciudadanía", "No Documento": "3169620", "Nombre del contribuyente": "JOSE ANTONIO JIMENEZ GUTIERREZ", "Razon Social": null, "Naturaleza Juridica": "Persona Natural", "Regimen tributario": "No responsable de IVA", "Direccion": "C 5 6 12", "Estado": "ACTIVO" }, "geometry": { "type": "MultiPolygon", "coordinates": [ [ [ [ -73.798032005927212, 5.044277974344626 ], [ -73.79802124659291, 5.044273319108555 ], [ -73.798024783748005, 5.044265004738348 ], [ -73.798043884744558, 5.044220106415761 ], [ -73.798073407902436, 5.04415018543537 ], [ -73.798081381852541, 5.044154401363397 ], [ -73.798084015791432, 5.044150733204157 ], [ -73.798184408615398, 5.044209573608089 ], [ -73.798175151987252, 5.044233727586712 ], [ -73.798161449580263, 5.044269480826067 ], [ -73.798143972942995, 5.044312119319929 ], [ -73.798127244412314, 5.044305379627025 ], [ -73.798122228936776, 5.044316993351346 ], [ -73.798032005927212, 5.044277974344626 ] ] ] ] } },
{ "type": "Feature", "properties": { "OBJECTID": 883.0, "codigo": "257360100000000160012000000000", "Shape_Area": 157.32093014200001, "Tipo Documento": "Cédula de Ciudadanía", "No Documento": "7332626", "Nombre del contribuyente": "JOSE ALVARO ALFONSO ROMERO", "Razon Social": null, "Naturaleza Juridica": "Persona Natural", "Regimen tributario": "Regimen Simplificado", "Direccion": "CL 3 No. 6-30", "Estado": "ACTIVO" }, "geometry": { "type": "MultiPolygon", "coordinates": [ [ [ [ -73.797909345107371, 5.043109476129713 ], [ -73.797922887966266, 5.043086002810192 ], [ -73.797947392996321, 5.043102909022703 ], [ -73.79797115886538, 5.043119305417509 ], [ -73.797957936912084, 5.043142961331895 ], [ -73.797909455206607, 5.043229697271705 ], [ -73.797899318793085, 5.043247833773047 ], [ -73.797879045062913, 5.043284104967351 ], [ -73.79786802796491, 5.043303817926396 ], [ -73.79783814237193, 5.043287033746932 ], [ -73.797814546870754, 5.043273782126453 ], [ -73.79782899115186, 5.043248745005914 ], [ -73.797856980098317, 5.043200236374852 ], [ -73.797909345107371, 5.043109476129713 ] ] ] ] } },
{ "type": "Feature", "properties": { "OBJECTID": 885.0, "codigo": "257360100000000160013000000000", "Shape_Area": 151.594237249, "Tipo Documento": "Cédula de Ciudadanía", "No Documento": "7332626", "Nombre del contribuyente": "JOSE ALVARO ALFONSO ROMERO", "Razon Social": null, "Naturaleza Juridica": "Persona Natural", "Regimen tributario": "Regimen Simplificado", "Direccion": "CL 3 No. 6-30", "Estado": "ACTIVO" }, "geometry": { "type": "MultiPolygon", "coordinates": [ [ [ [ -73.797957936912084, 5.043142961331895 ], [ -73.79797115886538, 5.043119305417509 ], [ -73.798002067568476, 5.043141468888777 ], [ -73.7980180866589, 5.043152955132716 ], [ -73.797951714582396, 5.043277273876102 ], [ -73.797940227850461, 5.04329878837327 ], [ -73.797921507261151, 5.043333851914038 ], [ -73.797895553648459, 5.043319276942685 ], [ -73.79786802796491, 5.043303817926396 ], [ -73.797879045062913, 5.043284104967351 ], [ -73.797899318793085, 5.043247833773047 ], [ -73.797909455206607, 5.043229697271705 ], [ -73.797957936912084, 5.043142961331895 ] ] ] ] } },
{ "type": "Feature", "properties": { "OBJECTID": 897.0, "codigo": "257360100000000160006000000000", "Shape_Area": 305.701935488, "Tipo Documento": "Cédula de Ciudadanía", "No Documento": "20922434", "Nombre del contribuyente": "BLANCA NELY MELO AGUILAR", "Razon Social": null, "Naturaleza Juridica": "Persona Natural", "Regimen tributario": "No responsable de IVA", "Direccion": "CL 4 No 6 -43", "Estado": "ACTIVO" }, "geometry": { "type": "MultiPolygon", "coordinates": [ [ [ [ -73.79759653941656, 5.043661925242805 ], [ -73.797621890855595, 5.043621316989163 ], [ -73.797642984028784, 5.04363155852476 ], [ -73.797701399502145, 5.043659920252913 ], [ -73.797743589459841, 5.043680403318219 ], [ -73.797719366601328, 5.043721696756086 ], [ -73.797693771783912, 5.043765327761986 ], [ -73.797649896233835, 5.043840122736547 ], [ -73.797639365868775, 5.043834276111627 ], [ -73.797626237617322, 5.043826986812793 ], [ -73.797580494262846, 5.043801588160051 ], [ -73.797552223995368, 5.043785891396934 ], [ -73.797527662162139, 5.043772253787794 ], [ -73.797573580334344, 5.043698700822707 ], [ -73.797581711112869, 5.043685676966861 ], [ -73.797588408638632, 5.043674949098843 ], [ -73.797593191555279, 5.043667287369 ], [ -73.79759653941656, 5.043661925242805 ] ] ] ] } },
{ "type": "Feature", "properties": { "OBJECTID": 899.0, "codigo": "257360100000000160025000000000", "Shape_Area": 206.653478135, "Tipo Documento": "Cédula de Ciudadanía", "No Documento": "3168642", "Nombre del contribuyente": "HUMBERTO  JUZGA", "Razon Social": "SURTIDORA DE FINES EL ESCORPION", "Naturaleza Juridica": "Persona Natural", "Regimen tributario": "Regimen Comun", "Direccion": "K 6 3 36", "Estado": "ACTIVO" }, "geometry": { "type": "MultiPolygon", "coordinates": [ [ [ [ -73.797874271849565, 5.043976301703927 ], [ -73.79791456332282, 5.043879542980211 ], [ -73.797964927196915, 5.043758593215744 ], [ -73.797976041644702, 5.043731901900658 ], [ -73.798023458041527, 5.043757991127537 ], [ -73.798047956785126, 5.043771470529934 ], [ -73.798036840536767, 5.043798163654082 ], [ -73.798002208165542, 5.043876702726779 ], [ -73.797989449532992, 5.043905637603189 ], [ -73.797983980645839, 5.043918038651827 ], [ -73.797976092333755, 5.043913664534406 ], [ -73.797952426496721, 5.043900541277606 ], [ -73.797917896855523, 5.043964028070903 ], [ -73.797902360047232, 5.04399259776001 ], [ -73.797888224904966, 5.04398439730417 ], [ -73.797874271849565, 5.043976301703927 ] ] ] ] } },
{ "type": "Feature", "properties": { "OBJECTID": 904.0, "codigo": "257360100000000070009000000000", "Shape_Area": 469.49120066, "Tipo Documento": "Cédula de Ciudadanía", "No Documento": "3169026", "Nombre del contribuyente": "LUIS EDUARDO BOJACA RODRIGUEZ", "Razon Social": null, "Naturaleza Juridica": "Persona Natural", "Regimen tributario": "No responsable de IVA", "Direccion": "C 4 8 17", "Estado": "ACTIVO" }, "geometry": { "type": "MultiPolygon", "coordinates": [ [ [ [ -73.799142610685749, 5.044497861586658 ], [ -73.799212462072404, 5.044353106622813 ], [ -73.799222453411502, 5.044358893564297 ], [ -73.799255238057526, 5.044377881456478 ], [ -73.799290876339768, 5.044315846304106 ], [ -73.799355318901604, 5.044366450012594 ], [ -73.799336729946063, 5.044395730236113 ], [ -73.799267504956546, 5.044504771765046 ], [ -73.799239927090312, 5.044548245552865 ], [ -73.799210414785151, 5.044594771019518 ], [ -73.799201175287408, 5.04460933881446 ], [ -73.799149892011044, 5.044690184831087 ], [ -73.799132566712473, 5.044680513714717 ], [ -73.799111298602114, 5.044668640631222 ], [ -73.799078220084624, 5.044650173397578 ], [ -73.799160066685189, 5.044507487505815 ], [ -73.799142610685749, 5.044497861586658 ] ] ] ] } },
{ "type": "Feature", "properties": { "OBJECTID": 905.0, "codigo": "257360100000000070016000000000", "Shape_Area": 178.55377302900001, "Tipo Documento": "Cédula de Ciudadanía", "No Documento": "41624012", "Nombre del contribuyente": "ANA JOSEFA MAMANCHE GARCIA", "Razon Social": null, "Naturaleza Juridica": "Persona Natural", "Regimen tributario": "Regimen Simplificado", "Direccion": "CL 5 4 13", "Estado": "ACTIVO" }, "geometry": { "type": "MultiPolygon", "coordinates": [ [ [ [ -73.799318067431358, 5.044536891920653 ], [ -73.799290653432607, 5.044519476856191 ], [ -73.799267504956546, 5.044504771765046 ], [ -73.799336729946063, 5.044395730236113 ], [ -73.799355318901604, 5.044366450012594 ], [ -73.799428133870435, 5.044423630694888 ], [ -73.799343958030889, 5.044553337973918 ], [ -73.799318067431358, 5.044536891920653 ] ] ] ] } },
{ "type": "Feature", "properties": { "OBJECTID": 907.0, "codigo": "257360100000000070014000000000", "Shape_Area": 74.429823173200006, "Tipo Documento": "Cédula de Ciudadanía", "No Documento": "20923012", "Nombre del contribuyente": "IRMA YOLANDA JUZGA MAMANCHE", "Razon Social": null, "Naturaleza Juridica": "Persona Natural", "Regimen tributario": "No responsable de IVA", "Direccion": "C 5 6 35", "Estado": "ACTIVO" }, "geometry": { "type": "MultiPolygon", "coordinates": [ [ [ [ -73.799213953885797, 5.044637669809462 ], [ -73.799225259426677, 5.044620241967412 ], [ -73.7992382056282, 5.044628465899934 ], [ -73.799267903829886, 5.044647330866144 ], [ -73.799278565832651, 5.044654101282517 ], [ -73.79926184819999, 5.044679861586857 ], [ -73.799229397275511, 5.0447298653934 ], [ -73.799227087851193, 5.044733425084395 ], [ -73.799202141941137, 5.044719183713618 ], [ -73.799172173317658, 5.044702075084965 ], [ -73.799173648032138, 5.044699802595711 ], [ -73.799176105288623, 5.044696013305759 ], [ -73.799213953885797, 5.044637669809462 ] ] ] ] } },
{ "type": "Feature", "properties": { "OBJECTID": 908.0, "codigo": "257360100000000070015000000000", "Shape_Area": 70.547972998800006, "Tipo Documento": "Cédula de Ciudadanía", "No Documento": "41624012", "Nombre del contribuyente": "ANA JOSEFA MAMANCHE GARCIA", "Razon Social": null, "Naturaleza Juridica": "Persona Natural", "Regimen tributario": "Regimen Simplificado", "Direccion": "CL 5 4 13", "Estado": "ACTIVO" }, "geometry": { "type": "MultiPolygon", "coordinates": [ [ [ [ -73.799149892011044, 5.044690184831087 ], [ -73.799201175287408, 5.04460933881446 ], [ -73.799210414785151, 5.044594771019518 ], [ -73.799239927090312, 5.044548245552865 ], [ -73.799267504956546, 5.044504771765046 ], [ -73.799290653432607, 5.044519476856191 ], [ -73.799225259426677, 5.044620241967412 ], [ -73.799213953885797, 5.044637669809462 ], [ -73.799176105288623, 5.044696013305759 ], [ -73.799173648032138, 5.044699802595711 ], [ -73.799172173317658, 5.044702075084965 ], [ -73.799161353569872, 5.044696301704231 ], [ -73.799149892011044, 5.044690184831087 ] ] ] ] } },
{ "type": "Feature", "properties": { "OBJECTID": 929.0, "codigo": "257360100000000300014000000000", "Shape_Area": 2815.2458270799998, "Tipo Documento": "Cédula de Ciudadanía", "No Documento": "3168837", "Nombre del contribuyente": "MAURICIO  GONZALEZ ROMERO", "Razon Social": null, "Naturaleza Juridica": "Persona Natural", "Regimen tributario": "No responsable de IVA", "Direccion": "CRA 7 7 15", "Estado": "ACTIVO" }, "geometry": { "type": "MultiPolygon", "coordinates": [ [ [ [ -73.793208555370157, 5.045027159300838 ], [ -73.793235445246296, 5.044938988140765 ], [ -73.793253760544232, 5.044895718840492 ], [ -73.79332606179004, 5.044858813546241 ], [ -73.793525502471624, 5.044875246385744 ], [ -73.793695657841781, 5.044894813841569 ], [ -73.793994258185478, 5.044925590659274 ], [ -73.794031991557446, 5.044932688518955 ], [ -73.794019732177659, 5.044948783870133 ], [ -73.793974498637226, 5.045014101764927 ], [ -73.793900239305188, 5.045094822508258 ], [ -73.79382166220411, 5.045166169446513 ], [ -73.793735135566379, 5.045218781440028 ], [ -73.793659577425402, 5.045264724272618 ], [ -73.79354254391275, 5.045335346011326 ], [ -73.793457672105561, 5.045254318877977 ], [ -73.793342548670793, 5.045174925862304 ], [ -73.793311931253953, 5.045141760417433 ], [ -73.793242441661192, 5.045004798041906 ], [ -73.793229539594975, 5.045013312097333 ], [ -73.793208555370157, 5.045027159300838 ] ] ] ] } },
{ "type": "Feature", "properties": { "OBJECTID": 940.0, "codigo": "257360100000000020801800000004", "Shape_Area": 99.718482250400001, "Tipo Documento": "Cédula de Ciudadanía", "No Documento": "3169300", "Nombre del contribuyente": "LUIS NORBERTO RODRIGUEZ  SANCHEZ", "Razon Social": null, "Naturaleza Juridica": "Persona Natural", "Regimen tributario": "No responsable de IVA", "Direccion": "C 6 7 41", "Estado": "ACTIVO" }, "geometry": { "type": "MultiPolygon", "coordinates": [ [ [ [ -73.798088266838988, 5.049558794763854 ], [ -73.79809624263072, 5.0495425818328 ], [ -73.798130536367267, 5.049472865143354 ], [ -73.798132928743613, 5.049468000179156 ], [ -73.798144892427743, 5.049443680781666 ], [ -73.798172266935183, 5.049457794732998 ], [ -73.798201009808693, 5.049472613747887 ], [ -73.798197020111758, 5.049480720214098 ], [ -73.798195026164663, 5.04948477344719 ], [ -73.798157927206162, 5.049560157796291 ], [ -73.798143965966958, 5.049588528619023 ], [ -73.798088266838988, 5.049558794763854 ] ] ] ] } },
{ "type": "Feature", "properties": { "OBJECTID": 949.0, "codigo": "257360100000000020801800000013", "Shape_Area": 104.81292738400001, "Tipo Documento": "Cédula de Ciudadanía", "No Documento": "20921653", "Nombre del contribuyente": "OFELIA  ACOSTA DE CAMARGO", "Razon Social": null, "Naturaleza Juridica": "Persona Natural", "Regimen tributario": "Regimen Comun", "Direccion": "K 7 5 35", "Estado": "ACTIVO" }, "geometry": { "type": "MultiPolygon", "coordinates": [ [ [ [ -73.798588405352618, 5.049828498219324 ], [ -73.798599206192122, 5.049806626663389 ], [ -73.798637210141777, 5.049729673062098 ], [ -73.798638809264119, 5.049726433367137 ], [ -73.798648411209285, 5.049706991581552 ], [ -73.798678558531478, 5.04972428372944 ], [ -73.798703183713499, 5.049738408511601 ], [ -73.798643177864136, 5.049859915154307 ], [ -73.798588405352618, 5.049828498219324 ] ] ] ] } },
{ "type": "Feature", "properties": { "OBJECTID": 968.0, "codigo": "257360100000000210033000000000", "Shape_Area": 117.789927335, "Tipo Documento": "Cédula de Ciudadanía", "No Documento": "79641390", "Nombre del contribuyente": "JAIME ALBERTO VELOZA CAÑON", "Razon Social": null, "Naturaleza Juridica": "Persona Natural", "Regimen tributario": "No responsable de IVA", "Direccion": "CL 6 5 46", "Estado": "ACTIVO" }, "geometry": { "type": "MultiPolygon", "coordinates": [ [ [ [ -73.794626242312475, 5.044914160560908 ], [ -73.794641091486241, 5.044889868354022 ], [ -73.794669514314364, 5.044843367497234 ], [ -73.794682013470563, 5.044822918798612 ], [ -73.794698522163031, 5.044795912089305 ], [ -73.794755888353151, 5.044826316963246 ], [ -73.79474081021138, 5.04485410467662 ], [ -73.794717316359993, 5.044897402924791 ], [ -73.794688424768779, 5.044950651633451 ], [ -73.794688284146375, 5.044950911061359 ], [ -73.794649561070301, 5.044927973637102 ], [ -73.794626242312475, 5.044914160560908 ] ] ] ] } },
{ "type": "Feature", "properties": { "OBJECTID": 975.0, "codigo": "257360100000000210020000000000", "Shape_Area": 2660.9442435400001, "Tipo Documento": "Cédula de Ciudadanía", "No Documento": "20304351", "Nombre del contribuyente": "HILDA  ROJAS DE BOJACA", "Razon Social": null, "Naturaleza Juridica": "Persona Natural", "Regimen tributario": "No responsable de IVA", "Direccion": "K 6 5 52", "Estado": "ACTIVO" }, "geometry": { "type": "MultiPolygon", "coordinates": [ [ [ [ -73.795855155231209, 5.04531318696761 ], [ -73.795683159144062, 5.045227437795387 ], [ -73.79565558300655, 5.045189642528962 ], [ -73.795655517203087, 5.045189572926049 ], [ -73.795609855906406, 5.045144970102644 ], [ -73.795569974538779, 5.045091856771846 ], [ -73.795492697904109, 5.044998158605463 ], [ -73.795528293299427, 5.044939924694147 ], [ -73.795557348865458, 5.044892389702107 ], [ -73.79555813941333, 5.044891096177584 ], [ -73.79555829085237, 5.044890847596696 ], [ -73.795558762296537, 5.044890076543989 ], [ -73.795561551298903, 5.044885514406788 ], [ -73.795628642947193, 5.044916420910615 ], [ -73.795626473198553, 5.044929809944679 ], [ -73.795785384174806, 5.045025816923087 ], [ -73.795829698794407, 5.045051746306203 ], [ -73.795798158920348, 5.045103340862919 ], [ -73.795867272462047, 5.045145822194315 ], [ -73.795908694626178, 5.045078056312656 ], [ -73.795993933646187, 5.045130450180221 ], [ -73.796027135728352, 5.045076170035413 ], [ -73.796068763273638, 5.045077200593015 ], [ -73.796189209124222, 5.045080184674886 ], [ -73.796197361580923, 5.045067583877095 ], [ -73.796215685677538, 5.045039265527102 ], [ -73.796267921979506, 5.045071373267088 ], [ -73.796273156517159, 5.045074591272335 ], [ -73.796280836603472, 5.045079311615887 ], [ -73.796288516689899, 5.045084031959379 ], [ -73.796296194072198, 5.045088751398825 ], [ -73.79630387235602, 5.04509347083817 ], [ -73.796311552442774, 5.045098192085302 ], [ -73.796319231628232, 5.045102911524468 ], [ -73.796325087243844, 5.045106510989408 ], [ -73.796327526490316, 5.045102493015481 ], [ -73.79632864876001, 5.045100644476297 ], [ -73.796359275452758, 5.045050189750722 ], [ -73.796367344074739, 5.045036897442758 ], [ -73.796386813816369, 5.045048195712937 ], [ -73.796418721334121, 5.045066710990336 ], [ -73.796453882975499, 5.045087114583763 ], [ -73.796489347495793, 5.045107693538392 ], [ -73.796387908693404, 5.045320288255209 ], [ -73.796248721394036, 5.045308116618592 ], [ -73.796007837649313, 5.045341344749461 ], [ -73.795855155231209, 5.04531318696761 ] ] ] ] } },
{ "type": "Feature", "properties": { "OBJECTID": 990.0, "codigo": "257360100000000210054000000000", "Shape_Area": 2708.87928835, "Tipo Documento": "Cédula de Ciudadanía", "No Documento": "383862", "Nombre del contribuyente": "MANUEL ANTONIO BOJACA ROJAS", "Razon Social": null, "Naturaleza Juridica": "Persona Natural", "Regimen tributario": "Regimen Simplificado", "Direccion": "C 5 5 48", "Estado": "ACTIVO" }, "geometry": { "type": "MultiPolygon", "coordinates": [ [ [ [ -73.79532431176267, 5.045039286133075 ], [ -73.795245723461164, 5.044992973851647 ], [ -73.795169139923416, 5.044947845717779 ], [ -73.795167314539725, 5.044950957045624 ], [ -73.795090085597081, 5.044905558624692 ], [ -73.795014178959903, 5.04488592135444 ], [ -73.794920883888892, 5.044884486490761 ], [ -73.794911299020072, 5.044906919334868 ], [ -73.794906575544559, 5.044917973501316 ], [ -73.794858658912588, 5.04488852141941 ], [ -73.794843470034365, 5.044879184651318 ], [ -73.794843060787485, 5.044879900563908 ], [ -73.79479956561164, 5.044853165713098 ], [ -73.794755888353151, 5.044826316963246 ], [ -73.794698522163031, 5.044795912089305 ], [ -73.794658766089398, 5.044767938856821 ], [ -73.794620666830738, 5.04473906531231 ], [ -73.794640838913679, 5.044706051991533 ], [ -73.794726686076274, 5.044565619272716 ], [ -73.794802234689939, 5.044616147544632 ], [ -73.794839524922125, 5.044522515702869 ], [ -73.794996873594627, 5.044598059658838 ], [ -73.795046410981342, 5.044621844083138 ], [ -73.795162075452467, 5.044677375709361 ], [ -73.795138530237992, 5.044725848079116 ], [ -73.795191200043647, 5.044758219855469 ], [ -73.795212497096202, 5.04471641126296 ], [ -73.795225050236439, 5.044722685493063 ], [ -73.795247516265633, 5.044733913299973 ], [ -73.795261873143076, 5.044741089658889 ], [ -73.795265907888137, 5.044743106343151 ], [ -73.795266714656861, 5.044743509499218 ], [ -73.795269135864459, 5.044744719871328 ], [ -73.795269942633198, 5.044745123027369 ], [ -73.795426099712614, 5.044828147815826 ], [ -73.795561551298903, 5.044885514406788 ], [ -73.795558762296537, 5.044890076543989 ], [ -73.79555829085237, 5.044890847596696 ], [ -73.79555813941333, 5.044891096177584 ], [ -73.795557348865458, 5.044892389702107 ], [ -73.795528293299427, 5.044939924694147 ], [ -73.795492697904109, 5.044998158605463 ], [ -73.795475842319718, 5.044977720660038 ], [ -73.79547265759166, 5.044982893853758 ], [ -73.795412759815591, 5.045080201055093 ], [ -73.795330140368634, 5.04502941611762 ], [ -73.79532431176267, 5.045039286133075 ] ] ] ] } },
{ "type": "Feature", "properties": { "OBJECTID": 992.0, "codigo": "257360100000000030003000000000", "Shape_Area": 175.42876391300001, "Tipo Documento": "Cédula de Ciudadanía", "No Documento": "3168955", "Nombre del contribuyente": "LUIS ENRIQUE MUÑOZ LATORRE", "Razon Social": null, "Naturaleza Juridica": "Persona Natural", "Regimen tributario": "No responsable de IVA", "Direccion": "C 7 8 02", "Estado": "ACTIVO" }, "geometry": { "type": "MultiPolygon", "coordinates": [ [ [ [ -73.797634505696934, 5.047122415144716 ], [ -73.797649004165407, 5.047112781029745 ], [ -73.797696968773408, 5.047020717345748 ], [ -73.797727925364001, 5.046961298266238 ], [ -73.797797810846433, 5.047005344999198 ], [ -73.797765850073461, 5.04706188596379 ], [ -73.797764515970684, 5.047064245227015 ], [ -73.797763628071181, 5.047065816261317 ], [ -73.797744845164871, 5.047099046619222 ], [ -73.797730159215007, 5.047125027439982 ], [ -73.797714025554086, 5.047116772746792 ], [ -73.797701780652659, 5.047140929430571 ], [ -73.797708404323345, 5.047167938909151 ], [ -73.797706913372494, 5.047170086652325 ], [ -73.7976910997141, 5.047159675176948 ], [ -73.797634505696934, 5.047122415144716 ] ] ] ] } },
{ "type": "Feature", "properties": { "OBJECTID": 997.0, "codigo": "257360100000000030010000000000", "Shape_Area": 471.36221032999998, "Tipo Documento": "Cédula de Ciudadanía", "No Documento": "3168571", "Nombre del contribuyente": "JUAN FRANCISCO MUÑOZ LATORRE", "Razon Social": null, "Naturaleza Juridica": "Persona Natural", "Regimen tributario": "Regimen Comun", "Direccion": "CL 8 No. 8 09", "Estado": "ACTIVO" }, "geometry": { "type": "MultiPolygon", "coordinates": [ [ [ [ -73.797700726917952, 5.04717897501874 ], [ -73.797706913372494, 5.047170086652325 ], [ -73.797784576357742, 5.047225759751932 ], [ -73.797761145714304, 5.047259306490299 ], [ -73.797755242305939, 5.047267759161815 ], [ -73.797754292207827, 5.047269119580034 ], [ -73.797753463801598, 5.047270305539277 ], [ -73.797753176248193, 5.047270717732432 ], [ -73.797706670112532, 5.04733730319599 ], [ -73.797681457350492, 5.047373402636214 ], [ -73.797629161367723, 5.047448278056942 ], [ -73.797618739128026, 5.047463198362287 ], [ -73.797609312057673, 5.047476695878124 ], [ -73.797600743140634, 5.047488965853903 ], [ -73.797597641347636, 5.047493405968876 ], [ -73.797553722261853, 5.047556291626543 ], [ -73.797476327881256, 5.047501437462043 ], [ -73.797523236086207, 5.047434031245015 ], [ -73.79752890512934, 5.047425884104719 ], [ -73.797541108580276, 5.047408349629068 ], [ -73.79755727918841, 5.047385110437317 ], [ -73.797559960918562, 5.047381256974495 ], [ -73.797572717840836, 5.047362924326136 ], [ -73.797588132153848, 5.047340772563993 ], [ -73.797608000390497, 5.047312222769269 ], [ -73.797608283436915, 5.047311815999774 ], [ -73.797609163224493, 5.047310552302546 ], [ -73.797627355716486, 5.047284408774769 ], [ -73.797627489126896, 5.047284218045069 ], [ -73.797628192235749, 5.047283208352765 ], [ -73.797628903457408, 5.047282186005405 ], [ -73.797645396768203, 5.047258484902009 ], [ -73.797663953431581, 5.047231817996381 ], [ -73.797677479260514, 5.047212381644565 ], [ -73.797700726917952, 5.04717897501874 ] ] ] ] } },
{ "type": "Feature", "properties": { "OBJECTID": 1001.0, "codigo": "257360100000000030022000000000", "Shape_Area": 123.03350605200001, "Tipo Documento": "Cédula de Ciudadanía", "No Documento": "3168836", "Nombre del contribuyente": "RAFAEL ERNESTO OSORIO MELLIZO", "Razon Social": null, "Naturaleza Juridica": "Persona Natural", "Regimen tributario": "Regimen Simplificado", "Direccion": "K 8 7 55", "Estado": "ACTIVO" }, "geometry": { "type": "MultiPolygon", "coordinates": [ [ [ [ -73.797512721842821, 5.047322209457851 ], [ -73.797545665202634, 5.047269237228567 ], [ -73.797608283436915, 5.047311815999774 ], [ -73.797608000390497, 5.047312222769269 ], [ -73.797588132153848, 5.047340772563993 ], [ -73.797572717840836, 5.047362924326136 ], [ -73.797559960918562, 5.047381256974495 ], [ -73.79755727918841, 5.047385110437317 ], [ -73.797541108580276, 5.047408349629068 ], [ -73.79752890512934, 5.047425884104719 ], [ -73.797472204730028, 5.047387355842321 ], [ -73.797511335456036, 5.047324438554385 ], [ -73.797512721842821, 5.047322209457851 ] ] ] ] } },
{ "type": "Feature", "properties": { "OBJECTID": 1005.0, "codigo": "257360100000000030025000000000", "Shape_Area": 98.421269333799998, "Tipo Documento": "Cédula de Ciudadanía", "No Documento": "3168880", "Nombre del contribuyente": "JAIRO  RIVERA MUÑOZ", "Razon Social": null, "Naturaleza Juridica": "Persona Natural", "Regimen tributario": "Regimen Simplificado", "Direccion": "CR 9 7 20", "Estado": "ACTIVO" }, "geometry": { "type": "MultiPolygon", "coordinates": [ [ [ [ -73.798161838076126, 5.047392264464514 ], [ -73.79816781809896, 5.047382210022014 ], [ -73.798169166628355, 5.047383059715957 ], [ -73.798182261606101, 5.047391300843303 ], [ -73.798183577684284, 5.047392130650794 ], [ -73.798186629002544, 5.047394050597481 ], [ -73.7981873898039, 5.047394529680234 ], [ -73.7982537598118, 5.047436310211627 ], [ -73.798233684277974, 5.047468462194672 ], [ -73.79821664112086, 5.047495758250614 ], [ -73.798214250553599, 5.047499585501658 ], [ -73.798209280121455, 5.047508037271892 ], [ -73.798129525757844, 5.047446595333517 ], [ -73.798132397683688, 5.047441764717756 ], [ -73.79813461247393, 5.047438040515475 ], [ -73.79814838347481, 5.047414887185921 ], [ -73.798161838076126, 5.047392264464514 ] ] ] ] } },
{ "type": "Feature", "properties": { "OBJECTID": 1009.0, "codigo": "257360100000000030012000000000", "Shape_Area": 151.212174635, "Tipo Documento": "Cédula de Ciudadanía", "No Documento": "3168955", "Nombre del contribuyente": "LUIS ENRIQUE MUÑOZ LATORRE", "Razon Social": null, "Naturaleza Juridica": "Persona Natural", "Regimen tributario": "No responsable de IVA", "Direccion": "C 7 8 02", "Estado": "ACTIVO" }, "geometry": { "type": "MultiPolygon", "coordinates": [ [ [ [ -73.797596137598745, 5.047186370153779 ], [ -73.797634505696934, 5.047122415144716 ], [ -73.7976910997141, 5.047159675176948 ], [ -73.797706913372494, 5.047170086652325 ], [ -73.797700726917952, 5.04717897501874 ], [ -73.797677479260514, 5.047212381644565 ], [ -73.797663953431581, 5.047231817996381 ], [ -73.797596137598745, 5.047186370153779 ] ] ], [ [ [ -73.797424800744309, 5.047466431815911 ], [ -73.797472204730028, 5.047387355842321 ], [ -73.79752890512934, 5.047425884104719 ], [ -73.797523236086207, 5.047434031245015 ], [ -73.797476327881256, 5.047501437462043 ], [ -73.797424800744309, 5.047466431815911 ] ] ] ] } },
{ "type": "Feature", "properties": { "OBJECTID": 1203.0, "codigo": "257360000000000050031000000000", "Shape_Area": 5980.4033906900004, "Tipo Documento": "Cédula de Ciudadanía", "No Documento": "20922191", "Nombre del contribuyente": "BEATRIZ QUINTERO DE MALDONADO", "Razon Social": null, "Naturaleza Juridica": "Persona Natural", "Regimen tributario": "Regimen Simplificado", "Direccion": "VDA BOITIVA FINCA ALTAMIRA", "Estado": "ACTIVO" }, "geometry": { "type": "MultiPolygon", "coordinates": [ [ [ [ -73.781000708384596, 5.046661586708685 ], [ -73.780728772791051, 5.046523887877308 ], [ -73.780690100639518, 5.046417613749538 ], [ -73.780835953240413, 5.046337489097552 ], [ -73.780972422159323, 5.046229055032788 ], [ -73.781024208392552, 5.046153599626026 ], [ -73.78122176702287, 5.046172562240689 ], [ -73.781362969699984, 5.046166597747563 ], [ -73.781395729117861, 5.046165213749429 ], [ -73.781529021891487, 5.046172142559129 ], [ -73.781543416608301, 5.046342022192206 ], [ -73.781607738818053, 5.04656217129259 ], [ -73.781710253650672, 5.046739270197553 ], [ -73.781798479559356, 5.046861333990353 ], [ -73.781748282168266, 5.046994786645788 ], [ -73.781000708384596, 5.046661586708685 ] ] ] ] } },
{ "type": "Feature", "properties": { "OBJECTID": 1224.0, "codigo": "257360000000000070119000000000", "Shape_Area": 21463.625113599999, "Tipo Documento": "Cédula de Ciudadanía", "No Documento": "3058565", "Nombre del contribuyente": "EDUARDO  MUÑOZ", "Razon Social": null, "Naturaleza Juridica": "Persona Natural", "Regimen tributario": "Regimen Simplificado", "Direccion": "K 6 3 49", "Estado": "ACTIVO" }, "geometry": { "type": "MultiPolygon", "coordinates": [ [ [ [ -73.744547739157738, 5.010443791922024 ], [ -73.744568443545859, 5.010465318114666 ], [ -73.744706804077893, 5.010498885047738 ], [ -73.744830865811807, 5.010498948152307 ], [ -73.745002632825248, 5.01052296105898 ], [ -73.745098064865132, 5.010523009560092 ], [ -73.745150565341078, 5.010499110660525 ], [ -73.745241238446923, 5.010475231146606 ], [ -73.745303276112963, 5.010460907127886 ], [ -73.74543688168194, 5.010460974963669 ], [ -73.745551418288329, 5.010427536564891 ], [ -73.74563255719498, 5.010384511152691 ], [ -73.745732794922176, 5.010317568934614 ], [ -73.745749446686688, 5.010311115357659 ], [ -73.745751883495629, 5.010313990411742 ], [ -73.745826986009149, 5.010414517185961 ], [ -73.745909241902254, 5.01052222579479 ], [ -73.745948543306852, 5.010651445462975 ], [ -73.746027169672345, 5.0108596409119 ], [ -73.746102241549423, 5.011021178862065 ], [ -73.745432943124271, 5.011175161090761 ], [ -73.745032060683229, 5.01130415807381 ], [ -73.744563185423218, 5.011425941976472 ], [ -73.744194522291593, 5.011533420181887 ], [ -73.743965766419223, 5.010977026315045 ], [ -73.743919299320069, 5.010865746626349 ], [ -73.743804942490883, 5.01054627765381 ], [ -73.743787123344589, 5.010399124212539 ], [ -73.743890915307617, 5.010381232521522 ], [ -73.744180783901427, 5.010395735810881 ], [ -73.744481378428091, 5.010431778173376 ], [ -73.744547739157738, 5.010443791922024 ] ] ] ] } },
{ "type": "Feature", "properties": { "OBJECTID": 1270.0, "codigo": "257360000000000080048000000000", "Shape_Area": 37561.369088500003, "Tipo Documento": "Cédula de Ciudadanía", "No Documento": "3169285", "Nombre del contribuyente": "GERARDO  PRIETO  JIMENEZ", "Razon Social": null, "Naturaleza Juridica": "Persona Natural", "Regimen tributario": "No responsable de IVA", "Direccion": "Vereda RANCHERIA FINCA MIRAFLORES", "Estado": "ACTIVO" }, "geometry": { "type": "MultiPolygon", "coordinates": [ [ [ [ -73.716945965266675, 4.982274499745003 ], [ -73.71717023160636, 4.982256247594924 ], [ -73.717260415397007, 4.9822491187884 ], [ -73.71735775974031, 4.982234816593405 ], [ -73.717437917671347, 4.982237731573165 ], [ -73.717545270683004, 4.982244968526241 ], [ -73.717682688524491, 4.982242172607577 ], [ -73.717802937136256, 4.982225011774452 ], [ -73.717938935710322, 4.982200681326939 ], [ -73.71807780647309, 4.982159126726503 ], [ -73.71825532431474, 4.982119027395482 ], [ -73.718278173245238, 4.982218093263902 ], [ -73.718338190902088, 4.982407619518945 ], [ -73.718393870897316, 4.982674662188536 ], [ -73.718426709091119, 4.982831155500051 ], [ -73.71844811372587, 4.982953189372837 ], [ -73.718469548876499, 4.983020671463956 ], [ -73.718542473919371, 4.983164267156268 ], [ -73.718612545372054, 4.983289198684901 ], [ -73.718648281529866, 4.983381093374835 ], [ -73.718702562661434, 4.983589278170676 ], [ -73.718755429980519, 4.983765880095398 ], [ -73.718802578515351, 4.983928122494821 ], [ -73.718807964697746, 4.983952283362914 ], [ -73.718819771483908, 4.984005245541154 ], [ -73.718821142315747, 4.984011395415762 ], [ -73.718855445882298, 4.984104724413582 ], [ -73.71888114690141, 4.984223889519863 ], [ -73.718819607672998, 4.984200887157128 ], [ -73.718762355385039, 4.984192242625963 ], [ -73.71871224808568, 4.984205135687914 ], [ -73.718643505460179, 4.984268262367028 ], [ -73.718548962901451, 4.984394539144624 ], [ -73.718474496101265, 4.984454791578693 ], [ -73.718358521420825, 4.984507844035899 ], [ -73.718243984057779, 4.984550847956326 ], [ -73.718118002304692, 4.984580925200954 ], [ -73.718009200638932, 4.984603834517747 ], [ -73.717980073775934, 4.984609967718148 ], [ -73.717900399868071, 4.98462674472078 ], [ -73.717818798054779, 4.984645361779491 ], [ -73.717721454295216, 4.98465794135764 ], [ -73.71768525267801, 4.984544991943825 ], [ -73.717633800553244, 4.984399494454038 ], [ -73.717586156805709, 4.984271225641407 ], [ -73.717516204059592, 4.984110633669237 ], [ -73.71750609618347, 4.984087430557858 ], [ -73.717437485805192, 4.983907470471569 ], [ -73.717406997315919, 4.983819406431789 ], [ -73.717386071292637, 4.983693066605452 ], [ -73.717334624499202, 4.983537999071469 ], [ -73.717285060532163, 4.983430783617176 ], [ -73.717224068281297, 4.983279538679202 ], [ -73.717151638098727, 4.983105318676303 ], [ -73.717083052028556, 4.982879420987484 ], [ -73.71703351421867, 4.98272435448186 ], [ -73.71694010085011, 4.982529067630874 ], [ -73.716896284601077, 4.982381659915472 ], [ -73.716902031144912, 4.982343382044125 ], [ -73.716945965266675, 4.982274499745003 ] ] ] ] } },
{ "type": "Feature", "properties": { "OBJECTID": 1271.0, "codigo": "257360000000000080144000000000", "Shape_Area": 21661.744780599998, "Tipo Documento": "Cédula de Ciudadanía", "No Documento": "20923676", "Nombre del contribuyente": "ADRIANA LUCIA PRIETO JIMENEZ", "Razon Social": null, "Naturaleza Juridica": "Persona Natural", "Regimen tributario": "Regimen Simple", "Direccion": "CRA 7 No. 4-18", "Estado": "ACTIVO" }, "geometry": { "type": "MultiPolygon", "coordinates": [ [ [ [ -73.717990786748189, 4.984654656020632 ], [ -73.718171889247202, 4.985044746173394 ], [ -73.718391120788482, 4.985512617340235 ], [ -73.718579373273101, 4.985915871345208 ], [ -73.718476754341111, 4.985976825488701 ], [ -73.718345491234572, 4.986066475862126 ], [ -73.718218046894279, 4.986155840731826 ], [ -73.718214226793066, 4.986158518939283 ], [ -73.718073416907956, 4.986254145867796 ], [ -73.717988689660046, 4.9863175024444 ], [ -73.717883659369448, 4.986425111659284 ], [ -73.717765512245165, 4.9865243400131 ], [ -73.717647374855062, 4.986605622848477 ], [ -73.717646934664643, 4.986605929159472 ], [ -73.717635457501729, 4.986585278994737 ], [ -73.717590178919522, 4.986493140300249 ], [ -73.71747817858153, 4.98625621283548 ], [ -73.717379288836952, 4.986040825329443 ], [ -73.717260152163362, 4.985766809273137 ], [ -73.717156499306967, 4.985535867268823 ], [ -73.717075481946083, 4.98535877144692 ], [ -73.717085846781558, 4.985322463830628 ], [ -73.717087433170718, 4.985316907880343 ], [ -73.717111304969478, 4.985289406343425 ], [ -73.717161442494685, 4.985221244545696 ], [ -73.717227100634929, 4.985126773895452 ], [ -73.717265322121321, 4.985035876399901 ], [ -73.717242704935629, 4.984948534667081 ], [ -73.717226059822238, 4.984849232539704 ], [ -73.71721774386026, 4.984785825071504 ], [ -73.717227330060993, 4.984705678279814 ], [ -73.717258358101745, 4.984680573389582 ], [ -73.717319201700235, 4.984666251227305 ], [ -73.717389581313213, 4.984663897044697 ], [ -73.717457563594124, 4.984684271604566 ], [ -73.71757803571677, 4.984696300326776 ], [ -73.717694940774123, 4.984686793378478 ], [ -73.717850020762143, 4.984670130900143 ], [ -73.717990786748189, 4.984654656020632 ] ] ] ] } },
{ "type": "Feature", "properties": { "OBJECTID": 1320.0, "codigo": "257360000000000030777000000000", "Shape_Area": 223.89390781, "Tipo Documento": "Cédula de Ciudadanía", "No Documento": "3169666", "Nombre del contribuyente": "ANDRES EDUARDO GARZON CELEITA", "Razon Social": null, "Naturaleza Juridica": "Persona Natural", "Regimen tributario": "Regimen Comun", "Direccion": "Boitiva", "Estado": "ACTIVO" }, "geometry": { "type": "MultiPolygon", "coordinates": [ [ [ [ -73.79168284291768, 5.046597169232307 ], [ -73.791717624306528, 5.046488253997447 ], [ -73.791840804603041, 5.046640084797231 ], [ -73.791812446919735, 5.046649271647034 ], [ -73.791724323624791, 5.046677818329186 ], [ -73.791658555043526, 5.046713293545421 ], [ -73.791658024673382, 5.046713579971327 ], [ -73.791658127688052, 5.046713095318266 ], [ -73.791671113779444, 5.046652185477338 ], [ -73.79168284291768, 5.046597169232307 ] ] ] ] } },
{ "type": "Feature", "properties": { "OBJECTID": 1341.0, "codigo": "257360000000000040313000000000", "Shape_Area": 591.16412437199995, "Tipo Documento": "Cédula de Ciudadanía", "No Documento": "80395193", "Nombre del contribuyente": "JAIME ENRIQUE CASTAÑEDA HERRERA", "Razon Social": "TIENDA LA ESPERANZA - SECTOR LA GALLERA-", "Naturaleza Juridica": "Persona Natural", "Regimen tributario": "Regimen Comun", "Direccion": "VDA NESCUATA SECTOR LA GALLERA", "Estado": "ACTIVO" }, "geometry": { "type": "MultiPolygon", "coordinates": [ [ [ [ -73.783153931375992, 5.058014013931235 ], [ -73.783355643596124, 5.058195079585149 ], [ -73.783068636857536, 5.058272241375633 ], [ -73.782978671164159, 5.058206851285958 ], [ -73.783153931375992, 5.058014013931235 ] ] ] ] } },
{ "type": "Feature", "properties": { "OBJECTID": 1373.0, "codigo": "257360000000000050147000000000", "Shape_Area": 36588.5105797, "Tipo Documento": "Cédula de Ciudadanía", "No Documento": "79798231", "Nombre del contribuyente": "RAFAEL DAVID CAMPO KURMEN", "Razon Social": null, "Naturaleza Juridica": "Persona Natural", "Regimen tributario": "No responsable de IVA", "Direccion": "FCA LA ESPERANZA VEREDA ESPIGAS SESQUILE", "Estado": "ACTIVO" }, "geometry": { "type": "MultiPolygon", "coordinates": [ [ [ [ -73.771553487300409, 5.048371730525347 ], [ -73.771520279661431, 5.047955404033755 ], [ -73.771645881349514, 5.047554117390129 ], [ -73.771693810306999, 5.047370232521131 ], [ -73.771714721284823, 5.047290007746425 ], [ -73.771947834949245, 5.046767574639283 ], [ -73.772139678155142, 5.046739670867519 ], [ -73.7721850643658, 5.046743830219346 ], [ -73.772257776806498, 5.046750493720426 ], [ -73.772318614417472, 5.04675770053573 ], [ -73.772399729385214, 5.046774486030808 ], [ -73.772540464133883, 5.046853507189873 ], [ -73.772646616477985, 5.046900214591549 ], [ -73.772731293872667, 5.046952891042153 ], [ -73.772843404368814, 5.04701873952925 ], [ -73.77303063853995, 5.047151617289617 ], [ -73.773116500342212, 5.047221040731158 ], [ -73.773204754392196, 5.047277309722538 ], [ -73.773252449917223, 5.047326379667322 ], [ -73.77333236615091, 5.047357520943056 ], [ -73.773444477417442, 5.047416192011293 ], [ -73.773578069729368, 5.047461713032409 ], [ -73.773613844737966, 5.047495227261906 ], [ -73.773610236293464, 5.047556236884155 ], [ -73.773592330096989, 5.047582545956518 ], [ -73.773551316620896, 5.047589811693739 ], [ -73.773485705596926, 5.047584997304727 ], [ -73.773420091789646, 5.047586162954866 ], [ -73.773303180514176, 5.04758132271508 ], [ -73.773193426772096, 5.047580074017461 ], [ -73.773117074743823, 5.047584824622387 ], [ -73.773092019707036, 5.047590792924784 ], [ -73.773060988821129, 5.047619490379288 ], [ -73.773034730692117, 5.047646991890287 ], [ -73.77299654428883, 5.047669704131079 ], [ -73.772947626697629, 5.04768284036818 ], [ -73.772913016306859, 5.047710338860782 ], [ -73.772884371851617, 5.047740234700647 ], [ -73.772885541677681, 5.047788086474205 ], [ -73.772862841477405, 5.047861049033066 ], [ -73.772840144620432, 5.047926834270277 ], [ -73.772816214840603, 5.048076122551182 ], [ -73.772805695818249, 5.048122053560362 ], [ -73.772787513745399, 5.048225406782156 ], [ -73.772781759767469, 5.04828474064809 ], [ -73.772776968364326, 5.04832780413887 ], [ -73.772757830850765, 5.048432112740959 ], [ -73.772753039890958, 5.048474219496348 ], [ -73.772728199319303, 5.048530673292456 ], [ -73.772706230384316, 5.048570859417463 ], [ -73.772669937227363, 5.048627306929851 ], [ -73.772610739792299, 5.048679916743827 ], [ -73.772513369641942, 5.048733466260141 ], [ -73.772446550262842, 5.048761186514172 ], [ -73.772404542395208, 5.048788922942645 ], [ -73.77234343005307, 5.048855885568441 ], [ -73.772310953186917, 5.048916164504255 ], [ -73.772292800999253, 5.048959223516104 ], [ -73.772295651610378, 5.048984107201485 ], [ -73.77232900204767, 5.049099923990363 ], [ -73.772355672545785, 5.049209039588428 ], [ -73.772342291655391, 5.049250186469362 ], [ -73.772285957738333, 5.049303753424545 ], [ -73.772129406947386, 5.049375457534058 ], [ -73.772044275164575, 5.049399102550615 ], [ -73.771932106806375, 5.049460061962728 ], [ -73.771862899434879, 5.049493525957345 ], [ -73.771797265150113, 5.049534169852002 ], [ -73.77172924017124, 5.049590362721618 ], [ -73.771693864170174, 5.049625232520182 ], [ -73.771553487300409, 5.048371730525347 ] ] ] ] } },
{ "type": "Feature", "properties": { "OBJECTID": 1474.0, "codigo": "257360000000000080062000000000", "Shape_Area": 52720.957787599997, "Tipo Documento": "Cédula de Ciudadanía", "No Documento": "3169252", "Nombre del contribuyente": "RIGOBERTO  SANCHEZ PIEDRA", "Razon Social": null, "Naturaleza Juridica": "Persona Natural", "Regimen tributario": "Regimen Comun", "Direccion": "K 6 3 91", "Estado": "ACTIVO" }, "geometry": { "type": "MultiPolygon", "coordinates": [ [ [ [ -73.719625618182661, 5.006657382976207 ], [ -73.719627380669678, 5.006654739816726 ], [ -73.719654083072271, 5.006605148170671 ], [ -73.719661712663779, 5.006589889855606 ], [ -73.719671249383282, 5.006574630774293 ], [ -73.719680785832267, 5.006563186861904 ], [ -73.719705581823973, 5.006528853943887 ], [ -73.7197170256687, 5.006513595904054 ], [ -73.719724654988312, 5.006502151852878 ], [ -73.719741821293653, 5.006471633549824 ], [ -73.719747543484274, 5.006460190264668 ], [ -73.719753265675209, 5.00644874607516 ], [ -73.719762802121352, 5.006437301257016 ], [ -73.719783783040825, 5.006414413567096 ], [ -73.719797134278863, 5.006395339589853 ], [ -73.719808578752037, 5.006383895813419 ], [ -73.719818115195778, 5.006372451898604 ], [ -73.719827651908304, 5.006357192814424 ], [ -73.719841003776537, 5.006341934005761 ], [ -73.719848633091914, 5.00633048995278 ], [ -73.719858169802578, 5.006315231772328 ], [ -73.719863891990201, 5.006303787581582 ], [ -73.719871520671802, 5.006288528358544 ], [ -73.719879149985985, 5.006277084305118 ], [ -73.719884872441114, 5.006261825849147 ], [ -73.719888687500784, 5.006250381520641 ], [ -73.719896316449322, 5.006231308032249 ], [ -73.71990203890357, 5.006216049576065 ], [ -73.719907760359391, 5.006189346515343 ], [ -73.719913483081513, 5.006170272889734 ], [ -73.719915390111623, 5.006158828423118 ], [ -73.719915389917844, 5.006135940119402 ], [ -73.719919204513587, 5.006105422656099 ], [ -73.719919204952774, 5.006086349522112 ], [ -73.719921112250404, 5.006071090790421 ], [ -73.719921112421503, 5.006055831921397 ], [ -73.719921112324144, 5.006044388221645 ], [ -73.719921112495186, 5.006029129352608 ], [ -73.719921112398282, 5.006017684748559 ], [ -73.719921111667588, 5.006002425879023 ], [ -73.719919204711843, 5.005987167776935 ], [ -73.719917297756695, 5.005971908770595 ], [ -73.71991348267639, 5.005945205926643 ], [ -73.71990966796163, 5.005926132517427 ], [ -73.719907760738778, 5.005914687776051 ], [ -73.719905853515499, 5.005903243938941 ], [ -73.719900131406703, 5.005887985561667 ], [ -73.719898224184092, 5.005876540820236 ], [ -73.719892501807607, 5.005865096707928 ], [ -73.719888687458862, 5.005853652733424 ], [ -73.719879150369252, 5.005823135211686 ], [ -73.719873428626599, 5.005815506269016 ], [ -73.719869613376702, 5.005804062293925 ], [ -73.71986579876048, 5.005796432584324 ], [ -73.719860077286896, 5.005784988472272 ], [ -73.719854354643573, 5.005777358624683 ], [ -73.71984672541133, 5.005762100109576 ], [ -73.719837188785618, 5.005750655721924 ], [ -73.719831467044031, 5.005743026778942 ], [ -73.719821929517138, 5.005731582390601 ], [ -73.719810485497916, 5.005723953034335 ], [ -73.71979904147895, 5.005716323677871 ], [ -73.719787597460282, 5.005708694321261 ], [ -73.719764709787512, 5.005701065042143 ], [ -73.719747543222525, 5.005697250440519 ], [ -73.719730377559472, 5.005693435838913 ], [ -73.71971130386963, 5.005689621098556 ], [ -73.719701767340879, 5.005689621313029 ], [ -73.719686507902452, 5.005685805943422 ], [ -73.719665527357165, 5.005678176798917 ], [ -73.719654083071006, 5.005674362609287 ], [ -73.719642638785459, 5.005670547515211 ], [ -73.719631195401789, 5.005666732421441 ], [ -73.719610214587775, 5.005662918444428 ], [ -73.719593048024947, 5.005659103838867 ], [ -73.719570160086789, 5.005655288818121 ], [ -73.719560622927347, 5.005651473860926 ], [ -73.719539642114881, 5.005647658977439 ], [ -73.719522476454699, 5.005643844370564 ], [ -73.719493865879372, 5.005632400401321 ], [ -73.719474792463501, 5.005624771389437 ], [ -73.719455719048582, 5.005617141472722 ], [ -73.719440460243831, 5.005617142171501 ], [ -73.719430923085781, 5.005613327212498 ], [ -73.71941947970457, 5.005609512115172 ], [ -73.719404220900515, 5.005609511908835 ], [ -73.719390869221016, 5.005609512745193 ], [ -73.719375610146088, 5.005613326802992 ], [ -73.719364166581499, 5.005624771477317 ], [ -73.719354629511926, 5.005632400216412 ], [ -73.719345092441657, 5.005640029859638 ], [ -73.719329834082927, 5.005659103689303 ], [ -73.719314575365189, 5.005670547179923 ], [ -73.719301223413169, 5.005674362279152 ], [ -73.719284057210658, 5.005678177099925 ], [ -73.71926879903539, 5.005681991155562 ], [ -73.719238281152215, 5.005685805904282 ], [ -73.719226837498809, 5.005685805972627 ], [ -73.719200134495495, 5.005693435263291 ], [ -73.719177246014212, 5.005697250566918 ], [ -73.719163894333747, 5.005697250494235 ], [ -73.719137191329409, 5.005704879782241 ], [ -73.71912384055058, 5.005704879709219 ], [ -73.719112396624496, 5.005708694040226 ], [ -73.719099044943391, 5.005708694870494 ], [ -73.719078063860167, 5.005708694236959 ], [ -73.719066620206576, 5.005708694302451 ], [ -73.719055175651263, 5.005708694367276 ], [ -73.719045639122925, 5.00570869457218 ], [ -73.719034195196414, 5.005712508901778 ], [ -73.719022751269293, 5.005716324135437 ], [ -73.719011306440834, 5.005720138464142 ], [ -73.718997955388204, 5.005723953557453 ], [ -73.718986511461196, 5.005727767886169 ], [ -73.718973160135008, 5.005735397243622 ], [ -73.718961715305483, 5.005739212475667 ], [ -73.71895217913162, 5.005746841208919 ], [ -73.718938827804678, 5.005754470565591 ], [ -73.718923569077973, 5.005765914950696 ], [ -73.718910216848613, 5.005773544306227 ], [ -73.718896866148128, 5.005784988831333 ], [ -73.718885421945728, 5.005792617422761 ], [ -73.718872070342712, 5.005804061946803 ], [ -73.718862533539195, 5.005807876413519 ], [ -73.718852997088717, 5.00581932031402 ], [ -73.718839645484607, 5.005830764837308 ], [ -73.718826294154738, 5.005838394191438 ], [ -73.718816756801473, 5.005849838090834 ], [ -73.718807220623901, 5.00585746772599 ], [ -73.718801498697871, 5.005865096737794 ], [ -73.71878051776487, 5.005887985299704 ], [ -73.718767165883563, 5.005903244085848 ], [ -73.718748092976128, 5.005926131883375 ], [ -73.718734741368081, 5.005937576404217 ], [ -73.718719482358807, 5.00595283504845 ], [ -73.718706131300095, 5.005956650135331 ], [ -73.71869087256529, 5.005968093610032 ], [ -73.718679428005942, 5.005968093667962 ], [ -73.718667983797488, 5.00597572315942 ], [ -73.718652725612159, 5.005979538104198 ], [ -73.718641280777334, 5.00598335242591 ], [ -73.718626022591721, 5.005987167370052 ], [ -73.71860313382264, 5.005994796917038 ], [ -73.718589782763047, 5.005998611097167 ], [ -73.718564987143054, 5.006002426237149 ], [ -73.718553543484987, 5.006002426293334 ], [ -73.718542098925212, 5.006002426348801 ], [ -73.71853256239315, 5.006002426545923 ], [ -73.718523025235896, 5.005998611573714 ], [ -73.718511581854557, 5.005994796460445 ], [ -73.718494415567818, 5.005987167561549 ], [ -73.718481064086802, 5.005971908607857 ], [ -73.71847152720666, 5.005964279370541 ], [ -73.718458175726639, 5.005949020416451 ], [ -73.718450545972871, 5.005941391320427 ], [ -73.718402862757756, 5.005899429058179 ], [ -73.718387604154543, 5.005884170865393 ], [ -73.718364715800689, 5.005861282671113 ], [ -73.718353271173754, 5.005849838121328 ], [ -73.718345642324081, 5.005842209024719 ], [ -73.718334198321941, 5.005834579643754 ], [ -73.718320846570592, 5.00582313495156 ], [ -73.718301773165379, 5.00581550590613 ], [ -73.718286514011851, 5.005807876239929 ], [ -73.71827697776024, 5.005804062169206 ], [ -73.718267441231831, 5.005804061458399 ], [ -73.718257904078683, 5.005800247386885 ], [ -73.718231201618011, 5.005800247203951 ], [ -73.718210219909892, 5.005796432277579 ], [ -73.718191146852433, 5.005796432662444 ], [ -73.718132018752073, 5.005796432765968 ], [ -73.718112945695239, 5.005796432244271 ], [ -73.718099594014333, 5.005796432149727 ], [ -73.718086242333428, 5.00579643205494 ], [ -73.718070983805831, 5.005792617552956 ], [ -73.71804618874998, 5.005788803240905 ], [ -73.718013763669006, 5.005781174091493 ], [ -73.718000412267997, 5.00577735882645 ], [ -73.717981338589382, 5.00577354403627 ], [ -73.717967986845352, 5.005762100241657 ], [ -73.717960357442522, 5.005762100573634 ], [ -73.717947006321552, 5.005754471043354 ], [ -73.717933654579014, 5.005743026343828 ], [ -73.717912674273364, 5.005720138278655 ], [ -73.717901229656633, 5.005708694625948 ], [ -73.717885971070501, 5.005693435518259 ], [ -73.717878341606678, 5.00568199124772 ], [ -73.717861175616619, 5.005670547164801 ], [ -73.717844009005233, 5.005655288816805 ], [ -73.717828750421674, 5.00564002970794 ], [ -73.717815399584751, 5.005628585911062 ], [ -73.717802047566551, 5.005620956377626 ], [ -73.717788696730523, 5.005609512580262 ], [ -73.717775344713033, 5.005601883046301 ], [ -73.717750549607075, 5.005586624122189 ], [ -73.717741012741413, 5.005578994875164 ], [ -73.717731475875965, 5.00557136562801 ], [ -73.717723846135783, 5.005563735620064 ], [ -73.717714309891463, 5.005559921541587 ], [ -73.717702865281495, 5.005548476981505 ], [ -73.717693328697592, 5.005537033469735 ], [ -73.71768569985997, 5.005529403461901 ], [ -73.717676162374929, 5.005517959949401 ], [ -73.717658996954952, 5.005498886429166 ], [ -73.717649459471289, 5.005487442012078 ], [ -73.717634201458594, 5.005464553466705 ], [ -73.717624664256832, 5.005449294785194 ], [ -73.717617034800327, 5.005437850512059 ], [ -73.717609405964225, 5.005430221407729 ], [ -73.717599869102472, 5.005422592158892 ], [ -73.717586517372311, 5.005411148357382 ], [ -73.717578887635653, 5.005403518347973 ], [ -73.717569351394559, 5.005399704267589 ], [ -73.717556000004365, 5.005395888994184 ], [ -73.717546462861833, 5.005392074913 ], [ -73.717535019215646, 5.005392074952139 ], [ -73.71752166726219, 5.005395889110473 ], [ -73.717521113609777, 5.005395889710386 ], [ -73.717553955659469, 5.005310396083851 ], [ -73.717553958499977, 5.005305199172997 ], [ -73.717553998814338, 5.005231440475868 ], [ -73.717540253727449, 5.005174196349382 ], [ -73.717555585150478, 5.005120496716793 ], [ -73.717586689379019, 5.004957817988478 ], [ -73.717617775286172, 5.004828635685646 ], [ -73.71767986340484, 5.004723395925692 ], [ -73.717751498243842, 5.004610983206351 ], [ -73.717827908837009, 5.004491395807984 ], [ -73.717894756089052, 5.004407692319822 ], [ -73.717926638077174, 5.004305007723366 ], [ -73.71793811881119, 5.004251899172083 ], [ -73.717939580507149, 5.00419734911918 ], [ -73.717969677029927, 5.004132765491438 ], [ -73.718049869739289, 5.004076822649695 ], [ -73.718113843852549, 5.004023259108846 ], [ -73.718629418568781, 5.004236210125229 ], [ -73.719028953408099, 5.004390751117635 ], [ -73.71938793228513, 5.004541680605083 ], [ -73.719683700765074, 5.004668648952418 ], [ -73.719770758451858, 5.004711762985305 ], [ -73.719918669385919, 5.004726199255269 ], [ -73.720057036602711, 5.00474063028332 ], [ -73.720182535594105, 5.004758180367578 ], [ -73.720228800776852, 5.004764650433672 ], [ -73.720360015660717, 5.004770702932343 ], [ -73.720500732521586, 5.004852128048081 ], [ -73.720791703857714, 5.005028141612653 ], [ -73.72075532195764, 5.005157190102879 ], [ -73.720701810639341, 5.005285403645883 ], [ -73.720596693752171, 5.005547573044034 ], [ -73.720493514759639, 5.005756151146021 ], [ -73.720352093867604, 5.006092950151555 ], [ -73.720201161270353, 5.006370407591508 ], [ -73.720077001022545, 5.006552176634351 ], [ -73.720010044394527, 5.006764287546122 ], [ -73.71982195301058, 5.00672577719718 ], [ -73.719771858804151, 5.006711394334571 ], [ -73.719711750201697, 5.006686956699895 ], [ -73.719625618182661, 5.006657382976207 ] ] ] ] } },
{ "type": "Feature", "properties": { "OBJECTID": 1498.0, "codigo": "257360000000000040340000000000", "Shape_Area": 1434.8872729, "Tipo Documento": "Cédula de Ciudadanía", "No Documento": "80159431", "Nombre del contribuyente": "JUAN  BAUTISTA QUINTERO BARRERO", "Razon Social": null, "Naturaleza Juridica": "Persona Natural", "Regimen tributario": "Regimen Simplificado", "Direccion": "KM 42 AUTO NORTE Vereda NESCUATA SECTOR LA VILLA", "Estado": "ACTIVO" }, "geometry": { "type": "MultiPolygon", "coordinates": [ [ [ [ -73.788639864372968, 5.056167773269431 ], [ -73.788765938596285, 5.056040593459387 ], [ -73.789140182792977, 5.056673140090272 ], [ -73.788971528272768, 5.056715638901901 ], [ -73.788639864372968, 5.056167773269431 ] ] ] ] } },
{ "type": "Feature", "properties": { "OBJECTID": 1527.0, "codigo": "257360000000000040348000000000", "Shape_Area": 234.195090521, "Tipo Documento": "Cédula de Ciudadanía", "No Documento": "19375493", "Nombre del contribuyente": "ENRIQUE  CHAUTA DIAZ", "Razon Social": null, "Naturaleza Juridica": "Persona Natural", "Regimen tributario": "No responsable de IVA", "Direccion": "VEREDA NESCUATA SECTOR LA VILLA", "Estado": "ACTIVO" }, "geometry": { "type": "MultiPolygon", "coordinates": [ [ [ [ -73.785515219796238, 5.052025944603904 ], [ -73.785523284073292, 5.052022751576971 ], [ -73.78554344743219, 5.05205213642723 ], [ -73.785569260168046, 5.052122498890451 ], [ -73.785571618502502, 5.052130180968933 ], [ -73.785587202964393, 5.052180939303771 ], [ -73.785559500887175, 5.052211563192613 ], [ -73.785538743274003, 5.052234510996474 ], [ -73.785533327763659, 5.052243235837248 ], [ -73.785489271065131, 5.052186915075347 ], [ -73.785477790000144, 5.052165767668187 ], [ -73.78542294904716, 5.052064755781672 ], [ -73.785503065205589, 5.052030756272977 ], [ -73.785515219796238, 5.052025944603904 ] ] ] ] } },
{ "type": "Feature", "properties": { "OBJECTID": 1584.0, "codigo": "257360000000000040134000000000", "Shape_Area": 8164.02521299, "Tipo Documento": "Cédula de Ciudadanía", "No Documento": "3168913", "Nombre del contribuyente": "LUIS ANTONIO MALDONADO ZAMBRANO", "Razon Social": null, "Naturaleza Juridica": "Persona Natural", "Regimen tributario": "Regimen Simplificado", "Direccion": "CL 8 C 10 62", "Estado": "ACTIVO" }, "geometry": { "type": "MultiPolygon", "coordinates": [ [ [ [ -73.777249305153191, 5.063406968446152 ], [ -73.776941298790391, 5.062957075959527 ], [ -73.777193375054566, 5.062712192797382 ], [ -73.77774179482735, 5.062231368324346 ], [ -73.777868922664638, 5.062514236439955 ], [ -73.777956929096391, 5.062645552433012 ], [ -73.778088538967083, 5.062861905078249 ], [ -73.778090039645548, 5.062914659134763 ], [ -73.777712293878906, 5.063186107577687 ], [ -73.777613070052183, 5.063113325341079 ], [ -73.777249305153191, 5.063406968446152 ] ] ] ] } },
{ "type": "Feature", "properties": { "OBJECTID": 1587.0, "codigo": "257360000000000040502000000000", "Shape_Area": 967.39022674900002, "Tipo Documento": "Cédula de Ciudadanía", "No Documento": "39790955", "Nombre del contribuyente": "MARTHA VIRGINIA ARAQUE RAVELO", "Razon Social": null, "Naturaleza Juridica": "Persona Natural", "Regimen tributario": "No responsable de IVA", "Direccion": "VEREDA NESCUATA", "Estado": "ACTIVO" }, "geometry": { "type": "MultiPolygon", "coordinates": [ [ [ [ -73.773231468400198, 5.063131406710573 ], [ -73.773470575959692, 5.062744548780521 ], [ -73.773483586407608, 5.062757607355896 ], [ -73.77362616326937, 5.062856229722531 ], [ -73.773394639082113, 5.063200389979134 ], [ -73.773279180780392, 5.063146742313619 ], [ -73.773231468400198, 5.063131406710573 ] ] ] ] } },
{ "type": "Feature", "properties": { "OBJECTID": 1637.0, "codigo": "257360000000000040224000000000", "Shape_Area": 2007.21987741, "Tipo Documento": "NIT", "No Documento": "900695307", "Nombre del contribuyente": "CASALILA SAS  DIEGO FELIPE BUITRAGO UMAÑA", "Razon Social": null, "Naturaleza Juridica": "Persona Natural", "Regimen tributario": "Regimen Comun", "Direccion": "CR 22 168 23 VDA   NESCUATA", "Estado": "ACTIVO" }, "geometry": { "type": "MultiPolygon", "coordinates": [ [ [ [ -73.798790702536095, 5.062344911832992 ], [ -73.798955756292926, 5.062118918949974 ], [ -73.799083721219247, 5.061946707081268 ], [ -73.799339713874346, 5.062130316162893 ], [ -73.799267666952076, 5.062262132238835 ], [ -73.799161648975627, 5.062447273141504 ], [ -73.799129034322064, 5.062494106674492 ], [ -73.799082671423648, 5.062514249653956 ], [ -73.798790702536095, 5.062344911832992 ] ] ] ] } },
{ "type": "Feature", "properties": { "OBJECTID": 1638.0, "codigo": "257360000000000040225000000000", "Shape_Area": 2496.3586904899998, "Tipo Documento": "NIT", "No Documento": "900695307", "Nombre del contribuyente": "CASALILA SAS  DIEGO FELIPE BUITRAGO UMAÑA", "Razon Social": null, "Naturaleza Juridica": "Persona Natural", "Regimen tributario": "Regimen Comun", "Direccion": "CR 22 168 23 VDA   NESCUATA", "Estado": "ACTIVO" }, "geometry": { "type": "MultiPolygon", "coordinates": [ [ [ [ -73.799083721219247, 5.061946707081268 ], [ -73.799198315786185, 5.061789802653397 ], [ -73.799383570906429, 5.061556365179404 ], [ -73.799566430733847, 5.061339793399998 ], [ -73.799581064588409, 5.061321989722827 ], [ -73.799737415040553, 5.061420466872725 ], [ -73.79954257051547, 5.061759176674728 ], [ -73.799339713874346, 5.062130316162893 ], [ -73.799083721219247, 5.061946707081268 ] ] ] ] } },
{ "type": "Feature", "properties": { "OBJECTID": 1645.0, "codigo": "257360000000000040183000000000", "Shape_Area": 1041.0703788599999, "Tipo Documento": "Cédula de Ciudadanía", "No Documento": "3168880", "Nombre del contribuyente": "JAIRO  RIVERA MUÑOZ", "Razon Social": null, "Naturaleza Juridica": "Persona Natural", "Regimen tributario": "Regimen Simplificado", "Direccion": "CR 9 7 20", "Estado": "ACTIVO" }, "geometry": { "type": "MultiPolygon", "coordinates": [ [ [ [ -73.787550536746494, 5.064230762138794 ], [ -73.787465347057804, 5.064299967958127 ], [ -73.787553526509981, 5.064375848226866 ], [ -73.787355271277718, 5.064532965196572 ], [ -73.787167556259618, 5.064336202169743 ], [ -73.787383346410621, 5.064125750115988 ], [ -73.787550536746494, 5.064230762138794 ] ] ] ] } },
{ "type": "Feature", "properties": { "OBJECTID": 1655.0, "codigo": "257360000000000040168000000000", "Shape_Area": 8707.29271376, "Tipo Documento": "Cédula de Ciudadanía", "No Documento": "17056715", "Nombre del contribuyente": "GABRIEL  CORTÉS", "Razon Social": null, "Naturaleza Juridica": "Persona Natural", "Regimen tributario": "Regimen Comun", "Direccion": "C 5 5 15", "Estado": "ACTIVO" }, "geometry": { "type": "MultiPolygon", "coordinates": [ [ [ [ -73.78075864971072, 5.065864578554526 ], [ -73.781593285354589, 5.065832220172215 ], [ -73.781673390276978, 5.065973898846207 ], [ -73.781983851107057, 5.065849000461943 ], [ -73.782053859645714, 5.066093702584916 ], [ -73.781985058192575, 5.066201364482152 ], [ -73.781761601083915, 5.06655103415614 ], [ -73.781483309910399, 5.066727472480199 ], [ -73.781469962320514, 5.066699712910183 ], [ -73.781449934951112, 5.066664292783643 ], [ -73.781416546029192, 5.066629823277167 ], [ -73.78135738851519, 5.066594386143374 ], [ -73.781271517458137, 5.066537882267247 ], [ -73.78120282492614, 5.066485212284778 ], [ -73.781167346295788, 5.066455256912852 ], [ -73.781115054372464, 5.066407653013005 ], [ -73.78105208936141, 5.066350712885069 ], [ -73.780990078672446, 5.066291347892093 ], [ -73.78095192577193, 5.066240605350722 ], [ -73.780905188410927, 5.066176463674152 ], [ -73.780869898338509, 5.066128596263827 ], [ -73.780855590919771, 5.066107534294063 ], [ -73.780827941595547, 5.066044358098876 ], [ -73.780768585075506, 5.065887853119182 ], [ -73.78075864971072, 5.065864578554526 ] ] ] ] } },
{ "type": "Feature", "properties": { "OBJECTID": 1687.0, "codigo": "257360000000000050015000000000", "Shape_Area": 25340.037072499999, "Tipo Documento": "Cédula de Ciudadanía", "No Documento": "3168572", "Nombre del contribuyente": "LUIS ARMANDO RODRIGUEZ BOJACA", "Razon Social": null, "Naturaleza Juridica": "Persona Natural", "Regimen tributario": "Regimen Comun", "Direccion": "K 4 4 97", "Estado": "ACTIVO" }, "geometry": { "type": "MultiPolygon", "coordinates": [ [ [ [ -73.783755207184058, 5.039674229433287 ], [ -73.784335069274348, 5.039495046933576 ], [ -73.784291492603117, 5.040898287297175 ], [ -73.784373621158537, 5.041314635742991 ], [ -73.784473729765523, 5.041540781712113 ], [ -73.783260460761142, 5.041586889566299 ], [ -73.782952843459086, 5.041213505605752 ], [ -73.783053148728726, 5.041001804879931 ], [ -73.783149923804842, 5.040675259826355 ], [ -73.783278889099222, 5.040398971531196 ], [ -73.783755207184058, 5.039674229433287 ] ] ] ] } },
{ "type": "Feature", "properties": { "OBJECTID": 1698.0, "codigo": "257360000000000030411000000000", "Shape_Area": 155.20821887599999, "Tipo Documento": "Cédula de Ciudadanía", "No Documento": "6761208", "Nombre del contribuyente": "EDGAR IVAN AVILA AMEZQUITA", "Razon Social": null, "Naturaleza Juridica": "Persona Natural", "Regimen tributario": "No responsable de IVA", "Direccion": "CR 3 9 33", "Estado": "ACTIVO" }, "geometry": { "type": "MultiPolygon", "coordinates": [ [ [ [ -73.793291953808506, 5.045612023055462 ], [ -73.793316925730224, 5.045593468038711 ], [ -73.793368978602317, 5.045554789984435 ], [ -73.793456971708423, 5.045650956110034 ], [ -73.79338059507991, 5.045710737758779 ], [ -73.79329235755165, 5.045612602880833 ], [ -73.793291953808506, 5.045612023055462 ] ] ] ] } },
{ "type": "Feature", "properties": { "OBJECTID": 1739.0, "codigo": "257360000000000010022000000000", "Shape_Area": 976.51860416299996, "Tipo Documento": "Cédula de Ciudadanía", "No Documento": "20922434", "Nombre del contribuyente": "BLANCA NELY MELO AGUILAR", "Razon Social": null, "Naturaleza Juridica": "Persona Natural", "Regimen tributario": "No responsable de IVA", "Direccion": "CL 4 No 6 -43", "Estado": "ACTIVO" }, "geometry": { "type": "MultiPolygon", "coordinates": [ [ [ [ -73.805782895537291, 5.032535635057174 ], [ -73.805944949292837, 5.032519056482477 ], [ -73.806113499585251, 5.032501812304049 ], [ -73.806106045825686, 5.032536210180892 ], [ -73.806084516732724, 5.032670187077351 ], [ -73.80607501464155, 5.032738270693561 ], [ -73.806070158680029, 5.032773063018101 ], [ -73.806067750811451, 5.032825699803859 ], [ -73.805969804574005, 5.032823291544896 ], [ -73.805869722994672, 5.032820831740429 ], [ -73.805782895537291, 5.032535635057174 ] ] ] ] } },
{ "type": "Feature", "properties": { "OBJECTID": 1740.0, "codigo": "257360000000000010190000000000", "Shape_Area": 1861.47169633, "Tipo Documento": "Cédula de Ciudadanía", "No Documento": "20922434", "Nombre del contribuyente": "BLANCA NELY MELO AGUILAR", "Razon Social": null, "Naturaleza Juridica": "Persona Natural", "Regimen tributario": "No responsable de IVA", "Direccion": "CL 4 No 6 -43", "Estado": "ACTIVO" }, "geometry": { "type": "MultiPolygon", "coordinates": [ [ [ [ -73.806087047192307, 5.03203879508635 ], [ -73.806090530731311, 5.032036500546683 ], [ -73.806091769862107, 5.032040573983151 ], [ -73.806097403585781, 5.032059091659158 ], [ -73.80614127371814, 5.032131844658756 ], [ -73.80617178341619, 5.032204592994676 ], [ -73.8061490743343, 5.0323376416033 ], [ -73.806113499585251, 5.032501812304049 ], [ -73.805944949292837, 5.032519056482477 ], [ -73.805782895537291, 5.032535635057174 ], [ -73.805707715613366, 5.032288692862363 ], [ -73.805829930908089, 5.032208178886831 ], [ -73.806087047192307, 5.03203879508635 ] ] ] ] } },
{ "type": "Feature", "properties": { "OBJECTID": 1754.0, "codigo": "257360000000000010015000000000", "Shape_Area": 10592.8691898, "Tipo Documento": "Cédula de Ciudadanía", "No Documento": "3169568", "Nombre del contribuyente": "CARLOS JULIO MOSETON MERCHAN", "Razon Social": null, "Naturaleza Juridica": "Persona Natural", "Regimen tributario": "Regimen Simplificado", "Direccion": "Vereda Gobernador", "Estado": "ACTIVO" }, "geometry": { "type": "MultiPolygon", "coordinates": [ [ [ [ -73.804239522948038, 5.029542700103901 ], [ -73.804358922488689, 5.029291526780632 ], [ -73.804376568779105, 5.02927236323867 ], [ -73.804591553014404, 5.029038905156873 ], [ -73.804869030678077, 5.028754899839798 ], [ -73.805132477719525, 5.02861849300161 ], [ -73.805385450219404, 5.029067773768686 ], [ -73.805537248971206, 5.028973697869476 ], [ -73.805558109330164, 5.029012586504881 ], [ -73.805775653715443, 5.029419420373515 ], [ -73.80562550445724, 5.029508520705805 ], [ -73.805387849905472, 5.029649546755848 ], [ -73.805170231134909, 5.029422158150008 ], [ -73.804913647567417, 5.029661311422139 ], [ -73.804606553770157, 5.029445848956348 ], [ -73.804493128460521, 5.029673098234388 ], [ -73.804239522948038, 5.029542700103901 ] ] ] ] } },
{ "type": "Feature", "properties": { "OBJECTID": 1813.0, "codigo": "257360000000000070426000000000", "Shape_Area": 72213.980812199996, "Tipo Documento": "Cédula de Ciudadanía", "No Documento": "383862", "Nombre del contribuyente": "MANUEL ANTONIO BOJACA ROJAS", "Razon Social": null, "Naturaleza Juridica": "Persona Natural", "Regimen tributario": "Regimen Simplificado", "Direccion": "C 5 5 48", "Estado": "ACTIVO" }, "geometry": { "type": "MultiPolygon", "coordinates": [ [ [ [ -73.731013897543335, 5.000280548631935 ], [ -73.731056920581182, 5.000129838065116 ], [ -73.731064126467857, 5.000036531509831 ], [ -73.731049872218762, 4.999921678990533 ], [ -73.731107168331562, 4.999849931718749 ], [ -73.731143023154175, 4.999720751070877 ], [ -73.731107319180126, 4.999562821591057 ], [ -73.73111452972131, 4.9994623359235 ], [ -73.731136080338914, 4.999311614901272 ], [ -73.731179088190743, 4.999189615329108 ], [ -73.731222104465914, 4.999053260246178 ], [ -73.731157726101344, 4.998981448686759 ], [ -73.731114804986234, 4.998938359479828 ], [ -73.731114865314325, 4.998823515425779 ], [ -73.73112931184842, 4.998572300261647 ], [ -73.731088396186109, 4.997286226505754 ], [ -73.731929098884024, 4.99765263023608 ], [ -73.732003644179059, 4.997670614129746 ], [ -73.73205231088464, 4.997675933447127 ], [ -73.732076170326508, 4.997673553278669 ], [ -73.732109574106559, 4.997666393568033 ], [ -73.732169233257906, 4.997637713960233 ], [ -73.73223129334319, 4.997580323680395 ], [ -73.732326764350063, 4.997503811802583 ], [ -73.732407913627398, 4.997439254246158 ], [ -73.732489066293397, 4.997369912111933 ], [ -73.732596445861688, 4.997331686618629 ], [ -73.732701437357818, 4.997295853492011 ], [ -73.732804045990108, 4.99725762545474 ], [ -73.732932890640541, 4.997231374866654 ], [ -73.733023549721736, 4.997231422489778 ], [ -73.73311898346472, 4.997224295302418 ], [ -73.733214420606529, 4.997212381725535 ], [ -73.733290773883141, 4.997195673550514 ], [ -73.733393391554671, 4.99713830533857 ], [ -73.733512694685956, 4.997109656890666 ], [ -73.733631982841246, 4.997109719443045 ], [ -73.733713741417461, 4.997123180979828 ], [ -73.732997156658357, 4.998975239591053 ], [ -73.732774994979323, 4.999520634123405 ], [ -73.732638909174909, 4.999707184214124 ], [ -73.73256014463891, 4.99977174303196 ], [ -73.732495679663472, 4.999865019485721 ], [ -73.732466956546844, 5.000044448723749 ], [ -73.732366600242329, 5.000338684340471 ], [ -73.732330681717897, 5.00058988733633 ], [ -73.732323427133679, 5.000776506073042 ], [ -73.731013897543335, 5.000280548631935 ] ] ] ] } },
{ "type": "Feature", "properties": { "OBJECTID": 1837.0, "codigo": "257360000000000050123000000000", "Shape_Area": 22320.295153300001, "Tipo Documento": "Cédula de Ciudadanía", "No Documento": "383584", "Nombre del contribuyente": "EVANGELISTA  CHAUTA", "Razon Social": null, "Naturaleza Juridica": "Persona Natural", "Regimen tributario": "Regimen Simplificado", "Direccion": "C 6 6 96", "Estado": "ACTIVO" }, "geometry": { "type": "MultiPolygon", "coordinates": [ [ [ [ -73.781907339935728, 5.036662328229973 ], [ -73.781781275049113, 5.036657080346642 ], [ -73.781559668386222, 5.036675933475474 ], [ -73.781429954170861, 5.036684419991897 ], [ -73.781356090326753, 5.03655002282362 ], [ -73.781277424647627, 5.036395664028668 ], [ -73.781198759003601, 5.036241306129942 ], [ -73.781112920587958, 5.036119245202221 ], [ -73.78156305981949, 5.035176336894657 ], [ -73.781654307470745, 5.035219467673382 ], [ -73.781768444379011, 5.035258908494252 ], [ -73.781887517010205, 5.035307505640584 ], [ -73.782007165492715, 5.035360967190487 ], [ -73.782099925005738, 5.035391103983144 ], [ -73.782175677965526, 5.03542981383267 ], [ -73.78221259204102, 5.035448677741675 ], [ -73.782271566517778, 5.035470144247173 ], [ -73.78233176623317, 5.035476185060611 ], [ -73.782393510551245, 5.035472479252513 ], [ -73.782536093343936, 5.035458446034283 ], [ -73.782659416150324, 5.035464831014586 ], [ -73.782760889348637, 5.035471108415527 ], [ -73.782827274342722, 5.035474934670694 ], [ -73.782964781375753, 5.035500418240086 ], [ -73.783069735830367, 5.035503693124896 ], [ -73.783114134275138, 5.035493097772858 ], [ -73.783111498684917, 5.035538644647148 ], [ -73.783075736917937, 5.035616251622293 ], [ -73.783009434428592, 5.035705602326095 ], [ -73.782941286418819, 5.03577001193296 ], [ -73.782859618356696, 5.035820252458438 ], [ -73.782781198974703, 5.035865269469889 ], [ -73.782771670179727, 5.035881034123108 ], [ -73.782741239217032, 5.035931381025756 ], [ -73.782726525059118, 5.036007732410209 ], [ -73.782711000878365, 5.036118646204698 ], [ -73.782676228956191, 5.036218734190698 ], [ -73.782605838557402, 5.03627629728329 ], [ -73.782526363496544, 5.036360539064625 ], [ -73.782435272492222, 5.036429505768 ], [ -73.782340780751113, 5.036482861102566 ], [ -73.78225251579677, 5.036525923933245 ], [ -73.782244324190629, 5.036529920785155 ], [ -73.782143833169087, 5.036586891421965 ], [ -73.782030315690719, 5.036654922799132 ], [ -73.78199871466002, 5.036690152154068 ], [ -73.781907339935728, 5.036662328229973 ] ] ] ] } },
{ "type": "Feature", "properties": { "OBJECTID": 1861.0, "codigo": "257360000000000080203000000000", "Shape_Area": 44892.2710133, "Tipo Documento": "Cédula de Ciudadanía", "No Documento": "3169392", "Nombre del contribuyente": "ROGELIO  PRIETO JIMENEZ", "Razon Social": null, "Naturaleza Juridica": "Persona Natural", "Regimen tributario": "No responsable de IVA", "Direccion": "VEREDA RANCHERIA", "Estado": "ACTIVO" }, "geometry": { "type": "MultiPolygon", "coordinates": [ [ [ [ -73.708868026982969, 5.002965927257082 ], [ -73.708852768349018, 5.002954483122528 ], [ -73.708845138415995, 5.00295066818524 ], [ -73.708829879451457, 5.002943039215177 ], [ -73.708823225424908, 5.002940376881901 ], [ -73.708810806257219, 5.002935409906769 ], [ -73.708789825378318, 5.002923965263325 ], [ -73.708772658968911, 5.002920150383583 ], [ -73.708765029938021, 5.002916336350203 ], [ -73.708753585776108, 5.002912521073617 ], [ -73.708738327383927, 5.002908706362698 ], [ -73.708724975774913, 5.002908706985608 ], [ -73.708696365205085, 5.002901076826682 ], [ -73.7086849216129, 5.002901077618624 ], [ -73.708671570004626, 5.002901077336181 ], [ -73.708656311281473, 5.00290107688399 ], [ -73.708642959340793, 5.002904891765845 ], [ -73.708631515416599, 5.00290870681744 ], [ -73.708621978607724, 5.002912521134102 ], [ -73.708616256930327, 5.002916335790299 ], [ -73.708606719788605, 5.002923965271584 ], [ -73.70859909099606, 5.002927779757997 ], [ -73.708589553853969, 5.002935409239004 ], [ -73.708574295033799, 5.002946853375611 ], [ -73.708560943328138, 5.002958297681588 ], [ -73.708549499638806, 5.002969742157536 ], [ -73.708534240484539, 5.002985000553623 ], [ -73.708524703909944, 5.00299644429461 ], [ -73.708511352535169, 5.003004074338875 ], [ -73.708503722839495, 5.003007888823539 ], [ -73.708496094045429, 5.003011703308642 ], [ -73.708488464349571, 5.003015517793124 ], [ -73.708475112974043, 5.003023147836585 ], [ -73.708461761363608, 5.003023147549688 ], [ -73.708446502304341, 5.003026962257179 ], [ -73.708433151595585, 5.0030269619702 ], [ -73.708419799984625, 5.003026962586712 ], [ -73.708404541258986, 5.003026962128468 ], [ -73.70839118964858, 5.003026961840095 ], [ -73.708370208674651, 5.003026962678342 ], [ -73.708351135150664, 5.003023147617237 ], [ -73.708339691557327, 5.003023147498718 ], [ -73.708328247396082, 5.003019333119037 ], [ -73.708303451624957, 5.003015518449029 ], [ -73.708286285216971, 5.003011703556588 ], [ -73.708261489446485, 5.003007888885056 ], [ -73.708244323940733, 5.00300407399205 ], [ -73.708230972331023, 5.003004073700473 ], [ -73.708183288808712, 5.002996444523718 ], [ -73.708169937198747, 5.002996445135195 ], [ -73.708156585924627, 5.002992629677439 ], [ -73.708145141430336, 5.002992629555046 ], [ -73.708112716634446, 5.002985000837507 ], [ -73.708101272475972, 5.002981185549735 ], [ -73.70808792120215, 5.002977370994913 ], [ -73.708053588957497, 5.002973556363764 ], [ -73.7080307003054, 5.0029697418549 ], [ -73.708019256147253, 5.00296592747002 ], [ -73.707994461052706, 5.002954483363699 ], [ -73.707967758508346, 5.002946853345335 ], [ -73.707950592440682, 5.002939224184079 ], [ -73.707876205591873, 5.002912521279445 ], [ -73.707998568951851, 5.00241312563915 ], [ -73.708061576629888, 5.00215597890646 ], [ -73.708057045666649, 5.002150939502101 ], [ -73.707627918876526, 5.001867106502362 ], [ -73.707244743527269, 5.001613666800617 ], [ -73.70714950543362, 5.001550674069648 ], [ -73.707145691331164, 5.001539230037413 ], [ -73.707143783437729, 5.001527786178221 ], [ -73.707138061663272, 5.00151252771178 ], [ -73.707134246659479, 5.001501083678979 ], [ -73.707126617213873, 5.00148200987396 ], [ -73.707120895440141, 5.001466751407405 ], [ -73.707117080777536, 5.00145149221014 ], [ -73.707113265774396, 5.001440048177256 ], [ -73.707111358903234, 5.001417159729101 ], [ -73.707109451350789, 5.001401901609717 ], [ -73.707105636348018, 5.001390457576795 ], [ -73.707101821686081, 5.001375198379495 ], [ -73.707099914695391, 5.001363754520716 ], [ -73.707098006923005, 5.001340866071989 ], [ -73.707096099932443, 5.001329422213209 ], [ -73.707092284930226, 5.001317978180231 ], [ -73.707086563158967, 5.001302718809193 ], [ -73.70707893337584, 5.001287460168169 ], [ -73.707067489934161, 5.00127601634455 ], [ -73.707057952701533, 5.001264571789709 ], [ -73.707046508358928, 5.001253127965243 ], [ -73.707036972028178, 5.001241684314944 ], [ -73.70702552802743, 5.001226425325809 ], [ -73.70701217691753, 5.001211166162598 ], [ -73.706995010467125, 5.001188278130157 ], [ -73.706989288698566, 5.001173019662735 ], [ -73.706983566589457, 5.001161575455354 ], [ -73.706981659040792, 5.00114631643146 ], [ -73.706981659162011, 5.001134872746406 ], [ -73.70698356639312, 5.001123428330999 ], [ -73.706985473624158, 5.001111983915592 ], [ -73.706987380854599, 5.001100540404447 ], [ -73.706991196096482, 5.001089096163422 ], [ -73.706992831661751, 5.001084515996904 ], [ -73.707134682899706, 5.000994349764388 ], [ -73.707311337060489, 5.000882061818412 ], [ -73.707601295106215, 5.000727904421864 ], [ -73.707657123923795, 5.000699544192727 ], [ -73.70770862984844, 5.000771031411699 ], [ -73.707948230746666, 5.001072632412464 ], [ -73.708220019817162, 5.001410139711345 ], [ -73.708334460196852, 5.001546581647895 ], [ -73.708456172926788, 5.001478461022203 ], [ -73.708559982115489, 5.001428275766233 ], [ -73.708713922048389, 5.001324284996684 ], [ -73.708828485885462, 5.001241804797288 ], [ -73.708953796551839, 5.001137797858337 ], [ -73.70901823072262, 5.001105534044648 ], [ -73.70910416239866, 5.001026627691049 ], [ -73.709179336279263, 5.000987191706945 ], [ -73.709225860922658, 5.000983629661526 ], [ -73.709247322329531, 5.001001585387742 ], [ -73.709247284231594, 5.001069774555209 ], [ -73.709250823001796, 5.001141553923167 ], [ -73.709268648294199, 5.001263585936338 ], [ -73.70930438019721, 5.001360505249282 ], [ -73.709372329102933, 5.001443088088137 ], [ -73.709418811687087, 5.001514891578558 ], [ -73.709425924440566, 5.001593850239506 ], [ -73.709454499529855, 5.001690766430526 ], [ -73.709479478614043, 5.001819979743693 ], [ -73.709536664902032, 5.001949212047645 ], [ -73.709593877259138, 5.002031787934887 ], [ -73.709639583647288, 5.002138925794863 ], [ -73.709751155731851, 5.002358463988165 ], [ -73.70984050618452, 5.00256666899077 ], [ -73.709961682157541, 5.002767432417161 ], [ -73.709945678730747, 5.002786636717959 ], [ -73.709924698193589, 5.002813339244712 ], [ -73.709915160742639, 5.002824783007437 ], [ -73.709903716175376, 5.002836228412772 ], [ -73.709894180527655, 5.002847671271884 ], [ -73.709886550515449, 5.002855300938817 ], [ -73.709877014289717, 5.002862930440277 ], [ -73.709867477487421, 5.002866744775658 ], [ -73.709857940684486, 5.002870560015164 ], [ -73.709836959638736, 5.002882003684584 ], [ -73.709814071802313, 5.00288963292609 ], [ -73.709800719866848, 5.002893447832037 ], [ -73.709789275948069, 5.002897262904365 ], [ -73.709774017473507, 5.002904891905192 ], [ -73.709760665537544, 5.002908706810281 ], [ -73.709747314829215, 5.002908706550262 ], [ -73.709730148662729, 5.002912521122155 ], [ -73.70971298192012, 5.002912521432021 ], [ -73.709684076830214, 5.00291556438977 ], [ -73.709676742797299, 5.002916336145958 ], [ -73.709663390860669, 5.002920151049023 ], [ -73.709651947267417, 5.002920150953558 ], [ -73.709625243720467, 5.002923965593035 ], [ -73.709594726844628, 5.002927779898474 ], [ -73.709577560101863, 5.002927780204756 ], [ -73.709566116181492, 5.00293159527306 ], [ -73.709545135208316, 5.002931595244855 ], [ -73.709531784173038, 5.002935409241362 ], [ -73.709510802872387, 5.002939224377304 ], [ -73.709495544721094, 5.002943039110359 ], [ -73.709494312861239, 5.002943262680287 ], [ -73.709474563420585, 5.00294685334083 ], [ -73.709461212384198, 5.00295066824013 ], [ -73.709434508835457, 5.002954482871654 ], [ -73.709424967514053, 5.002958309857716 ], [ -73.709424905302697, 5.002958298067094 ], [ -73.709413528435562, 5.002958298004896 ], [ -73.709396361938872, 5.00296592682872 ], [ -73.709369659864464, 5.002973556623729 ], [ -73.709335327196499, 5.00298500091183 ], [ -73.709316253582998, 5.00299262956591 ], [ -73.709300995100989, 5.003000259459424 ], [ -73.709287643161005, 5.003004074354519 ], [ -73.709264754986904, 5.00301551783688 ], [ -73.709253311063549, 5.003019332899441 ], [ -73.709243774255953, 5.003023147225289 ], [ -73.70923423744776, 5.003026962455285 ], [ -73.709220886408659, 5.003030777349456 ], [ -73.709209441912364, 5.003030777245608 ], [ -73.709196090873562, 5.003034591234975 ], [ -73.709182739261323, 5.003034591867024 ], [ -73.709169387649595, 5.003034591594526 ], [ -73.709157944054994, 5.003034591490271 ], [ -73.70910644562494, 5.003034591469571 ], [ -73.709058761425965, 5.003034591781441 ], [ -73.709032059104587, 5.003034591231604 ], [ -73.708984374905981, 5.003034591538067 ], [ -73.708972931311621, 5.003034591430588 ], [ -73.708959579699709, 5.003034592058097 ], [ -73.708946228419052, 5.003030776616055 ], [ -73.708936691368734, 5.003026962415347 ], [ -73.708927154649388, 5.003019333049558 ], [ -73.708915710814978, 5.003011703514894 ], [ -73.708898543921975, 5.002992629785893 ], [ -73.708887100418934, 5.002981185990108 ], [ -73.708877563700852, 5.002973556623663 ], [ -73.708868026982969, 5.002965927257082 ] ] ] ] } },
{ "type": "Feature", "properties": { "OBJECTID": 1880.0, "codigo": "257360000000000010047000000000", "Shape_Area": 16235.2514493, "Tipo Documento": "Cédula de Ciudadanía", "No Documento": "17099965", "Nombre del contribuyente": "EDUARDO  ACOSTA", "Razon Social": "VIVERO ARBOLANDIA", "Naturaleza Juridica": "Persona Natural", "Regimen tributario": "Regimen Comun", "Direccion": "VEREDA GOBERNADOR", "Estado": "ACTIVO" }, "geometry": { "type": "MultiPolygon", "coordinates": [ [ [ [ -73.801873769207816, 5.036401765673999 ], [ -73.801039015034164, 5.035650134584109 ], [ -73.801116373892015, 5.035660158022147 ], [ -73.801229692032777, 5.035690113681897 ], [ -73.801286351558105, 5.035705091956913 ], [ -73.801316846548531, 5.035702738372414 ], [ -73.801346534776272, 5.035695363831125 ], [ -73.801374600961012, 5.035683173260897 ], [ -73.801400272151639, 5.035666499112406 ], [ -73.801422843877361, 5.035645801370282 ], [ -73.801441694584057, 5.035621648569052 ], [ -73.80145630728218, 5.035594704238022 ], [ -73.801466280375209, 5.035565709724223 ], [ -73.801471339392435, 5.035535460685949 ], [ -73.801471344210185, 5.035504789914203 ], [ -73.801456464205089, 5.035430014267406 ], [ -73.801456481862019, 5.035388143880365 ], [ -73.801457781999162, 5.035326612983155 ], [ -73.801679587512567, 5.03552768526393 ], [ -73.801799603196571, 5.035403140437856 ], [ -73.801809887009696, 5.035392152254637 ], [ -73.802134867854377, 5.035698112267375 ], [ -73.802179272038288, 5.035748378782636 ], [ -73.802257923298328, 5.035837413090256 ], [ -73.802620272735183, 5.036182021724426 ], [ -73.802885009115499, 5.036421872303127 ], [ -73.802765209936297, 5.036683693941013 ], [ -73.803093155140971, 5.03696795454604 ], [ -73.803209409364442, 5.037108568984638 ], [ -73.803632856185899, 5.037240340410679 ], [ -73.803297328152055, 5.037484302029092 ], [ -73.803158077629035, 5.037275608443539 ], [ -73.803079866354665, 5.037164558593578 ], [ -73.803043610533138, 5.037139659977149 ], [ -73.802890950528976, 5.037045806314732 ], [ -73.802644209481329, 5.036906930832219 ], [ -73.802057435085359, 5.036521473650534 ], [ -73.801873769207816, 5.036401765673999 ] ] ] ] } },
{ "type": "Feature", "properties": { "OBJECTID": 1881.0, "codigo": "257360000000000010046000000000", "Shape_Area": 12378.241471200001, "Tipo Documento": "Cédula de Ciudadanía", "No Documento": "17099965", "Nombre del contribuyente": "EDUARDO  ACOSTA", "Razon Social": "VIVERO ARBOLANDIA", "Naturaleza Juridica": "Persona Natural", "Regimen tributario": "Regimen Comun", "Direccion": "VEREDA GOBERNADOR", "Estado": "ACTIVO" }, "geometry": { "type": "MultiPolygon", "coordinates": [ [ [ [ -73.802885009115499, 5.036421872303127 ], [ -73.80300274781716, 5.036198390725026 ], [ -73.80318048336197, 5.035861030138086 ], [ -73.803216146456776, 5.035815407498624 ], [ -73.803722719987789, 5.036304271563115 ], [ -73.804065557024131, 5.036636389329638 ], [ -73.803949193023755, 5.036755970662647 ], [ -73.803874589613898, 5.036860616205745 ], [ -73.803802987077191, 5.036920401211248 ], [ -73.803898377211397, 5.037031099200512 ], [ -73.803632856185899, 5.037240340410679 ], [ -73.803209409364442, 5.037108568984638 ], [ -73.803093155140971, 5.03696795454604 ], [ -73.802765209936297, 5.036683693941013 ], [ -73.802885009115499, 5.036421872303127 ] ] ] ] } },
{ "type": "Feature", "properties": { "OBJECTID": 1889.0, "codigo": "257360000000000010048000000000", "Shape_Area": 2492.2115121699999, "Tipo Documento": "Cédula de Ciudadanía", "No Documento": "17099965", "Nombre del contribuyente": "EDUARDO  ACOSTA", "Razon Social": "VIVERO ARBOLANDIA", "Naturaleza Juridica": "Persona Natural", "Regimen tributario": "Regimen Comun", "Direccion": "VEREDA GOBERNADOR", "Estado": "ACTIVO" }, "geometry": { "type": "MultiPolygon", "coordinates": [ [ [ [ -73.8028667654863, 5.035770829733338 ], [ -73.802923974563868, 5.035675396195484 ], [ -73.802972423434838, 5.035710087984297 ], [ -73.803046581959023, 5.035763189279421 ], [ -73.803089065670193, 5.035793610299707 ], [ -73.803158677988719, 5.035843456033636 ], [ -73.80318048336197, 5.035861030138086 ], [ -73.80300274781716, 5.036198390725026 ], [ -73.802885009115499, 5.036421872303127 ], [ -73.802620272735183, 5.036182021724426 ], [ -73.80275875337864, 5.035951013509122 ], [ -73.8028667654863, 5.035770829733338 ] ] ] ] } },
{ "type": "Feature", "properties": { "OBJECTID": 1905.0, "codigo": "257360000000000090036000000000", "Shape_Area": 262560.893637, "Tipo Documento": "Cédula de Ciudadanía", "No Documento": "3169539", "Nombre del contribuyente": "REINEL IGNACIO VEGA RODRIGUEZ", "Razon Social": null, "Naturaleza Juridica": "Persona Natural", "Regimen tributario": "Regimen Simplificado", "Direccion": "VEREDA CHALECHE FINCA LOS ALPES", "Estado": "ACTIVO" }, "geometry": { "type": "MultiPolygon", "coordinates": [ [ [ [ -73.77938416305436, 4.98483595726085 ], [ -73.779323324406548, 4.984311471118985 ], [ -73.779304298784837, 4.984179391114215 ], [ -73.779288571203054, 4.984072079265816 ], [ -73.779472945715625, 4.98402280315448 ], [ -73.779728232403045, 4.983994207635521 ], [ -73.779718832189545, 4.983675987757025 ], [ -73.779764445148615, 4.983046753590685 ], [ -73.779781312394718, 4.982673515998816 ], [ -73.779738525829558, 4.982324177075948 ], [ -73.779973657654281, 4.980417765719703 ], [ -73.781880388469304, 4.979205188429471 ], [ -73.783088095179963, 4.981368340971517 ], [ -73.783323480753893, 4.981826032864088 ], [ -73.783612518010358, 4.982346553349855 ], [ -73.783964109913001, 4.983028602272098 ], [ -73.784297869041154, 4.983576057722056 ], [ -73.784616749662121, 4.98404873976665 ], [ -73.784837286371868, 4.984371839218477 ], [ -73.78526943234418, 4.984976163559849 ], [ -73.785378826504427, 4.985137338433997 ], [ -73.785353234552304, 4.985158049754456 ], [ -73.785279988343575, 4.985166152187467 ], [ -73.785213187526821, 4.985169949443884 ], [ -73.785102496257309, 4.985152673512465 ], [ -73.784913573870085, 4.985091340143678 ], [ -73.784627330034937, 4.984993592864623 ], [ -73.784528104712678, 4.984943783813101 ], [ -73.784461310703989, 4.984932269572827 ], [ -73.784297183260307, 4.984907312169174 ], [ -73.784201765551259, 4.984880473713226 ], [ -73.78409107871822, 4.984857453573 ], [ -73.783967029783469, 4.984836344542122 ], [ -73.78382007195421, 4.984828621394993 ], [ -73.783711283769847, 4.984826659316729 ], [ -73.783623484506094, 4.98483427759845 ], [ -73.783470796691645, 4.984836122808184 ], [ -73.783302838037841, 4.984845618669406 ], [ -73.782940756543894, 4.984951209538331 ], [ -73.782779696441608, 4.985003774215913 ], [ -73.782586410495981, 4.985099392066709 ], [ -73.78236927802098, 4.985167483446465 ], [ -73.782230887887664, 4.985204506197992 ], [ -73.782030470912858, 4.985240305575064 ], [ -73.781685718576981, 4.98527149319474 ], [ -73.781359342748644, 4.985290486435191 ], [ -73.78113031052078, 4.985296125459128 ], [ -73.780969985472112, 4.985305624156642 ], [ -73.780737127750001, 4.985328488020541 ], [ -73.780586338377219, 4.985351388871891 ], [ -73.780349660373545, 4.985383821864424 ], [ -73.779880117606638, 4.985450600982492 ], [ -73.7797808737363, 4.98544672909435 ], [ -73.779601469404, 4.985438992112687 ], [ -73.779538492283152, 4.98542556382052 ], [ -73.779502231579627, 4.985421718625871 ], [ -73.779465980288293, 4.985392992832436 ], [ -73.779435480705857, 4.985310672449902 ], [ -73.779418340588208, 4.985228359932226 ], [ -73.779403155050531, 4.985042686285566 ], [ -73.77938416305436, 4.98483595726085 ] ] ] ] } },
{ "type": "Feature", "properties": { "OBJECTID": 1907.0, "codigo": "257360000000000060167000000000", "Shape_Area": 44288.7339469, "Tipo Documento": "Cédula de Ciudadanía", "No Documento": "3169620", "Nombre del contribuyente": "JOSE ANTONIO JIMENEZ GUTIERREZ", "Razon Social": null, "Naturaleza Juridica": "Persona Natural", "Regimen tributario": "No responsable de IVA", "Direccion": "C 5 6 12", "Estado": "ACTIVO" }, "geometry": { "type": "MultiPolygon", "coordinates": [ [ [ [ -73.759293185884786, 5.015118782040504 ], [ -73.759290870417345, 5.015118416485747 ], [ -73.759191732504561, 5.015090150860185 ], [ -73.759114343142784, 5.01506808655915 ], [ -73.758978395697113, 5.014974708829095 ], [ -73.758863917710556, 5.014888519764297 ], [ -73.758790000988867, 5.014797564978792 ], [ -73.758732378587524, 5.014740001667304 ], [ -73.758852706365829, 5.014444224910966 ], [ -73.75886375580113, 5.014417065539056 ], [ -73.759108606676463, 5.01379211867689 ], [ -73.759302728460696, 5.013226962820501 ], [ -73.759386706008925, 5.012940741906216 ], [ -73.760568199804226, 5.013564567968165 ], [ -73.760814369581482, 5.013688849407075 ], [ -73.761142314531881, 5.013854413938732 ], [ -73.761201483347534, 5.013884285831986 ], [ -73.760968438120699, 5.014439734054403 ], [ -73.76082749469218, 5.014812910900452 ], [ -73.76070805078102, 5.015128675939006 ], [ -73.760641153537449, 5.015322443832459 ], [ -73.760605284634508, 5.015492300249905 ], [ -73.760559986016972, 5.015425286036109 ], [ -73.760435984587986, 5.015296025069612 ], [ -73.76029804991586, 5.015190528294582 ], [ -73.760285732310095, 5.015181107790896 ], [ -73.760156912561229, 5.015149941418932 ], [ -73.760044783376671, 5.015140316899965 ], [ -73.759863456317476, 5.015147406116135 ], [ -73.759708376694391, 5.015147330725158 ], [ -73.75958192676292, 5.015149661966578 ], [ -73.759412537960884, 5.015137616741457 ], [ -73.759293185884786, 5.015118782040504 ] ] ] ] } },
{ "type": "Feature", "properties": { "OBJECTID": 1922.0, "codigo": "257360000000000030566000000000", "Shape_Area": 720.23317180599997, "Tipo Documento": "Cédula de Ciudadanía", "No Documento": "3168642", "Nombre del contribuyente": "HUMBERTO  JUZGA", "Razon Social": "SURTIDORA DE FINES EL ESCORPION", "Naturaleza Juridica": "Persona Natural", "Regimen tributario": "Regimen Comun", "Direccion": "K 6 3 36", "Estado": "ACTIVO" }, "geometry": { "type": "MultiPolygon", "coordinates": [ [ [ [ -73.793608125730813, 5.052201295716976 ], [ -73.793734846209418, 5.052056381117252 ], [ -73.793951142348035, 5.052204748179312 ], [ -73.793867770701851, 5.052310202366057 ], [ -73.793832926414694, 5.052354275696485 ], [ -73.793811642506157, 5.052381196992796 ], [ -73.793660698324487, 5.05226887717498 ], [ -73.793593048505613, 5.052218537509718 ], [ -73.793608125730813, 5.052201295716976 ] ] ] ] } },
{ "type": "Feature", "properties": { "OBJECTID": 1928.0, "codigo": "257360000000000030554000000000", "Shape_Area": 284.24930473199998, "Tipo Documento": "Cédula de Ciudadanía", "No Documento": "20921774", "Nombre del contribuyente": "ANA ELVIA VILLALOBOS  DE SANCHEZ", "Razon Social": null, "Naturaleza Juridica": "Persona Natural", "Regimen tributario": "No responsable de IVA", "Direccion": "C 6 9-06", "Estado": "ACTIVO" }, "geometry": { "type": "MultiPolygon", "coordinates": [ [ [ [ -73.793469213092735, 5.052497349460827 ], [ -73.793543631730699, 5.052408873037414 ], [ -73.793556879493124, 5.052393122520828 ], [ -73.793631464122029, 5.052304447214993 ], [ -73.793704841966971, 5.052359214968138 ], [ -73.793543031583255, 5.052552883357306 ], [ -73.793469213092735, 5.052497349460827 ] ] ] ] } },
{ "type": "Feature", "properties": { "OBJECTID": 1941.0, "codigo": "257360000000000030702000000000", "Shape_Area": 617.92415359100005, "Tipo Documento": "Cédula de Ciudadanía", "No Documento": "3168811", "Nombre del contribuyente": "JOSE MIGUEL ZAMBRANO PALACINO", "Razon Social": null, "Naturaleza Juridica": "Persona Natural", "Regimen tributario": "Regimen Comun", "Direccion": "C 5 4 55", "Estado": "ACTIVO" }, "geometry": { "type": "MultiPolygon", "coordinates": [ [ [ [ -73.793155561564802, 5.052995700825296 ], [ -73.793296179707966, 5.052844601664833 ], [ -73.79339949857841, 5.052924412358076 ], [ -73.793439371141261, 5.05295521268742 ], [ -73.793493178824207, 5.052996776525847 ], [ -73.793432285224355, 5.053062169674918 ], [ -73.793395383123141, 5.053101798404536 ], [ -73.793389860000289, 5.053107285918026 ], [ -73.793354802334633, 5.053142111874946 ], [ -73.793290456168037, 5.053094827403404 ], [ -73.793155561564802, 5.052995700825296 ] ] ] ] } },
{ "type": "Feature", "properties": { "OBJECTID": 1977.0, "codigo": "257360000000000030128000000000", "Shape_Area": 6624.0798231299996, "Tipo Documento": "Cédula de Ciudadanía", "No Documento": "80159431", "Nombre del contribuyente": "JUAN  BAUTISTA QUINTERO BARRERO", "Razon Social": null, "Naturaleza Juridica": "Persona Natural", "Regimen tributario": "Regimen Simplificado", "Direccion": "KM 42 AUTO NORTE Vereda NESCUATA SECTOR LA VILLA", "Estado": "ACTIVO" }, "geometry": { "type": "MultiPolygon", "coordinates": [ [ [ [ -73.797092872551957, 5.057261535267322 ], [ -73.79686385777525, 5.057165732620497 ], [ -73.79621975521539, 5.056897482108726 ], [ -73.795904248428542, 5.056790526089137 ], [ -73.795946391053945, 5.056750573956914 ], [ -73.797271865847421, 5.056696759908005 ], [ -73.797278474506314, 5.056695983268462 ], [ -73.797388517514122, 5.056683048868083 ], [ -73.797506888979314, 5.056669135989157 ], [ -73.797478180343916, 5.056770166945482 ], [ -73.797443409709985, 5.056892529248219 ], [ -73.797313539248137, 5.057349559158046 ], [ -73.797092872551957, 5.057261535267322 ] ] ] ] } },
{ "type": "Feature", "properties": { "OBJECTID": 2004.0, "codigo": "257360000000000030199000000000", "Shape_Area": 4475.1364159000004, "Tipo Documento": "Cédula de Ciudadanía", "No Documento": "80393840", "Nombre del contribuyente": "ELICEO MORENO RICO", "Razon Social": "CABAÑAS ALASKA", "Naturaleza Juridica": "Persona Natural", "Regimen tributario": "Regimen Comun", "Direccion": "VEREDA ESPIGAS", "Estado": "ACTIVO" }, "geometry": { "type": "MultiPolygon", "coordinates": [ [ [ [ -73.791597651034422, 5.049161620197196 ], [ -73.791672684166386, 5.048991572040689 ], [ -73.791844085924836, 5.048603121948621 ], [ -73.791956986968117, 5.04863804367147 ], [ -73.791997296585322, 5.04865643743549 ], [ -73.79200193351214, 5.048658553699939 ], [ -73.792055694098451, 5.048683084448071 ], [ -73.792086700741322, 5.048701985039354 ], [ -73.792131170976461, 5.048729091631101 ], [ -73.792200912989756, 5.048794719336152 ], [ -73.79222479039494, 5.048821362919689 ], [ -73.792266314244728, 5.048867696988998 ], [ -73.792274338777403, 5.048891331369503 ], [ -73.792287136601573, 5.048929025908766 ], [ -73.792295652866912, 5.048983024688772 ], [ -73.79229632920385, 5.049106867232195 ], [ -73.792283748648501, 5.04919107804941 ], [ -73.792269113647947, 5.049271585808133 ], [ -73.792261882022302, 5.04931136587802 ], [ -73.792263506897882, 5.049383901342908 ], [ -73.79226420477498, 5.049415088734856 ], [ -73.792264767330678, 5.049440209198992 ], [ -73.791597651034422, 5.049161620197196 ] ] ] ] } },
{ "type": "Feature", "properties": { "OBJECTID": 2042.0, "codigo": "257360000000000030614000000000", "Shape_Area": 1121.42045229, "Tipo Documento": "Cédula de Ciudadanía", "No Documento": "1069258809", "Nombre del contribuyente": "JULIANA ANDREA TRIANA  PENAGOS", "Razon Social": null, "Naturaleza Juridica": "Persona Natural", "Regimen tributario": "Regimen Simplificado", "Direccion": "CL 6 6 110", "Estado": "ACTIVO" }, "geometry": { "type": "MultiPolygon", "coordinates": [ [ [ [ -73.79062824211168, 5.05178492681032 ], [ -73.790673259925441, 5.051713434726154 ], [ -73.790786087774308, 5.051534252028024 ], [ -73.790929213292443, 5.051608485847981 ], [ -73.790944681201324, 5.051617574442088 ], [ -73.790958450889576, 5.051629086681634 ], [ -73.790970146450206, 5.051642711325766 ], [ -73.790979451519945, 5.05165807747683 ], [ -73.790986112881029, 5.051674767242134 ], [ -73.790989949473328, 5.05169232839787 ], [ -73.790990856899811, 5.051710282529686 ], [ -73.790988810124318, 5.051728142215408 ], [ -73.79098866575184, 5.051746822930219 ], [ -73.790985776448537, 5.051765278169551 ], [ -73.790980206417927, 5.051783104649318 ], [ -73.790972076669988, 5.051799912674837 ], [ -73.790919541508728, 5.051900379364906 ], [ -73.79087848885861, 5.051965696932236 ], [ -73.79062824211168, 5.05178492681032 ] ] ] ] } },
{ "type": "Feature", "properties": { "OBJECTID": 2094.0, "codigo": "257360000000000060154000000000", "Shape_Area": 36419.036425300001, "Tipo Documento": "Cédula de Ciudadanía", "No Documento": "21168586", "Nombre del contribuyente": "ANA  MARIA", "Razon Social": "LA PRIMAVERA", "Naturaleza Juridica": "Persona Natural", "Regimen tributario": "Regimen Comun", "Direccion": "Tierra Negra", "Estado": "ACTIVO" }, "geometry": { "type": "MultiPolygon", "coordinates": [ [ [ [ -73.771601583018565, 4.986517226652497 ], [ -73.771673226803273, 4.986361741430826 ], [ -73.771680412498895, 4.986355658915375 ], [ -73.77201929375839, 4.986068809016296 ], [ -73.772375176446474, 4.9857871203522 ], [ -73.772649971708447, 4.986510161142183 ], [ -73.772995465197141, 4.987461380178626 ], [ -73.773239678710596, 4.988167310122803 ], [ -73.773294867000843, 4.988343491014445 ], [ -73.772998986772436, 4.988448628465732 ], [ -73.772621977603109, 4.988582439282109 ], [ -73.772311798232977, 4.988654073134905 ], [ -73.772213610186199, 4.988657347157225 ], [ -73.771887130039275, 4.988668231296833 ], [ -73.771855902633362, 4.988268354156409 ], [ -73.771808436669616, 4.987729996729837 ], [ -73.771707350163382, 4.987066003307403 ], [ -73.771601583018565, 4.986517226652497 ] ] ] ] } },
{ "type": "Feature", "properties": { "OBJECTID": 2256.0, "codigo": "257360000000000070138000000000", "Shape_Area": 16357.4260491, "Tipo Documento": "Cédula de Ciudadanía", "No Documento": "20922360", "Nombre del contribuyente": "MARIA ANGELICA PEÑUELA CORTES", "Razon Social": null, "Naturaleza Juridica": "Persona Natural", "Regimen tributario": "No responsable de IVA", "Direccion": "El Hato", "Estado": "ACTIVO" }, "geometry": { "type": "MultiPolygon", "coordinates": [ [ [ [ -73.748673832687004, 4.99157879885868 ], [ -73.748274645541429, 4.991968127215866 ], [ -73.748654851861701, 4.992348488614531 ], [ -73.748641893318606, 4.992499215737129 ], [ -73.748643263723181, 4.992622674060317 ], [ -73.748663275377623, 4.992680106241546 ], [ -73.748667541382162, 4.992736095433218 ], [ -73.748654635214052, 4.992783461794804 ], [ -73.748607369833465, 4.992837989163427 ], [ -73.748525748278652, 4.992895370418712 ], [ -73.74818427614187, 4.992679268387906 ], [ -73.748057716343141, 4.992934123072686 ], [ -73.747458600040943, 4.992326701795553 ], [ -73.747390923834672, 4.992251214159817 ], [ -73.747472882866504, 4.992092334364517 ], [ -73.747569630732499, 4.991841160626316 ], [ -73.747702213472891, 4.991493104306044 ], [ -73.747816552787754, 4.991257325774946 ], [ -73.747926765858864, 4.99130160249061 ], [ -73.748190109469519, 4.991387867848474 ], [ -73.748391906325892, 4.991462617827721 ], [ -73.748587973878671, 4.991544543099681 ], [ -73.748673832687004, 4.99157879885868 ] ] ] ] } },
{ "type": "Feature", "properties": { "OBJECTID": 2273.0, "codigo": "257360000000000080097000000000", "Shape_Area": 15982.668976200001, "Tipo Documento": "Cédula de Ciudadanía", "No Documento": "383556", "Nombre del contribuyente": "JOSE  DEL CARMEN", "Razon Social": "JOSE DEL CARMEN CANDIL", "Naturaleza Juridica": "Persona Natural", "Regimen tributario": "Regimen Comun", "Direccion": "Rancheria sector granadillo", "Estado": "ACTIVO" }, "geometry": { "type": "MultiPolygon", "coordinates": [ [ [ [ -73.715732199160371, 4.996278986449713 ], [ -73.716150967227463, 4.996153606960428 ], [ -73.716233282144898, 4.996142885906727 ], [ -73.716237717014266, 4.996142328597992 ], [ -73.716745061346032, 4.996078567393091 ], [ -73.716767691665552, 4.996849711535531 ], [ -73.716794246077427, 4.997754601246104 ], [ -73.716559296295543, 4.997784718424056 ], [ -73.716550249776319, 4.997785878161055 ], [ -73.716507261676313, 4.997791388709155 ], [ -73.716482378337773, 4.997794577980587 ], [ -73.71626457021155, 4.997822498037493 ], [ -73.715732199160371, 4.996278986449713 ] ] ] ] } },
{ "type": "Feature", "properties": { "OBJECTID": 2306.0, "codigo": "257360000000000080176000000000", "Shape_Area": 21663.789942399999, "Tipo Documento": "Cédula de Ciudadanía", "No Documento": "3168705", "Nombre del contribuyente": "JESUS ALFONSO PRIETO JIMENEZ", "Razon Social": null, "Naturaleza Juridica": "Persona Natural", "Regimen tributario": "No responsable de IVA", "Direccion": "Vereda RANCHERIA", "Estado": "ACTIVO" }, "geometry": { "type": "MultiPolygon", "coordinates": [ [ [ [ -73.726715142033854, 4.98240813503113 ], [ -73.726807197269594, 4.982413779826246 ], [ -73.72687303808857, 4.982422428232143 ], [ -73.726923145135018, 4.982409535431005 ], [ -73.726962362780924, 4.982460882598034 ], [ -73.727029122098614, 4.982536524468949 ], [ -73.727063445295528, 4.982594921535472 ], [ -73.727076567747588, 4.982621676348977 ], [ -73.727094903514129, 4.982659060183241 ], [ -73.727108221792847, 4.982736587041411 ], [ -73.727124415478315, 4.982792104249331 ], [ -73.727191167751656, 4.982881143977711 ], [ -73.727250303617723, 4.982937640785773 ], [ -73.727287496792215, 4.982982640591891 ], [ -73.727318968839654, 4.983019024947264 ], [ -73.727331358386806, 4.983050613669877 ], [ -73.727328472236564, 4.983094636305897 ], [ -73.72732176785054, 4.983139612737313 ], [ -73.727328431200348, 4.983172156048136 ], [ -73.727353234841118, 4.983185567128682 ], [ -73.727391404699489, 4.983189416188202 ], [ -73.72739390777393, 4.983189417520669 ], [ -73.727443889914611, 4.983189444125705 ], [ -73.727505905893167, 4.98321340268305 ], [ -73.727553606630991, 4.983239267987696 ], [ -73.727614651029654, 4.983294809049581 ], [ -73.72764897279653, 4.983356077192254 ], [ -73.727680428684778, 4.983423086918284 ], [ -73.727684180111083, 4.983548460688821 ], [ -73.727679610629167, 4.983655384443001 ], [ -73.727729357788334, 4.983912267414361 ], [ -73.727778332250224, 4.984157185387088 ], [ -73.727787837842527, 4.984227053633348 ], [ -73.72779023624247, 4.984247674397823 ], [ -73.727802087322203, 4.984349561882827 ], [ -73.72781159078329, 4.98442517323669 ], [ -73.72782774267003, 4.984558209269863 ], [ -73.727757124221625, 4.984562000449572 ], [ -73.727694516568334, 4.984587542110186 ], [ -73.727654038358494, 4.9846040554104 ], [ -73.727558587959692, 4.984646113513715 ], [ -73.727493703423605, 4.984632681102329 ], [ -73.727380142291665, 4.98463453410588 ], [ -73.727296169131947, 4.984627790447489 ], [ -73.727154942587546, 4.984612402967305 ], [ -73.72702612741854, 4.984587451129685 ], [ -73.726923074491211, 4.984567298475813 ], [ -73.726796171256552, 4.984536605409576 ], [ -73.726712835033496, 4.984508854593391 ], [ -73.726708249871351, 4.984157141690172 ], [ -73.726708885463736, 4.984101222907486 ], [ -73.726712591112673, 4.983775333543464 ], [ -73.726713255082004, 4.983716908099604 ], [ -73.726714559460063, 4.983542467863408 ], [ -73.726715823022843, 4.983373572674869 ], [ -73.72672200118123, 4.982969228024009 ], [ -73.726715037358872, 4.982605551061118 ], [ -73.726715142033854, 4.98240813503113 ] ] ] ] } },
{ "type": "Feature", "properties": { "OBJECTID": 2316.0, "codigo": "257360000000000080066000000000", "Shape_Area": 66211.5215474, "Tipo Documento": "Cédula de Ciudadanía", "No Documento": "383556", "Nombre del contribuyente": "JOSE  DEL CARMEN", "Razon Social": "JOSE DEL CARMEN CANDIL", "Naturaleza Juridica": "Persona Natural", "Regimen tributario": "Regimen Comun", "Direccion": "Rancheria sector granadillo", "Estado": "ACTIVO" }, "geometry": { "type": "MultiPolygon", "coordinates": [ [ [ [ -73.719185604993953, 4.999172014874054 ], [ -73.719221355074055, 4.99923806967707 ], [ -73.719232772406102, 4.999301240083118 ], [ -73.719279962575413, 4.999390269923193 ], [ -73.719318569350918, 4.999467810676934 ], [ -73.719328553348518, 4.999535287398549 ], [ -73.719314193541067, 4.999618541408763 ], [ -73.719318453147039, 4.999681707902661 ], [ -73.719359944814258, 4.999720490853758 ], [ -73.71941861164143, 4.999763589380215 ], [ -73.71949874833561, 4.999809570726126 ], [ -73.719560264724109, 4.999875639585524 ], [ -73.719641810753245, 4.999963253066178 ], [ -73.719740522620583, 5.000072408694308 ], [ -73.719803465514417, 5.00014852760959 ], [ -73.719860642867545, 5.000297855935886 ], [ -73.719930734198599, 5.000391205333009 ], [ -73.719965038610994, 5.000484535203298 ], [ -73.719963568547854, 5.000554875864996 ], [ -73.719916296565842, 5.000618014245145 ], [ -73.719869024451498, 5.000679717523917 ], [ -73.71980887119679, 5.000738542670138 ], [ -73.71973009291554, 5.000826067723881 ], [ -73.719669933400425, 5.000896377245774 ], [ -73.719652727818968, 5.000948047624008 ], [ -73.719645548364838, 5.000989675083717 ], [ -73.71963979134604, 5.001047093909349 ], [ -73.71962542607433, 5.00114039721671 ], [ -73.719581022272521, 5.00119205273884 ], [ -73.719528040612985, 5.001223605883025 ], [ -73.719480771658183, 5.001281002028995 ], [ -73.71945783240642, 5.00134702475915 ], [ -73.719434893149653, 5.001413047488018 ], [ -73.719417720292384, 5.001404424809469 ], [ -73.719347567311615, 5.001424484160629 ], [ -73.719227317528478, 5.00143733882329 ], [ -73.719065546321531, 5.001465961342118 ], [ -73.718959600991454, 5.001497485464899 ], [ -73.718787803611619, 5.001536150818842 ], [ -73.718535838226813, 5.00158769351361 ], [ -73.718358162433049, 5.00161998937999 ], [ -73.718205136366478, 5.001647805331541 ], [ -73.717884467009526, 5.001687824799085 ], [ -73.717598145534666, 5.001739347363968 ], [ -73.717453547832008, 5.001775156198567 ], [ -73.717281758281615, 5.0018009025671 ], [ -73.716995435158182, 5.001855295958205 ], [ -73.716637539008829, 5.001911084904215 ], [ -73.716613389258413, 5.001919663193442 ], [ -73.716633243746116, 5.001847639875825 ], [ -73.716692056628688, 5.001622290658696 ], [ -73.716753760791292, 5.001346698364606 ], [ -73.716782479575798, 5.001183061613068 ], [ -73.716805489785514, 5.000987839643311 ], [ -73.716802701495737, 5.000851460521375 ], [ -73.716791370010966, 5.000631814866777 ], [ -73.716785730585755, 5.000473900490268 ], [ -73.716817232893945, 5.000455256144094 ], [ -73.717029150833412, 5.000341963915146 ], [ -73.717328416476235, 5.000178475854743 ], [ -73.717613353172624, 5.000039383659516 ], [ -73.717856772327153, 4.999908881848167 ], [ -73.718272009451098, 4.99970095446756 ], [ -73.71843667442765, 4.999614911735523 ], [ -73.718690118616507, 4.99947580178606 ], [ -73.718977927034501, 4.999319483933769 ], [ -73.71909248115675, 4.999252076208966 ], [ -73.719185604993953, 4.999172014874054 ] ] ] ] } },
{ "type": "Feature", "properties": { "OBJECTID": 2317.0, "codigo": "257360000000000080068000000000", "Shape_Area": 29126.4855604, "Tipo Documento": "Cédula de Ciudadanía", "No Documento": "383556", "Nombre del contribuyente": "JOSE  DEL CARMEN", "Razon Social": "JOSE DEL CARMEN CANDIL", "Naturaleza Juridica": "Persona Natural", "Regimen tributario": "Regimen Comun", "Direccion": "Rancheria sector granadillo", "Estado": "ACTIVO" }, "geometry": { "type": "MultiPolygon", "coordinates": [ [ [ [ -73.716559296295543, 4.997784718424056 ], [ -73.716794246077427, 4.997754601246104 ], [ -73.716926661597967, 4.997743907674476 ], [ -73.71711992194102, 4.997718891120779 ], [ -73.717302449618757, 4.997686692225597 ], [ -73.717535085365171, 4.99764375258374 ], [ -73.717728365243715, 4.997582848487029 ], [ -73.717871522269604, 4.997561393317055 ], [ -73.718025095804975, 4.997515037160506 ], [ -73.71809701392236, 4.997493328572638 ], [ -73.718124745602907, 4.997488708415221 ], [ -73.718268803884953, 4.9974647117106 ], [ -73.718419128358917, 4.997425315752836 ], [ -73.718438827287088, 4.997479369200574 ], [ -73.718427328774808, 4.99756549585665 ], [ -73.718440159039773, 4.99766168512931 ], [ -73.718498807655351, 4.997737801797061 ], [ -73.718531706529831, 4.99778375738046 ], [ -73.718543126904962, 4.997841185599636 ], [ -73.718548814435181, 4.997911531075598 ], [ -73.718568830567747, 4.997956043604558 ], [ -73.718606022586528, 4.998003437536232 ], [ -73.71865752524532, 4.998058016591275 ], [ -73.718697581746326, 4.998102540987578 ], [ -73.718703441572913, 4.998131351936357 ], [ -73.718710430019087, 4.998165712182877 ], [ -73.718711831465654, 4.998221698916649 ], [ -73.71874758469599, 4.998283447546578 ], [ -73.71875185518094, 4.998326516359267 ], [ -73.718743232091413, 4.998389675806481 ], [ -73.718734618371599, 4.998435608668064 ], [ -73.718587158539918, 4.998471417150864 ], [ -73.71849232016595, 4.998502589217285 ], [ -73.718395309189106, 4.998534476271508 ], [ -73.718356987143707, 4.998547017580695 ], [ -73.718171961415152, 4.998607567368048 ], [ -73.717954337188914, 4.998686402815415 ], [ -73.717743869740815, 4.99876524301783 ], [ -73.71755058363145, 4.99883691438448 ], [ -73.717405982654995, 4.998879901452391 ], [ -73.717171183147514, 4.99895442099807 ], [ -73.716930649016774, 4.999043293695102 ], [ -73.716737366680022, 4.999107786614843 ], [ -73.716671835346176, 4.999134032625439 ], [ -73.716623487115044, 4.998586509836633 ], [ -73.716584944234441, 4.998173767644398 ], [ -73.716559296295543, 4.997784718424056 ] ] ] ] } },
{ "type": "Feature", "properties": { "OBJECTID": 2360.0, "codigo": "257360000000000080061000000000", "Shape_Area": 40702.456063199999, "Tipo Documento": "Cédula de Ciudadanía", "No Documento": "3169252", "Nombre del contribuyente": "RIGOBERTO  SANCHEZ PIEDRA", "Razon Social": null, "Naturaleza Juridica": "Persona Natural", "Regimen tributario": "Regimen Comun", "Direccion": "K 6 3 91", "Estado": "ACTIVO" }, "geometry": { "type": "MultiPolygon", "coordinates": [ [ [ [ -73.718113843852549, 5.004023259108846 ], [ -73.718145821433396, 5.003996484564828 ], [ -73.718214566411291, 5.003934794128392 ], [ -73.718269002072191, 5.003861610540508 ], [ -73.718314863011543, 5.003762582364792 ], [ -73.718375043293193, 5.003654948741978 ], [ -73.718435200863297, 5.003588946470564 ], [ -73.718512528188896, 5.003537309091981 ], [ -73.718588401806699, 5.00352730227872 ], [ -73.718651388651821, 5.00352302968853 ], [ -73.718741590215956, 5.003488625921451 ], [ -73.718838969751232, 5.003415465796327 ], [ -73.718944956027997, 5.003309293190687 ], [ -73.719009442727426, 5.003180129071479 ], [ -73.719026663269688, 5.00310118284562 ], [ -73.719039599114993, 5.003003572588853 ], [ -73.7190224988626, 5.002861443423689 ], [ -73.719016049110692, 5.002842880392857 ], [ -73.719442403459183, 5.003085821276545 ], [ -73.719927521105276, 5.00336314769131 ], [ -73.720253754848656, 5.003547500096596 ], [ -73.720258088948142, 5.003549949450039 ], [ -73.720816189904042, 5.003867510432927 ], [ -73.721203999236565, 5.004088797005642 ], [ -73.72147731765304, 5.004259776458763 ], [ -73.721467286193032, 5.004279629061863 ], [ -73.721394500426939, 5.004315478677002 ], [ -73.721302613879104, 5.004377636149336 ], [ -73.721201165079577, 5.004475676686193 ], [ -73.721110451391283, 5.00457491941332 ], [ -73.721001819738447, 5.004720808854003 ], [ -73.72091348284988, 5.004836801067868 ], [ -73.720827518651021, 5.004975523712412 ], [ -73.720791703857714, 5.005028141612653 ], [ -73.720500732521586, 5.004852128048081 ], [ -73.720360015660717, 5.004770702932343 ], [ -73.720228800776852, 5.004764650433672 ], [ -73.720182535594105, 5.004758180367578 ], [ -73.720057036602711, 5.00474063028332 ], [ -73.719918669385919, 5.004726199255269 ], [ -73.719770758451858, 5.004711762985305 ], [ -73.719683700765074, 5.004668648952418 ], [ -73.71938793228513, 5.004541680605083 ], [ -73.719028953408099, 5.004390751117635 ], [ -73.718629418568781, 5.004236210125229 ], [ -73.718113843852549, 5.004023259108846 ] ] ] ] } },
{ "type": "Feature", "properties": { "OBJECTID": 2429.0, "codigo": "257360000000000060369000000000", "Shape_Area": 65031.829649300002, "Tipo Documento": "Cédula de Ciudadanía", "No Documento": "3058565", "Nombre del contribuyente": "EDUARDO  MUÑOZ", "Razon Social": null, "Naturaleza Juridica": "Persona Natural", "Regimen tributario": "Regimen Simplificado", "Direccion": "K 6 3 49", "Estado": "ACTIVO" }, "geometry": { "type": "MultiPolygon", "coordinates": [ [ [ [ -73.767141491966413, 4.977985075439696 ], [ -73.76766240531154, 4.97824946331553 ], [ -73.768175686345074, 4.978510019365395 ], [ -73.768171803130954, 4.978545988309449 ], [ -73.768140107101871, 4.9788395740287 ], [ -73.767914907520677, 4.978816499238529 ], [ -73.767771576613697, 4.979218388719843 ], [ -73.76757473470046, 4.97977337874682 ], [ -73.767345410374759, 4.98040683109732 ], [ -73.767158119199266, 4.980942685280668 ], [ -73.766886748624387, 4.981696704344959 ], [ -73.766884448960269, 4.981703245781569 ], [ -73.766707102921217, 4.982207678656239 ], [ -73.766449113131983, 4.982913852479153 ], [ -73.766291783317186, 4.982892374469382 ], [ -73.766125730444656, 4.982905693806153 ], [ -73.765974937721907, 4.982938162290852 ], [ -73.7658432228816, 4.982987865556644 ], [ -73.765755406663629, 4.983033761753804 ], [ -73.765604578701499, 4.983140879081263 ], [ -73.765480465880003, 4.983259493498891 ], [ -73.765392634249437, 4.983337928618597 ], [ -73.765300984850796, 4.983418276289693 ], [ -73.765220800421289, 4.983468004785699 ], [ -73.76515780126509, 4.983502428226668 ], [ -73.765249527494518, 4.983259383895246 ], [ -73.765380060155891, 4.982892787053427 ], [ -73.765415794475715, 4.982792427174881 ], [ -73.765541918978627, 4.982455609099202 ], [ -73.76565659103089, 4.982120699031762 ], [ -73.765798014161902, 4.98172072363842 ], [ -73.765903119970602, 4.981435575544083 ], [ -73.76601970590626, 4.981089182736673 ], [ -73.766185956407625, 4.980652851229964 ], [ -73.766312094450967, 4.980285407426154 ], [ -73.766478358921361, 4.979820364678178 ], [ -73.766698135028747, 4.979200306982385 ], [ -73.766910258200454, 4.978618526785292 ], [ -73.767063147208887, 4.978184102118849 ], [ -73.767141491966413, 4.977985075439696 ] ] ] ] } },
{ "type": "Feature", "properties": { "OBJECTID": 2465.0, "codigo": "257360000000000050029000000000", "Shape_Area": 16131.167982499999, "Tipo Documento": "Cédula de Ciudadanía", "No Documento": "20922191", "Nombre del contribuyente": "BEATRIZ QUINTERO DE MALDONADO", "Razon Social": null, "Naturaleza Juridica": "Persona Natural", "Regimen tributario": "Regimen Simplificado", "Direccion": "VDA BOITIVA FINCA ALTAMIRA", "Estado": "ACTIVO" }, "geometry": { "type": "MultiPolygon", "coordinates": [ [ [ [ -73.782206783412931, 5.044863849592127 ], [ -73.782034356056315, 5.044961868293479 ], [ -73.781944845111397, 5.045045568204778 ], [ -73.781878595937528, 5.045128082314939 ], [ -73.781614744037853, 5.04482758509245 ], [ -73.781524466280061, 5.044724769009937 ], [ -73.781247805267654, 5.044485382979524 ], [ -73.780885259695808, 5.044222031107113 ], [ -73.780527474453038, 5.043987392342732 ], [ -73.780675557256515, 5.043647711138017 ], [ -73.780985889995151, 5.043298533857477 ], [ -73.781133791390047, 5.043356023560991 ], [ -73.781276928047504, 5.043399155499397 ], [ -73.781362798811344, 5.043451831388928 ], [ -73.781462961730256, 5.043552367759261 ], [ -73.781544036517801, 5.043657677294642 ], [ -73.781610762300943, 5.043834761712207 ], [ -73.78170134900995, 5.044011854272858 ], [ -73.781825338316878, 5.044188962926549 ], [ -73.78195888197105, 5.044342150270585 ], [ -73.782068521145462, 5.044595816557845 ], [ -73.782206783412931, 5.044863849592127 ] ] ] ] } },
{ "type": "Feature", "properties": { "OBJECTID": 2528.0, "codigo": "257360000000000070468000000000", "Shape_Area": 36092.232268400003, "Tipo Documento": "Cédula de Ciudadanía", "No Documento": "20922811", "Nombre del contribuyente": "MARTHA  CASTAÑEDA  PRIETO", "Razon Social": null, "Naturaleza Juridica": "Persona Natural", "Regimen tributario": "Regimen Simplificado", "Direccion": "CL 5 6 103  SESQUILE", "Estado": "ACTIVO" }, "geometry": { "type": "MultiPolygon", "coordinates": [ [ [ [ -73.735413285646871, 4.989564028909321 ], [ -73.735451512438374, 4.989458774692298 ], [ -73.735480200651708, 4.989343945459327 ], [ -73.735556663174776, 4.989114296921514 ], [ -73.735633129690243, 4.988875077420928 ], [ -73.735738230720727, 4.988626302755678 ], [ -73.735881489043166, 4.988406258048241 ], [ -73.737853851167102, 4.988425854655953 ], [ -73.737840796860198, 4.988472452046231 ], [ -73.737807455853599, 4.988588276436512 ], [ -73.737757158577594, 4.988972261400733 ], [ -73.737724832893093, 4.989201933983825 ], [ -73.73759320898867, 4.989661352996169 ], [ -73.737585015910412, 4.989689950386592 ], [ -73.737509711841511, 4.989987789217484 ], [ -73.737504428323916, 4.990006261024688 ], [ -73.735413285646871, 4.989564028909321 ] ] ] ] } },
{ "type": "Feature", "properties": { "OBJECTID": 2534.0, "codigo": "257360000000000070279000000000", "Shape_Area": 12916.129599899999, "Tipo Documento": "Cédula de Ciudadanía", "No Documento": "20922811", "Nombre del contribuyente": "MARTHA  CASTAÑEDA  PRIETO", "Razon Social": null, "Naturaleza Juridica": "Persona Natural", "Regimen tributario": "Regimen Simplificado", "Direccion": "CL 5 6 103  SESQUILE", "Estado": "ACTIVO" }, "geometry": { "type": "MultiPolygon", "coordinates": [ [ [ [ -73.733405194852764, 4.993806255731999 ], [ -73.73340968770141, 4.993794758301596 ], [ -73.733406162143837, 4.993694267838366 ], [ -73.733388313734977, 4.993608125382063 ], [ -73.733359742804609, 4.993496854471315 ], [ -73.733356250029232, 4.99333176374836 ], [ -73.733370652419566, 4.993163094206007 ], [ -73.733377838271409, 4.993038128566509 ], [ -73.73477776298985, 4.993169374583863 ], [ -73.734780377446995, 4.993189382342386 ], [ -73.734702744129066, 4.993374768079589 ], [ -73.734625120085923, 4.993542208280205 ], [ -73.734583273304963, 4.993727612690284 ], [ -73.734630917046928, 4.993865210921225 ], [ -73.734696478980482, 4.993954967384676 ], [ -73.734776184991759, 4.994042987768378 ], [ -73.733405194852764, 4.993806255731999 ] ] ] ] } },
{ "type": "Feature", "properties": { "OBJECTID": 2628.0, "codigo": "257360000000000070376000000000", "Shape_Area": 53298.829387999998, "Tipo Documento": "Cédula de Ciudadanía", "No Documento": "3058565", "Nombre del contribuyente": "EDUARDO  MUÑOZ", "Razon Social": null, "Naturaleza Juridica": "Persona Natural", "Regimen tributario": "Regimen Simplificado", "Direccion": "K 6 3 49", "Estado": "ACTIVO" }, "geometry": { "type": "MultiPolygon", "coordinates": [ [ [ [ -73.745322647819961, 5.014620199714068 ], [ -73.744907982111442, 5.013694055257134 ], [ -73.746800997792135, 5.012996482428334 ], [ -73.746892023388895, 5.013242382812186 ], [ -73.746993279444723, 5.013523563619779 ], [ -73.747082564537919, 5.013888479695867 ], [ -73.74721352940918, 5.014396971195918 ], [ -73.747279523354138, 5.014660766448308 ], [ -73.747276231881983, 5.014750831591249 ], [ -73.747298945228437, 5.014842989728466 ], [ -73.747314240075085, 5.014911768344897 ], [ -73.74732073546474, 5.015031571329192 ], [ -73.747331702729227, 5.015134828153303 ], [ -73.747363479528417, 5.015206942864725 ], [ -73.747406561898288, 5.015283295340134 ], [ -73.747448820938061, 5.015365154494227 ], [ -73.747476456770883, 5.015459304540054 ], [ -73.747466291635604, 5.015590248945484 ], [ -73.747467583458516, 5.015675351877275 ], [ -73.747469868499607, 5.015775791987287 ], [ -73.74748220961844, 5.01583677417029 ], [ -73.747544067339291, 5.01601835874554 ], [ -73.747559049990045, 5.016152272861573 ], [ -73.747561386217399, 5.016240586532372 ], [ -73.747545053812516, 5.016244674696869 ], [ -73.747461647373513, 5.016255266966363 ], [ -73.747412910494674, 5.016251896491844 ], [ -73.747358188974999, 5.016260794139576 ], [ -73.747304334568213, 5.016338580664201 ], [ -73.747288410990819, 5.016444256422865 ], [ -73.747295713972377, 5.016473247878583 ], [ -73.747314500139808, 5.016547828343506 ], [ -73.747313814172884, 5.016638844297312 ], [ -73.747291974647624, 5.016663134114544 ], [ -73.747269297848462, 5.016688349495712 ], [ -73.747176561311122, 5.016693203840943 ], [ -73.747024061435781, 5.016727064541106 ], [ -73.746988249764911, 5.016733025558753 ], [ -73.746829402484494, 5.016358552156123 ], [ -73.746495996402757, 5.015572567729011 ], [ -73.746288698474473, 5.015037718226344 ], [ -73.746170742823438, 5.014754136123245 ], [ -73.746024177297812, 5.014431062024649 ], [ -73.746013438608443, 5.014434645686197 ], [ -73.745945437449976, 5.014445377614388 ], [ -73.745820168393124, 5.014470436003202 ], [ -73.745684153381518, 5.01451702265236 ], [ -73.745562456014724, 5.014556439232788 ], [ -73.745401387335335, 5.014606601299561 ], [ -73.745322647819961, 5.014620199714068 ] ] ] ] } },
{ "type": "Feature", "properties": { "OBJECTID": 2662.0, "codigo": "257360000000000050121000000000", "Shape_Area": 21426.491229899999, "Tipo Documento": "Cédula de Ciudadanía", "No Documento": "79779668", "Nombre del contribuyente": "DANIEL GUILLERMO GARCIA AVILA", "Razon Social": null, "Naturaleza Juridica": "Persona Natural", "Regimen tributario": "No responsable de IVA", "Direccion": "Vereda LAS ESPIGAS FINCA SAN JOSE", "Estado": "ACTIVO" }, "geometry": { "type": "MultiPolygon", "coordinates": [ [ [ [ -73.783416673971473, 5.035370925094212 ], [ -73.783470403397729, 5.033732858353856 ], [ -73.783533009938424, 5.033786719775951 ], [ -73.78359861156666, 5.033807684555415 ], [ -73.78364634332776, 5.033777800397102 ], [ -73.78366725841127, 5.033694067361733 ], [ -73.783682227586127, 5.033565472638306 ], [ -73.783712071992611, 5.033517633002832 ], [ -73.783776344187402, 5.033498885365212 ], [ -73.783789743918462, 5.033519866364522 ], [ -73.783846338698936, 5.033659631481651 ], [ -73.783876109516569, 5.033793986805494 ], [ -73.783946051379573, 5.033927463186631 ], [ -73.784022116456299, 5.034088561079139 ], [ -73.784063853818139, 5.034162216045723 ], [ -73.784434085758591, 5.033963939545602 ], [ -73.784442415098383, 5.034012753134495 ], [ -73.78444095419249, 5.03407735208662 ], [ -73.78445667654708, 5.034133345431026 ], [ -73.784509617714136, 5.034192228446988 ], [ -73.784589748752921, 5.03427121968042 ], [ -73.784632674734524, 5.034318611917592 ], [ -73.784651273801572, 5.034340154994156 ], [ -73.784738569458526, 5.034404794768328 ], [ -73.784678067132617, 5.034450465745606 ], [ -73.784635089813747, 5.034519830611426 ], [ -73.784618341403288, 5.034622705712074 ], [ -73.784623038590183, 5.034790189164773 ], [ -73.784623002465096, 5.034870939338177 ], [ -73.784641730600754, 5.034958774005182 ], [ -73.784649246332663, 5.034994022908262 ], [ -73.784578360938482, 5.035082325466982 ], [ -73.784345563530906, 5.03546264459834 ], [ -73.784327649705503, 5.03550570323591 ], [ -73.784295405251996, 5.035584645695288 ], [ -73.783872323656041, 5.035451364623357 ], [ -73.783724952158849, 5.035399911978602 ], [ -73.783688844421945, 5.035372542786499 ], [ -73.783648007114365, 5.035346825399762 ], [ -73.783630291627176, 5.035335667534622 ], [ -73.783537416107535, 5.035324729836576 ], [ -73.783449968608124, 5.035353228756113 ], [ -73.783416673971473, 5.035370925094212 ] ] ] ] } },
{ "type": "Feature", "properties": { "OBJECTID": 2679.0, "codigo": "257360000000000030012000000000", "Shape_Area": 3748.0584854399999, "Tipo Documento": "Cédula de Ciudadanía", "No Documento": "1071328845", "Nombre del contribuyente": "JHON ALEXANDER MALAVER CAÑON", "Razon Social": null, "Naturaleza Juridica": "Persona Natural", "Regimen tributario": "Regimen Simplificado", "Direccion": "VEREDA BOITIVA, SECTOR CHITAL", "Estado": "ACTIVO" }, "geometry": { "type": "MultiPolygon", "coordinates": [ [ [ [ -73.78238448812948, 5.049813885956191 ], [ -73.782393201749287, 5.049800552585483 ], [ -73.782395144626733, 5.049797579268092 ], [ -73.782417527872454, 5.049763326000754 ], [ -73.782419052936035, 5.049760992728688 ], [ -73.782750449034992, 5.04925386436371 ], [ -73.783058428337441, 5.04883221106876 ], [ -73.783169211253892, 5.048931651521494 ], [ -73.783211641876449, 5.048963423901622 ], [ -73.783120321861873, 5.049146365036228 ], [ -73.782931671251532, 5.049500383895497 ], [ -73.782773359355303, 5.049811741336137 ], [ -73.782767258804114, 5.049823738458046 ], [ -73.782750791194445, 5.049856126167166 ], [ -73.782749201747237, 5.049859252470725 ], [ -73.782739338329634, 5.049878651283342 ], [ -73.782711291291434, 5.049866362846761 ], [ -73.782615859841329, 5.049849571194997 ], [ -73.782524004679814, 5.049841155758818 ], [ -73.782434534730555, 5.049832740489763 ], [ -73.782384957723508, 5.049814402517707 ], [ -73.78238448812948, 5.049813885956191 ] ] ] ] } },
{ "type": "Feature", "properties": { "OBJECTID": 2710.0, "codigo": "257360000000000030068000000000", "Shape_Area": 11285.445511100001, "Tipo Documento": "Cédula de Ciudadanía", "No Documento": "3168811", "Nombre del contribuyente": "JOSE MIGUEL ZAMBRANO PALACINO", "Razon Social": null, "Naturaleza Juridica": "Persona Natural", "Regimen tributario": "Regimen Comun", "Direccion": "C 5 4 55", "Estado": "ACTIVO" }, "geometry": { "type": "MultiPolygon", "coordinates": [ [ [ [ -73.787833238503822, 5.043797980794242 ], [ -73.787940649160532, 5.043701127889916 ], [ -73.788019411722445, 5.043640151581777 ], [ -73.788079379145898, 5.043584121486433 ], [ -73.788142036405418, 5.043524334362132 ], [ -73.788162335839971, 5.043496628785399 ], [ -73.788347947862405, 5.043243295566071 ], [ -73.788373704214521, 5.043202648432351 ], [ -73.788980187248313, 5.04356002848179 ], [ -73.789137723114351, 5.043650282132146 ], [ -73.78870520483396, 5.044318157170856 ], [ -73.788695353609427, 5.044312608603528 ], [ -73.788623373050626, 5.044272067223562 ], [ -73.788565001219922, 5.044404736473581 ], [ -73.788545751554622, 5.044448486403673 ], [ -73.788459185635844, 5.044620117005322 ], [ -73.788390584569314, 5.044547732605474 ], [ -73.788319672449674, 5.044472910114806 ], [ -73.788169454597892, 5.044253920583487 ], [ -73.787994192647673, 5.044016975177096 ], [ -73.787833238503822, 5.043797980794242 ] ] ] ] } },
{ "type": "Feature", "properties": { "OBJECTID": 2718.0, "codigo": "257360000000000030305000000000", "Shape_Area": 148.904017697, "Tipo Documento": "Cédula de Ciudadanía", "No Documento": "17056715", "Nombre del contribuyente": "GABRIEL  CORTÉS", "Razon Social": null, "Naturaleza Juridica": "Persona Natural", "Regimen tributario": "Regimen Comun", "Direccion": "C 5 5 15", "Estado": "ACTIVO" }, "geometry": { "type": "MultiPolygon", "coordinates": [ [ [ [ -73.788366754407548, 5.047193995498302 ], [ -73.788424064625943, 5.047121630060922 ], [ -73.788517254946598, 5.047003956775439 ], [ -73.788604076934604, 5.046894326090126 ], [ -73.788641319354866, 5.046845533720689 ], [ -73.788650259629534, 5.046851515943585 ], [ -73.788662786110805, 5.046859898836802 ], [ -73.78860828850739, 5.046930400004 ], [ -73.78850614347661, 5.047062543350136 ], [ -73.788391442081348, 5.047210928426233 ], [ -73.788366754407548, 5.047193995498302 ] ] ] ] } },
{ "type": "Feature", "properties": { "OBJECTID": 2721.0, "codigo": "257360000000000030316000000000", "Shape_Area": 342.64275003500001, "Tipo Documento": "Cédula de Ciudadanía", "No Documento": "3188845", "Nombre del contribuyente": "OSCAR  EDUARDO PIENEDA GOMEZ", "Razon Social": null, "Naturaleza Juridica": "Persona Natural", "Regimen tributario": "Regimen Simplificado", "Direccion": "VEREDA BOITIVA SOBRE LA VIA", "Estado": "ACTIVO" }, "geometry": { "type": "MultiPolygon", "coordinates": [ [ [ [ -73.788362167862402, 5.046876488069074 ], [ -73.788446659193184, 5.046767926139788 ], [ -73.788504076555967, 5.046814029675621 ], [ -73.788604076934604, 5.046894326090126 ], [ -73.788517254946598, 5.047003956775439 ], [ -73.788362167862402, 5.046876488069074 ] ] ] ] } },
{ "type": "Feature", "properties": { "OBJECTID": 2731.0, "codigo": "257360000000000030094000000000", "Shape_Area": 924.88269517000003, "Tipo Documento": "Cédula de Ciudadanía", "No Documento": "3168572", "Nombre del contribuyente": "LUIS ARMANDO RODRIGUEZ BOJACA", "Razon Social": null, "Naturaleza Juridica": "Persona Natural", "Regimen tributario": "Regimen Comun", "Direccion": "K 4 4 97", "Estado": "ACTIVO" }, "geometry": { "type": "MultiPolygon", "coordinates": [ [ [ [ -73.791868831993469, 5.046103548645526 ], [ -73.791880986650369, 5.046075549996723 ], [ -73.791761724249099, 5.045994747333596 ], [ -73.791621588798563, 5.045904963118222 ], [ -73.791523203465076, 5.04582416960168 ], [ -73.791517671207146, 5.045819740676114 ], [ -73.791602707404522, 5.045705133369387 ], [ -73.792088546405097, 5.046154481585809 ], [ -73.792006120438174, 5.046235000250966 ], [ -73.791868831993469, 5.046103548645526 ] ] ] ] } },
{ "type": "Feature", "properties": { "OBJECTID": 2761.0, "codigo": "257360000000000030779000000000", "Shape_Area": 2260.1859851499999, "Tipo Documento": "Cédula de Ciudadanía", "No Documento": "1071328845", "Nombre del contribuyente": "JHON ALEXANDER MALAVER CAÑON", "Razon Social": null, "Naturaleza Juridica": "Persona Natural", "Regimen tributario": "Regimen Simplificado", "Direccion": "VEREDA BOITIVA, SECTOR CHITAL", "Estado": "ACTIVO" }, "geometry": { "type": "MultiPolygon", "coordinates": [ [ [ [ -73.782889163856424, 5.049998291400231 ], [ -73.782881839326947, 5.049972911062171 ], [ -73.782836525725472, 5.049931020183942 ], [ -73.782776892764403, 5.0498951037571 ], [ -73.782739338329634, 5.049878651283342 ], [ -73.782749201747237, 5.049859252470725 ], [ -73.782750791194445, 5.049856126167166 ], [ -73.782767258804114, 5.049823738458046 ], [ -73.782773359355303, 5.049811741336137 ], [ -73.782931671251532, 5.049500383895497 ], [ -73.783120321861873, 5.049146365036228 ], [ -73.783211641876449, 5.048963423901622 ], [ -73.783293273148303, 5.049024550934709 ], [ -73.783356516142504, 5.049071908182438 ], [ -73.783357042604351, 5.049072301785972 ], [ -73.783263458844146, 5.049191889355169 ], [ -73.782969526187216, 5.049880066086077 ], [ -73.782936595339976, 5.049957166048039 ], [ -73.782930994775541, 5.049970277480355 ], [ -73.782920742419662, 5.049994279845831 ], [ -73.782914914364667, 5.05000792560848 ], [ -73.78290302368886, 5.050003476544108 ], [ -73.782889163856424, 5.049998291400231 ] ] ] ] } },
{ "type": "Feature", "properties": { "OBJECTID": 3012.0, "codigo": "257360000000000110110000000000", "Shape_Area": 5936.9915802699998, "Tipo Documento": "Cédula de Ciudadanía", "No Documento": "3169126", "Nombre del contribuyente": "BERNARDO  PRIETO LATORRE", "Razon Social": null, "Naturaleza Juridica": "Persona Natural", "Regimen tributario": "Regimen Simplificado", "Direccion": "CR 6 4 64", "Estado": "ACTIVO" }, "geometry": { "type": "MultiPolygon", "coordinates": [ [ [ [ -73.801152382949638, 5.004819734981814 ], [ -73.801245350658647, 5.00492201774835 ], [ -73.801321494796767, 5.005016187352858 ], [ -73.800811220246288, 5.005630202720744 ], [ -73.800735116336725, 5.005513286568046 ], [ -73.80064770025129, 5.00541380485514 ], [ -73.800588801812665, 5.005344809761016 ], [ -73.800553830466811, 5.00532101938163 ], [ -73.800509862526823, 5.005291107673951 ], [ -73.800475929671578, 5.005268023980358 ], [ -73.800475394171784, 5.00526773347677 ], [ -73.800445517056858, 5.005251557559242 ], [ -73.800404538686223, 5.005229371553862 ], [ -73.800259034050214, 5.005129449236738 ], [ -73.800227407796754, 5.005093553624683 ], [ -73.800150942398687, 5.005006763674721 ], [ -73.800115015965929, 5.00497274263792 ], [ -73.800108944400876, 5.004966993304068 ], [ -73.800147640906332, 5.004960357738284 ], [ -73.800294375425096, 5.004942475140578 ], [ -73.800380268777459, 5.004931745018961 ], [ -73.800448272319372, 5.004913829064475 ], [ -73.800491225785862, 5.004892314284683 ], [ -73.800566383253653, 5.004881578692449 ], [ -73.800716694264537, 5.004867286637499 ], [ -73.800834791611294, 5.00486733654136 ], [ -73.800963630258266, 5.00485662448405 ], [ -73.801038783197498, 5.004856656215145 ], [ -73.801096046926773, 5.004845913911365 ], [ -73.801138998864232, 5.004827987309448 ], [ -73.801152382949638, 5.004819734981814 ] ] ] ] } },
{ "type": "Feature", "properties": { "OBJECTID": 3024.0, "codigo": "257360000000000110222000000000", "Shape_Area": 13044.5476261, "Tipo Documento": "Cédula de Ciudadanía", "No Documento": "20922342", "Nombre del contribuyente": "VICTORIA  RODRIGUEZ RODRIGUEZ", "Razon Social": null, "Naturaleza Juridica": "Persona Natural", "Regimen tributario": "Regimen Simplificado", "Direccion": "CARRERA 7 # 5-35", "Estado": "ACTIVO" }, "geometry": { "type": "MultiPolygon", "coordinates": [ [ [ [ -73.795274511068882, 4.997976087651625 ], [ -73.795283474472242, 4.997937212478944 ], [ -73.795138429280541, 4.997896521210689 ], [ -73.795074517439303, 4.997878590561764 ], [ -73.795069890419299, 4.997877292721911 ], [ -73.795072917100399, 4.997871814934396 ], [ -73.795087519887701, 4.997845387932196 ], [ -73.79514950456614, 4.997733208552405 ], [ -73.795394206319429, 4.997359469651498 ], [ -73.795972666725703, 4.997572061725847 ], [ -73.796187557964032, 4.997660156705006 ], [ -73.796476574905981, 4.997778640393386 ], [ -73.796926543620231, 4.997952225207623 ], [ -73.79690875946774, 4.998000316772733 ], [ -73.796897507332901, 4.998118273849004 ], [ -73.796822171373734, 4.998242929604516 ], [ -73.796735602109635, 4.998443273210741 ], [ -73.796697896838978, 4.998549691970412 ], [ -73.796589447190513, 4.998503025762894 ], [ -73.795978201955336, 4.998242567807831 ], [ -73.795492179468255, 4.998053941165706 ], [ -73.795274511068882, 4.997976087651625 ] ] ] ] } },
{ "type": "Feature", "properties": { "OBJECTID": 3056.0, "codigo": "257360000000000110071000000000", "Shape_Area": 11352.539416400001, "Tipo Documento": "Cédula de Ciudadanía", "No Documento": "1071329588", "Nombre del contribuyente": "CRISTIAN FELIPE MUÑOZ RUIZ", "Razon Social": "LICORERA M & Q", "Naturaleza Juridica": "Persona Natural", "Regimen tributario": "Regimen Comun", "Direccion": "CL 7 3 31", "Estado": "ACTIVO" }, "geometry": { "type": "MultiPolygon", "coordinates": [ [ [ [ -73.805431472950474, 5.005185078528405 ], [ -73.805526556491898, 5.005231442103698 ], [ -73.805825063874266, 5.005456816585401 ], [ -73.805863447208907, 5.005485796022673 ], [ -73.805836097969234, 5.005562382583245 ], [ -73.805832992459898, 5.005571079662824 ], [ -73.805819982031068, 5.005615745299314 ], [ -73.805806233848585, 5.005662944450558 ], [ -73.805762283105707, 5.00578734208209 ], [ -73.805697311486526, 5.005974895656614 ], [ -73.805651463719769, 5.006072494752876 ], [ -73.80564248871525, 5.006094734757425 ], [ -73.805627792744488, 5.006131145326981 ], [ -73.805578861219715, 5.006252388516778 ], [ -73.805548282276945, 5.006349993944773 ], [ -73.805527284315275, 5.006357641847199 ], [ -73.80550222965303, 5.006364929060259 ], [ -73.80541264302002, 5.006652003974073 ], [ -73.805402865003941, 5.006675360438729 ], [ -73.805373836034505, 5.006744702004696 ], [ -73.805336797416246, 5.00683497726968 ], [ -73.805284277729342, 5.006962989357904 ], [ -73.805170845815994, 5.007217157134679 ], [ -73.805140411839773, 5.007267054054844 ], [ -73.80513801884571, 5.007270976774157 ], [ -73.805117143045663, 5.007270968087361 ], [ -73.805048582927981, 5.007193179642762 ], [ -73.804965123073885, 5.007088468791771 ], [ -73.804842906050283, 5.006953833296435 ], [ -73.804720689413415, 5.006816208197368 ], [ -73.804902728840148, 5.006523190021656 ], [ -73.805037014211067, 5.006322865167358 ], [ -73.805141478422726, 5.00611654599524 ], [ -73.805222077395626, 5.005928161612292 ], [ -73.80528477851685, 5.005751733534606 ], [ -73.805341543480552, 5.005503524039691 ], [ -73.805431472950474, 5.005185078528405 ] ] ] ] } },
{ "type": "Feature", "properties": { "OBJECTID": 3125.0, "codigo": "257360000000000010087000000000", "Shape_Area": 904.857054253, "Tipo Documento": "Cédula de Ciudadanía", "No Documento": "20923213", "Nombre del contribuyente": "ROSA ODILIA CHAUTA  BOJACA", "Razon Social": null, "Naturaleza Juridica": "Persona Natural", "Regimen tributario": "No responsable de IVA", "Direccion": "C 6 6 96", "Estado": "ACTIVO" }, "geometry": { "type": "MultiPolygon", "coordinates": [ [ [ [ -73.79603681061748, 5.041030763348148 ], [ -73.796079323370165, 5.040985276141077 ], [ -73.796116090102828, 5.040945937415039 ], [ -73.796118696514554, 5.040943147908479 ], [ -73.796158299710385, 5.040900774710471 ], [ -73.796191490174579, 5.040865262285682 ], [ -73.796337877535095, 5.040994187625496 ], [ -73.796442634293456, 5.041086447742401 ], [ -73.796323268494959, 5.041246700272905 ], [ -73.79603681061748, 5.041030763348148 ] ] ] ] } },
{ "type": "Feature", "properties": { "OBJECTID": 3163.0, "codigo": "257360000000000010156000000000", "Shape_Area": 4256.0395018400004, "Tipo Documento": "Cédula de Ciudadanía", "No Documento": "7332626", "Nombre del contribuyente": "JOSE ALVARO ALFONSO ROMERO", "Razon Social": null, "Naturaleza Juridica": "Persona Natural", "Regimen tributario": "Regimen Simplificado", "Direccion": "CL 3 No. 6-30", "Estado": "ACTIVO" }, "geometry": { "type": "MultiPolygon", "coordinates": [ [ [ [ -73.801241700515277, 5.039955765885499 ], [ -73.800954141078975, 5.039669926342936 ], [ -73.80086255816849, 5.039578890606829 ], [ -73.800760592584027, 5.039429713704894 ], [ -73.800689217694455, 5.039325288599556 ], [ -73.800727879588791, 5.039302978157865 ], [ -73.801019151145638, 5.039134894336807 ], [ -73.801072800866606, 5.03921387241813 ], [ -73.801193369851248, 5.039388913512167 ], [ -73.801273095828392, 5.039504659290124 ], [ -73.801541386033591, 5.039806240522492 ], [ -73.801657115521536, 5.039865678797576 ], [ -73.801356979272271, 5.040070357511262 ], [ -73.801241700515277, 5.039955765885499 ] ] ] ] } },
{ "type": "Feature", "properties": { "OBJECTID": 3169.0, "codigo": "257360000000000010224000000000", "Shape_Area": 15768.5360292, "Tipo Documento": "Cédula de Ciudadanía", "No Documento": "3058565", "Nombre del contribuyente": "EDUARDO  MUÑOZ", "Razon Social": null, "Naturaleza Juridica": "Persona Natural", "Regimen tributario": "Regimen Simplificado", "Direccion": "K 6 3 49", "Estado": "ACTIVO" }, "geometry": { "type": "MultiPolygon", "coordinates": [ [ [ [ -73.804818993231493, 5.037997909556106 ], [ -73.804816316941157, 5.037995384562991 ], [ -73.804067796203839, 5.037359119050195 ], [ -73.803881366671106, 5.03720064809078 ], [ -73.804287118980952, 5.036851497961529 ], [ -73.805102783839089, 5.037622258243528 ], [ -73.805655961113899, 5.038155815949674 ], [ -73.806204641275201, 5.038685035282146 ], [ -73.805913414250668, 5.039029448004937 ], [ -73.805693994293023, 5.038823592551901 ], [ -73.804818993231493, 5.037997909556106 ] ] ] ] } },
{ "type": "Feature", "properties": { "OBJECTID": 3170.0, "codigo": "257360000000000010260000000000", "Shape_Area": 213.13506101499999, "Tipo Documento": "Cédula de Ciudadanía", "No Documento": "17099965", "Nombre del contribuyente": "EDUARDO  ACOSTA", "Razon Social": "VIVERO ARBOLANDIA", "Naturaleza Juridica": "Persona Natural", "Regimen tributario": "Regimen Comun", "Direccion": "VEREDA GOBERNADOR", "Estado": "ACTIVO" }, "geometry": { "type": "MultiPolygon", "coordinates": [ [ [ [ -73.803874589613898, 5.036860616205745 ], [ -73.80394328489632, 5.036908580556224 ], [ -73.804011739487905, 5.036956377505278 ], [ -73.803898377211397, 5.037031099200512 ], [ -73.803802987077191, 5.036920401211248 ], [ -73.803874589613898, 5.036860616205745 ] ] ] ] } },
{ "type": "Feature", "properties": { "OBJECTID": 3183.0, "codigo": "257360000000000010034000000000", "Shape_Area": 1748.35330221, "Tipo Documento": "Cédula de Ciudadanía", "No Documento": "41774303", "Nombre del contribuyente": "MIRYAM  INES ROJAS  CASTIBLANCO", "Razon Social": null, "Naturaleza Juridica": "Persona Natural", "Regimen tributario": "Regimen Simplificado", "Direccion": "VEREDA GOBERNADOR", "Estado": "ACTIVO" }, "geometry": { "type": "MultiPolygon", "coordinates": [ [ [ [ -73.805393497118075, 5.035595720901775 ], [ -73.805857716506992, 5.035282488981619 ], [ -73.805918839726843, 5.035241246332057 ], [ -73.806026520415827, 5.035168588183737 ], [ -73.806106630702885, 5.035304521825402 ], [ -73.805421183740663, 5.035815295750687 ], [ -73.805398576235376, 5.035635997362167 ], [ -73.805393497118075, 5.035595720901775 ] ] ] ] } },
{ "type": "Feature", "properties": { "OBJECTID": 3188.0, "codigo": "257360000000000010037000000000", "Shape_Area": 7114.1487896500003, "Tipo Documento": "Cédula de Ciudadanía", "No Documento": "74365787", "Nombre del contribuyente": "PABLO  VERDUGO GARCES", "Razon Social": null, "Naturaleza Juridica": "Persona Natural", "Regimen tributario": "No responsable de IVA", "Direccion": "CL 5 No. 6 112", "Estado": "ACTIVO" }, "geometry": { "type": "MultiPolygon", "coordinates": [ [ [ [ -73.803344837261719, 5.034962178895897 ], [ -73.803530039273568, 5.034830663783499 ], [ -73.803659866096339, 5.0347503270882 ], [ -73.803847003617207, 5.034555169714475 ], [ -73.804081696421676, 5.034750504386936 ], [ -73.804297426289025, 5.034645320301507 ], [ -73.804366070307651, 5.034815702748974 ], [ -73.804411009740193, 5.034932070182526 ], [ -73.804438523429113, 5.035003313500098 ], [ -73.804467124819382, 5.035074146725512 ], [ -73.804463242996718, 5.035229185505784 ], [ -73.804463766386746, 5.035239113013746 ], [ -73.804463888069463, 5.035241407246841 ], [ -73.804470817436496, 5.035372744615884 ], [ -73.804465058513856, 5.035451220046355 ], [ -73.804457372298657, 5.035575631661985 ], [ -73.804281807667962, 5.035481767817668 ], [ -73.804106255879972, 5.035357279271959 ], [ -73.803986725195159, 5.035269538315897 ], [ -73.803978409892522, 5.035263435390614 ], [ -73.803886817291854, 5.035200232290649 ], [ -73.803778038946788, 5.035154248663613 ], [ -73.803728652812865, 5.035215210452539 ], [ -73.80371836019917, 5.035227915909699 ], [ -73.803676086719562, 5.035197214689102 ], [ -73.803542332962252, 5.035100076628667 ], [ -73.803344837261719, 5.034962178895897 ] ] ] ] } },
{ "type": "Feature", "properties": { "OBJECTID": 3214.0, "codigo": "257360000000000010191000000000", "Shape_Area": 12363.447630299999, "Tipo Documento": "Cédula de Ciudadanía", "No Documento": "3058565", "Nombre del contribuyente": "EDUARDO  MUÑOZ", "Razon Social": null, "Naturaleza Juridica": "Persona Natural", "Regimen tributario": "Regimen Simplificado", "Direccion": "K 6 3 49", "Estado": "ACTIVO" }, "geometry": { "type": "MultiPolygon", "coordinates": [ [ [ [ -73.797603305094682, 5.041643302966025 ], [ -73.797431239954591, 5.041616293724849 ], [ -73.797406194029989, 5.041601927353004 ], [ -73.796840903666876, 5.041188959924563 ], [ -73.796515314315855, 5.04097707380056 ], [ -73.796528105663796, 5.040960866337974 ], [ -73.79658689966206, 5.040886366605367 ], [ -73.796646889141101, 5.040810352699476 ], [ -73.796758811779625, 5.040668533521401 ], [ -73.796868768277534, 5.040705869325266 ], [ -73.797256207433193, 5.04083742593936 ], [ -73.797846640413667, 5.041038659203045 ], [ -73.798415606071202, 5.04122552624748 ], [ -73.798293819765973, 5.041469519781174 ], [ -73.798164866544909, 5.041731454006382 ], [ -73.797673841337883, 5.041654375598031 ], [ -73.797603305094682, 5.041643302966025 ] ] ] ] } },
{ "type": "Feature", "properties": { "OBJECTID": 3216.0, "codigo": "257360000000000010311000000000", "Shape_Area": 2647.941479, "Tipo Documento": "Cédula de Ciudadanía", "No Documento": "383840", "Nombre del contribuyente": "JUSTO  MANCERA", "Razon Social": null, "Naturaleza Juridica": "Persona Natural", "Regimen tributario": "Regimen Comun", "Direccion": "VEREDA GOBERNADOR", "Estado": "ACTIVO" }, "geometry": { "type": "MultiPolygon", "coordinates": [ [ [ [ -73.798180658718948, 5.038274270899279 ], [ -73.798292017082417, 5.03816177363028 ], [ -73.798469480749148, 5.037982496741111 ], [ -73.798519562179692, 5.038035155965832 ], [ -73.798638805476727, 5.038159621856495 ], [ -73.798853447554265, 5.038375048507197 ], [ -73.798844132661998, 5.038384813549635 ], [ -73.798843899189436, 5.038384614506097 ], [ -73.798707261988483, 5.038528099155517 ], [ -73.798595651831107, 5.038645302305844 ], [ -73.798180658718948, 5.038274270899279 ] ] ] ] } },
{ "type": "Feature", "properties": { "OBJECTID": 3217.0, "codigo": "257360000000000010310000000000", "Shape_Area": 2289.3243257499998, "Tipo Documento": "Cédula de Ciudadanía", "No Documento": "383840", "Nombre del contribuyente": "JUSTO  MANCERA", "Razon Social": null, "Naturaleza Juridica": "Persona Natural", "Regimen tributario": "Regimen Comun", "Direccion": "VEREDA GOBERNADOR", "Estado": "ACTIVO" }, "geometry": { "type": "MultiPolygon", "coordinates": [ [ [ [ -73.798595651831107, 5.038645302305844 ], [ -73.798707261988483, 5.038528099155517 ], [ -73.798843899189436, 5.038384614506097 ], [ -73.798844132661998, 5.038384813549635 ], [ -73.798853447554265, 5.038375048507197 ], [ -73.799168272057912, 5.038652724899007 ], [ -73.799184960551585, 5.038681443210139 ], [ -73.799184947318309, 5.038712547123796 ], [ -73.799175394764376, 5.038734076867152 ], [ -73.799034564335784, 5.03887757244965 ], [ -73.798934306750652, 5.038989981455849 ], [ -73.798595651831107, 5.038645302305844 ] ] ] ] } },
{ "type": "Feature", "properties": { "OBJECTID": 3222.0, "codigo": "257360000000000010083000000000", "Shape_Area": 1850.3864938700001, "Tipo Documento": "Cédula de Ciudadanía", "No Documento": "3169593", "Nombre del contribuyente": "JAVIER ORLANDO VEGA GONZALEZ", "Razon Social": null, "Naturaleza Juridica": "Persona Natural", "Regimen tributario": "No responsable de IVA", "Direccion": "CRA 5 No 4 -10", "Estado": "ACTIVO" }, "geometry": { "type": "MultiPolygon", "coordinates": [ [ [ [ -73.795247346138382, 5.039876837470342 ], [ -73.795426843778102, 5.039693125935867 ], [ -73.795469335778606, 5.039649636328726 ], [ -73.795522533919325, 5.039599027374936 ], [ -73.79578036227916, 5.03987850368203 ], [ -73.795707796594769, 5.039956950022217 ], [ -73.795705603389166, 5.039959289370691 ], [ -73.795589399561365, 5.040083227820145 ], [ -73.79553020350329, 5.040140624478794 ], [ -73.795509203514527, 5.040150185458812 ], [ -73.795493933878362, 5.040150178837543 ], [ -73.795457689766366, 5.040098483030553 ], [ -73.795354663120406, 5.039993163784467 ], [ -73.795274530588998, 5.039910824291519 ], [ -73.795247346138382, 5.039876837470342 ] ] ] ] } },
{ "type": "Feature", "properties": { "OBJECTID": 3484.0, "codigo": "257360000000000060290000000000", "Shape_Area": 15691.196065300001, "Tipo Documento": "Cédula de Ciudadanía", "No Documento": "3058565", "Nombre del contribuyente": "EDUARDO  MUÑOZ", "Razon Social": null, "Naturaleza Juridica": "Persona Natural", "Regimen tributario": "Regimen Simplificado", "Direccion": "K 6 3 49", "Estado": "ACTIVO" }, "geometry": { "type": "MultiPolygon", "coordinates": [ [ [ [ -73.746007918960487, 5.0177097318322 ], [ -73.746019467060194, 5.017699794174639 ], [ -73.74601973331734, 5.01769930690014 ], [ -73.746062023848722, 5.017622153059873 ], [ -73.746101844104672, 5.017510078996915 ], [ -73.746104901706161, 5.017383507774031 ], [ -73.746092700344306, 5.017331704138241 ], [ -73.746093677375171, 5.017271813836909 ], [ -73.746111357713858, 5.017241285100775 ], [ -73.746174392265104, 5.017216557749544 ], [ -73.746217133847551, 5.017215828869168 ], [ -73.746242915500574, 5.017215389800337 ], [ -73.746283774549241, 5.0172480823361 ], [ -73.746317225154328, 5.017237473945904 ], [ -73.746341150011915, 5.017180045888297 ], [ -73.746389468805845, 5.017154271127696 ], [ -73.746395718753604, 5.017134508432703 ], [ -73.746411822303415, 5.017083585451392 ], [ -73.746437248154052, 5.017035852085606 ], [ -73.746460023565177, 5.016986815205039 ], [ -73.746541612678797, 5.016932337195636 ], [ -73.746629670826067, 5.016888560143849 ], [ -73.746719078988988, 5.016831979086001 ], [ -73.746830320733125, 5.016788014800111 ], [ -73.74693025543607, 5.016742679302772 ], [ -73.746988249764911, 5.016733025558753 ], [ -73.747024061435781, 5.016727064541106 ], [ -73.747176561311122, 5.016693203840943 ], [ -73.747269297848462, 5.016688349495712 ], [ -73.747291974647624, 5.016663134114544 ], [ -73.747313814172884, 5.016638844297312 ], [ -73.747314500139808, 5.016547828343506 ], [ -73.747295713972377, 5.016473247878583 ], [ -73.747288410990819, 5.016444256422865 ], [ -73.747304334568213, 5.016338580664201 ], [ -73.747358188974999, 5.016260794139576 ], [ -73.747412910494674, 5.016251896491844 ], [ -73.747461647373513, 5.016255266966363 ], [ -73.747545053812516, 5.016244674696869 ], [ -73.747561386217399, 5.016240586532372 ], [ -73.74763879153781, 5.016221201568301 ], [ -73.747722027835948, 5.016190262772867 ], [ -73.747814703568153, 5.016144706437331 ], [ -73.747873294477429, 5.016090718520041 ], [ -73.747873088137197, 5.016106585908645 ], [ -73.747871952186387, 5.016194209668505 ], [ -73.747870846244865, 5.016279531133116 ], [ -73.747809494646745, 5.016629190882943 ], [ -73.74776204327037, 5.016673207433803 ], [ -73.74768147030197, 5.016774851824183 ], [ -73.747591969847321, 5.016837611953735 ], [ -73.747505461918152, 5.016879438475616 ], [ -73.747418948869793, 5.016933228675216 ], [ -73.747392073356792, 5.017002001354323 ], [ -73.747386076842247, 5.017064804544794 ], [ -73.747326406824001, 5.017112625542734 ], [ -73.747275679273926, 5.017169424276309 ], [ -73.747216001720332, 5.017232199422151 ], [ -73.747150357089424, 5.017300953390256 ], [ -73.747126484616132, 5.017327858268406 ], [ -73.747063817482712, 5.017405586049032 ], [ -73.746923563691965, 5.017575987296923 ], [ -73.746804224992346, 5.017668639624428 ], [ -73.746699792193795, 5.017773262263705 ], [ -73.746658231471173, 5.017874994986702 ], [ -73.746604870526028, 5.018005615443927 ], [ -73.746598635949198, 5.018023498139434 ], [ -73.746075847277964, 5.017747537381569 ], [ -73.74601435905771, 5.017715252143211 ], [ -73.746007918960487, 5.0177097318322 ] ] ] ] } },
{ "type": "Feature", "properties": { "OBJECTID": 3485.0, "codigo": "257360000000000060291000000000", "Shape_Area": 12034.3586758, "Tipo Documento": "Cédula de Ciudadanía", "No Documento": "3058565", "Nombre del contribuyente": "EDUARDO  MUÑOZ", "Razon Social": null, "Naturaleza Juridica": "Persona Natural", "Regimen tributario": "Regimen Simplificado", "Direccion": "K 6 3 49", "Estado": "ACTIVO" }, "geometry": { "type": "MultiPolygon", "coordinates": [ [ [ [ -73.746598635949198, 5.018023498139434 ], [ -73.746604870526028, 5.018005615443927 ], [ -73.746658231471173, 5.017874994986702 ], [ -73.746699792193795, 5.017773262263705 ], [ -73.746804224992346, 5.017668639624428 ], [ -73.746923563691965, 5.017575987296923 ], [ -73.747063817482712, 5.017405586049032 ], [ -73.747126484616132, 5.017327858268406 ], [ -73.747150357089424, 5.017300953390256 ], [ -73.747216001720332, 5.017232199422151 ], [ -73.747275679273926, 5.017169424276309 ], [ -73.747326406824001, 5.017112625542734 ], [ -73.747386076842247, 5.017064804544794 ], [ -73.747392073356792, 5.017002001354323 ], [ -73.747418948869793, 5.016933228675216 ], [ -73.747505461918152, 5.016879438475616 ], [ -73.747591969847321, 5.016837611953735 ], [ -73.74768147030197, 5.016774851824183 ], [ -73.74776204327037, 5.016673207433803 ], [ -73.747809494646745, 5.016629190882943 ], [ -73.747799065149508, 5.016688627902862 ], [ -73.747748814238278, 5.016985284042589 ], [ -73.747712877373516, 5.017281947399126 ], [ -73.747665049885157, 5.017502041633648 ], [ -73.747607621645173, 5.017836976130169 ], [ -73.747560559279492, 5.018108057043446 ], [ -73.747499292225768, 5.018460949584725 ], [ -73.747148705699814, 5.018271646548063 ], [ -73.746598635949198, 5.018023498139434 ] ] ] ] } },
{ "type": "Feature", "properties": { "OBJECTID": 3486.0, "codigo": "257360000000000060336000000000", "Shape_Area": 27719.70682, "Tipo Documento": "Cédula de Ciudadanía", "No Documento": "20922531", "Nombre del contribuyente": "MYRIAM ELCY CORTES ROZO", "Razon Social": null, "Naturaleza Juridica": "Persona Natural", "Regimen tributario": "No responsable de IVA", "Direccion": "CL 5 4 15", "Estado": "ACTIVO" }, "geometry": { "type": "MultiPolygon", "coordinates": [ [ [ [ -73.754741820196074, 5.012940556182293 ], [ -73.755111817178062, 5.012765375977022 ], [ -73.755183394682092, 5.012759429413759 ], [ -73.756573180944628, 5.012670390676329 ], [ -73.756582653947845, 5.013458552076433 ], [ -73.756589243432643, 5.013693876767865 ], [ -73.756600241275805, 5.01408661721572 ], [ -73.756528683171283, 5.014050692778473 ], [ -73.756460692669222, 5.01403989296062 ], [ -73.756414167122941, 5.014043459220395 ], [ -73.756378367942347, 5.014068563605128 ], [ -73.756317515175567, 5.014097244789351 ], [ -73.756285315092001, 5.014079284315354 ], [ -73.756242382535035, 5.014054141247251 ], [ -73.756195883299029, 5.014003873549436 ], [ -73.756127910353527, 5.013957185307452 ], [ -73.75609570501868, 5.013949991251389 ], [ -73.756067075135689, 5.013949977174191 ], [ -73.75604200576268, 5.013985854149438 ], [ -73.756013351307573, 5.014036083996233 ], [ -73.755966809963041, 5.01407195040758 ], [ -73.755923859864538, 5.014082695708708 ], [ -73.755888076466391, 5.014075500786242 ], [ -73.755830834251768, 5.014039583318413 ], [ -73.755768033079107, 5.013994056880035 ], [ -73.755725673453014, 5.013962762204069 ], [ -73.755680725778092, 5.013935338404 ], [ -73.755633538917891, 5.013911999966814 ], [ -73.755584481589366, 5.013892929739337 ], [ -73.755533937855915, 5.013878275308866 ], [ -73.755470941621851, 5.01386654824403 ], [ -73.755407053829259, 5.013861676125726 ], [ -73.755343013865982, 5.013863715383709 ], [ -73.755279562962727, 5.013872641967424 ], [ -73.755217436077146, 5.0138883522464 ], [ -73.755133898665051, 5.013955304174355 ], [ -73.755005013733722, 5.014058122114614 ], [ -73.75488330222278, 5.014127447008975 ], [ -73.754879077296962, 5.014129947987107 ], [ -73.754830777493112, 5.014158514953762 ], [ -73.754825547394333, 5.014087012295358 ], [ -73.754741820196074, 5.012940556182293 ] ] ] ] } },
{ "type": "Feature", "properties": { "OBJECTID": 3506.0, "codigo": "257360000000000070377000000000", "Shape_Area": 58887.2274922, "Tipo Documento": "Cédula de Ciudadanía", "No Documento": "3058565", "Nombre del contribuyente": "EDUARDO  MUÑOZ", "Razon Social": null, "Naturaleza Juridica": "Persona Natural", "Regimen tributario": "Regimen Simplificado", "Direccion": "K 6 3 49", "Estado": "ACTIVO" }, "geometry": { "type": "MultiPolygon", "coordinates": [ [ [ [ -73.743634666889264, 5.014829309187364 ], [ -73.743569096615673, 5.014751516233926 ], [ -73.743497579659731, 5.01463783188272 ], [ -73.74343205715715, 5.014464335762632 ], [ -73.743414275742438, 5.014243011093641 ], [ -73.743324001444364, 5.013958394641731 ], [ -73.743401812732074, 5.013963120419383 ], [ -73.743560498660074, 5.013998848413604 ], [ -73.743665509625657, 5.014042732739213 ], [ -73.743739426102096, 5.014074619398142 ], [ -73.743850270965467, 5.014101343346767 ], [ -73.743934829535576, 5.014147676846513 ], [ -73.74398738603341, 5.014175754581942 ], [ -73.744087079685329, 5.014196296536398 ], [ -73.744222371117928, 5.014221676465738 ], [ -73.744327856998538, 5.014253859484886 ], [ -73.744494174313971, 5.014284391511322 ], [ -73.744524905031582, 5.014320352493773 ], [ -73.744596506302202, 5.01434797869872 ], [ -73.744710827901983, 5.014382652942198 ], [ -73.744783134185468, 5.014460467303045 ], [ -73.744845935150195, 5.014522668860418 ], [ -73.744942390151891, 5.014564061853084 ], [ -73.745038056472765, 5.014578081724136 ], [ -73.745124336051987, 5.01459160849425 ], [ -73.745215660210903, 5.014597397138056 ], [ -73.745246785762248, 5.014615872131109 ], [ -73.745322647819961, 5.014620199714068 ], [ -73.745401387335335, 5.014606601299561 ], [ -73.745562456014724, 5.014556439232788 ], [ -73.745684153381518, 5.01451702265236 ], [ -73.745820168393124, 5.014470436003202 ], [ -73.745945437449976, 5.014445377614388 ], [ -73.746013438608443, 5.014434645686197 ], [ -73.746024177297812, 5.014431062024649 ], [ -73.746170742823438, 5.014754136123245 ], [ -73.746288698474473, 5.015037718226344 ], [ -73.746495996402757, 5.015572567729011 ], [ -73.746829402484494, 5.016358552156123 ], [ -73.746988249764911, 5.016733025558753 ], [ -73.74693025543607, 5.016742679302772 ], [ -73.746830320733125, 5.016788014800111 ], [ -73.746719078988988, 5.016831979086001 ], [ -73.746629670826067, 5.016888560143849 ], [ -73.746541612678797, 5.016932337195636 ], [ -73.746460023565177, 5.016986815205039 ], [ -73.746437248154052, 5.017035852085606 ], [ -73.746411822303415, 5.017083585451392 ], [ -73.746395718753604, 5.017134508432703 ], [ -73.744050548369003, 5.01512161727613 ], [ -73.743634666889264, 5.014829309187364 ] ] ] ] } },
{ "type": "Feature", "properties": { "OBJECTID": 3507.0, "codigo": "257360000000000070378000000000", "Shape_Area": 59201.688371600001, "Tipo Documento": "Cédula de Ciudadanía", "No Documento": "3058565", "Nombre del contribuyente": "EDUARDO  MUÑOZ", "Razon Social": null, "Naturaleza Juridica": "Persona Natural", "Regimen tributario": "Regimen Simplificado", "Direccion": "K 6 3 49", "Estado": "ACTIVO" }, "geometry": { "type": "MultiPolygon", "coordinates": [ [ [ [ -73.745014190397441, 5.017217635791912 ], [ -73.744979858477848, 5.017198562321443 ], [ -73.744968414720788, 5.017194747648337 ], [ -73.744949340760016, 5.017183304160459 ], [ -73.744882583966572, 5.017148971551935 ], [ -73.744863509880986, 5.01714134233543 ], [ -73.744840621597149, 5.017129897806692 ], [ -73.744789123541196, 5.017107009450243 ], [ -73.744775771850072, 5.017099380432755 ], [ -73.7447662353878, 5.017091751549667 ], [ -73.744743347107558, 5.01708030701773 ], [ -73.744735717809746, 5.017072677297055 ], [ -73.744724274056523, 5.017068862619883 ], [ -73.744697570678227, 5.017053603677943 ], [ -73.744682311826111, 5.017045974591431 ], [ -73.744611739963005, 5.01700782754825 ], [ -73.744600296211757, 5.017004012869028 ], [ -73.744588851688192, 5.016996383915549 ], [ -73.744577408067059, 5.01698875405805 ], [ -73.744554519793553, 5.016977310424198 ], [ -73.744543075271466, 5.016969680565674 ], [ -73.744520186999281, 5.016958236930699 ], [ -73.744489669434614, 5.0169391635717 ], [ -73.743795394796365, 5.016546249319872 ], [ -73.74378395105866, 5.016542434627137 ], [ -73.743768692230034, 5.016534805520664 ], [ -73.743749618311327, 5.016523361095912 ], [ -73.743738174574332, 5.016519546402425 ], [ -73.743713379306314, 5.016504287493435 ], [ -73.74370384196385, 5.016496658595607 ], [ -73.74369239836237, 5.01648902872375 ], [ -73.74366760296175, 5.016477584990751 ], [ -73.743656158324384, 5.016473770295446 ], [ -73.743642806660787, 5.016466140352123 ], [ -73.743627547835715, 5.016458511242572 ], [ -73.743462406214775, 5.016372350676408 ], [ -73.743057250646004, 5.016160964889816 ], [ -73.743034362568807, 5.016145706028722 ], [ -73.742996215545304, 5.016126632316606 ], [ -73.742986679118786, 5.016119003409623 ], [ -73.742975235393999, 5.016115188703493 ], [ -73.74292945897038, 5.016092300425686 ], [ -73.742897033294824, 5.016077041197936 ], [ -73.742282867628347, 5.015779495256851 ], [ -73.742203602679396, 5.015740944721317 ], [ -73.741689116831353, 5.015490719973578 ], [ -73.741664580553532, 5.015478787084193 ], [ -73.741672002428047, 5.015456359212805 ], [ -73.741740370605726, 5.015329390272953 ], [ -73.741958574185333, 5.014924154012092 ], [ -73.742095725098977, 5.014990021071519 ], [ -73.742268658656741, 5.015067869241864 ], [ -73.742429656284529, 5.01515767403248 ], [ -73.742596655471473, 5.01517570425877 ], [ -73.742823290404417, 5.015211708708287 ], [ -73.743067798877192, 5.015289593326792 ], [ -73.743282501866503, 5.015331573359131 ], [ -73.743377944611936, 5.01531367753484 ], [ -73.743406946039116, 5.015235623643436 ], [ -73.743515269021202, 5.015038600075509 ], [ -73.743634666889264, 5.014829309187364 ], [ -73.744050548369003, 5.01512161727613 ], [ -73.746395718753604, 5.017134508432703 ], [ -73.746389468805845, 5.017154271127696 ], [ -73.746341150011915, 5.017180045888297 ], [ -73.746317225154328, 5.017237473945904 ], [ -73.746283774549241, 5.0172480823361 ], [ -73.746242915500574, 5.017215389800337 ], [ -73.746217133847551, 5.017215828869168 ], [ -73.746174392265104, 5.017216557749544 ], [ -73.746111357713858, 5.017241285100775 ], [ -73.746093677375171, 5.017271813836909 ], [ -73.746092700344306, 5.017331704138241 ], [ -73.746104901706161, 5.017383507774031 ], [ -73.746101844104672, 5.017510078996915 ], [ -73.746062023848722, 5.017622153059873 ], [ -73.74601973331734, 5.01769930690014 ], [ -73.746019467060194, 5.017699794174639 ], [ -73.746007918960487, 5.0177097318322 ], [ -73.745996475308914, 5.017702102902072 ], [ -73.745977402094368, 5.017694473716761 ], [ -73.745931625568019, 5.017667770457776 ], [ -73.745916366685861, 5.017660141398325 ], [ -73.745906830201989, 5.017652511626292 ], [ -73.745895385528982, 5.017648696968121 ], [ -73.74585723910657, 5.017633437687094 ], [ -73.745840072281524, 5.017621994287499 ], [ -73.745605468655356, 5.017503738437221 ], [ -73.745590209781156, 5.017496109370609 ], [ -73.745561599976952, 5.017484664671332 ], [ -73.745546341103775, 5.017477035603781 ], [ -73.745529175190782, 5.017465591292741 ], [ -73.74545097379368, 5.017423629800406 ], [ -73.745439529127765, 5.01741981513467 ], [ -73.745428085488726, 5.017412185291022 ], [ -73.745412826618931, 5.017404556220542 ], [ -73.74538803115054, 5.017393112548869 ], [ -73.745365142847859, 5.017381668037398 ], [ -73.745351791018933, 5.017377853304819 ], [ -73.745122909590378, 5.017271042118521 ], [ -73.7450981141331, 5.017259597532181 ], [ -73.74507904081625, 5.017255783500148 ], [ -73.745065689245507, 5.017244339310151 ], [ -73.745046615281922, 5.017232894920634 ], [ -73.745037078687659, 5.017229080314944 ], [ -73.745027542220768, 5.017221450531066 ], [ -73.745014190397441, 5.017217635791912 ] ] ] ] } },
{ "type": "Feature", "properties": { "OBJECTID": 3508.0, "codigo": "257360000000000070116000000000", "Shape_Area": 111064.358033, "Tipo Documento": "Cédula de Ciudadanía", "No Documento": "3058565", "Nombre del contribuyente": "EDUARDO  MUÑOZ", "Razon Social": null, "Naturaleza Juridica": "Persona Natural", "Regimen tributario": "Regimen Simplificado", "Direccion": "K 6 3 49", "Estado": "ACTIVO" }, "geometry": { "type": "MultiPolygon", "coordinates": [ [ [ [ -73.747559049990045, 5.016152272861573 ], [ -73.747544067339291, 5.01601835874554 ], [ -73.74748220961844, 5.01583677417029 ], [ -73.747469868499607, 5.015775791987287 ], [ -73.747467583458516, 5.015675351877275 ], [ -73.747466291635604, 5.015590248945484 ], [ -73.747476456770883, 5.015459304540054 ], [ -73.747448820938061, 5.015365154494227 ], [ -73.747406561898288, 5.015283295340134 ], [ -73.747363479528417, 5.015206942864725 ], [ -73.747331702729227, 5.015134828153303 ], [ -73.74732073546474, 5.015031571329192 ], [ -73.747314240075085, 5.014911768344897 ], [ -73.747298945228437, 5.014842989728466 ], [ -73.747276231881983, 5.014750831591249 ], [ -73.747279523354138, 5.014660766448308 ], [ -73.74721352940918, 5.014396971195918 ], [ -73.747082564537919, 5.013888479695867 ], [ -73.746993279444723, 5.013523563619779 ], [ -73.746892023388895, 5.013242382812186 ], [ -73.746800997792135, 5.012996482428334 ], [ -73.74683370046165, 5.01298443218664 ], [ -73.748150890426473, 5.012554430230134 ], [ -73.748116332566468, 5.012758062400951 ], [ -73.748051808061874, 5.012973362834662 ], [ -73.748023120697354, 5.013088193518033 ], [ -73.74805879963283, 5.013303544436867 ], [ -73.748087350348072, 5.013461469645206 ], [ -73.74808005307689, 5.013741400143629 ], [ -73.74807995956472, 5.013928021974485 ], [ -73.748072726115566, 5.014078751835826 ], [ -73.748072679355502, 5.0141720632025 ], [ -73.748344674806063, 5.014150666477166 ], [ -73.748716914278091, 5.014050365103691 ], [ -73.749282420012463, 5.013921448611673 ], [ -73.750284517065438, 5.013821462264963 ], [ -73.751401097747816, 5.013793309149305 ], [ -73.751751115185755, 5.013793483658354 ], [ -73.751864348392402, 5.013799779644057 ], [ -73.751837617148098, 5.013869785164333 ], [ -73.751775502486225, 5.014037236053138 ], [ -73.751732411079374, 5.014131056819439 ], [ -73.751665636344512, 5.014276440801882 ], [ -73.751557553926645, 5.014535270316285 ], [ -73.751555757352932, 5.014539571106921 ], [ -73.751355013292226, 5.015214182842125 ], [ -73.751354975298696, 5.015290745967841 ], [ -73.751407441831404, 5.015333838749066 ], [ -73.751445575315017, 5.015415205495835 ], [ -73.751388267057038, 5.015510881057049 ], [ -73.751320719967381, 5.01557499103176 ], [ -73.75131399349543, 5.015581374643027 ], [ -73.751297563436779, 5.015596968984411 ], [ -73.751248542170714, 5.015643351541469 ], [ -73.751242394381535, 5.015670172293762 ], [ -73.751224959528884, 5.015746230278767 ], [ -73.751227873616529, 5.015746847552216 ], [ -73.751227409142643, 5.01574701370884 ], [ -73.751227324319345, 5.015747135745027 ], [ -73.751080816117323, 5.015824157438537 ], [ -73.751011212424899, 5.015824122665681 ], [ -73.750994926266472, 5.01582411452832 ], [ -73.750870882477784, 5.015785770514625 ], [ -73.750660955104465, 5.01573302890028 ], [ -73.750598932777493, 5.015713856865482 ], [ -73.750474900041255, 5.015651587200127 ], [ -73.750458553164037, 5.015637701854625 ], [ -73.750330160148749, 5.015590808259652 ], [ -73.75031660386405, 5.01558832915607 ], [ -73.750226952057062, 5.015571936591169 ], [ -73.75017270888894, 5.015562018349194 ], [ -73.750008132803572, 5.01546862448909 ], [ -73.74990373860787, 5.015369069119222 ], [ -73.749865051132531, 5.015332174773937 ], [ -73.749786347019295, 5.015274713188066 ], [ -73.749700467991062, 5.015253137273787 ], [ -73.749618077840125, 5.015253095942837 ], [ -73.749604337281355, 5.015253089048895 ], [ -73.749597983552334, 5.015266019854953 ], [ -73.749579023458992, 5.015304608859188 ], [ -73.74956423178628, 5.01533471414033 ], [ -73.749516812276497, 5.015383955811057 ], [ -73.74945451409981, 5.015409933597871 ], [ -73.749418584393482, 5.015424915846731 ], [ -73.749392164917055, 5.015453177777633 ], [ -73.749371461855034, 5.015475324182836 ], [ -73.749326317624408, 5.01555478819713 ], [ -73.74922935520047, 5.015607649232429 ], [ -73.749219826808286, 5.015612676793825 ], [ -73.749145354896001, 5.015651971269045 ], [ -73.749086592495743, 5.015704756524798 ], [ -73.749075430371775, 5.015714783960733 ], [ -73.748973137063402, 5.015788911066401 ], [ -73.748872641951422, 5.015801393928977 ], [ -73.7488416960081, 5.015803894087048 ], [ -73.74874805380108, 5.015811459256212 ], [ -73.748637236003688, 5.015837691067927 ], [ -73.748617812058569, 5.015846226788113 ], [ -73.748542785984299, 5.015879195435859 ], [ -73.748480526018028, 5.015929551769802 ], [ -73.74845204684118, 5.015952585852361 ], [ -73.748448336519218, 5.015955587115337 ], [ -73.748352205312557, 5.016004957888842 ], [ -73.748270819787095, 5.016049552408014 ], [ -73.748175214916628, 5.016092222665135 ], [ -73.748100526820366, 5.016105649824981 ], [ -73.74803430226666, 5.016090505830365 ], [ -73.747975142137648, 5.016065851407062 ], [ -73.747963891787933, 5.016061162440164 ], [ -73.747883176606521, 5.01608161283162 ], [ -73.747873294477429, 5.016090718520041 ], [ -73.747814703568153, 5.016144706437331 ], [ -73.747722027835948, 5.016190262772867 ], [ -73.74763879153781, 5.016221201568301 ], [ -73.747561386217399, 5.016240586532372 ], [ -73.747559049990045, 5.016152272861573 ] ] ] ] } },
{ "type": "Feature", "properties": { "OBJECTID": 3509.0, "codigo": "257360000000000070122000000000", "Shape_Area": 83261.077454400001, "Tipo Documento": "Cédula de Ciudadanía", "No Documento": "3058565", "Nombre del contribuyente": "EDUARDO  MUÑOZ", "Razon Social": null, "Naturaleza Juridica": "Persona Natural", "Regimen tributario": "Regimen Simplificado", "Direccion": "K 6 3 49", "Estado": "ACTIVO" }, "geometry": { "type": "MultiPolygon", "coordinates": [ [ [ [ -73.740573883465714, 5.0149478907886 ], [ -73.740524292153296, 5.014921187922057 ], [ -73.740519121060643, 5.014918801561699 ], [ -73.740499496873213, 5.014909744075971 ], [ -73.740374448096844, 5.014845949225996 ], [ -73.740280574762664, 5.014798058719116 ], [ -73.740282158506432, 5.014793942328652 ], [ -73.740294203898685, 5.014772650833382 ], [ -73.74032063769225, 5.014725926523107 ], [ -73.740363350715398, 5.014650428135127 ], [ -73.74044941697943, 5.014305940096969 ], [ -73.740452046284446, 5.014300924481851 ], [ -73.740549719576336, 5.014114584601288 ], [ -73.740592710939325, 5.014023688177618 ], [ -73.740597524569225, 5.013942342119196 ], [ -73.740583285672628, 5.013793994124066 ], [ -73.740545239493599, 5.013545145229731 ], [ -73.740516700419974, 5.013368078825473 ], [ -73.740521528763921, 5.013258021737074 ], [ -73.740559745679832, 5.013171908323131 ], [ -73.740640940057631, 5.013023609501676 ], [ -73.740688715515219, 5.012908789964641 ], [ -73.7407412742388, 5.012770046418458 ], [ -73.7407413698119, 5.012583424720882 ], [ -73.74080826388213, 5.012406407465074 ], [ -73.740817863186237, 5.012296352824028 ], [ -73.740822669411642, 5.012229363176746 ], [ -73.740960331800707, 5.012344627249213 ], [ -73.741145195608865, 5.012416499964409 ], [ -73.741503056456423, 5.012440609511732 ], [ -73.741992122047833, 5.012494694513904 ], [ -73.742385751485941, 5.012554711190734 ], [ -73.742612392502451, 5.012578752874441 ], [ -73.742731680527157, 5.012584795802572 ], [ -73.742779351466098, 5.012674542445759 ], [ -73.74280313625448, 5.012818109840687 ], [ -73.742797101310359, 5.012955681030308 ], [ -73.742713500416357, 5.013147045485534 ], [ -73.742612005609274, 5.013338400760016 ], [ -73.742450834637992, 5.013589540254012 ], [ -73.742881382864994, 5.013958676427825 ], [ -73.742974114464872, 5.013962747957073 ], [ -73.743047827103112, 5.013969821011246 ], [ -73.743151421676203, 5.013979495596526 ], [ -73.743229771658193, 5.013964000052396 ], [ -73.743307071128243, 5.0139573659532 ], [ -73.743324001444364, 5.013958394641731 ], [ -73.743414275742438, 5.014243011093641 ], [ -73.74343205715715, 5.014464335762632 ], [ -73.743497579659731, 5.01463783188272 ], [ -73.743569096615673, 5.014751516233926 ], [ -73.743634666889264, 5.014829309187364 ], [ -73.743515269021202, 5.015038600075509 ], [ -73.743406946039116, 5.015235623643436 ], [ -73.743377944611936, 5.01531367753484 ], [ -73.743282501866503, 5.015331573359131 ], [ -73.743067798877192, 5.015289593326792 ], [ -73.742823290404417, 5.015211708708287 ], [ -73.742596655471473, 5.01517570425877 ], [ -73.742429656284529, 5.01515767403248 ], [ -73.742268658656741, 5.015067869241864 ], [ -73.742095725098977, 5.014990021071519 ], [ -73.741958574185333, 5.014924154012092 ], [ -73.741740370605726, 5.015329390272953 ], [ -73.741672002428047, 5.015456359212805 ], [ -73.741664580553532, 5.015478787084193 ], [ -73.741576264566291, 5.015435834289336 ], [ -73.741222100136383, 5.015263583051936 ], [ -73.740734279767338, 5.015026327003852 ], [ -73.740674972509154, 5.014997482316982 ], [ -73.740657806599643, 5.014989853063724 ], [ -73.740646362160419, 5.014982223141838 ], [ -73.740604400815911, 5.014966964317825 ], [ -73.740589142216209, 5.014955520869371 ], [ -73.740573883465714, 5.0149478907886 ] ] ] ] } },
{ "type": "Feature", "properties": { "OBJECTID": 3594.0, "codigo": "257360000000000010132000000000", "Shape_Area": 3546.87866059, "Tipo Documento": "Cédula de Ciudadanía", "No Documento": "1071328619", "Nombre del contribuyente": "EDISON EDUARDO MUÑOZ CORTES", "Razon Social": null, "Naturaleza Juridica": "Persona Natural", "Regimen tributario": "Regimen Simplificado", "Direccion": "SESQUILE", "Estado": "ACTIVO" }, "geometry": { "type": "MultiPolygon", "coordinates": [ [ [ [ -73.805132477719525, 5.02861849300161 ], [ -73.805134518825668, 5.028617435835731 ], [ -73.805362076887192, 5.028513646999651 ], [ -73.805590558317775, 5.028411928384005 ], [ -73.805619800342853, 5.028398909768158 ], [ -73.805669908386577, 5.028389359664942 ], [ -73.805710460375934, 5.028408517673268 ], [ -73.805767472070471, 5.02849073413541 ], [ -73.805917909075333, 5.028707679849978 ], [ -73.805537248971206, 5.028973697869476 ], [ -73.805385450219404, 5.029067773768686 ], [ -73.805132477719525, 5.02861849300161 ] ] ] ] } },
{ "type": "Feature", "properties": { "OBJECTID": 3660.0, "codigo": "257360000000000110157000000000", "Shape_Area": 28288.1595074, "Tipo Documento": "Cédula de Ciudadanía", "No Documento": "20921681", "Nombre del contribuyente": "ANA LUDITH CORTES DE ORJUELA", "Razon Social": null, "Naturaleza Juridica": "Persona Natural", "Regimen tributario": "No responsable de IVA", "Direccion": "K 6 4 19", "Estado": "ACTIVO" }, "geometry": { "type": "MultiPolygon", "coordinates": [ [ [ [ -73.803024395939346, 5.018353216836292 ], [ -73.803088650219081, 5.018294965981445 ], [ -73.803265282208784, 5.018108417376903 ], [ -73.803470559345982, 5.017883598534037 ], [ -73.803618576004283, 5.017658755611683 ], [ -73.803695343867176, 5.017506777587889 ], [ -73.803731158194168, 5.017443986960508 ], [ -73.803790845630445, 5.017345316880762 ], [ -73.80385052308246, 5.017270572489513 ], [ -73.803954941017025, 5.017180893491357 ], [ -73.804041455800004, 5.017115133585083 ], [ -73.80411901482249, 5.017070304227987 ], [ -73.804160775751214, 5.017049386488542 ], [ -73.804228372534041, 5.017025839931854 ], [ -73.804229379018238, 5.017025489488391 ], [ -73.804268157897468, 5.017004570494353 ], [ -73.804328625025548, 5.017038650431903 ], [ -73.804364434634167, 5.01698483212606 ], [ -73.804418149145661, 5.01690709469729 ], [ -73.804471867713616, 5.016817394414451 ], [ -73.80461262019422, 5.016983594779689 ], [ -73.80467456529604, 5.017056739721201 ], [ -73.804675575009753, 5.017059469289694 ], [ -73.804796554258445, 5.017386520059589 ], [ -73.804829472220021, 5.017475510497332 ], [ -73.805038259165954, 5.017415782456175 ], [ -73.805038120888923, 5.017749179606388 ], [ -73.805038114225454, 5.017765245217443 ], [ -73.805038097910597, 5.017804580011333 ], [ -73.805014151984494, 5.018013923073035 ], [ -73.804984187344246, 5.018354856783846 ], [ -73.804943265277089, 5.018488034367542 ], [ -73.804936405502602, 5.018510356612359 ], [ -73.8047216913575, 5.018480359391981 ], [ -73.804506967291402, 5.018474287797685 ], [ -73.804310133947311, 5.018474205493762 ], [ -73.804155032999645, 5.018521992900493 ], [ -73.803894988800295, 5.018623282022793 ], [ -73.803725509177596, 5.018689295589607 ], [ -73.803230549607136, 5.01889096245134 ], [ -73.803223236083269, 5.018809910606528 ], [ -73.803173195113359, 5.018662744472093 ], [ -73.803112411163909, 5.018529929420099 ], [ -73.803024395939346, 5.018353216836292 ] ] ] ] } },
{ "type": "Feature", "properties": { "OBJECTID": 3686.0, "codigo": "257360000000000110094000000000", "Shape_Area": 26909.787461100001, "Tipo Documento": "Cédula de Ciudadanía", "No Documento": "1071328319", "Nombre del contribuyente": "LEIDY MARCELA LATORRE LATORRE", "Razon Social": null, "Naturaleza Juridica": "Persona Natural", "Regimen tributario": "No responsable de IVA", "Direccion": "Vereda SAN JOSE", "Estado": "ACTIVO" }, "geometry": { "type": "MultiPolygon", "coordinates": [ [ [ [ -73.793288463697948, 5.009653501203372 ], [ -73.793412452875373, 5.009429914384398 ], [ -73.793670338568845, 5.008927579693437 ], [ -73.793978347097479, 5.008375021562923 ], [ -73.794329355250113, 5.0076932815164 ], [ -73.794553742529303, 5.007228206688066 ], [ -73.794606456439794, 5.007240565788063 ], [ -73.794661092632069, 5.007253375146338 ], [ -73.794692337664813, 5.007258886726172 ], [ -73.794865064920941, 5.007289352689463 ], [ -73.794890069175509, 5.007301067703308 ], [ -73.795026074846632, 5.007364789288939 ], [ -73.795251493498867, 5.007458197443005 ], [ -73.794825237570606, 5.008362417704154 ], [ -73.794810899576092, 5.008416245664383 ], [ -73.794027709675404, 5.010090539371657 ], [ -73.793691423455741, 5.009824814673727 ], [ -73.793288463697948, 5.009653501203372 ] ] ] ] } },
{ "type": "Feature", "properties": { "OBJECTID": 3737.0, "codigo": "257360000000000040245000000000", "Shape_Area": 1521.29869779, "Tipo Documento": "Cédula de Ciudadanía", "No Documento": "17127262", "Nombre del contribuyente": "ANDRES MORENO QUINTIN", "Razon Social": "LA GALLERA SAN ANTONIO", "Naturaleza Juridica": "Persona Natural", "Regimen tributario": "Regimen Comun", "Direccion": "VDA NESCUATA LA VILLA", "Estado": "ACTIVO" }, "geometry": { "type": "MultiPolygon", "coordinates": [ [ [ [ -73.78320283728695, 5.057672686763108 ], [ -73.783242928854989, 5.057659306145466 ], [ -73.783378375021144, 5.057833548693647 ], [ -73.783637795339075, 5.05811922215676 ], [ -73.783412803407415, 5.058179711848651 ], [ -73.783081414860476, 5.057883898392788 ], [ -73.783172241901738, 5.057795173925975 ], [ -73.783145529420054, 5.057768365055294 ], [ -73.783143631641963, 5.057747308773231 ], [ -73.783170376898084, 5.057697555289688 ], [ -73.78320283728695, 5.057672686763108 ] ] ] ] } },
{ "type": "Feature", "properties": { "OBJECTID": 3754.0, "codigo": "257360000000000040260000000000", "Shape_Area": 18751.951451500001, "Tipo Documento": "Cédula de Ciudadanía", "No Documento": "20922191", "Nombre del contribuyente": "BEATRIZ QUINTERO DE MALDONADO", "Razon Social": null, "Naturaleza Juridica": "Persona Natural", "Regimen tributario": "Regimen Simplificado", "Direccion": "VDA BOITIVA FINCA ALTAMIRA", "Estado": "ACTIVO" }, "geometry": { "type": "MultiPolygon", "coordinates": [ [ [ [ -73.785881005981921, 5.05352840271844 ], [ -73.785964522719652, 5.053375857133547 ], [ -73.786039627009259, 5.0532386770242 ], [ -73.785851199313612, 5.053092643960498 ], [ -73.785670873348565, 5.052962717136791 ], [ -73.785680663364474, 5.052911791169984 ], [ -73.785702165391726, 5.052849594007179 ], [ -73.785733257016773, 5.052684518568566 ], [ -73.785764336685915, 5.052548154247051 ], [ -73.785814535763265, 5.052337627055359 ], [ -73.785879045272523, 5.052139070916034 ], [ -73.785929208653556, 5.052012286136601 ], [ -73.785854351035923, 5.051882391389246 ], [ -73.785879642780543, 5.051871579340642 ], [ -73.785981318198537, 5.051798411205151 ], [ -73.786167491662368, 5.05164632494423 ], [ -73.786256289007426, 5.051560232328062 ], [ -73.786686594746129, 5.052049672904336 ], [ -73.786643464762705, 5.052107137319222 ], [ -73.786620914201393, 5.052158942883446 ], [ -73.786613571893056, 5.052225648880479 ], [ -73.78663389982016, 5.052282483420703 ], [ -73.786659737181054, 5.052338351938302 ], [ -73.786686578867119, 5.052388749965873 ], [ -73.786723180052036, 5.052430192686188 ], [ -73.786729492062904, 5.052437338482174 ], [ -73.786791605589826, 5.052480909569917 ], [ -73.786822617432804, 5.052498275838533 ], [ -73.78684506716651, 5.052510847354605 ], [ -73.786879378703901, 5.052534147225037 ], [ -73.786886000489488, 5.052550382152197 ], [ -73.786900652389306, 5.052634044353196 ], [ -73.786894314544327, 5.05271322183274 ], [ -73.786914619595237, 5.052799226861749 ], [ -73.786955299791131, 5.052878686740313 ], [ -73.786997204841327, 5.052961701015153 ], [ -73.787023311627522, 5.053026262556926 ], [ -73.787028222004807, 5.053040085886023 ], [ -73.787042714470459, 5.053080869412018 ], [ -73.786629777863482, 5.052973947714244 ], [ -73.786498493717474, 5.053098302512682 ], [ -73.786341097625325, 5.052921180539752 ], [ -73.786190728394573, 5.053040742122208 ], [ -73.786519812091683, 5.053447631088379 ], [ -73.786433871270461, 5.053548082376553 ], [ -73.786467257968411, 5.053588772207289 ], [ -73.786333567408221, 5.053756194379006 ], [ -73.786292984444984, 5.053806419273292 ], [ -73.785881005981921, 5.05352840271844 ] ] ] ] } },
{ "type": "Feature", "properties": { "OBJECTID": 3765.0, "codigo": "257360000000000030278000000000", "Shape_Area": 735.90481426300005, "Tipo Documento": "Cédula de Ciudadanía", "No Documento": "3169568", "Nombre del contribuyente": "CARLOS JULIO MOSETON MERCHAN", "Razon Social": null, "Naturaleza Juridica": "Persona Natural", "Regimen tributario": "Regimen Simplificado", "Direccion": "Vereda Gobernador", "Estado": "ACTIVO" }, "geometry": { "type": "MultiPolygon", "coordinates": [ [ [ [ -73.787580602095929, 5.050715162744331 ], [ -73.787598262714866, 5.050694594473072 ], [ -73.787849760778982, 5.050909795199744 ], [ -73.787931027298839, 5.050812926194093 ], [ -73.788182048650981, 5.05102774226509 ], [ -73.78809921693049, 5.051154463852187 ], [ -73.787580602095929, 5.050715162744331 ] ] ] ] } },
{ "type": "Feature", "properties": { "OBJECTID": 3793.0, "codigo": "257360000000000070117000000000", "Shape_Area": 46560.149511099997, "Tipo Documento": "Cédula de Ciudadanía", "No Documento": "3058565", "Nombre del contribuyente": "EDUARDO  MUÑOZ", "Razon Social": null, "Naturaleza Juridica": "Persona Natural", "Regimen tributario": "Regimen Simplificado", "Direccion": "K 6 3 49", "Estado": "ACTIVO" }, "geometry": { "type": "MultiPolygon", "coordinates": [ [ [ [ -73.744550635248245, 5.012653095582433 ], [ -73.745717522559062, 5.012215844721515 ], [ -73.74726376856114, 5.011750071382413 ], [ -73.748051171544631, 5.011585379472678 ], [ -73.748072600269822, 5.011671524351411 ], [ -73.748072575103905, 5.011721768241577 ], [ -73.748072539151863, 5.011793545873322 ], [ -73.748051009749503, 5.01190838017138 ], [ -73.748043808707948, 5.011994509722705 ], [ -73.74807239893363, 5.012073479087787 ], [ -73.748122461952519, 5.012152460172193 ], [ -73.748158205594166, 5.012238611354436 ], [ -73.748179606495285, 5.012382178335685 ], [ -73.748193853098357, 5.012518562591878 ], [ -73.748150890426473, 5.012554430230134 ], [ -73.74683370046165, 5.01298443218664 ], [ -73.746800997792135, 5.012996482428334 ], [ -73.744907982111442, 5.013694055257134 ], [ -73.744550635248245, 5.012653095582433 ] ] ] ] } },
{ "type": "Feature", "properties": { "OBJECTID": 3795.0, "codigo": "257360000000000080060000000000", "Shape_Area": 40009.469008400003, "Tipo Documento": "Cédula de Ciudadanía", "No Documento": "3169252", "Nombre del contribuyente": "RIGOBERTO  SANCHEZ PIEDRA", "Razon Social": null, "Naturaleza Juridica": "Persona Natural", "Regimen tributario": "Regimen Comun", "Direccion": "K 6 3 91", "Estado": "ACTIVO" }, "geometry": { "type": "MultiPolygon", "coordinates": [ [ [ [ -73.719016049110692, 5.002842880392857 ], [ -73.718987740970107, 5.002761406197298 ], [ -73.718969617929332, 5.002709246286682 ], [ -73.718883824619326, 5.002535497444349 ], [ -73.718836642124643, 5.002432112085758 ], [ -73.718808088653745, 5.002292847745101 ], [ -73.71880096761457, 5.002225372589383 ], [ -73.718812448230963, 5.002172264011723 ], [ -73.718856855286006, 5.002114866357772 ], [ -73.718895529451657, 5.002070385052075 ], [ -73.7189528106138, 5.002028785023879 ], [ -73.719032988922919, 5.00199868281403 ], [ -73.719081682856967, 5.001954206977331 ], [ -73.719153305162834, 5.001863807008615 ], [ -73.719167650229011, 5.001807827985632 ], [ -73.719186311203345, 5.001713091947814 ], [ -73.719213548334281, 5.001639893382857 ], [ -73.719267975098617, 5.001582501173333 ], [ -73.719350696380076, 5.001530419904104 ], [ -73.719772757280623, 5.001909088344948 ], [ -73.719963051125333, 5.002077151919017 ], [ -73.720266378202382, 5.002342894432191 ], [ -73.720321631808645, 5.002393635842751 ], [ -73.720450945667068, 5.002512389854999 ], [ -73.720646962485588, 5.002684762566751 ], [ -73.720831529367956, 5.00285569389548 ], [ -73.721037570328519, 5.003023765764453 ], [ -73.721286533504284, 5.003230621201912 ], [ -73.721400997344119, 5.003331171892245 ], [ -73.721641379709808, 5.003523666145815 ], [ -73.721896065388748, 5.003739137780957 ], [ -73.722124997862792, 5.003928754560044 ], [ -73.722028592859701, 5.003964351800791 ], [ -73.721886845492662, 5.004024567933528 ], [ -73.721752240906596, 5.004109192705629 ], [ -73.721637683942589, 5.004182343945152 ], [ -73.72147731765304, 5.004259776458763 ], [ -73.721203999236565, 5.004088797005642 ], [ -73.720816189904042, 5.003867510432927 ], [ -73.720258088948142, 5.003549949450039 ], [ -73.720253754848656, 5.003547500096596 ], [ -73.719927521105276, 5.00336314769131 ], [ -73.719442403459183, 5.003085821276545 ], [ -73.719016049110692, 5.002842880392857 ] ] ] ] } },
{ "type": "Feature", "properties": { "OBJECTID": 3878.0, "codigo": "257360000000000030144000000000", "Shape_Area": 9591.8220609799992, "Tipo Documento": "Cédula de Ciudadanía", "No Documento": "3169197", "Nombre del contribuyente": "RAFAEL ADOLFO LOZANO MORA", "Razon Social": null, "Naturaleza Juridica": "Persona Natural", "Regimen tributario": "Regimen Simplificado", "Direccion": "VEREDA BOITIVA KM 1", "Estado": "ACTIVO" }, "geometry": { "type": "MultiPolygon", "coordinates": [ [ [ [ -73.795244789094824, 5.0513529076118 ], [ -73.795286586153523, 5.051254230872233 ], [ -73.795745776234213, 5.051508644824809 ], [ -73.79592131042665, 5.051602276873714 ], [ -73.795960859879528, 5.051623372994077 ], [ -73.796458422101381, 5.051888778464336 ], [ -73.796818983936177, 5.052074210553847 ], [ -73.797063730099495, 5.052200078475872 ], [ -73.796888399662151, 5.052571204874169 ], [ -73.796575389473389, 5.052417401894107 ], [ -73.796321849476101, 5.052292820397615 ], [ -73.796110144496211, 5.052176088992931 ], [ -73.79530990689473, 5.0517011004539 ], [ -73.795358031998575, 5.051562309526004 ], [ -73.795197020255458, 5.051466535059186 ], [ -73.795244789094824, 5.0513529076118 ] ] ] ] } },
{ "type": "Feature", "properties": { "OBJECTID": 3879.0, "codigo": "257360000000000030596000000000", "Shape_Area": 332.85283726199998, "Tipo Documento": "Cédula de Ciudadanía", "No Documento": "3169197", "Nombre del contribuyente": "RAFAEL ADOLFO LOZANO MORA", "Razon Social": null, "Naturaleza Juridica": "Persona Natural", "Regimen tributario": "Regimen Simplificado", "Direccion": "VEREDA BOITIVA KM 1", "Estado": "ACTIVO" }, "geometry": { "type": "MultiPolygon", "coordinates": [ [ [ [ -73.795147054068195, 5.051604437161894 ], [ -73.795173432086386, 5.051531636259075 ], [ -73.795197020255458, 5.051466535059186 ], [ -73.795358031998575, 5.051562309526004 ], [ -73.79530990689473, 5.0517011004539 ], [ -73.795270542406243, 5.051677734611897 ], [ -73.795147054068195, 5.051604437161894 ] ] ] ] } },
{ "type": "Feature", "properties": { "OBJECTID": 3907.0, "codigo": "257360000000000030217000000000", "Shape_Area": 253.58614064400001, "Tipo Documento": "Cédula de Ciudadanía", "No Documento": "3169086", "Nombre del contribuyente": "JOSE MARTIN ORJUELA ORJUELA", "Razon Social": null, "Naturaleza Juridica": "Persona Natural", "Regimen tributario": "Regimen Comun", "Direccion": "VDA  BOITIVA SECTOR LAS BRISAS", "Estado": "ACTIVO" }, "geometry": { "type": "MultiPolygon", "coordinates": [ [ [ [ -73.794295065821643, 5.052954739507253 ], [ -73.79436511151944, 5.052852021253877 ], [ -73.794426751141145, 5.052898027586334 ], [ -73.79449252412077, 5.052947118434765 ], [ -73.794491266867993, 5.052949573932743 ], [ -73.794489635057204, 5.052952759932067 ], [ -73.794473640960504, 5.052983995203445 ], [ -73.794435440506206, 5.053058596771472 ], [ -73.794295065821643, 5.052954739507253 ] ] ] ] } },
{ "type": "Feature", "properties": { "OBJECTID": 3909.0, "codigo": "257360000000000030396000000000", "Shape_Area": 281.055849894, "Tipo Documento": "Cédula de Ciudadanía", "No Documento": "20921774", "Nombre del contribuyente": "ANA ELVIA VILLALOBOS  DE SANCHEZ", "Razon Social": null, "Naturaleza Juridica": "Persona Natural", "Regimen tributario": "No responsable de IVA", "Direccion": "C 6 9-06", "Estado": "ACTIVO" }, "geometry": { "type": "MultiPolygon", "coordinates": [ [ [ [ -73.793736387865877, 5.052625357122685 ], [ -73.793860780296924, 5.05247560263955 ], [ -73.793933591142306, 5.052529946914003 ], [ -73.793844027889818, 5.052637249465385 ], [ -73.79378276475309, 5.05271064634387 ], [ -73.793771181597478, 5.052724523908061 ], [ -73.793699074997505, 5.052670277586469 ], [ -73.793736387865877, 5.052625357122685 ] ] ] ] } },
{ "type": "Feature", "properties": { "OBJECTID": 3916.0, "codigo": "257360000000000030567000000000", "Shape_Area": 205.19716676100001, "Tipo Documento": "Cédula de Ciudadanía", "No Documento": "3169643", "Nombre del contribuyente": "JAIRO  GIL MAYORGA", "Razon Social": null, "Naturaleza Juridica": "Persona Natural", "Regimen tributario": "No responsable de IVA", "Direccion": "Boitiva sector Las Brisas", "Estado": "ACTIVO" }, "geometry": { "type": "MultiPolygon", "coordinates": [ [ [ [ -73.793386396380896, 5.05252308540647 ], [ -73.793403639398107, 5.052498268442744 ], [ -73.793450266395126, 5.052533006285369 ], [ -73.793512405382231, 5.052579300482143 ], [ -73.793501947467021, 5.052593601740747 ], [ -73.793490099975372, 5.052609802299983 ], [ -73.793438341860451, 5.052680575444068 ], [ -73.793427065536036, 5.052671144208063 ], [ -73.793332509799626, 5.052600643387172 ], [ -73.793381893651144, 5.052529566275362 ], [ -73.793386396380896, 5.05252308540647 ] ] ] ] } },
{ "type": "Feature", "properties": { "OBJECTID": 3922.0, "codigo": "257360000000000030308000000000", "Shape_Area": 263.66729254000001, "Tipo Documento": "Cédula de Ciudadanía", "No Documento": "2264704", "Nombre del contribuyente": "RAUL  ORTIZ FLOREZ", "Razon Social": null, "Naturaleza Juridica": "Persona Natural", "Regimen tributario": "No responsable de IVA", "Direccion": "La playa", "Estado": "ACTIVO" }, "geometry": { "type": "MultiPolygon", "coordinates": [ [ [ [ -73.80036130969556, 5.060148299199391 ], [ -73.800367265108605, 5.060144173670946 ], [ -73.800430441881161, 5.06021709176248 ], [ -73.800298285689124, 5.0603669879319 ], [ -73.800219251905517, 5.06028519016323 ], [ -73.800218411327776, 5.060283315213698 ], [ -73.80036130969556, 5.060148299199391 ] ] ] ] } },
{ "type": "Feature", "properties": { "OBJECTID": 3946.0, "codigo": "257360000000000030768000000000", "Shape_Area": 123.295898831, "Tipo Documento": "Cédula de Ciudadanía", "No Documento": "20922520", "Nombre del contribuyente": "OLGA LUCIA BALLEN MORALES", "Razon Social": null, "Naturaleza Juridica": "Persona Natural", "Regimen tributario": "Regimen Comun", "Direccion": "La playa", "Estado": "ACTIVO" }, "geometry": { "type": "MultiPolygon", "coordinates": [ [ [ [ -73.795287594274313, 5.055360352397565 ], [ -73.795287627676515, 5.055360269217613 ], [ -73.795316775578925, 5.055372133503268 ], [ -73.795358239752275, 5.055389011094588 ], [ -73.795358204545352, 5.05538909698663 ], [ -73.795355867374624, 5.055394732397327 ], [ -73.795352400887552, 5.055403090128029 ], [ -73.795306648663768, 5.055513404215634 ], [ -73.795281237566172, 5.055504094361023 ], [ -73.795273366194451, 5.055501209872962 ], [ -73.795239484131088, 5.055488797334195 ], [ -73.79524898014806, 5.055463393685751 ], [ -73.795251592047109, 5.055456411005871 ], [ -73.795284453394643, 5.055368566487812 ], [ -73.795285762502587, 5.055365069271265 ], [ -73.795287594274313, 5.055360352397565 ] ] ] ] } },
{ "type": "Feature", "properties": { "OBJECTID": 3980.0, "codigo": "257360000000000060175000000000", "Shape_Area": 44073.030164999996, "Tipo Documento": "Cédula de Ciudadanía", "No Documento": "3058565", "Nombre del contribuyente": "EDUARDO  MUÑOZ", "Razon Social": null, "Naturaleza Juridica": "Persona Natural", "Regimen tributario": "Regimen Simplificado", "Direccion": "K 6 3 49", "Estado": "ACTIVO" }, "geometry": { "type": "MultiPolygon", "coordinates": [ [ [ [ -73.767875004147257, 4.982211404363119 ], [ -73.767920190174564, 4.981674128504452 ], [ -73.767921786022356, 4.981655146443594 ], [ -73.767965020897805, 4.981030698102241 ], [ -73.76798520747424, 4.980832855728299 ], [ -73.768004567008404, 4.980643115382796 ], [ -73.768054968407526, 4.979997137472715 ], [ -73.768091016105785, 4.979437286223356 ], [ -73.768105576873069, 4.978909724218556 ], [ -73.768130631524954, 4.978898969541495 ], [ -73.76840246311022, 4.979196976047585 ], [ -73.768835226288488, 4.979717569775011 ], [ -73.769093275778005, 4.979956681422098 ], [ -73.769160734961872, 4.980019190293762 ], [ -73.76934316088348, 4.980191542617948 ], [ -73.769536316570537, 4.98037825549128 ], [ -73.769643643710324, 4.98044290624317 ], [ -73.769702446542482, 4.980504088945609 ], [ -73.769746314758237, 4.980567273986902 ], [ -73.769755827910856, 4.980630442959364 ], [ -73.769748091605678, 4.980649517107083 ], [ -73.769730987782381, 4.980691681486829 ], [ -73.769660338519998, 4.980760555190523 ], [ -73.769603050392362, 4.980827521664251 ], [ -73.769555292323176, 4.980923202834245 ], [ -73.769492233918314, 4.981083956640485 ], [ -73.769448265914164, 4.9812370627696 ], [ -73.769425302519124, 4.981367208909037 ], [ -73.769398548124286, 4.981441845358533 ], [ -73.769358437005053, 4.981506905470399 ], [ -73.769289683109037, 4.981604491157441 ], [ -73.769169404100381, 4.981688654758202 ], [ -73.769058693477362, 4.981717314006233 ], [ -73.768965175130873, 4.981713442303224 ], [ -73.768877372669806, 4.98173062780568 ], [ -73.768705562248286, 4.981814766235627 ], [ -73.768571917490434, 4.981910407902803 ], [ -73.76842490168417, 4.982029011267587 ], [ -73.768316056913775, 4.982149547819574 ], [ -73.768195743685254, 4.982306445801057 ], [ -73.76810596423158, 4.982469100346992 ], [ -73.768092226768431, 4.98249858633093 ], [ -73.768052471155528, 4.982583919746784 ], [ -73.768029541450545, 4.982641331240257 ], [ -73.767918797486416, 4.982740811381024 ], [ -73.767874887216792, 4.982767587474959 ], [ -73.767838972339419, 4.982776738237885 ], [ -73.767875004147257, 4.982211404363119 ] ] ] ] } },
{ "type": "Feature", "properties": { "OBJECTID": 4112.0, "codigo": "257360000000000010073000000000", "Shape_Area": 5147.3536565200002, "Tipo Documento": "Cédula de Ciudadanía", "No Documento": "383840", "Nombre del contribuyente": "JUSTO  MANCERA", "Razon Social": null, "Naturaleza Juridica": "Persona Natural", "Regimen tributario": "Regimen Comun", "Direccion": "VEREDA GOBERNADOR", "Estado": "ACTIVO" }, "geometry": { "type": "MultiPolygon", "coordinates": [ [ [ [ -73.798349012554766, 5.03742981789213 ], [ -73.798357976447534, 5.037390941839764 ], [ -73.798343078005928, 5.03735803742078 ], [ -73.798304329620109, 5.03730418757802 ], [ -73.798292420599793, 5.037256330216465 ], [ -73.798331226400023, 5.037175596587045 ], [ -73.798411802245923, 5.037056000972171 ], [ -73.798462538727051, 5.036972281062191 ], [ -73.798516260778442, 5.03688258236511 ], [ -73.798549094987166, 5.036816799479461 ], [ -73.798578945782239, 5.036754006700464 ], [ -73.798611786350193, 5.036673270492789 ], [ -73.798665497259591, 5.036607496545924 ], [ -73.79874903052611, 5.036547717239223 ], [ -73.798853439594097, 5.036487946859392 ], [ -73.798963808714873, 5.036440141850307 ], [ -73.799003525942254, 5.036423265826626 ], [ -73.79926194455382, 5.036685511630076 ], [ -73.79916227496976, 5.036752082546517 ], [ -73.799029251367415, 5.036840930799923 ], [ -73.798895000770145, 5.036939568329991 ], [ -73.798763701319714, 5.037112975505755 ], [ -73.798641329984534, 5.037331248246285 ], [ -73.798560757967238, 5.037441871536791 ], [ -73.798553187959044, 5.037453846501489 ], [ -73.798504053735897, 5.037531569859391 ], [ -73.798484471988402, 5.0375165954826 ], [ -73.798441443891846, 5.037483690758304 ], [ -73.798393739254394, 5.037450772269638 ], [ -73.798349012554766, 5.03742981789213 ] ] ] ] } },
{ "type": "Feature", "properties": { "OBJECTID": 4139.0, "codigo": "257360000000000010053000000000", "Shape_Area": 6752.6019968000001, "Tipo Documento": "Cédula de Ciudadanía", "No Documento": "79324653", "Nombre del contribuyente": "JULIAN   ACUÑA  AGUIRRE", "Razon Social": null, "Naturaleza Juridica": "Persona Natural", "Regimen tributario": "Regimen Comun", "Direccion": "VDA GOBERNADOR", "Estado": "ACTIVO" }, "geometry": { "type": "MultiPolygon", "coordinates": [ [ [ [ -73.801422121971427, 5.032513825442161 ], [ -73.801314853354256, 5.032372665636691 ], [ -73.801603749331449, 5.031994148616667 ], [ -73.801285285157974, 5.031678748593398 ], [ -73.801338778518669, 5.031609724271086 ], [ -73.801391291161096, 5.031554716915088 ], [ -73.801440230162044, 5.031488941572411 ], [ -73.801465695512178, 5.031431766921456 ], [ -73.801474857909881, 5.031411196415282 ], [ -73.801509486046854, 5.03133464763048 ], [ -73.801521924901962, 5.031317457840347 ], [ -73.80154410208155, 5.03128681002129 ], [ -73.801835629813127, 5.031540102785932 ], [ -73.801863695747898, 5.031564487970072 ], [ -73.801990283424303, 5.031682495202612 ], [ -73.802179957701227, 5.031859314212251 ], [ -73.802198783523835, 5.031876864476489 ], [ -73.802193629893594, 5.031881364754613 ], [ -73.802068704176961, 5.03199045784788 ], [ -73.801993034425777, 5.032015438487378 ], [ -73.801960131042563, 5.032026300456328 ], [ -73.80190524454008, 5.032050203825141 ], [ -73.801886296523989, 5.032166619430055 ], [ -73.80188012788588, 5.032204515581652 ], [ -73.801837124290614, 5.032340875954572 ], [ -73.801798221415169, 5.03237120562627 ], [ -73.801760994114574, 5.032388416576777 ], [ -73.80171517606334, 5.03240705989883 ], [ -73.801670783043704, 5.032444365637494 ], [ -73.801634978360624, 5.032481675010462 ], [ -73.801584858564013, 5.032520414328261 ], [ -73.801537611829048, 5.032533313891035 ], [ -73.801474250091303, 5.032524063291338 ], [ -73.80144886175438, 5.032520356701238 ], [ -73.801422121971427, 5.032513825442161 ] ] ] ] } },
{ "type": "Feature", "properties": { "OBJECTID": 4159.0, "codigo": "257360000000000010312000000000", "Shape_Area": 2450.4838632300002, "Tipo Documento": "Cédula de Ciudadanía", "No Documento": "383840", "Nombre del contribuyente": "JUSTO  MANCERA", "Razon Social": null, "Naturaleza Juridica": "Persona Natural", "Regimen tributario": "Regimen Comun", "Direccion": "VEREDA GOBERNADOR", "Estado": "ACTIVO" }, "geometry": { "type": "MultiPolygon", "coordinates": [ [ [ [ -73.798190462448957, 5.037666554153622 ], [ -73.798223842247992, 5.037719205324814 ], [ -73.798469480749148, 5.037982496741111 ], [ -73.798292017082417, 5.03816177363028 ], [ -73.798180658718948, 5.038274270899279 ], [ -73.798087640938164, 5.038197667537732 ], [ -73.797927846568655, 5.038049257550735 ], [ -73.797818145668813, 5.03792958023189 ], [ -73.798050087445745, 5.037765722391798 ], [ -73.798190462448957, 5.037666554153622 ] ] ] ] } },
{ "type": "Feature", "properties": { "OBJECTID": 4163.0, "codigo": "257360000000000010308000000000", "Shape_Area": 727.30256600600001, "Tipo Documento": "Cédula de Ciudadanía", "No Documento": "1071329135", "Nombre del contribuyente": "LIEZEL XIMENA BERNAL RODRIGUEZ", "Razon Social": null, "Naturaleza Juridica": "Persona Natural", "Regimen tributario": "No responsable de IVA", "Direccion": "CR 6 6 29", "Estado": "ACTIVO" }, "geometry": { "type": "MultiPolygon", "coordinates": [ [ [ [ -73.803273226578085, 5.035039669835506 ], [ -73.803290665534789, 5.035020799238806 ], [ -73.80329112293542, 5.035020303880958 ], [ -73.803310091070202, 5.034999778174138 ], [ -73.803344837261719, 5.034962178895897 ], [ -73.803542332962252, 5.035100076628667 ], [ -73.803506849364595, 5.03513927619916 ], [ -73.803480913523558, 5.035167927635063 ], [ -73.803440126909535, 5.03521298566789 ], [ -73.80343062064766, 5.035223487698323 ], [ -73.803412246585438, 5.035244455855944 ], [ -73.803371522760528, 5.035288135773462 ], [ -73.803193165728047, 5.035131605034865 ], [ -73.803233921752664, 5.035079947502168 ], [ -73.80320168987339, 5.03505677869098 ], [ -73.803216478635534, 5.035039868383127 ], [ -73.803221693315905, 5.035033905888309 ], [ -73.803258907506404, 5.035048277158627 ], [ -73.803273226578085, 5.035039669835506 ] ] ] ] } },
{ "type": "Feature", "properties": { "OBJECTID": 4164.0, "codigo": "257360000000000030226000000000", "Shape_Area": 23306.580118400001, "Tipo Documento": "Cédula de Ciudadanía", "No Documento": "20152873", "Nombre del contribuyente": "MARIA TERESA ROZO DE CORTES", "Razon Social": null, "Naturaleza Juridica": "Persona Natural", "Regimen tributario": "No responsable de IVA", "Direccion": "K 5 4 43", "Estado": "ACTIVO" }, "geometry": { "type": "MultiPolygon", "coordinates": [ [ [ [ -73.791687295152371, 5.046765772081714 ], [ -73.791739567446683, 5.046737161705545 ], [ -73.791836953744749, 5.046696373226991 ], [ -73.791881811854381, 5.046733210139402 ], [ -73.792410320872733, 5.047234931583034 ], [ -73.792148665110716, 5.047588921405848 ], [ -73.792146851752335, 5.047592780110466 ], [ -73.792118096156315, 5.047653986871321 ], [ -73.79210794946674, 5.047668158935949 ], [ -73.792000606803853, 5.047609253450514 ], [ -73.791880988958269, 5.04778377546415 ], [ -73.791853061093789, 5.047824522154062 ], [ -73.791776289483408, 5.047943156287128 ], [ -73.791634855340192, 5.048161711993822 ], [ -73.791633881661411, 5.048163218108972 ], [ -73.791500646136768, 5.048388542367705 ], [ -73.791483900455248, 5.048433014204535 ], [ -73.791481064667366, 5.048440545674247 ], [ -73.791467788557881, 5.048475802535719 ], [ -73.791452155109013, 5.048470092303988 ], [ -73.791288182886888, 5.048410203201501 ], [ -73.79117770893258, 5.048376607218527 ], [ -73.791090034334246, 5.048349944503492 ], [ -73.7910675200892, 5.048342700268067 ], [ -73.790835808056599, 5.048274712207008 ], [ -73.790830102771096, 5.048226858387371 ], [ -73.790782410245015, 5.048165586289818 ], [ -73.790643126462385, 5.048037281369281 ], [ -73.790475219689853, 5.047889822707567 ], [ -73.790370484714046, 5.047780518529124 ], [ -73.790301840400545, 5.047708880325642 ], [ -73.790363644959612, 5.047663094622614 ], [ -73.790572973403471, 5.047508021285301 ], [ -73.79082119695569, 5.047318637369824 ], [ -73.791021681648402, 5.047171341368052 ], [ -73.791201161785708, 5.047043177103695 ], [ -73.791407359241973, 5.046928423390533 ], [ -73.791554372943395, 5.046838526847329 ], [ -73.791687295152371, 5.046765772081714 ] ] ] ] } },
{ "type": "Feature", "properties": { "OBJECTID": 4174.0, "codigo": "257360000000000010008000000000", "Shape_Area": 18299.128378500001, "Tipo Documento": "Cédula de Ciudadanía", "No Documento": "1071328619", "Nombre del contribuyente": "EDISON EDUARDO MUÑOZ CORTES", "Razon Social": null, "Naturaleza Juridica": "Persona Natural", "Regimen tributario": "Regimen Simplificado", "Direccion": "SESQUILE", "Estado": "ACTIVO" }, "geometry": { "type": "MultiPolygon", "coordinates": [ [ [ [ -73.806637756438377, 5.029228281446667 ], [ -73.806400027966433, 5.029455001053445 ], [ -73.806299783411831, 5.029542528945084 ], [ -73.806082113444162, 5.02972762598769 ], [ -73.805963253350811, 5.029829500761741 ], [ -73.805950827649355, 5.029874047219822 ], [ -73.805944252018222, 5.029919831375039 ], [ -73.805943636791838, 5.029966082818831 ], [ -73.805948045785868, 5.030006669173401 ], [ -73.805957048639286, 5.030046485178958 ], [ -73.805970526537124, 5.030085009915054 ], [ -73.805988303846959, 5.030121738714675 ], [ -73.805833108132703, 5.030180615625057 ], [ -73.80579143598149, 5.030196425126078 ], [ -73.805387849905472, 5.029649546755848 ], [ -73.80562550445724, 5.029508520705805 ], [ -73.805775653715443, 5.029419420373515 ], [ -73.805558109330164, 5.029012586504881 ], [ -73.805537248971206, 5.028973697869476 ], [ -73.805917909075333, 5.028707679849978 ], [ -73.805955235994631, 5.02869086747603 ], [ -73.805920902999418, 5.028633430779932 ], [ -73.805813599481098, 5.028484087844545 ], [ -73.805732050799534, 5.028367773054654 ], [ -73.805704769502071, 5.028323488564 ], [ -73.806115708777398, 5.028108324901513 ], [ -73.806466503615454, 5.02794338100949 ], [ -73.806598046625993, 5.027867192309195 ], [ -73.806833064232251, 5.027731070438477 ], [ -73.806885686411093, 5.027788963209828 ], [ -73.806907470060125, 5.027812927791299 ], [ -73.806911713837309, 5.027934952600244 ], [ -73.806908828258202, 5.027989502680216 ], [ -73.806867277555298, 5.028078491051753 ], [ -73.806884450007885, 5.028092853780186 ], [ -73.806852937939965, 5.028137342603256 ], [ -73.806804235321238, 5.028209100376689 ], [ -73.806749809836788, 5.028275114433403 ], [ -73.806725672416448, 5.028295268259127 ], [ -73.806724033366706, 5.028296636672876 ], [ -73.806642298965158, 5.028352278927789 ], [ -73.806552573498138, 5.028407241441328 ], [ -73.806460242018844, 5.028457677792453 ], [ -73.806365531822038, 5.028503463282694 ], [ -73.806268676509276, 5.028544486780724 ], [ -73.806169912383183, 5.028580648007883 ], [ -73.806262830264629, 5.028897945855014 ], [ -73.806346896024948, 5.029153455321677 ], [ -73.806370060906801, 5.029223863004088 ], [ -73.806518678848207, 5.029226315756593 ], [ -73.806552820820087, 5.029226879759657 ], [ -73.806598552800892, 5.029175649962085 ], [ -73.806667305185783, 5.029081888323879 ], [ -73.806749426737824, 5.028968991131208 ], [ -73.806814365798289, 5.028863743411367 ], [ -73.80686403003115, 5.028773802583145 ], [ -73.806904042554308, 5.028697528795072 ], [ -73.807108095730783, 5.028806926730848 ], [ -73.807112555718206, 5.028809317714497 ], [ -73.806637756438377, 5.029228281446667 ] ] ] ] } },
{ "type": "Feature", "properties": { "OBJECTID": 4182.0, "codigo": "257360000000000060329000000000", "Shape_Area": 6212.1180217299998, "Tipo Documento": "Cédula de Ciudadanía", "No Documento": "20652651", "Nombre del contribuyente": "NOHORA JIMENEZ YEMINA", "Razon Social": "COVADONGA PLACA  VQT132  2001", "Naturaleza Juridica": "Persona Natural", "Regimen tributario": "Regimen Comun", "Direccion": "CALLE  4    6  56", "Estado": "ACTIVO" }, "geometry": { "type": "MultiPolygon", "coordinates": [ [ [ [ -73.769846844482728, 4.980584658007404 ], [ -73.769889373310406, 4.980563356584908 ], [ -73.769960006963203, 4.980527979486451 ], [ -73.769967351989678, 4.980524300657994 ], [ -73.77009340011756, 4.980472155905293 ], [ -73.770340486861087, 4.981150160036525 ], [ -73.770664440076729, 4.982236552051985 ], [ -73.770616697579413, 4.982298736664905 ], [ -73.77056417356485, 4.982380061013354 ], [ -73.770552169111795, 4.982543948588738 ], [ -73.770498576833646, 4.982358496589009 ], [ -73.770397335774149, 4.982029467510044 ], [ -73.770230522385361, 4.981628629023 ], [ -73.770021991813579, 4.981155992234569 ], [ -73.769896869352095, 4.980880785107209 ], [ -73.76980382411854, 4.980736150458492 ], [ -73.769787036965482, 4.98071005660969 ], [ -73.769841044273917, 4.980653783599347 ], [ -73.769824264655043, 4.980595967328489 ], [ -73.769846844482728, 4.980584658007404 ] ] ] ] } }
]
}
