{
"type": "FeatureCollection",
"name": "PREDIOS_CONTRIBUYENTES_JURIDICOS",
"crs": { "type": "name", "properties": { "name": "urn:ogc:def:crs:OGC:1.3:CRS84" } },
"features": [
{ "type": "Feature", "properties": { "OBJECTID": 106.0, "codigo": "257360100000000500002000000000", "Shape_Area": 14194.877822599999, "Tipo Documento": "NIT", "No Documento": "800152997", "Nombre del contribuyente": "COOPERATIVA MULTIACTIVA DE SESQUILE \"COOPSESQUILE\"", "Razon Social": "COOPERATIVA MULTIACTIVA DE SESQUILE \"COOPSESQUILE\"", "Naturaleza Juridica": "Persona Jurídica", "Regimen tributario": "No responsable de IVA", "Direccion": "CL 8 CR 10", "Estado": "ACTIVO" }, "geometry": { "type": "MultiPolygon", "coordinates": [ [ [ [ -73.798963561714046, 5.050170591201656 ], [ -73.79898831678716, 5.049874736076228 ], [ -73.798990697381171, 5.049848136069582 ], [ -73.798992338828114, 5.04982978986592 ], [ -73.79903412313179, 5.049362899045123 ], [ -73.799070693630483, 5.048929514269633 ], [ -73.799094331943763, 5.048703508654219 ], [ -73.799096267939959, 5.048611746011754 ], [ -73.799129419440902, 5.048241817246229 ], [ -73.79914142234334, 5.048086598559125 ], [ -73.799157375714117, 5.047774673334316 ], [ -73.799164728352764, 5.047684028836551 ], [ -73.799162286238499, 5.04763037325831 ], [ -73.799166628971335, 5.04752198820292 ], [ -73.799201703533811, 5.047291558697093 ], [ -73.799200744867079, 5.047141479800225 ], [ -73.799210121013587, 5.046994438986066 ], [ -73.79922039682495, 5.046863773797742 ], [ -73.799529775393481, 5.047054602728823 ], [ -73.799603602031922, 5.047100521296157 ], [ -73.799573168490355, 5.047427026107456 ], [ -73.799561428813249, 5.047552978203746 ], [ -73.79955435839193, 5.047647939883758 ], [ -73.799515261183686, 5.047964032327279 ], [ -73.799468108253919, 5.04837920656697 ], [ -73.799405812562, 5.048892483663032 ], [ -73.799355048471895, 5.049333824912132 ], [ -73.799310592381161, 5.049740677518247 ], [ -73.799271743838162, 5.050093245380572 ], [ -73.799227903303162, 5.050495101938822 ], [ -73.798963561714046, 5.050170591201656 ] ] ] ] } },
{ "type": "Feature", "properties": { "OBJECTID": 864.0, "codigo": "257360100000000080005000000000", "Shape_Area": 479.18461883600003, "Tipo Documento": "NIT", "No Documento": "900275140", "Nombre del contribuyente": "ACUASES S.A.", "Razon Social": "ACUASES S.A.", "Naturaleza Juridica": "Persona Jurídica", "Regimen tributario": "Regimen Comun", "Direccion": "CALLE 6 No 6-138", "Estado": "ACTIVO" }, "geometry": { "type": "MultiPolygon", "coordinates": [ [ [ [ -73.798561244949468, 5.044338249458105 ], [ -73.798583980273435, 5.044218275950186 ], [ -73.798596956945801, 5.04414980850303 ], [ -73.798598303649484, 5.044142703595245 ], [ -73.798768835881475, 5.044207739305995 ], [ -73.7987352746255, 5.044357121366852 ], [ -73.798721227064718, 5.044419642754633 ], [ -73.798717116610561, 5.044425803964059 ], [ -73.798711652230367, 5.044433991791935 ], [ -73.798632366065817, 5.044388657975191 ], [ -73.798559579146314, 5.044347041103401 ], [ -73.798561244949468, 5.044338249458105 ] ] ] ] } },
{ "type": "Feature", "properties": { "OBJECTID": 989.0, "codigo": "257360100000000210062000000000", "Shape_Area": 79.371520453800002, "Tipo Documento": "NIT", "No Documento": "900680270", "Nombre del contribuyente": "DEPOSITO DE MATERIALES PARA CONSTRUCCION EL MANANTIAL S.A.S", "Razon Social": "DEPOSITO DE MATERIALES PARA CONSTRUCCION EL MANANTIAL S.A.S", "Naturaleza Juridica": "Persona Jurídica", "Regimen tributario": "Regimen Comun", "Direccion": "CR 7 7 15", "Estado": "ACTIVO" }, "geometry": { "type": "MultiPolygon", "coordinates": [ [ [ [ -73.795001063956732, 5.044165805756318 ], [ -73.795026547218299, 5.044114878318123 ], [ -73.795026943841265, 5.044115165769816 ], [ -73.795125134244529, 5.04416634220017 ], [ -73.795103002454198, 5.044219525867168 ], [ -73.795001063956732, 5.044165805756318 ] ] ] ] } },
{ "type": "Feature", "properties": { "OBJECTID": 1299.0, "codigo": "257360000000000110277000000000", "Shape_Area": 1067.97163699, "Tipo Documento": "NIT", "No Documento": "900373546", "Nombre del contribuyente": "Agropecuaria Takunare S.A.S.", "Razon Social": "Agropecuaria Takunare S.A.S.", "Naturaleza Juridica": "Persona Jurídica", "Regimen tributario": "Regimen Ordinario", "Direccion": "Cl 79 B # 4-84", "Estado": "ACTIVO" }, "geometry": { "type": "MultiPolygon", "coordinates": [ [ [ [ -73.800115015965929, 5.00497274263792 ], [ -73.800150942398687, 5.005006763674721 ], [ -73.800227407796754, 5.005093553624683 ], [ -73.800138080213259, 5.005317331149581 ], [ -73.799883572443719, 5.005169369197041 ], [ -73.79970895600799, 5.005111872741274 ], [ -73.799749044126585, 5.005096098132888 ], [ -73.799780539727564, 5.005088933238449 ], [ -73.799813473311971, 5.00506741425557 ], [ -73.799847834898074, 5.005053073224714 ], [ -73.799880763341079, 5.005041602704623 ], [ -73.79990939960777, 5.005025823230862 ], [ -73.799945190095968, 5.005018661053096 ], [ -73.799989571589322, 5.005004324261294 ], [ -73.800025360866428, 5.005000032294488 ], [ -73.800068311327507, 5.004985694890819 ], [ -73.800115015965929, 5.00497274263792 ] ] ] ] } },
{ "type": "Feature", "properties": { "OBJECTID": 1311.0, "codigo": "257360000000000030623000000000", "Shape_Area": 12990.7255424, "Tipo Documento": "NIT", "No Documento": "900293978", "Nombre del contribuyente": "GASBIO SAS", "Razon Social": "GASBIO SAS", "Naturaleza Juridica": "Persona Jurídica", "Regimen tributario": "Responsable de IVA", "Direccion": "AUT NORTE  KM 44 SESQUILE", "Estado": "ACTIVO" }, "geometry": { "type": "MultiPolygon", "coordinates": [ [ [ [ -73.791976041337605, 5.058166201658475 ], [ -73.791981021548708, 5.058160917386495 ], [ -73.792105900301806, 5.058028444500783 ], [ -73.792289242522486, 5.05780457834542 ], [ -73.792510776971938, 5.057544360277314 ], [ -73.79255929899, 5.057488204539326 ], [ -73.793419795318584, 5.058188938768368 ], [ -73.79351099913633, 5.058263209021781 ], [ -73.793357409901418, 5.058417088564479 ], [ -73.793236163120426, 5.058538565344428 ], [ -73.793173920705073, 5.058599965405208 ], [ -73.793081005895502, 5.058691623031824 ], [ -73.792891957553792, 5.058869070711121 ], [ -73.792682047921161, 5.058734993770291 ], [ -73.792525579093279, 5.058614338198365 ], [ -73.792382470516714, 5.058497515415946 ], [ -73.792151587303309, 5.05831174813583 ], [ -73.791976041337605, 5.058166201658475 ] ] ] ] } },
{ "type": "Feature", "properties": { "OBJECTID": 1329.0, "codigo": "257360000000000040233000000000", "Shape_Area": 2449.29479464, "Tipo Documento": "NIT", "No Documento": "900105251", "Nombre del contribuyente": "SABHA GOURMET SAS", "Razon Social": "SABHA GOURMET SAS", "Naturaleza Juridica": "Persona Jurídica", "Regimen tributario": "Regimen Comun", "Direccion": "FINCA EL SOL VEREDA NESCUATA", "Estado": "ACTIVO" }, "geometry": { "type": "MultiPolygon", "coordinates": [ [ [ [ -73.778532463761977, 5.058156067918109 ], [ -73.778586198332562, 5.058076526328618 ], [ -73.778685051161418, 5.057918659947647 ], [ -73.779148785671978, 5.058560639565997 ], [ -73.778936271858342, 5.058732215993325 ], [ -73.778532463761977, 5.058156067918109 ] ] ] ] } },
{ "type": "Feature", "properties": { "OBJECTID": 1768.0, "codigo": "257360000000000030227000000000", "Shape_Area": 13685.1874073, "Tipo Documento": "Cédula de Ciudadanía", "No Documento": "3059271", "Nombre del contribuyente": "INVERSIONES JJ MOTORES & ALQUILERES S.A.S", "Razon Social": "INVERSIONES JJ MOTORES & ALQUILERES S.A.S", "Naturaleza Juridica": "Persona Jurídica", "Regimen tributario": "Regimen Simplificado", "Direccion": "CR 6 4 49", "Estado": "ACTIVO" }, "geometry": { "type": "MultiPolygon", "coordinates": [ [ [ [ -73.792118096156315, 5.047653986871321 ], [ -73.792146851752335, 5.047592780110466 ], [ -73.792148665110716, 5.047588921405848 ], [ -73.792410320872733, 5.047234931583034 ], [ -73.791881811854381, 5.046733210139402 ], [ -73.791836953744749, 5.046696373226991 ], [ -73.79184456884127, 5.046693184439373 ], [ -73.791961876285527, 5.046646190434792 ], [ -73.791968660638716, 5.046643472414521 ], [ -73.792167207451001, 5.046563168457052 ], [ -73.792205394897067, 5.04653447408473 ], [ -73.792263085841739, 5.046485411047092 ], [ -73.79238350000071, 5.046615710340725 ], [ -73.792485662002562, 5.046517179635758 ], [ -73.792513452795404, 5.046490678102268 ], [ -73.79264309888984, 5.04660146776775 ], [ -73.792802440640898, 5.046693414210585 ], [ -73.792831090823285, 5.046650360045603 ], [ -73.792902166210681, 5.046710280388617 ], [ -73.793220553431041, 5.047026243369165 ], [ -73.793268248305878, 5.047082490169693 ], [ -73.793367466332981, 5.047182072201172 ], [ -73.793449902418857, 5.04726480903309 ], [ -73.793160237843026, 5.047757804161876 ], [ -73.793089997587302, 5.047711874448788 ], [ -73.792700356510323, 5.047457092317427 ], [ -73.792450419054276, 5.047774722361782 ], [ -73.792423644827551, 5.047808748915709 ], [ -73.792415792292829, 5.047818728808656 ], [ -73.7923195461982, 5.047765467385247 ], [ -73.792224984234394, 5.047713138104912 ], [ -73.792118096156315, 5.047653986871321 ] ] ] ] } },
{ "type": "Feature", "properties": { "OBJECTID": 1864.0, "codigo": "257360000000000040323000000000", "Shape_Area": 235789.27049299999, "Tipo Documento": "NIT", "No Documento": "900237474", "Nombre del contribuyente": "INVERSIONES Y REPRESENTACIONES ROCHA PEREZ Y CIA S.A.S", "Razon Social": "INVERSIONES Y REPRESENTACIONES ROCHA PEREZ Y CIA S.A.S", "Naturaleza Juridica": "Persona Jurídica", "Regimen tributario": "Regimen Comun", "Direccion": "CR 7 95 03 AP 601 BOGOTA", "Estado": "ACTIVO" }, "geometry": { "type": "MultiPolygon", "coordinates": [ [ [ [ -73.810535430615971, 5.083105087007539 ], [ -73.810525894446286, 5.08310127238823 ], [ -73.810516357607625, 5.083101272961532 ], [ -73.810503005801223, 5.083097457666485 ], [ -73.810491562031189, 5.08308982887247 ], [ -73.810470580958423, 5.083074569360403 ], [ -73.810455322221515, 5.083063125601706 ], [ -73.810417175279582, 5.083040237636484 ], [ -73.810405730842263, 5.083036423129458 ], [ -73.810394287074843, 5.083028793429524 ], [ -73.810382843307693, 5.083021163729412 ], [ -73.810348510435716, 5.083002090724509 ], [ -73.81033515907049, 5.082990645944691 ], [ -73.810316085603361, 5.082979202411127 ], [ -73.810251236408547, 5.082941055261595 ], [ -73.810228348210444, 5.08292961104905 ], [ -73.810205459781841, 5.082914352546992 ], [ -73.810062408496435, 5.082830428627886 ], [ -73.810039520075406, 5.08281517012028 ], [ -73.809715270740284, 5.082624435082379 ], [ -73.809627532541995, 5.082574844546898 ], [ -73.80961227383267, 5.082563399865174 ], [ -73.809597015351045, 5.08255577128033 ], [ -73.809459685876917, 5.082479477284172 ], [ -73.809444427172934, 5.082468032598728 ], [ -73.809421539006848, 5.082456588359032 ], [ -73.809408187895784, 5.082448959658403 ], [ -73.809398651516659, 5.082441329830375 ], [ -73.809368133890075, 5.082429886034568 ], [ -73.809352875188935, 5.082418441347104 ], [ -73.809333800855143, 5.082406997785715 ], [ -73.809072494300921, 5.082250595502346 ], [ -73.809053420879465, 5.082239151029221 ], [ -73.809041977142797, 5.082231521306695 ], [ -73.808990478300331, 5.082201003649061 ], [ -73.808874130658069, 5.082136153899846 ], [ -73.808851242514507, 5.082124709640948 ], [ -73.808839797880154, 5.082117080818953 ], [ -73.808830261512838, 5.082109450983046 ], [ -73.808807373370669, 5.082098007626944 ], [ -73.808795928961018, 5.082094192188345 ], [ -73.808769225645548, 5.082075118664988 ], [ -73.808759689502438, 5.082071304020784 ], [ -73.808748245093213, 5.082067489485662 ], [ -73.808736801362969, 5.082059860662308 ], [ -73.808652877592252, 5.082017898358641 ], [ -73.808631897043313, 5.082010269175698 ], [ -73.808622360000214, 5.082006454529158 ], [ -73.808612823637176, 5.081998824690229 ], [ -73.80859565691587, 5.081991195287399 ], [ -73.80856895473427, 5.081975936949243 ], [ -73.808559417692109, 5.081972122301851 ], [ -73.808549881330336, 5.081964492462028 ], [ -73.808532714610749, 5.081956863057597 ], [ -73.808519363299737, 5.081945419146933 ], [ -73.808498382533244, 5.081933975671491 ], [ -73.808418274203802, 5.081888198833155 ], [ -73.808399200805269, 5.081876754341735 ], [ -73.808383941453329, 5.081869125729227 ], [ -73.808334350937969, 5.081838607913895 ], [ -73.808319091588132, 5.081830978395648 ], [ -73.808292388518211, 5.081815720046289 ], [ -73.808219909892301, 5.0817737579441 ], [ -73.80820465054542, 5.081766128423287 ], [ -73.808181762427651, 5.081754684141828 ], [ -73.808170318709927, 5.081747055308995 ], [ -73.808156967409815, 5.081735611391345 ], [ -73.808145523010893, 5.081731795941674 ], [ -73.808130264567794, 5.081724166419598 ], [ -73.808116913268876, 5.081712722501144 ], [ -73.808103561287624, 5.081705093774598 ], [ -73.808084487900331, 5.081693649274392 ], [ -73.808006286775836, 5.081644057991793 ], [ -73.807994842160412, 5.081636429155663 ], [ -73.807981491084448, 5.08162879952281 ], [ -73.807954788031651, 5.081613540255959 ], [ -73.807888030637741, 5.081571578700554 ], [ -73.807729721316406, 5.081476211380648 ], [ -73.807706833217878, 5.081464767083219 ], [ -73.807613373036588, 5.081411361415825 ], [ -73.807594299666704, 5.081399917806237 ], [ -73.807537078660118, 5.081365585165317 ], [ -73.807514190353132, 5.081350326573298 ], [ -73.807409286289868, 5.081285476841653 ], [ -73.807394027651242, 5.081274033014978 ], [ -73.807373046928006, 5.081262588600634 ], [ -73.807361602542258, 5.081258774042 ], [ -73.807344436543701, 5.081247329415535 ], [ -73.807332992845247, 5.08123970056874 ], [ -73.807287216466023, 5.081212997658369 ], [ -73.80720901477568, 5.081167221476646 ], [ -73.807189941420916, 5.081155776951498 ], [ -73.807178497726341, 5.081148147197837 ], [ -73.807153701386184, 5.081136703890766 ], [ -73.807144165053813, 5.081129074031521 ], [ -73.807132721360304, 5.081121444277096 ], [ -73.807117462042143, 5.081113815636229 ], [ -73.807096481115678, 5.081098556925366 ], [ -73.807088852359058, 5.081094742152778 ], [ -73.80707931533945, 5.081090927484546 ], [ -73.807056427266815, 5.081079483165231 ], [ -73.807031631620561, 5.081064224661827 ], [ -73.806827545260106, 5.080957413161937 ], [ -73.806812286640238, 5.080945968418084 ], [ -73.806797027542203, 5.08094215405792 ], [ -73.806768416974791, 5.080923080560683 ], [ -73.80675888065025, 5.080915450696114 ], [ -73.806747436274705, 5.080911636127064 ], [ -73.806735992801123, 5.0809078215582 ], [ -73.806718825921251, 5.080896377819962 ], [ -73.80670928959772, 5.080888747954687 ], [ -73.806686401538897, 5.08087730452721 ], [ -73.806674957644617, 5.080865859572945 ], [ -73.806657790977738, 5.080858231025378 ], [ -73.806642532363341, 5.080846786277743 ], [ -73.806623459028174, 5.080835342641047 ], [ -73.80661201444444, 5.080827712877543 ], [ -73.806596756041984, 5.080820083321056 ], [ -73.806468963419547, 5.080747604301322 ], [ -73.806453705020786, 5.080739974741614 ], [ -73.806432724332183, 5.080728531202594 ], [ -73.806169510239158, 5.080575943102709 ], [ -73.806146621300172, 5.080564498752406 ], [ -73.806072235394112, 5.080518722236555 ], [ -73.806056976103591, 5.08051109357186 ], [ -73.806037902789583, 5.08049964901454 ], [ -73.806003570187144, 5.080480575790792 ], [ -73.805971146055086, 5.080465316751788 ], [ -73.805421829035893, 5.080156326103245 ], [ -73.805398941027349, 5.080144882632419 ], [ -73.805368423383854, 5.080129623464273 ], [ -73.805358887088062, 5.08012199358033 ], [ -73.805347442735822, 5.080118178987541 ], [ -73.805320739810696, 5.080102920521873 ], [ -73.805311202817137, 5.08009910582873 ], [ -73.805294036683904, 5.080083846863356 ], [ -73.805274963802489, 5.080080032668374 ], [ -73.805255889613974, 5.080068588088817 ], [ -73.805046081107079, 5.079965591544727 ], [ -73.805027007828045, 5.079954146959144 ], [ -73.804996490404235, 5.079942702966035 ], [ -73.804973602411366, 5.079931259480857 ], [ -73.80495834314894, 5.079923629887191 ], [ -73.804939270073731, 5.079916000490886 ], [ -73.804929733085402, 5.079912185792346 ], [ -73.804918288739728, 5.079908371192262 ], [ -73.804887772021388, 5.079893112002865 ], [ -73.804870605403579, 5.079885482505725 ], [ -73.804637909136773, 5.079790115590802 ], [ -73.804330826055576, 5.07966041565494 ], [ -73.804309844737872, 5.079652786337283 ], [ -73.804298401302745, 5.079648971727005 ], [ -73.804262161443518, 5.079629898512072 ], [ -73.804241180832605, 5.079618454001104 ], [ -73.804059982361252, 5.079538345040785 ], [ -73.804039001051081, 5.079530715714682 ], [ -73.80402374271182, 5.079523086100339 ], [ -73.803995132683895, 5.079511642870024 ], [ -73.803979873443822, 5.079504013254284 ], [ -73.803955078130159, 5.07949256892623 ], [ -73.803947853592859, 5.079490504991368 ], [ -73.803903994857336, 5.079469990709673 ], [ -73.803948803089099, 5.079231951345991 ], [ -73.804039967726339, 5.078747650562985 ], [ -73.804055768608976, 5.078661902711906 ], [ -73.804159543992185, 5.07809870809747 ], [ -73.804315425348221, 5.077276476833819 ], [ -73.80457205720721, 5.075922811673982 ], [ -73.804629449339686, 5.075621367933423 ], [ -73.807317788025756, 5.076721370483689 ], [ -73.806901483704507, 5.078949623966348 ], [ -73.809895667697361, 5.081009681378521 ], [ -73.810999449256485, 5.08176909769974 ], [ -73.8114337922662, 5.082117080846896 ], [ -73.811414718907841, 5.082136154371693 ], [ -73.811351776305301, 5.082201003872071 ], [ -73.811332702278037, 5.082223892587234 ], [ -73.811325073293261, 5.082231521634313 ], [ -73.811307907293681, 5.082250595038357 ], [ -73.811292648658494, 5.082269668324843 ], [ -73.811229705366046, 5.08233833300476 ], [ -73.811201095214258, 5.08237266516712 ], [ -73.811172485724043, 5.082403183039278 ], [ -73.811159133973163, 5.082414626722938 ], [ -73.811149596953115, 5.082426071077317 ], [ -73.811088562371083, 5.082502365107731 ], [ -73.811079025112235, 5.082509994267554 ], [ -73.811061859097947, 5.082529067664125 ], [ -73.811048507814661, 5.082548141731881 ], [ -73.811042785287086, 5.082555770658502 ], [ -73.811033248928723, 5.082563399817942 ], [ -73.811021804537972, 5.082574844286425 ], [ -73.810911178283661, 5.082693100304073 ], [ -73.8109035495239, 5.082704543634482 ], [ -73.810894012259538, 5.082712173695557 ], [ -73.810886383498868, 5.082723617930035 ], [ -73.81086921657139, 5.082742691320378 ], [ -73.810857773076762, 5.082754134881633 ], [ -73.810834884517021, 5.082780838100263 ], [ -73.810823440119293, 5.082792281660474 ], [ -73.810813903989512, 5.082803726009545 ], [ -73.810783386427872, 5.082838058266193 ], [ -73.810773849629598, 5.082853316903144 ], [ -73.810762405229127, 5.082864761366382 ], [ -73.810750961730079, 5.082876205829796 ], [ -73.81073761019654, 5.082891463792544 ], [ -73.810708999759598, 5.082921981640937 ], [ -73.81069564798949, 5.082933426218101 ], [ -73.810680389319927, 5.08295249948789 ], [ -73.8106746676862, 5.082960128411102 ], [ -73.810659409015003, 5.082979202584593 ], [ -73.810649871978086, 5.082990646026216 ], [ -73.810638427572982, 5.083002090486993 ], [ -73.81061744726469, 5.083028793582119 ], [ -73.810607909992612, 5.083036422734136 ], [ -73.810600280321111, 5.083047866964279 ], [ -73.810581207144253, 5.083070754749998 ], [ -73.810569762736534, 5.08308219920939 ], [ -73.810560226597929, 5.083093643554133 ], [ -73.810548781956484, 5.08310127281997 ], [ -73.810535430615971, 5.083105087007539 ] ] ] ] } },
{ "type": "Feature", "properties": { "OBJECTID": 1950.0, "codigo": "257360000000000030792000000000", "Shape_Area": 1689.8360718, "Tipo Documento": "NIT", "No Documento": "900161647", "Nombre del contribuyente": "ESTACION DE SERVICIO EL DORADO LA PLAYA SAS", "Razon Social": "ESTACION DE SERVICIO EL DORADO LA PLAYA SAS", "Naturaleza Juridica": "Persona Jurídica", "Regimen tributario": "Regimen Ordinario", "Direccion": "VDA BOITIVA SECTOR LA PLAYA", "Estado": "ACTIVO" }, "geometry": { "type": "MultiPolygon", "coordinates": [ [ [ [ -73.799886336492023, 5.056350746639053 ], [ -73.79995252615295, 5.056005454359966 ], [ -73.800071406901978, 5.056002312200349 ], [ -73.800219760293942, 5.05599839137244 ], [ -73.800186317506842, 5.05608929513292 ], [ -73.800285890605721, 5.056349890348795 ], [ -73.80033170110255, 5.056469781508986 ], [ -73.80035077913648, 5.056493715329448 ], [ -73.800326918536356, 5.056496097875012 ], [ -73.799920021762333, 5.056361859395249 ], [ -73.799886336492023, 5.056350746639053 ] ] ] ] } },
{ "type": "Feature", "properties": { "OBJECTID": 2046.0, "codigo": "257360000000000030622000000000", "Shape_Area": 23008.124241199999, "Tipo Documento": "NIT", "No Documento": "900293978", "Nombre del contribuyente": "GASBIO SAS", "Razon Social": "GASBIO SAS", "Naturaleza Juridica": "Persona Jurídica", "Regimen tributario": "Responsable de IVA", "Direccion": "AUT NORTE  KM 44 SESQUILE", "Estado": "ACTIVO" }, "geometry": { "type": "MultiPolygon", "coordinates": [ [ [ [ -73.79255929899, 5.057488204539326 ], [ -73.792621543292952, 5.057416165587327 ], [ -73.792724687483641, 5.057257342914584 ], [ -73.79284883477942, 5.057085129708488 ], [ -73.792982528936463, 5.056903351490311 ], [ -73.793041747691319, 5.056798102999206 ], [ -73.793110520097429, 5.056669889780422 ], [ -73.793209870141112, 5.056457470013845 ], [ -73.793617936515858, 5.056410110424991 ], [ -73.793633779662784, 5.056419332056757 ], [ -73.794040620431019, 5.056656154101406 ], [ -73.794075492871656, 5.056676453432828 ], [ -73.794112629270927, 5.056689468808385 ], [ -73.794143434031383, 5.05717996535066 ], [ -73.794169503981365, 5.05758432639034 ], [ -73.793880665772193, 5.057888060690841 ], [ -73.793572735779478, 5.058201355654592 ], [ -73.79351099913633, 5.058263209021781 ], [ -73.793419795318584, 5.058188938768368 ], [ -73.79255929899, 5.057488204539326 ] ] ] ] } },
{ "type": "Feature", "properties": { "OBJECTID": 2298.0, "codigo": "257360000000000080114000000000", "Shape_Area": 25863.761866600002, "Tipo Documento": "NIT", "No Documento": "901269819", "Nombre del contribuyente": "BETTY BERRY S.A.S.", "Razon Social": "BETTY BERRY S.A.S.", "Naturaleza Juridica": "Persona Jurídica", "Regimen tributario": "Regimen Comun", "Direccion": "CL 79 A 18 41 OF  402", "Estado": "ACTIVO" }, "geometry": { "type": "MultiPolygon", "coordinates": [ [ [ [ -73.723936336534408, 4.992413803240417 ], [ -73.723966412978541, 4.992386184530135 ], [ -73.724470623748445, 4.993316641838432 ], [ -73.724418707371797, 4.993355849876437 ], [ -73.724361435248497, 4.993382615702477 ], [ -73.723748526871887, 4.993845491355425 ], [ -73.723486952365832, 4.994025272896536 ], [ -73.723265484803491, 4.994157224001705 ], [ -73.723057380960128, 4.994279612211161 ], [ -73.722801557482313, 4.994413458957419 ], [ -73.722669834666135, 4.994466981913685 ], [ -73.722543849843831, 4.9944994526101 ], [ -73.722430834312192, 4.994521564498183 ], [ -73.722426824229942, 4.994458296851065 ], [ -73.722422073937665, 4.994420012345998 ], [ -73.722394652754971, 4.99439248287615 ], [ -73.722345786462242, 4.994314697099496 ], [ -73.722323143255352, 4.994274011080511 ], [ -73.722321969621078, 4.994238122148999 ], [ -73.722327950450278, 4.994208218020175 ], [ -73.722318421295441, 4.994183090060627 ], [ -73.722313665602002, 4.994153180120933 ], [ -73.722312488749424, 4.994123272118165 ], [ -73.722307722112092, 4.994113699506797 ], [ -73.722239750543849, 4.994072988950705 ], [ -73.722165818115357, 4.994025096958933 ], [ -73.722131250873446, 4.993976029909526 ], [ -73.722118514242538, 4.993944473468644 ], [ -73.722217816518921, 4.993872354565045 ], [ -73.72262832948222, 4.99356632569599 ], [ -73.722771544303328, 4.993437202706871 ], [ -73.723162978233745, 4.993116807649908 ], [ -73.723487585741552, 4.992844227363547 ], [ -73.723774016346482, 4.992581197263308 ], [ -73.723936336534408, 4.992413803240417 ] ] ] ] } },
{ "type": "Feature", "properties": { "OBJECTID": 2327.0, "codigo": "257360000000000080054000000000", "Shape_Area": 27435.007124100001, "Tipo Documento": "NIT", "No Documento": "901269819", "Nombre del contribuyente": "BETTY BERRY S.A.S.", "Razon Social": "BETTY BERRY S.A.S.", "Naturaleza Juridica": "Persona Jurídica", "Regimen tributario": "Regimen Comun", "Direccion": "CL 79 A 18 41 OF  402", "Estado": "ACTIVO" }, "geometry": { "type": "MultiPolygon", "coordinates": [ [ [ [ -73.719595039618454, 4.997620113532868 ], [ -73.7196197396445, 4.997634009566067 ], [ -73.719840509576798, 4.99747502320362 ], [ -73.720007583441628, 4.997343522114178 ], [ -73.720155557552175, 4.997238328827012 ], [ -73.720283246757305, 4.997145087216817 ], [ -73.720351267071862, 4.997096076846206 ], [ -73.720416900561816, 4.997050413728856 ], [ -73.720453714242282, 4.997355489174013 ], [ -73.720496450622974, 4.997738326245 ], [ -73.720522551985894, 4.998000328464024 ], [ -73.720567673035561, 4.998385559560155 ], [ -73.720590216543187, 4.998610475186915 ], [ -73.720608047159828, 4.998726525217631 ], [ -73.720462497801563, 4.998757789333153 ], [ -73.72027043275547, 4.99877802113935 ], [ -73.7201654557864, 4.998783945767761 ], [ -73.719938795793468, 4.998807747719777 ], [ -73.719738380041932, 4.998827975718074 ], [ -73.71961669311132, 4.998853031194295 ], [ -73.719437724947468, 4.998918730017301 ], [ -73.719310044371227, 4.998995223204119 ], [ -73.719201449753058, 4.999074118623085 ], [ -73.719143483194699, 4.999128040081461 ], [ -73.719110199844167, 4.999089170274051 ], [ -73.719084474987454, 4.99901307164994 ], [ -73.719041566421168, 4.99894844802419 ], [ -73.718965764368491, 4.998827820441965 ], [ -73.718898537144568, 4.998734472525318 ], [ -73.718842752091163, 4.998656922355315 ], [ -73.718794123996105, 4.99858081209806 ], [ -73.71875837543277, 4.998510450177124 ], [ -73.718734618371599, 4.998435608668064 ], [ -73.718743232091413, 4.998389675806481 ], [ -73.71875185518094, 4.998326516359267 ], [ -73.71874758469599, 4.998283447546578 ], [ -73.718711831465654, 4.998221698916649 ], [ -73.718710430019087, 4.998165712182877 ], [ -73.718703441572913, 4.998131351936357 ], [ -73.718753795780543, 4.998104152430304 ], [ -73.718843291165243, 4.998050368515323 ], [ -73.719064040681204, 4.997927869343504 ], [ -73.71943693178514, 4.997715731119412 ], [ -73.719595039618454, 4.997620113532868 ] ] ] ] } },
{ "type": "Feature", "properties": { "OBJECTID": 2395.0, "codigo": "257360000000000110109000000000", "Shape_Area": 16263.595830599999, "Tipo Documento": "NIT", "No Documento": "900373546", "Nombre del contribuyente": "Agropecuaria Takunare S.A.S.", "Razon Social": "Agropecuaria Takunare S.A.S.", "Naturaleza Juridica": "Persona Jurídica", "Regimen tributario": "Regimen Ordinario", "Direccion": "Cl 79 B # 4-84", "Estado": "ACTIVO" }, "geometry": { "type": "MultiPolygon", "coordinates": [ [ [ [ -73.797517809335432, 5.01254903125874 ], [ -73.797522356965544, 5.012542197682049 ], [ -73.797767181700905, 5.011890317894008 ], [ -73.79802266374557, 5.011280186341261 ], [ -73.79834550963939, 5.01048972646698 ], [ -73.798824469123304, 5.010792734772333 ], [ -73.798807429122789, 5.010831157107088 ], [ -73.798754995548393, 5.010933048200761 ], [ -73.798695423452557, 5.011069977467247 ], [ -73.798646950671468, 5.011209117925207 ], [ -73.798590842114095, 5.011343806016995 ], [ -73.798562670324898, 5.01143306546767 ], [ -73.798527378049528, 5.011557345013465 ], [ -73.798465409341517, 5.011668075960308 ], [ -73.79841729789409, 5.011784220464871 ], [ -73.798352656849218, 5.011923679535847 ], [ -73.798302472109413, 5.01201687227589 ], [ -73.798262771968325, 5.012094723695115 ], [ -73.798208183277552, 5.012238581886505 ], [ -73.798188931491765, 5.012293434195001 ], [ -73.798164793626469, 5.012362206856556 ], [ -73.798128054642191, 5.012495447261208 ], [ -73.798126626999206, 5.012500172468124 ], [ -73.798077188622912, 5.012663840400714 ], [ -73.798046194429887, 5.012773969613582 ], [ -73.797991791197546, 5.012926753194526 ], [ -73.797942297211506, 5.013028048625895 ], [ -73.79791398279329, 5.01309818496496 ], [ -73.797850117353221, 5.013084136643047 ], [ -73.797811955690918, 5.013055409129022 ], [ -73.797764264131828, 5.012997965441235 ], [ -73.797707046086899, 5.012897451792947 ], [ -73.797678947520367, 5.012848089980048 ], [ -73.797611684519623, 5.012729929338381 ], [ -73.797525868047259, 5.012557624554795 ], [ -73.797517809335432, 5.01254903125874 ] ] ] ] } },
{ "type": "Feature", "properties": { "OBJECTID": 2443.0, "codigo": "257360000000000040322000000000", "Shape_Area": 219659.48212500001, "Tipo Documento": "NIT", "No Documento": "860535202", "Nombre del contribuyente": "LUTRY S.A.S.", "Razon Social": "LUTRY S.A.S.", "Naturaleza Juridica": "Persona Jurídica", "Regimen tributario": "Regimen Comun", "Direccion": "CARRERA 6 80 34", "Estado": "ACTIVO" }, "geometry": { "type": "MultiPolygon", "coordinates": [ [ [ [ -73.806901483704507, 5.078949623966348 ], [ -73.807317788025756, 5.076721370483689 ], [ -73.809309809365061, 5.077559612825274 ], [ -73.81136149875131, 5.078373946395617 ], [ -73.813321250692255, 5.079162123823266 ], [ -73.813912837400736, 5.079482925240775 ], [ -73.813399091161386, 5.080031698961006 ], [ -73.813064575105699, 5.08038902277461 ], [ -73.813055038149457, 5.080400467161208 ], [ -73.813045501846233, 5.080408096353817 ], [ -73.813037872249609, 5.080419540617592 ], [ -73.813014984516528, 5.080442428730688 ], [ -73.813007354918952, 5.080453872994023 ], [ -73.812997817712557, 5.080461502185478 ], [ -73.81293678303976, 5.080530166932429 ], [ -73.81291770911858, 5.080553054796845 ], [ -73.812896728489292, 5.08057212849319 ], [ -73.812868118504682, 5.080606460740069 ], [ -73.812700271938539, 5.08077812172297 ], [ -73.812683105116349, 5.08079719516825 ], [ -73.812627792626287, 5.080854415744526 ], [ -73.812612533817116, 5.080869674777072 ], [ -73.812583923558563, 5.080900191815523 ], [ -73.812572479224627, 5.080911636315076 ], [ -73.812557220412799, 5.080926895346152 ], [ -73.812387466395592, 5.081113815325058 ], [ -73.812374114936858, 5.08112907423075 ], [ -73.812353134272996, 5.081148147907273 ], [ -73.81234169017506, 5.081163406691798 ], [ -73.812324523989886, 5.081178664932694 ], [ -73.812311172528325, 5.081193923836882 ], [ -73.812301635546817, 5.081205368210759 ], [ -73.812290191202848, 5.081216811800366 ], [ -73.812250137055358, 5.08126640279914 ], [ -73.812238693610851, 5.081277847292342 ], [ -73.812225342145211, 5.081293106194509 ], [ -73.812196731849625, 5.081323623213495 ], [ -73.812189102226938, 5.081335067465552 ], [ -73.812164307068656, 5.081357955664437 ], [ -73.812149048236677, 5.081373214684577 ], [ -73.812007903815854, 5.081521988050002 ], [ -73.811990738097549, 5.081544875764147 ], [ -73.811969757408988, 5.081563949426673 ], [ -73.811960220415926, 5.081575393794747 ], [ -73.811941147088987, 5.081594467337095 ], [ -73.811664581348296, 5.081869125127594 ], [ -73.811649322492542, 5.08188438413444 ], [ -73.811641692853414, 5.081895828378967 ], [ -73.811626433996494, 5.08191108738519 ], [ -73.811481475749602, 5.082063675146321 ], [ -73.811468124011142, 5.082075118837112 ], [ -73.811445236641546, 5.082105636370156 ], [ -73.8114337922662, 5.082117080846896 ], [ -73.810999449256485, 5.08176909769974 ], [ -73.809895667697361, 5.081009681378521 ], [ -73.806901483704507, 5.078949623966348 ] ] ] ] } },
{ "type": "Feature", "properties": { "OBJECTID": 3007.0, "codigo": "257360000000000110201000000000", "Shape_Area": 17467.9882449, "Tipo Documento": "NIT", "No Documento": "900373546", "Nombre del contribuyente": "Agropecuaria Takunare S.A.S.", "Razon Social": "Agropecuaria Takunare S.A.S.", "Naturaleza Juridica": "Persona Jurídica", "Regimen tributario": "Regimen Ordinario", "Direccion": "Cl 79 B # 4-84", "Estado": "ACTIVO" }, "geometry": { "type": "MultiPolygon", "coordinates": [ [ [ [ -73.79834550963939, 5.01048972646698 ], [ -73.798309308686981, 5.010466823448374 ], [ -73.797941991414248, 5.010232191529917 ], [ -73.797944830982303, 5.010206657415309 ], [ -73.797951570989795, 5.01014606204464 ], [ -73.798109120391331, 5.009945150091372 ], [ -73.798119180973401, 5.00992387555011 ], [ -73.798195087041904, 5.00976334953932 ], [ -73.79832880073802, 5.009509790457181 ], [ -73.798462508239638, 5.009270586934952 ], [ -73.79860098554326, 5.009036170912012 ], [ -73.798690273384622, 5.008804470276248 ], [ -73.799304772656143, 5.009266015405004 ], [ -73.799248801065787, 5.009416610995526 ], [ -73.799191826405007, 5.009617004479431 ], [ -73.799164946417562, 5.00972246034648 ], [ -73.799137592870622, 5.009838912172173 ], [ -73.799124070910537, 5.009914848662721 ], [ -73.79910093554281, 5.00997182715091 ], [ -73.799095440177666, 5.009980921966071 ], [ -73.799069688255926, 5.010062848690189 ], [ -73.799042231026107, 5.010147225311779 ], [ -73.798993849684422, 5.010305030383853 ], [ -73.798959213310866, 5.010435242384197 ], [ -73.798922571633128, 5.010573610219681 ], [ -73.798865501767906, 5.010700213585347 ], [ -73.798837589172834, 5.010763152006391 ], [ -73.798824469123304, 5.010792734772333 ], [ -73.79834550963939, 5.01048972646698 ] ] ] ] } },
{ "type": "Feature", "properties": { "OBJECTID": 3144.0, "codigo": "257360000000000010004000000000", "Shape_Area": 23497.640264400001, "Tipo Documento": "NIT", "No Documento": "900572680", "Nombre del contribuyente": "RUEDA GIRALDO Y CIA S EN C", "Razon Social": "RUEDA GIRALDO Y CIA S EN C", "Naturaleza Juridica": "Persona Jurídica", "Regimen tributario": "Responsable de IVA", "Direccion": "VEREDA GOBERNADOR", "Estado": "ACTIVO" }, "geometry": { "type": "MultiPolygon", "coordinates": [ [ [ [ -73.807101648555275, 5.031439345680346 ], [ -73.806954743023894, 5.031278501989688 ], [ -73.806786859371584, 5.03107553949696 ], [ -73.806668576049233, 5.0309357622162 ], [ -73.806136023287635, 5.030983392909069 ], [ -73.806155583197452, 5.03089868268578 ], [ -73.806209128223173, 5.030655616567635 ], [ -73.806237820775323, 5.030506329396067 ], [ -73.806251222496883, 5.030408716912135 ], [ -73.80627230363298, 5.030202005081915 ], [ -73.806288821993235, 5.03002986234226 ], [ -73.806554089868541, 5.029980866149924 ], [ -73.806611354262998, 5.029973711706502 ], [ -73.806721107909397, 5.029968972726153 ], [ -73.806814164108943, 5.029954655789575 ], [ -73.806888134839014, 5.029935545413014 ], [ -73.806943020099339, 5.029911641602967 ], [ -73.806997915231605, 5.029863813000068 ], [ -73.807052809283078, 5.029820768988335 ], [ -73.807131559072758, 5.029782519466332 ], [ -73.807188830354207, 5.029758617528524 ], [ -73.807301920918178, 5.029735265028731 ], [ -73.8073209450517, 5.029731336543312 ], [ -73.807332349983227, 5.029763077318987 ], [ -73.807386980879912, 5.029859596720824 ], [ -73.807405539907123, 5.029892386724002 ], [ -73.807494536041702, 5.030034292192817 ], [ -73.807572302265271, 5.030111472079822 ], [ -73.80765226368861, 5.030187901402701 ], [ -73.807782564321997, 5.03037922438375 ], [ -73.80787661403177, 5.030475131583938 ], [ -73.807924560457081, 5.030553853566586 ], [ -73.807953252029932, 5.0306361567066 ], [ -73.807571797249508, 5.031133765952767 ], [ -73.807562835680088, 5.031146685443577 ], [ -73.807239959085223, 5.031612149527217 ], [ -73.807101648555275, 5.031439345680346 ] ] ] ] } },
{ "type": "Feature", "properties": { "OBJECTID": 3157.0, "codigo": "257360000000000010267000000000", "Shape_Area": 4122.1315866900004, "Tipo Documento": "NIT", "No Documento": "900572680", "Nombre del contribuyente": "RUEDA GIRALDO Y CIA S EN C", "Razon Social": "RUEDA GIRALDO Y CIA S EN C", "Naturaleza Juridica": "Persona Jurídica", "Regimen tributario": "Responsable de IVA", "Direccion": "VEREDA GOBERNADOR", "Estado": "ACTIVO" }, "geometry": { "type": "MultiPolygon", "coordinates": [ [ [ [ -73.807716990293059, 5.031976022729616 ], [ -73.808053591643727, 5.031516781979217 ], [ -73.808061298465887, 5.031504833169723 ], [ -73.808502024890501, 5.031801687452539 ], [ -73.808167778253832, 5.032337492909256 ], [ -73.807716990293059, 5.031976022729616 ] ] ] ] } },
{ "type": "Feature", "properties": { "OBJECTID": 3159.0, "codigo": "257360000000000010266000000000", "Shape_Area": 4322.5302000299998, "Tipo Documento": "NIT", "No Documento": "900572680", "Nombre del contribuyente": "RUEDA GIRALDO Y CIA S EN C", "Razon Social": "RUEDA GIRALDO Y CIA S EN C", "Naturaleza Juridica": "Persona Jurídica", "Regimen tributario": "Responsable de IVA", "Direccion": "VEREDA GOBERNADOR", "Estado": "ACTIVO" }, "geometry": { "type": "MultiPolygon", "coordinates": [ [ [ [ -73.807538381508905, 5.031845551064739 ], [ -73.807441168858247, 5.031774538499242 ], [ -73.807313893482913, 5.031681565437606 ], [ -73.807239959085223, 5.031612149527217 ], [ -73.807562835680088, 5.031146685443577 ], [ -73.807835279475654, 5.031342437732209 ], [ -73.808061298465887, 5.031504833169723 ], [ -73.808053591643727, 5.031516781979217 ], [ -73.807716990293059, 5.031976022729616 ], [ -73.807538381508905, 5.031845551064739 ] ] ] ] } },
{ "type": "Feature", "properties": { "OBJECTID": 3280.0, "codigo": "257360000000000070438000000000", "Shape_Area": 247145.110751, "Tipo Documento": "NIT", "No Documento": "899999062", "Nombre del contribuyente": "CORPORACION AUTONOMA REGIONAL DE CUNDINAMARCA CAR", "Razon Social": "CORPORACION AUTONOMA REGIONAL DE CUNDINAMARCA CAR", "Naturaleza Juridica": "Persona Jurídica", "Regimen tributario": "Regimen Comun", "Direccion": "AV ESPERANZA 62 49 PISO 6 Y 7", "Estado": "ACTIVO" }, "geometry": { "type": "MultiPolygon", "coordinates": [ [ [ [ -73.721819827602246, 4.972200849398145 ], [ -73.721841853282584, 4.972219861194107 ], [ -73.722039795279713, 4.972346774813186 ], [ -73.72217329149899, 4.972535861142397 ], [ -73.722231916321988, 4.972621479610126 ], [ -73.722278179029161, 4.972689043710362 ], [ -73.722488001644038, 4.97290688213701 ], [ -73.722729107295748, 4.973172899515023 ], [ -73.722682206556414, 4.97319886067478 ], [ -73.72245672564928, 4.973263339473577 ], [ -73.722224086225637, 4.973331402531501 ], [ -73.721991455482495, 4.973381521801772 ], [ -73.721780299006312, 4.97342806347684 ], [ -73.721612081714227, 4.973478216472498 ], [ -73.721433129114317, 4.973528364526853 ], [ -73.721425713265575, 4.973532673049576 ], [ -73.721254147554674, 4.973632345438948 ], [ -73.721082321470519, 4.973739919271257 ], [ -73.720974733770717, 4.973757346300007 ], [ -73.720883125087809, 4.973755383261984 ], [ -73.720682708235216, 4.973793555810646 ], [ -73.720373512173438, 4.973816357110455 ], [ -73.720085300272117, 4.973858310620927 ], [ -73.719886801622252, 4.973877343892617 ], [ -73.719849549899664, 4.973795656000267 ], [ -73.719819513640672, 4.973721788651708 ], [ -73.719709875843918, 4.973531518470756 ], [ -73.719578786673509, 4.973304151044005 ], [ -73.719496570279318, 4.973137821266549 ], [ -73.719373842342662, 4.972888925545162 ], [ -73.719273778191393, 4.972641238491924 ], [ -73.719209433574591, 4.972515592177357 ], [ -73.719035383796282, 4.972321697784742 ], [ -73.718838694247552, 4.9720859208901 ], [ -73.718738579654854, 4.971930348603058 ], [ -73.718588423901849, 4.97167067052911 ], [ -73.718468048029152, 4.971485179802282 ], [ -73.718243921061486, 4.971252976915236 ], [ -73.718067490871874, 4.97105190280309 ], [ -73.717879148216397, 4.970822112051559 ], [ -73.717830748426266, 4.970762526817389 ], [ -73.717779016508572, 4.970698838835979 ], [ -73.717640740839684, 4.97052888918115 ], [ -73.717541804070123, 4.970402028389659 ], [ -73.717398775096143, 4.970198580527679 ], [ -73.717241435526248, 4.969989142985648 ], [ -73.717068602227485, 4.96975577050445 ], [ -73.716962517621141, 4.969613353863674 ], [ -73.7168635759095, 4.969496063016414 ], [ -73.716618009032047, 4.969210014119205 ], [ -73.716449914294003, 4.969036459737034 ], [ -73.716219855215769, 4.968749222834385 ], [ -73.716037455924123, 4.968558912290652 ], [ -73.71584074113666, 4.968373379322519 ], [ -73.715659520603253, 4.968209387600274 ], [ -73.715605897900915, 4.968110065145227 ], [ -73.715483158564695, 4.967886290727326 ], [ -73.715368786569016, 4.967631418054082 ], [ -73.715252028611999, 4.967375346784092 ], [ -73.715137662661007, 4.967109706779849 ], [ -73.715037583867229, 4.966893122039311 ], [ -73.71485766271276, 4.966535332052699 ], [ -73.714828873628647, 4.966452778663036 ], [ -73.714836990033419, 4.966428647798454 ], [ -73.71487577562624, 4.966283813754857 ], [ -73.715117943932796, 4.966246591738127 ], [ -73.715397369071638, 4.966190697630349 ], [ -73.715825789278227, 4.966172250071623 ], [ -73.716310041708908, 4.966247245289889 ], [ -73.716828135642672, 4.966321762205966 ], [ -73.716961919836521, 4.966341004318151 ], [ -73.717110865268907, 4.966471852332478 ], [ -73.717278348035649, 4.966752150550149 ], [ -73.717352758081546, 4.966939005326621 ], [ -73.717632082096074, 4.967069925293812 ], [ -73.71886087292809, 4.968116712376119 ], [ -73.719018033427659, 4.968576049185828 ], [ -73.719065441965483, 4.968714612133428 ], [ -73.719270190952855, 4.968994930178189 ], [ -73.719400289330537, 4.969499386833301 ], [ -73.719604977140946, 4.969910472341851 ], [ -73.720163547307621, 4.970321758718559 ], [ -73.720424294174279, 4.970377938447454 ], [ -73.720535852735907, 4.970751617309072 ], [ -73.720593862170745, 4.970996552304201 ], [ -73.720628773825013, 4.971143960434774 ], [ -73.720982473438028, 4.971536451871344 ], [ -73.721299163665947, 4.971885172984014 ], [ -73.721559562067398, 4.972171908361655 ], [ -73.721573175548315, 4.972173422250076 ], [ -73.721656872446516, 4.972182729117027 ], [ -73.721819827602246, 4.972200849398145 ] ] ] ] } },
{ "type": "Feature", "properties": { "OBJECTID": 3387.0, "codigo": "257360000000000090173000000000", "Shape_Area": 74881.338422500005, "Tipo Documento": "NIT", "No Documento": "900373546", "Nombre del contribuyente": "Agropecuaria Takunare S.A.S.", "Razon Social": "Agropecuaria Takunare S.A.S.", "Naturaleza Juridica": "Persona Jurídica", "Regimen tributario": "Regimen Ordinario", "Direccion": "Cl 79 B # 4-84", "Estado": "ACTIVO" }, "geometry": { "type": "MultiPolygon", "coordinates": [ [ [ [ -73.811084482317028, 5.016238662095235 ], [ -73.811113260597864, 5.016233555545204 ], [ -73.811135525686424, 5.016399612226172 ], [ -73.811153376169599, 5.016504893369088 ], [ -73.811181956847989, 5.016626928151278 ], [ -73.811218866219107, 5.016803996011957 ], [ -73.811233138145113, 5.016910472974496 ], [ -73.811261715458812, 5.017040881480658 ], [ -73.811284324395487, 5.017179662186393 ], [ -73.811310501120815, 5.017348351939565 ], [ -73.811334305982655, 5.017479954873997 ], [ -73.811355724785997, 5.017613949587592 ], [ -73.811368817315625, 5.017686929343476 ], [ -73.811390230867303, 5.017831690534433 ], [ -73.811400941697613, 5.017896295590801 ], [ -73.811414018729309, 5.018007556661989 ], [ -73.811413980445479, 5.018102064933069 ], [ -73.8114103209967, 5.018300649214897 ], [ -73.811403098047904, 5.018460951625785 ], [ -73.811383954154522, 5.018603303537045 ], [ -73.811354075175913, 5.018740866471928 ], [ -73.811334937631344, 5.018865273645384 ], [ -73.811305058142807, 5.019004032951612 ], [ -73.811271594783634, 5.019154753650372 ], [ -73.811245303488931, 5.019270784173542 ], [ -73.811186737902929, 5.019547105974188 ], [ -73.811118618943482, 5.019848546859161 ], [ -73.811093755059389, 5.019973430954841 ], [ -73.810904040372947, 5.019942342693746 ], [ -73.810245376528556, 5.019843532918101 ], [ -73.810181638136271, 5.019833971085935 ], [ -73.810181548831707, 5.019831835115936 ], [ -73.810213842850985, 5.019623691584952 ], [ -73.81030354193102, 5.01906026958606 ], [ -73.810414756271243, 5.018392777974322 ], [ -73.810407636210527, 5.018299463160464 ], [ -73.810375688239361, 5.017657035966751 ], [ -73.810358003743303, 5.017143814164323 ], [ -73.810265143573275, 5.016680807595868 ], [ -73.810199913035376, 5.016378837481573 ], [ -73.810313856586433, 5.016360781098936 ], [ -73.810418499023427, 5.016344198504517 ], [ -73.811084482317028, 5.016238662095235 ] ] ], [ [ [ -73.809585083736025, 5.010960050953749 ], [ -73.809609411048939, 5.010958902521914 ], [ -73.809692377055455, 5.010966225981882 ], [ -73.809714998028866, 5.011007822654717 ], [ -73.80978938170874, 5.011140642724049 ], [ -73.809879288776088, 5.011284333283001 ], [ -73.809896962004174, 5.011312576077955 ], [ -73.809922715294107, 5.011346083339856 ], [ -73.809951808326403, 5.011382463089105 ], [ -73.809986147870816, 5.011422672844508 ], [ -73.810072002197955, 5.011509798357051 ], [ -73.810148317431739, 5.011587349854359 ], [ -73.810252299508221, 5.011685011408887 ], [ -73.81033624195625, 5.0117817071183 ], [ -73.810397288131782, 5.011857337968357 ], [ -73.810448794418534, 5.011925309194843 ], [ -73.810494578225047, 5.011984664714893 ], [ -73.810527957586956, 5.012040186402348 ], [ -73.810547028975137, 5.012078476419143 ], [ -73.810607110683947, 5.012179946957088 ], [ -73.810629029152267, 5.012257476199972 ], [ -73.810648094601973, 5.01230820743956 ], [ -73.81067192048944, 5.012389566225284 ], [ -73.810690015606127, 5.012480491873231 ], [ -73.810702392625004, 5.012554189359195 ], [ -73.810716666449338, 5.012655642100662 ], [ -73.810723711779232, 5.01279319387909 ], [ -73.810735113583036, 5.012908010860439 ], [ -73.810734289380903, 5.012928062259968 ], [ -73.810745422529109, 5.013049405395219 ], [ -73.810744670444819, 5.013138409872746 ], [ -73.810736764224757, 5.013220233173641 ], [ -73.810721707333101, 5.013284109721694 ], [ -73.810696630681207, 5.013347264173533 ], [ -73.810665828315152, 5.013409699184828 ], [ -73.810646485491617, 5.013451322106958 ], [ -73.810600648640957, 5.013522364343405 ], [ -73.810540494736344, 5.013598424062725 ], [ -73.810488217926078, 5.013664439422558 ], [ -73.810435940230903, 5.013732606988262 ], [ -73.810403712603488, 5.013780684887957 ], [ -73.810347797388616, 5.013879698112177 ], [ -73.810285639739405, 5.014037915381359 ], [ -73.809485745617351, 5.014053200480326 ], [ -73.809500439730954, 5.013941694850578 ], [ -73.809520146749037, 5.013792147781546 ], [ -73.809634880288982, 5.013268214627595 ], [ -73.80969941516058, 5.01298112797802 ], [ -73.809695877115175, 5.012880637264166 ], [ -73.809649462822591, 5.012611449899661 ], [ -73.80952431079713, 5.012356585878098 ], [ -73.809544313040234, 5.0118651529589 ], [ -73.809559355319948, 5.011545147941961 ], [ -73.809585083736025, 5.010960050953749 ] ] ] ] } },
{ "type": "Feature", "properties": { "OBJECTID": 3391.0, "codigo": "257360000000000100063000000000", "Shape_Area": 220396.143526, "Tipo Documento": "NIT", "No Documento": "900373546", "Nombre del contribuyente": "Agropecuaria Takunare S.A.S.", "Razon Social": "Agropecuaria Takunare S.A.S.", "Naturaleza Juridica": "Persona Jurídica", "Regimen tributario": "Regimen Ordinario", "Direccion": "Cl 79 B # 4-84", "Estado": "ACTIVO" }, "geometry": { "type": "MultiPolygon", "coordinates": [ [ [ [ -73.831375044312736, 5.011313352908948 ], [ -73.831367842002749, 5.010983699623616 ], [ -73.831136967879061, 5.010782633827199 ], [ -73.83103966411791, 5.01068115008804 ], [ -73.830560735975254, 5.01029049622621 ], [ -73.830297410928196, 5.010098987119685 ], [ -73.82987761870865, 5.009800231187225 ], [ -73.829497897517001, 5.009526372685879 ], [ -73.82916015169711, 5.009296554453444 ], [ -73.826860018700543, 5.007302153698019 ], [ -73.826859248923967, 5.007012434613522 ], [ -73.826859258608778, 5.006986996891049 ], [ -73.826859275818919, 5.006941793162897 ], [ -73.826863797138813, 5.006908444615203 ], [ -73.826866068663691, 5.00686323089855 ], [ -73.826872848379892, 5.006819149272506 ], [ -73.826879630246566, 5.006769415823786 ], [ -73.826889233647805, 5.00672194599296 ], [ -73.826895443339794, 5.006682946267667 ], [ -73.826910115289365, 5.00663321583866 ], [ -73.82691464004148, 5.006590835225495 ], [ -73.826925930091832, 5.006542233865977 ], [ -73.826937794245552, 5.006477816663242 ], [ -73.826945145268496, 5.006425245763253 ], [ -73.826955869377869, 5.006370992362696 ], [ -73.826973928153436, 5.006307138190189 ], [ -73.826994799445629, 5.006245538588105 ], [ -73.827008344435228, 5.006195247063274 ], [ -73.827034864939534, 5.006117262045476 ], [ -73.827065319602468, 5.006060757268963 ], [ -73.827082251206861, 5.005996893617854 ], [ -73.827100299774386, 5.005955077026538 ], [ -73.827121731042027, 5.005919485064135 ], [ -73.827141472358022, 5.00586523510678 ], [ -73.827179832031135, 5.005764649121855 ], [ -73.827204087748342, 5.005718874101772 ], [ -73.827241871883388, 5.00564259344655 ], [ -73.82726387757927, 5.005585515724881 ], [ -73.827291516247243, 5.005512052578819 ], [ -73.827306752999419, 5.005470804609225 ], [ -73.827334382982599, 5.005415429101884 ], [ -73.827367667276889, 5.005363445038687 ], [ -73.827387397177361, 5.005315407551507 ], [ -73.827403189338497, 5.005283765178649 ], [ -73.827429706407486, 5.005219344514417 ], [ -73.827450575898695, 5.005162273584645 ], [ -73.827475395790003, 5.005102936198393 ], [ -73.827495704060013, 5.00505151687622 ], [ -73.82751770542211, 5.005005740980464 ], [ -73.827537438435527, 5.004968448283833 ], [ -73.827552676232486, 5.004924369873428 ], [ -73.827567904152161, 5.004882552188329 ], [ -73.827570729327931, 5.004875210416907 ], [ -73.829084323269896, 5.005813650993812 ], [ -73.830350714307414, 5.007082215270815 ], [ -73.830980263712704, 5.007903117542312 ], [ -73.832466432736879, 5.008437227865237 ], [ -73.832483142519465, 5.008410915605519 ], [ -73.832507016466252, 5.008372642243332 ], [ -73.83341075008039, 5.008573958875958 ], [ -73.833406303748347, 5.008663681081755 ], [ -73.833387149447219, 5.008847905369504 ], [ -73.833372799890441, 5.008938819353615 ], [ -73.833336975721721, 5.00903690178617 ], [ -73.833279694688855, 5.009094302957553 ], [ -73.833172288734175, 5.00921389346952 ], [ -73.833079208328783, 5.009302385282833 ], [ -73.833031466672509, 5.00936696826387 ], [ -73.833007582962622, 5.009436345670258 ], [ -73.832962189941568, 5.009606203588 ], [ -73.832943057709286, 5.009730612555783 ], [ -73.832923943232387, 5.009802382688229 ], [ -73.832933450667227, 5.009900483844667 ], [ -73.83294772113716, 5.010017727026937 ], [ -73.832930787184267, 5.010646977740232 ], [ -73.832665852131512, 5.010936384100265 ], [ -73.832326966691198, 5.011199444108713 ], [ -73.832145657335403, 5.01116109563127 ], [ -73.831962315096163, 5.011147990555617 ], [ -73.83193504467603, 5.011148730879812 ], [ -73.831824469716594, 5.011151725967354 ], [ -73.831710252026312, 5.011158846855649 ], [ -73.831607290568343, 5.011178221494297 ], [ -73.831485162251965, 5.011240088818973 ], [ -73.831375044312736, 5.011313352908948 ] ] ] ] } },
{ "type": "Feature", "properties": { "OBJECTID": 3405.0, "codigo": "257360000000000100061000000000", "Shape_Area": 123097.29630099999, "Tipo Documento": "NIT", "No Documento": "900373546", "Nombre del contribuyente": "Agropecuaria Takunare S.A.S.", "Razon Social": "Agropecuaria Takunare S.A.S.", "Naturaleza Juridica": "Persona Jurídica", "Regimen tributario": "Regimen Ordinario", "Direccion": "Cl 79 B # 4-84", "Estado": "ACTIVO" }, "geometry": { "type": "MultiPolygon", "coordinates": [ [ [ [ -73.83341075008039, 5.008573958875958 ], [ -73.832507016466252, 5.008372642243332 ], [ -73.832483142519465, 5.008410915605519 ], [ -73.832466432736879, 5.008437227865237 ], [ -73.830980263712704, 5.007903117542312 ], [ -73.830350714307414, 5.007082215270815 ], [ -73.830673154269235, 5.006708956582543 ], [ -73.830965719981293, 5.005901561182086 ], [ -73.831753372588324, 5.005010610512418 ], [ -73.832010008609018, 5.00457405484534 ], [ -73.832242567846791, 5.004729662143102 ], [ -73.833572427849589, 5.005352237735552 ], [ -73.834186264578136, 5.005753541434018 ], [ -73.834136518940497, 5.00608847460198 ], [ -73.834104272692159, 5.006192541225479 ], [ -73.8339932335562, 5.006458079709697 ], [ -73.833957396797473, 5.006590856265075 ], [ -73.833917923553017, 5.006881544394878 ], [ -73.83397150414541, 5.007154322370438 ], [ -73.83374915550236, 5.00841394934459 ], [ -73.833695851236556, 5.008661050827603 ], [ -73.83341075008039, 5.008573958875958 ] ] ] ] } },
{ "type": "Feature", "properties": { "OBJECTID": 3410.0, "codigo": "257360000000000020003000000000", "Shape_Area": 488092.29662400001, "Tipo Documento": "NIT", "No Documento": "860043893", "Nombre del contribuyente": "INVERSIONES BOITA S.A.S", "Razon Social": "INVERSIONES BOITA S.A.S", "Naturaleza Juridica": "Persona Jurídica", "Regimen tributario": "Regimen Comun", "Direccion": "CL 67 7 35 OF  1204 P 12 BOGOTA", "Estado": "ACTIVO" }, "geometry": { "type": "MultiPolygon", "coordinates": [ [ [ [ -73.838634323654318, 5.028991228443654 ], [ -73.838294926808501, 5.028604179172175 ], [ -73.838195296590641, 5.028566561134932 ], [ -73.838160142003829, 5.028553286786896 ], [ -73.837716458594713, 5.028299506928468 ], [ -73.837659239141388, 5.028179855298612 ], [ -73.83763064170553, 5.0280889245593 ], [ -73.837664069901081, 5.028021945108901 ], [ -73.837955204016083, 5.027868923889051 ], [ -73.838408581498584, 5.027711179254863 ], [ -73.838555348463672, 5.027619117366919 ], [ -73.836605038053492, 5.025638092741804 ], [ -73.836802339478083, 5.025514958532508 ], [ -73.836938986473967, 5.025411215229241 ], [ -73.836946478502028, 5.02540552637936 ], [ -73.836986120581258, 5.025375429887569 ], [ -73.837220076219594, 5.025183355896125 ], [ -73.837471203444778, 5.024905867811348 ], [ -73.837472663968938, 5.024904253283378 ], [ -73.837472663968938, 5.024904253283378 ], [ -73.837472664871015, 5.024904252379426 ], [ -73.837597274104183, 5.024741527478596 ], [ -73.837629447731231, 5.024615500906045 ], [ -73.837630070494171, 5.024468477730696 ], [ -73.837630079407788, 5.024466295677466 ], [ -73.837630079407788, 5.024466295677466 ], [ -73.837630079408115, 5.024466294773172 ], [ -73.837552930227204, 5.024261672152451 ], [ -73.837428525203748, 5.023866571970726 ], [ -73.837314783047674, 5.023588463945011 ], [ -73.837287814816548, 5.02335842203419 ], [ -73.837266530256031, 5.02300292255357 ], [ -73.837255916662372, 5.022727122251043 ], [ -73.837233155279492, 5.022560688877686 ], [ -73.837228938278741, 5.02252985096818 ], [ -73.837219010276158, 5.022467650109609 ], [ -73.837161462089341, 5.022107075944639 ], [ -73.837080435512206, 5.021755506204091 ], [ -73.83699754275176, 5.021501425678815 ], [ -73.836962783440413, 5.021394880038032 ], [ -73.836894680577331, 5.021132614778272 ], [ -73.838355435035467, 5.019674853918155 ], [ -73.838584603068114, 5.01933040159228 ], [ -73.841084601245043, 5.020412772758494 ], [ -73.84091057205822, 5.021182852042986 ], [ -73.841029833397229, 5.021272617328657 ], [ -73.841196811525094, 5.021362400774255 ], [ -73.841423441760185, 5.021440242873885 ], [ -73.841536720969501, 5.021577859247889 ], [ -73.84162611264297, 5.02179920805566 ], [ -73.842049262922032, 5.022750423151586 ], [ -73.841864046038879, 5.023623659379121 ], [ -73.841845820393559, 5.023715170790382 ], [ -73.84185651317496, 5.023833608905121 ], [ -73.841949521596348, 5.023948487608742 ], [ -73.842242886778635, 5.024224939755435 ], [ -73.842298703016908, 5.024260849433223 ], [ -73.842502930929584, 5.024274321931796 ], [ -73.84268617099292, 5.024259073723639 ], [ -73.84290377544788, 5.024224699379751 ], [ -73.843115633944223, 5.02424583016938 ], [ -73.843224412459108, 5.024297549549413 ], [ -73.843385790861888, 5.024377320853551 ], [ -73.843422043330719, 5.024411789209566 ], [ -73.843312245351399, 5.024545736083852 ], [ -73.843106959224556, 5.024818420426212 ], [ -73.842944628438872, 5.025076761789163 ], [ -73.842705882892247, 5.025512132408384 ], [ -73.842460909260993, 5.026018680229773 ], [ -73.842260368372351, 5.02637391066331 ], [ -73.842081293741842, 5.026743503506105 ], [ -73.841970260730108, 5.026987509260471 ], [ -73.841827010285854, 5.02726021552576 ], [ -73.841680177173544, 5.02754009963112 ], [ -73.841440219154038, 5.028024514421755 ], [ -73.841153283722235, 5.028659272329382 ], [ -73.841004121017946, 5.028586026633477 ], [ -73.840894390015663, 5.028528564264485 ], [ -73.840808509105401, 5.028499821811649 ], [ -73.840717818913774, 5.028571567055204 ], [ -73.840474421389587, 5.028671968043449 ], [ -73.840211975277754, 5.02866230333419 ], [ -73.840111776385413, 5.028638339282385 ], [ -73.839820652720988, 5.02875786468948 ], [ -73.839410196570341, 5.028982620432751 ], [ -73.838856745498447, 5.029285465230735 ], [ -73.838688436274211, 5.029052938163062 ], [ -73.838634323654318, 5.028991228443654 ] ] ] ] } },
{ "type": "Feature", "properties": { "OBJECTID": 3473.0, "codigo": "257360000000000090060000000000", "Shape_Area": 247700.39772800001, "Tipo Documento": "NIT", "No Documento": "899999062", "Nombre del contribuyente": "CORPORACION AUTONOMA REGIONAL DE CUNDINAMARCA CAR", "Razon Social": "CORPORACION AUTONOMA REGIONAL DE CUNDINAMARCA CAR", "Naturaleza Juridica": "Persona Jurídica", "Regimen tributario": "Regimen Comun", "Direccion": "AV ESPERANZA 62 49 PISO 6 Y 7", "Estado": "ACTIVO" }, "geometry": { "type": "MultiPolygon", "coordinates": [ [ [ [ -73.778641857337462, 4.979215376805906 ], [ -73.77869253373963, 4.97909351433345 ], [ -73.778737909748386, 4.978988260332248 ], [ -73.778790446714694, 4.978873439487073 ], [ -73.778796302660766, 4.978720621843208 ], [ -73.778797689547574, 4.978684427405235 ], [ -73.778819193867264, 4.978610266483132 ], [ -73.778878892655058, 4.978485877882519 ], [ -73.778955283918606, 4.978378245179906 ], [ -73.779045999061168, 4.978249086032557 ], [ -73.77911287059014, 4.978088812141495 ], [ -73.779170161863803, 4.978012274673348 ], [ -73.779196384383525, 4.977958645039237 ], [ -73.779227472346591, 4.977895063195231 ], [ -73.779349273940099, 4.977603221121306 ], [ -73.779386982738501, 4.977507980395388 ], [ -73.779459141529813, 4.977325728297617 ], [ -73.779514128661773, 4.977067352604566 ], [ -73.779526147408916, 4.97686637890853 ], [ -73.779521470266801, 4.976658220314364 ], [ -73.779502367839754, 4.976508661258465 ], [ -73.77949888519548, 4.976481397177452 ], [ -73.779575505909747, 4.976394101940437 ], [ -73.779756891419026, 4.976231486999226 ], [ -73.780005084166902, 4.97605454659296 ], [ -73.78004331995642, 4.976034267094587 ], [ -73.78010250583317, 4.976002877011262 ], [ -73.780248482728567, 4.975925455282082 ], [ -73.780429862412817, 4.975777195722722 ], [ -73.780592143324142, 4.975657638678828 ], [ -73.780600783050033, 4.97564994345565 ], [ -73.780806941208567, 4.975466327297449 ], [ -73.780911948288789, 4.975385026542876 ], [ -73.781093301990907, 4.975294189131682 ], [ -73.781192886685147, 4.97524231145833 ], [ -73.781331927160068, 4.97516988073886 ], [ -73.78141914336571, 4.975114274509303 ], [ -73.781751928363221, 4.974902097791636 ], [ -73.781856925691315, 4.974826037224691 ], [ -73.782056919249115, 4.974681158525036 ], [ -73.782190243692781, 4.974612985154036 ], [ -73.782551738058089, 4.974428142160438 ], [ -73.782744154620161, 4.974329753878415 ], [ -73.782884924865741, 4.974209096022197 ], [ -73.783072266359255, 4.97404852010082 ], [ -73.783310744153482, 4.973844115248018 ], [ -73.783338418111285, 4.973820394528087 ], [ -73.783753738119344, 4.973346844278203 ], [ -73.783925722176974, 4.973150863730901 ], [ -73.784259933406929, 4.973350995247049 ], [ -73.784415828036273, 4.973480801205763 ], [ -73.784021044340975, 4.974990018408001 ], [ -73.783132047807626, 4.978406260040856 ], [ -73.781880388469304, 4.979205188429471 ], [ -73.779973657654281, 4.980417765719703 ], [ -73.779854401857733, 4.980493605142297 ], [ -73.779794347781319, 4.980531795938662 ], [ -73.779748768985002, 4.980560781287936 ], [ -73.779772134528059, 4.98043611664183 ], [ -73.779693450937629, 4.980335591931046 ], [ -73.779676448365194, 4.980316448578412 ], [ -73.77963312362246, 4.980267670615014 ], [ -73.779331936944175, 4.979928568757964 ], [ -73.779299696444127, 4.979892269557928 ], [ -73.779164091536856, 4.979739593976251 ], [ -73.779055707658074, 4.97964084080016 ], [ -73.778923215483502, 4.979520121441813 ], [ -73.778781913023735, 4.979391374305527 ], [ -73.778712368626273, 4.979328009963712 ], [ -73.778699069757295, 4.979315891881423 ], [ -73.778692249422477, 4.979303909670514 ], [ -73.778692219690214, 4.979303858112536 ], [ -73.778641857337462, 4.979215376805906 ] ] ] ] } },
{ "type": "Feature", "properties": { "OBJECTID": 3515.0, "codigo": "257360000000000080043000000000", "Shape_Area": 315108.45160299999, "Tipo Documento": "NIT", "No Documento": "899999062", "Nombre del contribuyente": "CORPORACION AUTONOMA REGIONAL DE CUNDINAMARCA CAR", "Razon Social": "CORPORACION AUTONOMA REGIONAL DE CUNDINAMARCA CAR", "Naturaleza Juridica": "Persona Jurídica", "Regimen tributario": "Regimen Comun", "Direccion": "AV ESPERANZA 62 49 PISO 6 Y 7", "Estado": "ACTIVO" }, "geometry": { "type": "MultiPolygon", "coordinates": [ [ [ [ -73.708830793568424, 4.967841932860393 ], [ -73.708836970503, 4.967457926283251 ], [ -73.708845558031641, 4.967030854577922 ], [ -73.708867159263377, 4.966795196973997 ], [ -73.708870607415335, 4.966763985769378 ], [ -73.708900727296921, 4.966491356793922 ], [ -73.708928292951768, 4.966255702512889 ], [ -73.708959438592672, 4.966017657494349 ], [ -73.708994163551196, 4.965778418103299 ], [ -73.709051570243744, 4.965505695826571 ], [ -73.70909341175458, 4.965338237850649 ], [ -73.709163879540995, 4.965173188577571 ], [ -73.709210471995334, 4.965042818787198 ], [ -73.709251082290166, 4.964945942102818 ], [ -73.709424158940521, 4.964733098086991 ], [ -73.709594851020341, 4.96451785995449 ], [ -73.709775092743612, 4.964290665232113 ], [ -73.709901588977843, 4.964187854497469 ], [ -73.709962443113298, 4.964149606461548 ], [ -73.710078151221083, 4.964142493573906 ], [ -73.710382319550646, 4.96414266278676 ], [ -73.710699608373275, 4.96414523188248 ], [ -73.710863013996857, 4.964164462707295 ], [ -73.711158816283955, 4.964193337906853 ], [ -73.711414066538595, 4.964217405927431 ], [ -73.711670497847493, 4.964263007296581 ], [ -73.711888763735615, 4.964299016499458 ], [ -73.712133267104903, 4.964344611087372 ], [ -73.712338410829801, 4.964383006520375 ], [ -73.712485102534117, 4.964428546870488 ], [ -73.712489831113004, 4.964505111532511 ], [ -73.712518312322047, 4.964773097158496 ], [ -73.712527761838658, 4.964941780149194 ], [ -73.712533660955373, 4.965059020118636 ], [ -73.71257054809621, 4.965224129178485 ], [ -73.712613379094279, 4.965425129812479 ], [ -73.712659798658393, 4.96560818873546 ], [ -73.71269789888224, 4.965735016533176 ], [ -73.712747907687557, 4.965898936471842 ], [ -73.71278721398194, 4.966001839405877 ], [ -73.712853963859047, 4.966090402910263 ], [ -73.712926655645575, 4.966218446177695 ], [ -73.712982664904402, 4.966315376496325 ], [ -73.713061312677283, 4.966458975809746 ], [ -73.713111346329029, 4.966576240150236 ], [ -73.713161382869131, 4.966689915389104 ], [ -73.713255506614729, 4.966889748850675 ], [ -73.713301988554917, 4.966957962894043 ], [ -73.71336397422462, 4.967033363691877 ], [ -73.713371099442966, 4.967091985979772 ], [ -73.713409230061274, 4.967163784508397 ], [ -73.713435443773477, 4.967215240032718 ], [ -73.713458068543318, 4.967287030002925 ], [ -73.713537898021158, 4.967449769983516 ], [ -73.713639172803354, 4.967661570110794 ], [ -73.713710672655282, 4.967788416285184 ], [ -73.713757151667451, 4.96786380850191 ], [ -73.71376666641001, 4.967914058441369 ], [ -73.713778561704899, 4.967973879723502 ], [ -73.713886974114473, 4.968220375681223 ], [ -73.713950097143055, 4.968397461911302 ], [ -73.71404418635818, 4.968659501819404 ], [ -73.714146637082067, 4.968901209896423 ], [ -73.714196677226937, 4.969008904146631 ], [ -73.714249118009008, 4.969087887816387 ], [ -73.714276502483784, 4.969180017718942 ], [ -73.714337254953037, 4.969329587986816 ], [ -73.714375365735947, 4.969439668391062 ], [ -73.714437299363183, 4.969610772096829 ], [ -73.714564725525662, 4.969987675188178 ], [ -73.714606405674246, 4.970113308507363 ], [ -73.714655229509106, 4.970264068555106 ], [ -73.714486992984845, 4.970350108941617 ], [ -73.7143354653317, 4.970419411158431 ], [ -73.714194682952893, 4.970471970123884 ], [ -73.714114749185967, 4.970497047968823 ], [ -73.714049612407962, 4.970512691434473 ], [ -73.713959897497219, 4.970537525137358 ], [ -73.713774730386973, 4.970610158134113 ], [ -73.713620096794173, 4.970688549221932 ], [ -73.713408198092992, 4.970782221781308 ], [ -73.713182942359751, 4.970872059056585 ], [ -73.712852692082691, 4.971007774865663 ], [ -73.712520531647868, 4.971147318176004 ], [ -73.71229909033336, 4.971240985072432 ], [ -73.712255183076934, 4.971260101707598 ], [ -73.712209360511665, 4.97129261513617 ], [ -73.712045999175771, 4.971189755541736 ], [ -73.711916034823346, 4.971091586861029 ], [ -73.711783681403645, 4.970999398664171 ], [ -73.711725292773522, 4.970890504161149 ], [ -73.711664490636977, 4.970831852087791 ], [ -73.711566764023047, 4.970677475628682 ], [ -73.711485744872533, 4.970507557477638 ], [ -73.711423773661465, 4.97040583735426 ], [ -73.711321251113006, 4.970295721951294 ], [ -73.711237808847414, 4.970195187159903 ], [ -73.71112934432017, 4.970044393781975 ], [ -73.711045890878253, 4.969964195383674 ], [ -73.71092548906104, 4.969830143568309 ], [ -73.710745474938619, 4.969643422081123 ], [ -73.710623881000387, 4.969508173188815 ], [ -73.710474851115137, 4.96937649810799 ], [ -73.710392595131623, 4.969286730277537 ], [ -73.710226879310383, 4.969128727608817 ], [ -73.710046861175769, 4.968951575074909 ], [ -73.709860873759865, 4.968781598272719 ], [ -73.709723776686374, 4.96864035876336 ], [ -73.709565215926673, 4.968487145403233 ], [ -73.709411416216327, 4.968353074717407 ], [ -73.709290995767205, 4.968253714539782 ], [ -73.709153899588216, 4.968111279465308 ], [ -73.709077600459096, 4.968035870308284 ], [ -73.708955981904623, 4.967946080336752 ], [ -73.708889211378306, 4.967896995635212 ], [ -73.708830793568424, 4.967841932860393 ] ] ] ] } },
{ "type": "Feature", "properties": { "OBJECTID": 3675.0, "codigo": "257360000000000110249000000000", "Shape_Area": 26779.528248800001, "Tipo Documento": "NIT", "No Documento": "900373546", "Nombre del contribuyente": "Agropecuaria Takunare S.A.S.", "Razon Social": "Agropecuaria Takunare S.A.S.", "Naturaleza Juridica": "Persona Jurídica", "Regimen tributario": "Regimen Ordinario", "Direccion": "Cl 79 B # 4-84", "Estado": "ACTIVO" }, "geometry": { "type": "MultiPolygon", "coordinates": [ [ [ [ -73.796856686676222, 5.012217721852512 ], [ -73.796834122992067, 5.012212792834062 ], [ -73.796689968093375, 5.012176586498924 ], [ -73.796586023335664, 5.012150479329906 ], [ -73.796323612869443, 5.012078587678036 ], [ -73.796213876568402, 5.012049829297713 ], [ -73.796190061597045, 5.011949329898485 ], [ -73.796151923495017, 5.011867965429444 ], [ -73.796113786548091, 5.011781814555431 ], [ -73.796056569760665, 5.011681300779506 ], [ -73.795994581041981, 5.01158078494523 ], [ -73.795946905234075, 5.011485059862697 ], [ -73.796158773281689, 5.011114787568451 ], [ -73.796376675443824, 5.010733967436924 ], [ -73.79802266374557, 5.011280186341261 ], [ -73.797767181700905, 5.011890317894008 ], [ -73.797522356965544, 5.012542197682049 ], [ -73.797517809335432, 5.01254903125874 ], [ -73.797373243783866, 5.012394862144107 ], [ -73.79729694595261, 5.012279984695695 ], [ -73.797201533585678, 5.012232091520362 ], [ -73.797139499758728, 5.012236850426444 ], [ -73.797039295050155, 5.012236807456815 ], [ -73.796943861394041, 5.012236766518822 ], [ -73.796856686676222, 5.012217721852512 ] ] ] ] } },
{ "type": "Feature", "properties": { "OBJECTID": 3676.0, "codigo": "257360000000000110248000000000", "Shape_Area": 26104.597790899999, "Tipo Documento": "NIT", "No Documento": "900373546", "Nombre del contribuyente": "Agropecuaria Takunare S.A.S.", "Razon Social": "Agropecuaria Takunare S.A.S.", "Naturaleza Juridica": "Persona Jurídica", "Regimen tributario": "Regimen Ordinario", "Direccion": "Cl 79 B # 4-84", "Estado": "ACTIVO" }, "geometry": { "type": "MultiPolygon", "coordinates": [ [ [ [ -73.796376675443824, 5.010733967436924 ], [ -73.79656765674811, 5.01046607778633 ], [ -73.796758643117983, 5.010183832476243 ], [ -73.796817901313759, 5.010083777477032 ], [ -73.796819584169484, 5.01003672982702 ], [ -73.79681875218229, 5.009852118776108 ], [ -73.796843418446926, 5.009736940965598 ], [ -73.796860757914843, 5.009654088359233 ], [ -73.796862812451351, 5.009551660371567 ], [ -73.79686703846015, 5.009453185059937 ], [ -73.796876965273327, 5.009411573915738 ], [ -73.796884798140255, 5.009378742524096 ], [ -73.796920066839377, 5.009310142876053 ], [ -73.798066195985186, 5.00989728037209 ], [ -73.798119180973401, 5.00992387555011 ], [ -73.798109120391331, 5.009945150091372 ], [ -73.797951570989795, 5.01014606204464 ], [ -73.797944830982303, 5.010206657415309 ], [ -73.797941991414248, 5.010232191529917 ], [ -73.798309308686981, 5.010466823448374 ], [ -73.79834550963939, 5.01048972646698 ], [ -73.79802266374557, 5.011280186341261 ], [ -73.796376675443824, 5.010733967436924 ] ] ] ] } },
{ "type": "Feature", "properties": { "OBJECTID": 3677.0, "codigo": "257360000000000110108000000000", "Shape_Area": 29350.307910200001, "Tipo Documento": "NIT", "No Documento": "900373546", "Nombre del contribuyente": "Agropecuaria Takunare S.A.S.", "Razon Social": "Agropecuaria Takunare S.A.S.", "Naturaleza Juridica": "Persona Jurídica", "Regimen tributario": "Regimen Ordinario", "Direccion": "Cl 79 B # 4-84", "Estado": "ACTIVO" }, "geometry": { "type": "MultiPolygon", "coordinates": [ [ [ [ -73.796920066839377, 5.009310142876053 ], [ -73.796906939677456, 5.009303418375703 ], [ -73.796929872889478, 5.009234520446705 ], [ -73.796940383341934, 5.009202942643062 ], [ -73.796945196076479, 5.009107241036582 ], [ -73.796897526406866, 5.00899716042531 ], [ -73.796763969482683, 5.008882258372652 ], [ -73.796716306885045, 5.008757822157424 ], [ -73.796716349759691, 5.008657333006297 ], [ -73.796740258628404, 5.008537712999018 ], [ -73.796807105989359, 5.008432467004662 ], [ -73.796869172103001, 5.008351145547849 ], [ -73.796906281738941, 5.00832772408476 ], [ -73.796936145264169, 5.008232032311712 ], [ -73.796960061722345, 5.008094467573667 ], [ -73.796936252354143, 5.007980808972366 ], [ -73.796954164008156, 5.007938946236961 ], [ -73.797007870015548, 5.007879154120928 ], [ -73.797025791857422, 5.007813364790513 ], [ -73.79700792099483, 5.007759523871433 ], [ -73.796942339636615, 5.007693698751566 ], [ -73.797031802635601, 5.007705700845153 ], [ -73.797145123438497, 5.007717712242351 ], [ -73.797204740821087, 5.007783533884696 ], [ -73.797449210102059, 5.007963083950138 ], [ -73.797699644423645, 5.008142636481029 ], [ -73.797818879389112, 5.008274280572902 ], [ -73.798158754214299, 5.008519668173914 ], [ -73.798439037059964, 5.008639418041183 ], [ -73.798606001523083, 5.008741174782924 ], [ -73.798690273384622, 5.008804470276248 ], [ -73.79860098554326, 5.009036170912012 ], [ -73.798462508239638, 5.009270586934952 ], [ -73.79832880073802, 5.009509790457181 ], [ -73.798195087041904, 5.00976334953932 ], [ -73.798119180973401, 5.00992387555011 ], [ -73.798066195985186, 5.00989728037209 ], [ -73.796920066839377, 5.009310142876053 ] ] ] ] } },
{ "type": "Feature", "properties": { "OBJECTID": 3691.0, "codigo": "257360000000000110200000000000", "Shape_Area": 56124.254496900001, "Tipo Documento": "NIT", "No Documento": "900373546", "Nombre del contribuyente": "Agropecuaria Takunare S.A.S.", "Razon Social": "Agropecuaria Takunare S.A.S.", "Naturaleza Juridica": "Persona Jurídica", "Regimen tributario": "Regimen Ordinario", "Direccion": "Cl 79 B # 4-84", "Estado": "ACTIVO" }, "geometry": { "type": "MultiPolygon", "coordinates": [ [ [ [ -73.798690273384622, 5.008804470276248 ], [ -73.798606001523083, 5.008741174782924 ], [ -73.798439037059964, 5.008639418041183 ], [ -73.798158754214299, 5.008519668173914 ], [ -73.797818879389112, 5.008274280572902 ], [ -73.798135218821869, 5.007760006019757 ], [ -73.798559075819895, 5.006874923388237 ], [ -73.798801273511771, 5.006505438824945 ], [ -73.79882383193889, 5.006443550701582 ], [ -73.798859442323732, 5.006361449118596 ], [ -73.798870352081494, 5.006336294613329 ], [ -73.798882401833126, 5.00632127858503 ], [ -73.798930835406111, 5.006260920674877 ], [ -73.798985464438843, 5.006169203724001 ], [ -73.799035837972937, 5.006097288902779 ], [ -73.799056667995657, 5.006013525264644 ], [ -73.79905864522523, 5.0060055764944 ], [ -73.799080241171666, 5.005963592271256 ], [ -73.799082334886293, 5.005959522049155 ], [ -73.799102496494058, 5.005921086552378 ], [ -73.799197499739051, 5.005966624472178 ], [ -73.799328800848514, 5.006048554666049 ], [ -73.799415745337527, 5.006087937248547 ], [ -73.799485544174459, 5.006119553733264 ], [ -73.799524054588133, 5.006133111824593 ], [ -73.799647072624651, 5.006176420746195 ], [ -73.799731524834399, 5.006211429085448 ], [ -73.799753653725972, 5.006220601642199 ], [ -73.799786742933435, 5.006234318382333 ], [ -73.799934699407032, 5.006272451727993 ], [ -73.800105285325841, 5.006298187773583 ], [ -73.800238159457393, 5.006306762470217 ], [ -73.800381455625299, 5.006319790657667 ], [ -73.800503480216776, 5.006332728428232 ], [ -73.800526423616319, 5.006452800697789 ], [ -73.800522375149015, 5.00646717448056 ], [ -73.800502121970709, 5.006539086795128 ], [ -73.800472893383713, 5.006633762615724 ], [ -73.8004054495552, 5.006771837213854 ], [ -73.800341160772447, 5.006890760280459 ], [ -73.800319046586736, 5.006964378193564 ], [ -73.800275707497292, 5.007076880621409 ], [ -73.800259348775583, 5.007123185991075 ], [ -73.800235144723914, 5.007191699203075 ], [ -73.800219895810613, 5.00723635471251 ], [ -73.800178193766527, 5.007358480372187 ], [ -73.800129855454514, 5.007434636357386 ], [ -73.800050524148403, 5.007559621700575 ], [ -73.800000202763059, 5.00763613945365 ], [ -73.79993427165445, 5.00773610785875 ], [ -73.799876147729847, 5.007840166957241 ], [ -73.799828046040759, 5.007934509186668 ], [ -73.799754284467355, 5.008063999307276 ], [ -73.7996878102484, 5.00821141553348 ], [ -73.799687785882384, 5.008211461641924 ], [ -73.799567037090924, 5.008437246781829 ], [ -73.799506438945798, 5.008570630902972 ], [ -73.799472574268691, 5.008688960909208 ], [ -73.799410871227522, 5.008918931730567 ], [ -73.799355157992238, 5.00907923861141 ], [ -73.799315243685157, 5.00923784309509 ], [ -73.799304772656143, 5.009266015405004 ], [ -73.798690273384622, 5.008804470276248 ] ] ] ] } },
{ "type": "Feature", "properties": { "OBJECTID": 3692.0, "codigo": "257360000000000110112000000000", "Shape_Area": 84517.880147499993, "Tipo Documento": "NIT", "No Documento": "900373546", "Nombre del contribuyente": "Agropecuaria Takunare S.A.S.", "Razon Social": "Agropecuaria Takunare S.A.S.", "Naturaleza Juridica": "Persona Jurídica", "Regimen tributario": "Regimen Ordinario", "Direccion": "Cl 79 B # 4-84", "Estado": "ACTIVO" }, "geometry": { "type": "MultiPolygon", "coordinates": [ [ [ [ -73.798824469123304, 5.010792734772333 ], [ -73.798837589172834, 5.010763152006391 ], [ -73.798865501767906, 5.010700213585347 ], [ -73.798922571633128, 5.010573610219681 ], [ -73.798959213310866, 5.010435242384197 ], [ -73.798993849684422, 5.010305030383853 ], [ -73.799042231026107, 5.010147225311779 ], [ -73.799069688255926, 5.010062848690189 ], [ -73.799095440177666, 5.009980921966071 ], [ -73.79910093554281, 5.00997182715091 ], [ -73.799124070910537, 5.009914848662721 ], [ -73.799137592870622, 5.009838912172173 ], [ -73.799164946417562, 5.00972246034648 ], [ -73.799191826405007, 5.009617004479431 ], [ -73.799248801065787, 5.009416610995526 ], [ -73.799304772656143, 5.009266015405004 ], [ -73.799315243685157, 5.00923784309509 ], [ -73.799355157992238, 5.00907923861141 ], [ -73.799410871227522, 5.008918931730567 ], [ -73.799472574268691, 5.008688960909208 ], [ -73.799506438945798, 5.008570630902972 ], [ -73.799567037090924, 5.008437246781829 ], [ -73.799687785882384, 5.008211461641924 ], [ -73.7996878102484, 5.00821141553348 ], [ -73.799754284467355, 5.008063999307276 ], [ -73.799828046040759, 5.007934509186668 ], [ -73.799876147729847, 5.007840166957241 ], [ -73.79993427165445, 5.00773610785875 ], [ -73.800000202763059, 5.00763613945365 ], [ -73.800050524148403, 5.007559621700575 ], [ -73.800129855454514, 5.007434636357386 ], [ -73.800178193766527, 5.007358480372187 ], [ -73.800219895810613, 5.00723635471251 ], [ -73.800235144723914, 5.007191699203075 ], [ -73.800259348775583, 5.007123185991075 ], [ -73.800275707497292, 5.007076880621409 ], [ -73.800319046586736, 5.006964378193564 ], [ -73.800341160772447, 5.006890760280459 ], [ -73.8004054495552, 5.006771837213854 ], [ -73.800472893383713, 5.006633762615724 ], [ -73.800502121970709, 5.006539086795128 ], [ -73.800522375149015, 5.00646717448056 ], [ -73.800526423616319, 5.006452800697789 ], [ -73.800503480216776, 5.006332728428232 ], [ -73.800504984413195, 5.006332433361901 ], [ -73.800536412021017, 5.006326261315656 ], [ -73.800629848955253, 5.006307913912157 ], [ -73.800740553219669, 5.006286800337807 ], [ -73.800854612985773, 5.00628452452028 ], [ -73.800939311163347, 5.006307339367146 ], [ -73.800998920520826, 5.006337106639771 ], [ -73.801074312057011, 5.006404978304043 ], [ -73.80112587778072, 5.006521355054739 ], [ -73.801172208249895, 5.006628831379688 ], [ -73.801204372897772, 5.006735768192019 ], [ -73.801231542459007, 5.006820149905204 ], [ -73.80129656949822, 5.006961508812069 ], [ -73.80135594680398, 5.007058832742529 ], [ -73.801367432269473, 5.007077658573149 ], [ -73.801387375216933, 5.007115308052334 ], [ -73.801421505466934, 5.007179742251443 ], [ -73.801429475799878, 5.007194790283947 ], [ -73.801437374043431, 5.007211873842511 ], [ -73.801444809222204, 5.007227954348211 ], [ -73.801469647208222, 5.007281673312426 ], [ -73.801513767549324, 5.007370050082184 ], [ -73.801560733126763, 5.007425475725185 ], [ -73.801266625127269, 5.007704909264366 ], [ -73.800930071539156, 5.008070836318943 ], [ -73.800729505466819, 5.008443997147593 ], [ -73.800485913815365, 5.009010941643048 ], [ -73.800242211934034, 5.009836286758813 ], [ -73.800052016405559, 5.010530529708395 ], [ -73.799898124051595, 5.011092258899254 ], [ -73.799687399914006, 5.01101780426443 ], [ -73.799598530718242, 5.010986403938291 ], [ -73.799511677494806, 5.010955716133242 ], [ -73.799439303502055, 5.011146469683693 ], [ -73.7993755334291, 5.011314549106452 ], [ -73.799225010480754, 5.01182410924119 ], [ -73.799112043006218, 5.012111020279368 ], [ -73.799024385359644, 5.01233364888981 ], [ -73.798852404163483, 5.012807311216446 ], [ -73.79873060471904, 5.013094372126815 ], [ -73.798653988430942, 5.013091777602412 ], [ -73.798515883081009, 5.013087102288259 ], [ -73.798200952653758, 5.013086967828857 ], [ -73.79791398279329, 5.01309818496496 ], [ -73.797942297211506, 5.013028048625895 ], [ -73.797991791197546, 5.012926753194526 ], [ -73.798046194429887, 5.012773969613582 ], [ -73.798077188622912, 5.012663840400714 ], [ -73.798126626999206, 5.012500172468124 ], [ -73.798128054642191, 5.012495447261208 ], [ -73.798164793626469, 5.012362206856556 ], [ -73.798188931491765, 5.012293434195001 ], [ -73.798208183277552, 5.012238581886505 ], [ -73.798262771968325, 5.012094723695115 ], [ -73.798302472109413, 5.01201687227589 ], [ -73.798352656849218, 5.011923679535847 ], [ -73.79841729789409, 5.011784220464871 ], [ -73.798465409341517, 5.011668075960308 ], [ -73.798527378049528, 5.011557345013465 ], [ -73.798562670324898, 5.01143306546767 ], [ -73.798590842114095, 5.011343806016995 ], [ -73.798646950671468, 5.011209117925207 ], [ -73.798695423452557, 5.011069977467247 ], [ -73.798754995548393, 5.010933048200761 ], [ -73.798807429122789, 5.010831157107088 ], [ -73.798824469123304, 5.010792734772333 ] ] ] ] } },
{ "type": "Feature", "properties": { "OBJECTID": 3696.0, "codigo": "257360000000000110199000000000", "Shape_Area": 12210.668353700001, "Tipo Documento": "NIT", "No Documento": "900373546", "Nombre del contribuyente": "Agropecuaria Takunare S.A.S.", "Razon Social": "Agropecuaria Takunare S.A.S.", "Naturaleza Juridica": "Persona Jurídica", "Regimen tributario": "Regimen Ordinario", "Direccion": "Cl 79 B # 4-84", "Estado": "ACTIVO" }, "geometry": { "type": "MultiPolygon", "coordinates": [ [ [ [ -73.800503480216776, 5.006332728428232 ], [ -73.800381455625299, 5.006319790657667 ], [ -73.800238159457393, 5.006306762470217 ], [ -73.800105285325841, 5.006298187773583 ], [ -73.799934699407032, 5.006272451727993 ], [ -73.799786742933435, 5.006234318382333 ], [ -73.799753653725972, 5.006220601642199 ], [ -73.799819724390545, 5.006060936611986 ], [ -73.799948672197033, 5.005791823096585 ], [ -73.800138080213259, 5.005317331149581 ], [ -73.800227407796754, 5.005093553624683 ], [ -73.800259034050214, 5.005129449236738 ], [ -73.800404538686223, 5.005229371553862 ], [ -73.800445517056858, 5.005251557559242 ], [ -73.800475394171784, 5.00526773347677 ], [ -73.800475929671578, 5.005268023980358 ], [ -73.800509862526823, 5.005291107673951 ], [ -73.800553830466811, 5.00532101938163 ], [ -73.800588801812665, 5.005344809761016 ], [ -73.80064770025129, 5.00541380485514 ], [ -73.800735116336725, 5.005513286568046 ], [ -73.800811220246288, 5.005630202720744 ], [ -73.800814461644677, 5.005635182206293 ], [ -73.80087141580988, 5.005717559951163 ], [ -73.800929293474795, 5.005812525797052 ], [ -73.800996365795385, 5.005935917352854 ], [ -73.801016926271075, 5.005978095786143 ], [ -73.80106319793714, 5.006073017836077 ], [ -73.801098152647171, 5.006192425988636 ], [ -73.801115823403123, 5.006306961763522 ], [ -73.801074312057011, 5.006404978304043 ], [ -73.800998920520826, 5.006337106639771 ], [ -73.800939311163347, 5.006307339367146 ], [ -73.800854612985773, 5.00628452452028 ], [ -73.800740553219669, 5.006286800337807 ], [ -73.800629848955253, 5.006307913912157 ], [ -73.800536412021017, 5.006326261315656 ], [ -73.800504984413195, 5.006332433361901 ], [ -73.800503480216776, 5.006332728428232 ] ] ] ] } },
{ "type": "Feature", "properties": { "OBJECTID": 3776.0, "codigo": "257360000000000050090000000000", "Shape_Area": 48916.993176299999, "Tipo Documento": "NIT", "No Documento": "830117605", "Nombre del contribuyente": "LA HICOTEA FACTORIA SAS", "Razon Social": "LA HICOTEA FACTORIA SAS", "Naturaleza Juridica": "Persona Jurídica", "Regimen tributario": "Regimen Comun", "Direccion": "CR 7 87 91 VDA VEREDA TIERRANEGRA", "Estado": "ACTIVO" }, "geometry": { "type": "MultiPolygon", "coordinates": [ [ [ [ -73.79657422375827, 5.026858000800773 ], [ -73.796783138911039, 5.026505183857013 ], [ -73.796828770996697, 5.026423112143598 ], [ -73.796945304862589, 5.026128245608203 ], [ -73.797144450332155, 5.025844324809644 ], [ -73.797404834723139, 5.025529719679559 ], [ -73.797703463067805, 5.025261188088437 ], [ -73.798008570473314, 5.024960327167155 ], [ -73.798751090763233, 5.025158035862799 ], [ -73.798733042225265, 5.025230312505601 ], [ -73.798684853460884, 5.025286090167818 ], [ -73.798564804589859, 5.025388059838794 ], [ -73.798485986892288, 5.025463226813004 ], [ -73.798434177111588, 5.025522203184436 ], [ -73.798524361192378, 5.025527984906775 ], [ -73.798563011277892, 5.025533742769885 ], [ -73.798653211550061, 5.025499327923379 ], [ -73.798729088924276, 5.025485004769133 ], [ -73.798826439327925, 5.025469255674147 ], [ -73.798883699714466, 5.025470714340267 ], [ -73.798958135961115, 5.025477924381941 ], [ -73.799071221713547, 5.02548802293841 ], [ -73.799145648826951, 5.02551676588972 ], [ -73.799214347703312, 5.025552683732238 ], [ -73.799301631923441, 5.025643161647437 ], [ -73.799338830881879, 5.025691985620527 ], [ -73.799396076365753, 5.025730770582785 ], [ -73.799455761893583, 5.02577403281232 ], [ -73.799263317388807, 5.026023981278792 ], [ -73.799262398902528, 5.026025173644382 ], [ -73.798957325766438, 5.026396134754026 ], [ -73.798898611338302, 5.026450662723984 ], [ -73.798852780831623, 5.026499451244714 ], [ -73.798826998701202, 5.026533894548236 ], [ -73.798779723364362, 5.026617135862371 ], [ -73.798735315050038, 5.026688895734329 ], [ -73.798672291212284, 5.026775003232577 ], [ -73.79861643350192, 5.026840057416177 ], [ -73.798537659320729, 5.02693333550521 ], [ -73.798492299844398, 5.027000308548001 ], [ -73.798446935500095, 5.027074459831915 ], [ -73.798413509331183, 5.027131868787827 ], [ -73.798329967999663, 5.027215572906626 ], [ -73.798298931135619, 5.027261019133752 ], [ -73.798244002124449, 5.027385411319541 ], [ -73.798191465004351, 5.027500234432413 ], [ -73.798130615712736, 5.027521501655468 ], [ -73.79657422375827, 5.026858000800773 ] ] ] ] } },
{ "type": "Feature", "properties": { "OBJECTID": 3838.0, "codigo": "257360000000000020041000000000", "Shape_Area": 43097.3083864, "Tipo Documento": "NIT", "No Documento": "860019020", "Nombre del contribuyente": "JIMERCO SAS", "Razon Social": "JIMERCO SAS", "Naturaleza Juridica": "Persona Jurídica", "Regimen tributario": "Regimen Comun", "Direccion": "CL 96 No. 10-29 OF 503", "Estado": "ACTIVO" }, "geometry": { "type": "MultiPolygon", "coordinates": [ [ [ [ -73.825069160401071, 5.045798167794081 ], [ -73.82507584742757, 5.045027115307133 ], [ -73.825250290995484, 5.045190028607061 ], [ -73.82533321677198, 5.045266742830056 ], [ -73.825974766056518, 5.045860238712543 ], [ -73.827173268448078, 5.047016929508284 ], [ -73.827846888870198, 5.047682463695881 ], [ -73.82800292251315, 5.047797298950619 ], [ -73.826882972701995, 5.047647159652196 ], [ -73.826364046650909, 5.047593125850475 ], [ -73.825029194457258, 5.04734497372664 ], [ -73.825029329943447, 5.046996849974095 ], [ -73.825069160401071, 5.045798167794081 ] ] ] ] } },
{ "type": "Feature", "properties": { "OBJECTID": 3860.0, "codigo": "257360000000000020046000000000", "Shape_Area": 99944.481474900007, "Tipo Documento": "NIT", "No Documento": "830000556", "Nombre del contribuyente": "PAPELES Y CORRUGADOS ANDINA SA", "Razon Social": "PAPELES Y CORRUGADOS ANDINA SA", "Naturaleza Juridica": "Persona Jurídica", "Regimen tributario": "Regimen Comun", "Direccion": "VEREDA BOITA", "Estado": "ACTIVO" }, "geometry": { "type": "MultiPolygon", "coordinates": [ [ [ [ -73.832008805825851, 5.042817161603153 ], [ -73.829903911391597, 5.040950129104594 ], [ -73.830361350877126, 5.040643492556092 ], [ -73.832043846832946, 5.039555491675756 ], [ -73.83211838429925, 5.03961832553654 ], [ -73.832383760851926, 5.039776936998704 ], [ -73.832684870335783, 5.040082107625874 ], [ -73.832792093255463, 5.040470946176159 ], [ -73.832846568302955, 5.040483129389906 ], [ -73.833808090909329, 5.040512200770508 ], [ -73.835158220000238, 5.041357298070759 ], [ -73.835494829258352, 5.040845403731852 ], [ -73.835590321351106, 5.040697096594212 ], [ -73.835690596173066, 5.04051768902018 ], [ -73.835728800969562, 5.040441140490271 ], [ -73.835996311797871, 5.039663642408682 ], [ -73.836053523011401, 5.039807219011403 ], [ -73.836362284627441, 5.040609640828678 ], [ -73.836341919824747, 5.040622121541219 ], [ -73.836310788720837, 5.040642068611371 ], [ -73.836272900436882, 5.040665009995065 ], [ -73.836234556808407, 5.040687808329426 ], [ -73.83619635052726, 5.040709846203257 ], [ -73.836156616067058, 5.040730999110508 ], [ -73.83611640506787, 5.04075079540118 ], [ -73.836098120280042, 5.040761819159974 ], [ -73.836080162005103, 5.040772647712519 ], [ -73.836047109148566, 5.040795204745029 ], [ -73.836014630492613, 5.04081593170319 ], [ -73.835981120486892, 5.040838343875711 ], [ -73.835943602255725, 5.040865223565479 ], [ -73.835906103411475, 5.040893318627767 ], [ -73.835868460112437, 5.040921868492569 ], [ -73.835833518984131, 5.040949160585734 ], [ -73.835801917814109, 5.040977001014664 ], [ -73.835771242317989, 5.041006040876411 ], [ -73.835741940847896, 5.041035816436334 ], [ -73.835714890605601, 5.041064491405017 ], [ -73.835700576706913, 5.041076868543997 ], [ -73.835680279250539, 5.041102243550129 ], [ -73.835651522285517, 5.04113731935972 ], [ -73.835622360255243, 5.041175282419523 ], [ -73.835592711089106, 5.041211282080008 ], [ -73.835570296471346, 5.041238529986212 ], [ -73.835566767149956, 5.041242820439777 ], [ -73.835543937550426, 5.041270512197583 ], [ -73.835524689920589, 5.041295412835841 ], [ -73.835508570722169, 5.04131738021237 ], [ -73.835495112214929, 5.041335659974327 ], [ -73.835483581648603, 5.041351633606379 ], [ -73.83547368662424, 5.041365908683548 ], [ -73.835465730138239, 5.041378483510138 ], [ -73.835458368149006, 5.041390440022654 ], [ -73.835446488094348, 5.041412636856887 ], [ -73.835438145933111, 5.041429314309379 ], [ -73.83543159876028, 5.041444746316532 ], [ -73.835425108065422, 5.041463514275414 ], [ -73.835390959743492, 5.041529240828028 ], [ -73.83539084426134, 5.041529389993088 ], [ -73.8353768013761, 5.041547727409155 ], [ -73.835362456848515, 5.041567278271497 ], [ -73.835348566645408, 5.041587283256965 ], [ -73.835335732698098, 5.041606530839346 ], [ -73.8353218424933, 5.041626535824109 ], [ -73.835308104406209, 5.041647299565642 ], [ -73.835293005374396, 5.041668517658336 ], [ -73.835276697741392, 5.041690341175531 ], [ -73.835258880654393, 5.041714287405878 ], [ -73.835240460732692, 5.041739445161374 ], [ -73.835223248960531, 5.041765210145996 ], [ -73.835216342474638, 5.041776851227275 ], [ -73.835207246917662, 5.041792186426998 ], [ -73.835190337353538, 5.041820069373486 ], [ -73.835170861058685, 5.041848714584558 ], [ -73.835149119455238, 5.041879933467868 ], [ -73.835125714810218, 5.041911609301702 ], [ -73.835103066242198, 5.041942224682741 ], [ -73.835082531989258, 5.041968897236891 ], [ -73.835065919426754, 5.041988600071078 ], [ -73.835053688404003, 5.042001484373781 ], [ -73.83504265588617, 5.042023963654002 ], [ -73.835029947131304, 5.042043578418225 ], [ -73.835013486598811, 5.042066699528686 ], [ -73.834995518973244, 5.042090435898842 ], [ -73.834977247672484, 5.042113568992828 ], [ -73.834957462512762, 5.042136108306326 ], [ -73.834936914955236, 5.042157289089114 ], [ -73.834927667386822, 5.042166684842206 ], [ -73.83491636570524, 5.042178166932966 ], [ -73.834896264015882, 5.042198284434151 ], [ -73.834875853465334, 5.042217193686182 ], [ -73.834856046201182, 5.042236100449835 ], [ -73.834842418518733, 5.042250884142723 ], [ -73.834719966434889, 5.042200489291798 ], [ -73.834937811957246, 5.041856632460435 ], [ -73.834961695481198, 5.041790844231258 ], [ -73.834943829131049, 5.0417190603473 ], [ -73.834893139155994, 5.041686142411384 ], [ -73.834848393322233, 5.041710052355885 ], [ -73.834773791849003, 5.041820681729454 ], [ -73.834669366003737, 5.041931301761932 ], [ -73.834508279146064, 5.04202694452575 ], [ -73.834396024579348, 5.042068176219233 ], [ -73.834350690628028, 5.042068158360381 ], [ -73.834338786888168, 5.042001162202714 ], [ -73.834345973630349, 5.041922208507711 ], [ -73.83434601814966, 5.041807362629254 ], [ -73.834367530320151, 5.04170209670221 ], [ -73.83442483113825, 5.041596842346777 ], [ -73.834515554972356, 5.041441358053191 ], [ -73.834539457649768, 5.041326520183118 ], [ -73.834510859276975, 5.041237983899599 ], [ -73.834451206202871, 5.041249924472804 ], [ -73.834374834498291, 5.041307318416162 ], [ -73.834343805569048, 5.041338411719832 ], [ -73.83427935449248, 5.041419734943192 ], [ -73.834224443297344, 5.041510633651977 ], [ -73.834164761708479, 5.041601531473972 ], [ -73.834064501422546, 5.041735479158711 ], [ -73.833986318229449, 5.041852687621522 ], [ -73.833592727647982, 5.041613278181903 ], [ -73.833440638357118, 5.041574341105591 ], [ -73.832948681051533, 5.041185358056017 ], [ -73.832574201869249, 5.041862421757388 ], [ -73.832324924898913, 5.042275537295729 ], [ -73.832220860434248, 5.042447998802278 ], [ -73.832026679167555, 5.042823903513402 ], [ -73.832008805825851, 5.042817161603153 ] ] ] ] } },
{ "type": "Feature", "properties": { "OBJECTID": 4063.0, "codigo": "257360000000000020020000000000", "Shape_Area": 475967.31440799998, "Tipo Documento": "NIT", "No Documento": "860451220", "Nombre del contribuyente": "INVERSIONES HCM S.A", "Razon Social": "INVERSIONES HCM S.A", "Naturaleza Juridica": "Persona Jurídica", "Regimen tributario": "Regimen Comun", "Direccion": "CL 68 50-18", "Estado": "ACTIVO" }, "geometry": { "type": "MultiPolygon", "coordinates": [ [ [ [ -73.813185422622723, 5.050461966627497 ], [ -73.813085026410647, 5.05066831445026 ], [ -73.812943198303657, 5.050959820395044 ], [ -73.812902327007706, 5.051074792283725 ], [ -73.812367721616894, 5.050652130726273 ], [ -73.81227267277562, 5.050674130328227 ], [ -73.812094369445518, 5.050731586523058 ], [ -73.811731070362811, 5.050831479389304 ], [ -73.811555106389235, 5.05092381935381 ], [ -73.811423868273124, 5.051062331635062 ], [ -73.811234610090452, 5.048137110057418 ], [ -73.811091849376666, 5.045981464052607 ], [ -73.81107234199267, 5.045608141818994 ], [ -73.811056338640284, 5.045476516816652 ], [ -73.811051129416086, 5.045433676675773 ], [ -73.81103349823114, 5.045118869974797 ], [ -73.810990814687088, 5.044981260290216 ], [ -73.811419939732289, 5.044667707368579 ], [ -73.811861648574236, 5.044476326099986 ], [ -73.812291200271872, 5.04409847773743 ], [ -73.812407216193719, 5.043860894927961 ], [ -73.812501556641379, 5.043795394104916 ], [ -73.812630595312712, 5.043726009017021 ], [ -73.812729492163982, 5.043356111626424 ], [ -73.812769787833943, 5.04318268798357 ], [ -73.812793111563067, 5.043035098407969 ], [ -73.812933664078741, 5.042742469596073 ], [ -73.812949589566884, 5.042661820665681 ], [ -73.812980505613496, 5.042624763697315 ], [ -73.813051436042613, 5.042507404894391 ], [ -73.813084930216448, 5.042405765497442 ], [ -73.813308815781227, 5.04209611828187 ], [ -73.813614476620572, 5.041576145558514 ], [ -73.813788910854555, 5.041372494299815 ], [ -73.814102824554212, 5.040792837894569 ], [ -73.814270198957601, 5.040578997701835 ], [ -73.814361447859966, 5.040476682577943 ], [ -73.814423623252139, 5.040375419123496 ], [ -73.81444741757862, 5.040267244926999 ], [ -73.814642865775525, 5.040077683502047 ], [ -73.815098727688664, 5.039748704229091 ], [ -73.816342158069816, 5.040514208795183 ], [ -73.81658840086854, 5.040656508160531 ], [ -73.816783714617671, 5.040789420382822 ], [ -73.816671102087383, 5.040898753627642 ], [ -73.817156834955881, 5.041198985416174 ], [ -73.816424981530844, 5.041730537494028 ], [ -73.81614479160838, 5.041736063164699 ], [ -73.815915921753273, 5.042178214138798 ], [ -73.815968959260047, 5.042685932813082 ], [ -73.815975503524939, 5.043368556814587 ], [ -73.816130789109181, 5.043758401715745 ], [ -73.816107854519217, 5.044246997533273 ], [ -73.815959730432041, 5.044554114369324 ], [ -73.816085975145569, 5.044841045726779 ], [ -73.81600686192391, 5.045804064556629 ], [ -73.815848541307773, 5.047125606879063 ], [ -73.81558460134741, 5.047894554665816 ], [ -73.81593384237209, 5.048552948799622 ], [ -73.815907838708924, 5.048572956586562 ], [ -73.815924908240333, 5.048596176583275 ], [ -73.815924213852895, 5.048609720756288 ], [ -73.815917849406219, 5.048617911057764 ], [ -73.815890181388539, 5.048630326660298 ], [ -73.815841631669997, 5.048654121567711 ], [ -73.815745209292672, 5.048695382519754 ], [ -73.814713253366563, 5.049158473807076 ], [ -73.814621876887358, 5.049218481647864 ], [ -73.814581047582692, 5.049259334485906 ], [ -73.814483135645759, 5.04938702302875 ], [ -73.814206212838656, 5.049760157230552 ], [ -73.814185949394982, 5.049745465155464 ], [ -73.814157496710038, 5.049726683272525 ], [ -73.814124267654265, 5.049704748905297 ], [ -73.813977235107259, 5.049607687889306 ], [ -73.813817981576108, 5.049521972521353 ], [ -73.813740864765222, 5.049606749994203 ], [ -73.813477039541738, 5.050002934998092 ], [ -73.813438984624455, 5.050060081471138 ], [ -73.813352831216832, 5.050188713258871 ], [ -73.813279830454249, 5.050267924632222 ], [ -73.813185422622723, 5.050461966627497 ] ] ] ] } },
{ "type": "Feature", "properties": { "OBJECTID": 4068.0, "codigo": "257360000000000040465000000000", "Shape_Area": 83329.009615000003, "Tipo Documento": "NIT", "No Documento": "860535202", "Nombre del contribuyente": "LUTRY S.A.S.", "Razon Social": "LUTRY S.A.S.", "Naturaleza Juridica": "Persona Jurídica", "Regimen tributario": "Regimen Comun", "Direccion": "CARRERA 6 80 34", "Estado": "ACTIVO" }, "geometry": { "type": "MultiPolygon", "coordinates": [ [ [ [ -73.799755822246155, 5.067361205922401 ], [ -73.799773791073335, 5.06728437085163 ], [ -73.799874865921154, 5.067029794738231 ], [ -73.799990172725117, 5.066687019538854 ], [ -73.800058196602208, 5.066492916135148 ], [ -73.800089022335598, 5.066386612195423 ], [ -73.800171770312303, 5.066136556831611 ], [ -73.800223576363592, 5.065994559673094 ], [ -73.800291286836867, 5.065807571038142 ], [ -73.800297132895537, 5.06579142657279 ], [ -73.800358903549338, 5.065607718853199 ], [ -73.800431200191582, 5.065396064083246 ], [ -73.800521166748794, 5.06509322211022 ], [ -73.800611611371906, 5.064823819092177 ], [ -73.802509189436947, 5.065507855085278 ], [ -73.802784766131566, 5.065294447943882 ], [ -73.802778999996207, 5.065332906689619 ], [ -73.802826790143484, 5.065497464055939 ], [ -73.802920068404134, 5.065635904075616 ], [ -73.803150834521134, 5.065798656309713 ], [ -73.803304496783625, 5.065894358984101 ], [ -73.803448070993596, 5.065944182800189 ], [ -73.803567951441877, 5.065997757490601 ], [ -73.803652611730499, 5.066064674498844 ], [ -73.803754888871964, 5.066187122260176 ], [ -73.803799648257424, 5.066306896112949 ], [ -73.803798165790468, 5.066379537879826 ], [ -73.803799687866189, 5.066493550304537 ], [ -73.803776718344182, 5.066602009983588 ], [ -73.803762243998392, 5.066686473440907 ], [ -73.80372141585535, 5.066720295541437 ], [ -73.803706496433762, 5.066726610203692 ], [ -73.803685628404963, 5.066725063177359 ], [ -73.803647211556509, 5.066722769918615 ], [ -73.803567519612457, 5.066680648789606 ], [ -73.803465531628589, 5.066625245966952 ], [ -73.803275897328291, 5.066479719872151 ], [ -73.80309507278433, 5.066359995905233 ], [ -73.802911618393523, 5.066315652253124 ], [ -73.802712148264675, 5.066341087489174 ], [ -73.802512985942101, 5.06642340976421 ], [ -73.802340843530288, 5.066588704685766 ], [ -73.802321193846723, 5.066610617181413 ], [ -73.802263016192214, 5.066675502248558 ], [ -73.802182478179986, 5.066732058342051 ], [ -73.802111948879812, 5.066795979591904 ], [ -73.802056865293025, 5.066905564925149 ], [ -73.802047452027551, 5.067029601236682 ], [ -73.8020820213127, 5.067190607302169 ], [ -73.802125559395492, 5.067323166466175 ], [ -73.802149534574099, 5.067396162683226 ], [ -73.802171564575872, 5.067503210855233 ], [ -73.80218115133755, 5.067587106663415 ], [ -73.802174567601412, 5.067652312992871 ], [ -73.802161845918818, 5.06775431943333 ], [ -73.802075386700551, 5.067867889262493 ], [ -73.801870764483382, 5.068041253625705 ], [ -73.801798376112103, 5.068090917933204 ], [ -73.800669236512178, 5.067676561031339 ], [ -73.799755822246155, 5.067361205922401 ] ] ] ] } },
{ "type": "Feature", "properties": { "OBJECTID": 4197.0, "codigo": "257360000000000050093000000000", "Shape_Area": 67976.513088199994, "Tipo Documento": "NIT", "No Documento": "830117605", "Nombre del contribuyente": "LA HICOTEA FACTORIA SAS", "Razon Social": "LA HICOTEA FACTORIA SAS", "Naturaleza Juridica": "Persona Jurídica", "Regimen tributario": "Regimen Comun", "Direccion": "CR 7 87 91 VDA VEREDA TIERRANEGRA", "Estado": "ACTIVO" }, "geometry": { "type": "MultiPolygon", "coordinates": [ [ [ [ -73.799262398902528, 5.026025173644382 ], [ -73.799263317388807, 5.026023981278792 ], [ -73.799563076348676, 5.026267532911016 ], [ -73.799684923808982, 5.026432635702879 ], [ -73.799716077603975, 5.026474850344659 ], [ -73.799846168990669, 5.026543989830682 ], [ -73.800034543253275, 5.026647101113594 ], [ -73.800128049691864, 5.026693077885776 ], [ -73.800307362646123, 5.026752845367909 ], [ -73.800481349975271, 5.026874332804429 ], [ -73.800496390881563, 5.026898491856757 ], [ -73.800517465816412, 5.026932338410243 ], [ -73.800480481918044, 5.026946126674005 ], [ -73.800304593177728, 5.02711592627597 ], [ -73.799419151724024, 5.027768729966451 ], [ -73.798718091272136, 5.028252693641214 ], [ -73.798236968837557, 5.028415461387329 ], [ -73.797873604976701, 5.028538392008385 ], [ -73.796863986785638, 5.028879955664098 ], [ -73.795324661338057, 5.029358385983531 ], [ -73.794834512613022, 5.029510726188457 ], [ -73.794844331339277, 5.029490899394391 ], [ -73.794960423138434, 5.029256461323897 ], [ -73.795398063733998, 5.028560875705649 ], [ -73.795517978935877, 5.028403183445907 ], [ -73.796795521255348, 5.027965951389696 ], [ -73.798130615712736, 5.027521501655468 ], [ -73.798191465004351, 5.027500234432413 ], [ -73.798244002124449, 5.027385411319541 ], [ -73.798298931135619, 5.027261019133752 ], [ -73.798329967999663, 5.027215572906626 ], [ -73.798413509331183, 5.027131868787827 ], [ -73.798446935500095, 5.027074459831915 ], [ -73.798492299844398, 5.027000308548001 ], [ -73.798537659320729, 5.02693333550521 ], [ -73.79861643350192, 5.026840057416177 ], [ -73.798672291212284, 5.026775003232577 ], [ -73.798735315050038, 5.026688895734329 ], [ -73.798779723364362, 5.026617135862371 ], [ -73.798826998701202, 5.026533894548236 ], [ -73.798852780831623, 5.026499451244714 ], [ -73.798898611338302, 5.026450662723984 ], [ -73.798957325766438, 5.026396134754026 ], [ -73.799262398902528, 5.026025173644382 ] ] ] ] } },
{ "type": "Feature", "properties": { "OBJECTID": 4299.0, "codigo": "257360000000000030625000000000", "Shape_Area": 2669.8663213999998, "Tipo Documento": "NIT", "No Documento": "830117605", "Nombre del contribuyente": "LA HICOTEA FACTORIA SAS", "Razon Social": "LA HICOTEA FACTORIA SAS", "Naturaleza Juridica": "Persona Jurídica", "Regimen tributario": "Regimen Comun", "Direccion": "CR 7 87 91 VDA VEREDA TIERRANEGRA", "Estado": "ACTIVO" }, "geometry": { "type": "MultiPolygon", "coordinates": [ [ [ [ -73.797243601857588, 5.04912386934425 ], [ -73.79712123012888, 5.049336160602581 ], [ -73.796337022297166, 5.048920106505229 ], [ -73.796390743513882, 5.048833398568268 ], [ -73.796441114321567, 5.04873687131671 ], [ -73.796454224393386, 5.048711747722658 ], [ -73.796686676463978, 5.048828584701712 ], [ -73.79677144741558, 5.048872601428354 ], [ -73.796918090145695, 5.048948744412785 ], [ -73.797012801550451, 5.048998835893639 ], [ -73.797243270449698, 5.049120726798946 ], [ -73.797246518814163, 5.049122476190761 ], [ -73.797243601857588, 5.04912386934425 ] ] ] ] } },
{ "type": "Feature", "properties": { "OBJECTID": 4303.0, "codigo": "257360000000000030057000000000", "Shape_Area": 9327.8795709799997, "Tipo Documento": "Cédula de Ciudadanía", "No Documento": "3059271", "Nombre del contribuyente": "INVERSIONES JJ MOTORES & ALQUILERES S.A.S", "Razon Social": "INVERSIONES JJ MOTORES & ALQUILERES S.A.S", "Naturaleza Juridica": "Persona Jurídica", "Regimen tributario": "Regimen Simplificado", "Direccion": "CR 6 4 49", "Estado": "ACTIVO" }, "geometry": { "type": "MultiPolygon", "coordinates": [ [ [ [ -73.790765671353228, 5.045333248573931 ], [ -73.790846450420375, 5.045228712353817 ], [ -73.790974641609125, 5.045351389455067 ], [ -73.791052988000175, 5.045422946857608 ], [ -73.791272766328333, 5.045623679019402 ], [ -73.791517671207146, 5.045819740676114 ], [ -73.791523203465076, 5.04582416960168 ], [ -73.791621588798563, 5.045904963118222 ], [ -73.791761724249099, 5.045994747333596 ], [ -73.791880986650369, 5.046075549996723 ], [ -73.791868831993469, 5.046103548645526 ], [ -73.79184378608376, 5.046161245679889 ], [ -73.791787787976361, 5.04629024668221 ], [ -73.791761568559721, 5.046350647017402 ], [ -73.791717624306528, 5.046488253997447 ], [ -73.79168284291768, 5.046597169232307 ], [ -73.790558136442627, 5.045771553955914 ], [ -73.790571357506977, 5.045756876871565 ], [ -73.790611945776746, 5.045694687018004 ], [ -73.790616739134506, 5.045644445085178 ], [ -73.790605357815451, 5.045617781648833 ], [ -73.790595288132593, 5.045594190657898 ], [ -73.790575276746651, 5.045582081542124 ], [ -73.790686023729037, 5.045436319430834 ], [ -73.790765671353228, 5.045333248573931 ] ] ] ] } },
{ "type": "Feature", "properties": { "OBJECTID": 4325.0, "codigo": "257360000000000020040000000000", "Shape_Area": 5399.8081942299996, "Tipo Documento": "NIT", "No Documento": "860019020", "Nombre del contribuyente": "JIMERCO SAS", "Razon Social": "JIMERCO SAS", "Naturaleza Juridica": "Persona Jurídica", "Regimen tributario": "Regimen Comun", "Direccion": "CL 96 No. 10-29 OF 503", "Estado": "ACTIVO" }, "geometry": { "type": "MultiPolygon", "coordinates": [ [ [ [ -73.824788577714926, 5.054410551131125 ], [ -73.824791036266959, 5.054321418005559 ], [ -73.824834414788896, 5.054026518717908 ], [ -73.824900877748533, 5.054081931482918 ], [ -73.825119862666895, 5.054208347899802 ], [ -73.825025406131971, 5.055369201917047 ], [ -73.824905454383355, 5.055839334582019 ], [ -73.82481734901782, 5.055691194690498 ], [ -73.824778636774667, 5.055535660671251 ], [ -73.824784651070701, 5.055407060283034 ], [ -73.824769851760266, 5.055113958672847 ], [ -73.824760983923241, 5.054910585764357 ], [ -73.824781961215564, 5.054650397077626 ], [ -73.824788577714926, 5.054410551131125 ] ] ] ] } },
{ "type": "Feature", "properties": { "OBJECTID": 4328.0, "codigo": "257360000000000020044000000000", "Shape_Area": 123802.90721400001, "Tipo Documento": "NIT", "No Documento": "860019020", "Nombre del contribuyente": "JIMERCO SAS", "Razon Social": "JIMERCO SAS", "Naturaleza Juridica": "Persona Jurídica", "Regimen tributario": "Regimen Comun", "Direccion": "CL 96 No. 10-29 OF 503", "Estado": "ACTIVO" }, "geometry": { "type": "MultiPolygon", "coordinates": [ [ [ [ -73.821531927652913, 5.051175569623634 ], [ -73.821504689901559, 5.050279600862951 ], [ -73.822466833504876, 5.050282968319793 ], [ -73.823794618139161, 5.050305023471034 ], [ -73.823807962644494, 5.04973917805899 ], [ -73.823805536613264, 5.0469780286466 ], [ -73.824058388447654, 5.047131254482311 ], [ -73.825029194457258, 5.04734497372664 ], [ -73.825000929312878, 5.048659539731976 ], [ -73.824904744770464, 5.050587944123341 ], [ -73.824890157545539, 5.051291364225289 ], [ -73.824843809617477, 5.052361952704442 ], [ -73.824356627825935, 5.053178510548232 ], [ -73.824219120844461, 5.053367951800634 ], [ -73.82316952543087, 5.052142825617128 ], [ -73.822608988083104, 5.051711936537292 ], [ -73.82224520983732, 5.051496460338806 ], [ -73.821863529243075, 5.05130490079507 ], [ -73.821531927652913, 5.051175569623634 ] ] ] ] } },
{ "type": "Feature", "properties": { "OBJECTID": 4330.0, "codigo": "257360000000000020045000000000", "Shape_Area": 32437.3732361, "Tipo Documento": "NIT", "No Documento": "800064120", "Nombre del contribuyente": "TALLER DE ENSAMBLE SAS", "Razon Social": "TALLER DE ENSAMBLE SAS", "Naturaleza Juridica": "Persona Jurídica", "Regimen tributario": "Regimen Comun", "Direccion": "VEREDA  BOITA KM 38 CARRETERA CENTRAL", "Estado": "ACTIVO" }, "geometry": { "type": "MultiPolygon", "coordinates": [ [ [ [ -73.830957111481496, 5.039373343452982 ], [ -73.830975774631241, 5.039478278137121 ], [ -73.830987030136072, 5.03952236569034 ], [ -73.831153243401872, 5.039663723248505 ], [ -73.831203948699567, 5.039710088276042 ], [ -73.831159979002564, 5.039737197644076 ], [ -73.83064133656427, 5.040081769200922 ], [ -73.830363907776785, 5.040272644677158 ], [ -73.830040382721748, 5.040495238579509 ], [ -73.829643502159186, 5.040772023830719 ], [ -73.829130131078898, 5.041101599340815 ], [ -73.829092723674549, 5.04112561296507 ], [ -73.828618060322057, 5.041420454546071 ], [ -73.828484938361754, 5.041509476225793 ], [ -73.828112943542791, 5.041758236082551 ], [ -73.827780333905324, 5.041979656947789 ], [ -73.827392261108656, 5.042237158294794 ], [ -73.8272712764321, 5.042317435363814 ], [ -73.827047220931192, 5.042463326926946 ], [ -73.826957196953785, 5.042521943629031 ], [ -73.826923883372373, 5.04250144950681 ], [ -73.826898129703778, 5.042461243854966 ], [ -73.826859508517302, 5.042383708640322 ], [ -73.826856667252287, 5.042321978849754 ], [ -73.826902046690151, 5.042203322652557 ], [ -73.826992765920892, 5.042066978815198 ], [ -73.827119265533312, 5.041949789867098 ], [ -73.827186083471716, 5.041918712516606 ], [ -73.827317325915502, 5.041875696187571 ], [ -73.827448571963686, 5.041830287079081 ], [ -73.827539261780998, 5.041765722131882 ], [ -73.82759655268778, 5.041691571511103 ], [ -73.827663396179702, 5.041593501541668 ], [ -73.827706416190495, 5.041406895051953 ], [ -73.827778061067704, 5.041229868757471 ], [ -73.827875918167351, 5.041141378973189 ], [ -73.827978537382762, 5.041076818536298 ], [ -73.828090698157752, 5.041026616455334 ], [ -73.828229087695831, 5.041009921152455 ], [ -73.828381795555728, 5.040993232209987 ], [ -73.828536878592729, 5.040998077115618 ], [ -73.828699128073083, 5.040986175450336 ], [ -73.828878268050644, 5.040899915838572 ], [ -73.829021450516038, 5.040823761451015 ], [ -73.829136011998173, 5.040730014874355 ], [ -73.829219085541482, 5.040612148761273 ], [ -73.829384287661426, 5.040366433668957 ], [ -73.829523685180789, 5.040209530861691 ], [ -73.829640174941304, 5.040062192114787 ], [ -73.829720400513608, 5.039911008951849 ], [ -73.829791132461338, 5.039625836072993 ], [ -73.829873276777874, 5.039444029799747 ], [ -73.829970661183765, 5.039342619882292 ], [ -73.83014819727255, 5.039287178419259 ], [ -73.8302817986891, 5.039314027877739 ], [ -73.830474565914301, 5.039358124718812 ], [ -73.830676288244447, 5.039381768029297 ], [ -73.830856663052188, 5.039386142687015 ], [ -73.830957111481496, 5.039373343452982 ] ] ] ] } },
{ "type": "Feature", "properties": { "OBJECTID": 4333.0, "codigo": "257360000000000020076000000000", "Shape_Area": 66826.089783300005, "Tipo Documento": "NIT", "No Documento": "830000556", "Nombre del contribuyente": "PAPELES Y CORRUGADOS ANDINA SA", "Razon Social": "PAPELES Y CORRUGADOS ANDINA SA", "Naturaleza Juridica": "Persona Jurídica", "Regimen tributario": "Regimen Comun", "Direccion": "VEREDA BOITA", "Estado": "ACTIVO" }, "geometry": { "type": "MultiPolygon", "coordinates": [ [ [ [ -73.836784860643078, 5.040030360878616 ], [ -73.836774095043737, 5.040197651721006 ], [ -73.836750210863372, 5.040263439126905 ], [ -73.836722750652171, 5.040323244223794 ], [ -73.836722470666103, 5.040326880276097 ], [ -73.836651707784597, 5.04039540659914 ], [ -73.836639074501434, 5.040408647981357 ], [ -73.836609736907263, 5.040436298485798 ], [ -73.836579283293645, 5.040460480617574 ], [ -73.83655121825403, 5.040482802601013 ], [ -73.836526464874268, 5.040504156409915 ], [ -73.836502009191065, 5.040525201964746 ], [ -73.836477066371913, 5.040544283216982 ], [ -73.836451498164621, 5.040562163337318 ], [ -73.836424233538821, 5.040578098601074 ], [ -73.836394691190023, 5.040593617949336 ], [ -73.836362284627441, 5.040609640828678 ], [ -73.836053523011401, 5.039807219011403 ], [ -73.835996311797871, 5.039663642408682 ], [ -73.835728800969562, 5.040441140490271 ], [ -73.835690596173066, 5.04051768902018 ], [ -73.835590321351106, 5.040697096594212 ], [ -73.835494829258352, 5.040845403731852 ], [ -73.835158220000238, 5.041357298070759 ], [ -73.833808090909329, 5.040512200770508 ], [ -73.832846568302955, 5.040483129389906 ], [ -73.832792093255463, 5.040470946176159 ], [ -73.832684870335783, 5.040082107625874 ], [ -73.832383760851926, 5.039776936998704 ], [ -73.83211838429925, 5.03961832553654 ], [ -73.832043846832946, 5.039555491675756 ], [ -73.832999164328044, 5.039057272330458 ], [ -73.833442718042193, 5.039674731640238 ], [ -73.833857785757502, 5.039904577249045 ], [ -73.834344567016473, 5.039370609009291 ], [ -73.834538502715858, 5.039161328990403 ], [ -73.834604117886443, 5.039152382021448 ], [ -73.834735338511095, 5.039170374862699 ], [ -73.83619053852982, 5.03940500485407 ], [ -73.836229246496529, 5.039252370293616 ], [ -73.836293745620281, 5.039037059808849 ], [ -73.83657190641776, 5.039080895337156 ], [ -73.836588557859045, 5.039217281321275 ], [ -73.836636222154411, 5.039363247098176 ], [ -73.836679131962697, 5.039466146038121 ], [ -73.83672203295535, 5.039590577056865 ], [ -73.836755394910327, 5.039700649819178 ], [ -73.836774430744669, 5.039844213138333 ], [ -73.836784860643078, 5.040030360878616 ] ] ] ] } },
{ "type": "Feature", "properties": { "OBJECTID": 4335.0, "codigo": "257360000000000020012000000000", "Shape_Area": 18839.555155800001, "Tipo Documento": "NIT", "No Documento": "830000556", "Nombre del contribuyente": "PAPELES Y CORRUGADOS ANDINA SA", "Razon Social": "PAPELES Y CORRUGADOS ANDINA SA", "Naturaleza Juridica": "Persona Jurídica", "Regimen tributario": "Regimen Comun", "Direccion": "VEREDA BOITA", "Estado": "ACTIVO" }, "geometry": { "type": "MultiPolygon", "coordinates": [ [ [ [ -73.832999164328044, 5.039057272330458 ], [ -73.835000756360046, 5.038209453558803 ], [ -73.834735338511095, 5.039170374862699 ], [ -73.834604117886443, 5.039152382021448 ], [ -73.834538502715858, 5.039161328990403 ], [ -73.834344567016473, 5.039370609009291 ], [ -73.833857785757502, 5.039904577249045 ], [ -73.833442718042193, 5.039674731640238 ], [ -73.832999164328044, 5.039057272330458 ] ] ] ] } }
]
}
