{
"type": "FeatureCollection",
"name": "PREDIOS_PUBLICOS_SESQUILE",
"crs": { "type": "name", "properties": { "name": "urn:ogc:def:crs:OGC:1.3:CRS84" } },
"features": [
{ "type": "Feature", "properties": { "OBJECTID": 62.0, "codigo": "257360100000000490001000000000", "manzana_co": "25736010000000049", "numero_sub": 0.0, "codigo_ant": "25736010000490001000", "usuario_lo": null, "fecha_log": null, "globalid": "{76833DAD-66E6-4A9F-9D04-F7019F5D99EF}", "vereda_cod": null, "Shape_Leng": 376.71371002900003, "Shape_Area": 5989.8381093300004, "DEPARTAMENTO": "25", "MUNICIPIO": "736", "NUMERO_PREDIAL": "0100000000490001000000000", "TIPO_DE_REGISTRO": "1", "NUMERO_DE_ORDEN": "001", "TOTAL_REGISTROS": "001", "NOMBRE": "MUNICIPIO DE SESQUILE", "TIPO_DOCUMENTO": "N", "NUMERO_DOCUMENTO": "999994152", "DIRECCION": "K 6 6 69", "COMUNA": null, "DESTINO": "I", "AREA DE TERRENO": "6020.0", "AREA CONSTRUIDA": "2801.0", "AVALUO 2026": "2.802270808E9", "AVALUO 2025": "2.72065127E9", "VIGENCIA": "01012026", "NUMERO PREDIAL ANTERIOR": "010000490001000", "9.128221E7": "-10300270032628000", "DESTINO_ECONOMICO": "PUBLICO" }, "geometry": { "type": "MultiPolygon", "coordinates": [ [ [ [ -73.79630504792793, 5.045649364548229 ], [ -73.796399380907246, 5.045443301649409 ], [ -73.796737566505342, 5.045580623706681 ], [ -73.796797992285136, 5.045601849877524 ], [ -73.796786605525227, 5.045633492909629 ], [ -73.796729733005847, 5.045791532703916 ], [ -73.796799751714289, 5.045822806988451 ], [ -73.796852331554248, 5.045845323963681 ], [ -73.796860624620365, 5.045848874612766 ], [ -73.796984559095321, 5.045903220862418 ], [ -73.797051911428113, 5.045925938499542 ], [ -73.797073080386667, 5.045933715934607 ], [ -73.797175510603822, 5.045998679726221 ], [ -73.797201422841468, 5.046015115016927 ], [ -73.797252100714203, 5.046062716069112 ], [ -73.7972759901686, 5.0460851570803 ], [ -73.797340039723778, 5.046103940776176 ], [ -73.797386776592916, 5.046117647988945 ], [ -73.797404952843834, 5.046122977566388 ], [ -73.797280657746569, 5.046321860679531 ], [ -73.797202160190494, 5.046441638885507 ], [ -73.797193145977204, 5.046455393112414 ], [ -73.796206115826294, 5.045865473723794 ], [ -73.79630504792793, 5.045649364548229 ] ] ] ] } },
{ "type": "Feature", "properties": { "OBJECTID": 72.0, "codigo": "257360200000000010001000000000", "manzana_co": "25736020000000001", "numero_sub": 0.0, "codigo_ant": "25736020000010001000", "usuario_lo": null, "fecha_log": null, "globalid": "{4E766EF6-94D3-4752-A8A4-CA55B310CFC6}", "vereda_cod": null, "Shape_Leng": 193.45664642, "Shape_Area": 1534.0398940499999, "DEPARTAMENTO": "25", "MUNICIPIO": "736", "NUMERO_PREDIAL": "0200000000010001000000000", "TIPO_DE_REGISTRO": "1", "NUMERO_DE_ORDEN": "001", "TOTAL_REGISTROS": "001", "NOMBRE": "MUNICIPIO DE SESQUILE", "TIPO_DOCUMENTO": "N", "NUMERO_DOCUMENTO": "999994152", "DIRECCION": "K 1 1 80", "COMUNA": null, "DESTINO": "P", "AREA DE TERRENO": "1116.0", "AREA CONSTRUIDA": "0.0", "AVALUO 2026": "1.26211029E8", "AVALUO 2025": "1.2253498E8", "VIGENCIA": "01012026", "NUMERO PREDIAL ANTERIOR": "020000010001000", "9.128221E7": "176-11917", "DESTINO_ECONOMICO": "PUBLICO" }, "geometry": { "type": "MultiPolygon", "coordinates": [ [ [ [ -73.810330547917516, 5.052779182752285 ], [ -73.810363969898489, 5.052762355388191 ], [ -73.810399057364037, 5.052772520291957 ], [ -73.810430207723527, 5.052888476012198 ], [ -73.810348504659444, 5.052926321673438 ], [ -73.810248679422557, 5.052973705975359 ], [ -73.810217439750716, 5.052988534696844 ], [ -73.810206897191037, 5.053017117226998 ], [ -73.810193759864461, 5.053023099709526 ], [ -73.810179800440551, 5.053029454628081 ], [ -73.810209630135233, 5.053097997361248 ], [ -73.8101453940005, 5.053133311638172 ], [ -73.810038860490707, 5.053191878579733 ], [ -73.81001803135922, 5.053203329093194 ], [ -73.809927561237117, 5.053257592080739 ], [ -73.809869726893552, 5.053146279451286 ], [ -73.809849616131146, 5.053107573489544 ], [ -73.809837225508417, 5.053083726205631 ], [ -73.809833430344185, 5.053076372795386 ], [ -73.809828149567068, 5.053066137679851 ], [ -73.809814270594075, 5.053037611674118 ], [ -73.809800550280258, 5.053009409272508 ], [ -73.809881840723349, 5.052981441853538 ], [ -73.809908073964067, 5.052972022373176 ], [ -73.809992690545585, 5.052937423632572 ], [ -73.81007661302246, 5.052903109633155 ], [ -73.810118085686383, 5.052886151956002 ], [ -73.810330547917516, 5.052779182752285 ] ] ] ] } },
{ "type": "Feature", "properties": { "OBJECTID": 73.0, "codigo": "257360100000000130014000000000", "manzana_co": "25736010000000013", "numero_sub": 0.0, "codigo_ant": "25736010000130014000", "usuario_lo": null, "fecha_log": null, "globalid": "{D0B16B47-86B0-46D7-AABC-06D100946D88}", "vereda_cod": null, "Shape_Leng": 31.122090644899998, "Shape_Area": 56.774890921699999, "DEPARTAMENTO": "25", "MUNICIPIO": "736", "NUMERO_PREDIAL": "0100000000130014000000000", "TIPO_DE_REGISTRO": "1", "NUMERO_DE_ORDEN": "001", "TOTAL_REGISTROS": "001", "NOMBRE": "MUNICIPIO DE SESQUILE", "TIPO_DOCUMENTO": "N", "NUMERO_DOCUMENTO": "8999994152", "DIRECCION": "C 6 6 138", "COMUNA": null, "DESTINO": "J", "AREA DE TERRENO": "56.0", "AREA CONSTRUIDA": "56.0", "AVALUO 2026": "4.6265849E7", "AVALUO 2025": "4.49183E7", "VIGENCIA": "01012026", "NUMERO PREDIAL ANTERIOR": "010000130014000", "9.128221E7": "0.0", "DESTINO_ECONOMICO": "PUBLICO" }, "geometry": { "type": "MultiPolygon", "coordinates": [ [ [ [ -73.797504676914897, 5.045856858178376 ], [ -73.797534268723922, 5.045811111980198 ], [ -73.797551985226576, 5.04578372464329 ], [ -73.797571726340735, 5.045799203562525 ], [ -73.797593897686312, 5.045816587968166 ], [ -73.797546421712838, 5.045889936642081 ], [ -73.797504676914897, 5.045856858178376 ] ] ] ] } },
{ "type": "Feature", "properties": { "OBJECTID": 79.0, "codigo": "257360200000000140001000000000", "manzana_co": "25736020000000014", "numero_sub": 0.0, "codigo_ant": "25736020000140001000", "usuario_lo": null, "fecha_log": null, "globalid": "{1D26825E-5FA1-4D99-86BB-9103A4F1EE7C}", "vereda_cod": null, "Shape_Leng": 707.777575641, "Shape_Area": 11504.2990746, "DEPARTAMENTO": "25", "MUNICIPIO": "736", "NUMERO_PREDIAL": "0200000000140001000000000", "TIPO_DE_REGISTRO": "1", "NUMERO_DE_ORDEN": "001", "TOTAL_REGISTROS": "001", "NOMBRE": "MUNICIPIO DE SESQUILE", "TIPO_DOCUMENTO": "N", "NUMERO_DOCUMENTO": "999994152", "DIRECCION": "K 3 1A 40", "COMUNA": null, "DESTINO": "P", "AREA DE TERRENO": "3078.0", "AREA CONSTRUIDA": "0.0", "AVALUO 2026": "2.54670106E8", "AVALUO 2025": "2.4725253E8", "VIGENCIA": "01012026", "NUMERO PREDIAL ANTERIOR": "020000000014000", "9.128221E7": "176-11917", "DESTINO_ECONOMICO": "PUBLICO" }, "geometry": { "type": "MultiPolygon", "coordinates": [ [ [ [ -73.808165440480522, 5.052690761421501 ], [ -73.808063295860606, 5.052474117831317 ], [ -73.808066509518454, 5.052423580765201 ], [ -73.808118645827761, 5.05233543480146 ], [ -73.808187146204986, 5.052219625535594 ], [ -73.808189799937196, 5.052215137469904 ], [ -73.808270562141232, 5.052082348534599 ], [ -73.808320290217139, 5.052020037866566 ], [ -73.80833817869285, 5.051997623670109 ], [ -73.808383081826932, 5.051959843978085 ], [ -73.808431601325523, 5.05191259463203 ], [ -73.808455047240884, 5.051898198210397 ], [ -73.808542346082916, 5.051844593543679 ], [ -73.808563392490299, 5.051835956108792 ], [ -73.808656109173668, 5.051797904380776 ], [ -73.808684226333256, 5.051786365196588 ], [ -73.808741430762765, 5.051773263501505 ], [ -73.808780933007071, 5.051764215346668 ], [ -73.808843654032998, 5.051743107421201 ], [ -73.808943367655615, 5.05170954987516 ], [ -73.80902680686475, 5.051675245962455 ], [ -73.809155972550812, 5.051576668039987 ], [ -73.809176209533362, 5.05157210281242 ], [ -73.809207293519947, 5.051622999017408 ], [ -73.809269120137571, 5.051739486646603 ], [ -73.809282709646411, 5.051765090259463 ], [ -73.809178831816155, 5.051819581184521 ], [ -73.808939759972006, 5.051901049678038 ], [ -73.808850405501929, 5.051932464719717 ], [ -73.80877289386676, 5.051956592041068 ], [ -73.808618752274199, 5.052010431130483 ], [ -73.808545737396599, 5.052060356556137 ], [ -73.808428045614193, 5.052199781023102 ], [ -73.808452485554767, 5.052222557871174 ], [ -73.808573963655661, 5.052101390945905 ], [ -73.808636275172518, 5.05206316800518 ], [ -73.808773562022864, 5.052018652363392 ], [ -73.808893797646235, 5.051986472051373 ], [ -73.809143879405127, 5.051895503050636 ], [ -73.809310287274087, 5.051825759833823 ], [ -73.809470914172408, 5.052136240182248 ], [ -73.809530220454718, 5.0522508747721 ], [ -73.809440658774818, 5.052289667789107 ], [ -73.809319116429691, 5.052342313239842 ], [ -73.809129457221317, 5.05242649809778 ], [ -73.808900165897711, 5.05252123611315 ], [ -73.808751133656429, 5.052584714668748 ], [ -73.808650344194646, 5.05265318566061 ], [ -73.808550153657507, 5.052536829716748 ], [ -73.808506076289135, 5.052579582837451 ], [ -73.808598901993633, 5.052687382299942 ], [ -73.808504346872397, 5.052760636766025 ], [ -73.80848569837697, 5.0527773119176 ], [ -73.808463963431748, 5.052796747729442 ], [ -73.80844600812317, 5.052812795539272 ], [ -73.808411580333129, 5.052843566871959 ], [ -73.808397557838077, 5.052852407565388 ], [ -73.808361609192588, 5.052875072462375 ], [ -73.808301644899274, 5.052912878623391 ], [ -73.80828531806543, 5.052905195482851 ], [ -73.808246330145494, 5.052842186685667 ], [ -73.808202301168748, 5.052763268773911 ], [ -73.808165440480522, 5.052690761421501 ] ] ] ] } },
{ "type": "Feature", "properties": { "OBJECTID": 80.0, "codigo": "257360100000000270014000000000", "manzana_co": "25736010000000027", "numero_sub": 0.0, "codigo_ant": "25736010000270014000", "usuario_lo": null, "fecha_log": null, "globalid": "{94935643-1AFB-4618-9B39-A1DBF6116909}", "vereda_cod": null, "Shape_Leng": 46.845249359699999, "Shape_Area": 130.62392031300001, "DEPARTAMENTO": "25", "MUNICIPIO": "736", "NUMERO_PREDIAL": "0100000000270014000000000", "TIPO_DE_REGISTRO": "1", "NUMERO_DE_ORDEN": "001", "TOTAL_REGISTROS": "001", "NOMBRE": "MUNICIPIO DE SESQUILE", "TIPO_DOCUMENTO": "N", "NUMERO_DOCUMENTO": "999994152", "DIRECCION": "K 3 7 05 Lo", "COMUNA": null, "DESTINO": "P", "AREA DE TERRENO": "128.0", "AREA CONSTRUIDA": "0.0", "AVALUO 2026": "2554647.0", "AVALUO 2025": "2480240.0", "VIGENCIA": "01012026", "NUMERO PREDIAL ANTERIOR": "010000270014000", "9.128221E7": "176-76592", "DESTINO_ECONOMICO": "PUBLICO" }, "geometry": { "type": "MultiPolygon", "coordinates": [ [ [ [ -73.794181829463625, 5.044845919005866 ], [ -73.794202892171398, 5.044813473372202 ], [ -73.794226105677978, 5.044777712125495 ], [ -73.79433356352466, 5.044847548583471 ], [ -73.794329085238743, 5.044855674911388 ], [ -73.794289689337731, 5.044918429303411 ], [ -73.794181829463625, 5.044845919005866 ] ] ] ] } },
{ "type": "Feature", "properties": { "OBJECTID": 81.0, "codigo": "257360100000000270001000000000", "manzana_co": "25736010000000027", "numero_sub": 0.0, "codigo_ant": "25736010000270001000", "usuario_lo": null, "fecha_log": null, "globalid": "{97B74D71-A6DA-422A-851D-04B23C875555}", "vereda_cod": null, "Shape_Leng": 47.018387762700002, "Shape_Area": 130.400372769, "DEPARTAMENTO": "25", "MUNICIPIO": "736", "NUMERO_PREDIAL": "0100000000270001000000000", "TIPO_DE_REGISTRO": "1", "NUMERO_DE_ORDEN": "001", "TOTAL_REGISTROS": "001", "NOMBRE": "MUNICIPIO DE SESQUILE", "TIPO_DOCUMENTO": "N", "NUMERO_DOCUMENTO": "999994152", "DIRECCION": "K 3 7 21", "COMUNA": null, "DESTINO": "P", "AREA DE TERRENO": "130.0", "AREA CONSTRUIDA": "0.0", "AVALUO 2026": "2594961.0", "AVALUO 2025": "2519380.0", "VIGENCIA": "01012026", "NUMERO PREDIAL ANTERIOR": "010000270001000", "9.128221E7": "176-80997", "DESTINO_ECONOMICO": "PUBLICO" }, "geometry": { "type": "MultiPolygon", "coordinates": [ [ [ [ -73.794139334459146, 5.044910972977056 ], [ -73.794158697081556, 5.044881332237512 ], [ -73.794181829463625, 5.044845919005866 ], [ -73.794289689337731, 5.044918429303411 ], [ -73.794244528811163, 5.044990364902875 ], [ -73.794139334459146, 5.044910972977056 ] ] ] ] } },
{ "type": "Feature", "properties": { "OBJECTID": 94.0, "codigo": "257360100000000110001000000000", "manzana_co": "25736010000000011", "numero_sub": 0.0, "codigo_ant": "25736010000110001000", "usuario_lo": null, "fecha_log": null, "globalid": "{7B293EFD-7246-45E5-AA43-C90827958475}", "vereda_cod": null, "Shape_Leng": 332.77605099700003, "Shape_Area": 4652.9634928699998, "DEPARTAMENTO": "25", "MUNICIPIO": "736", "NUMERO_PREDIAL": "0100000000110001000000000", "TIPO_DE_REGISTRO": "1", "NUMERO_DE_ORDEN": "001", "TOTAL_REGISTROS": "001", "NOMBRE": "MUNICIPIO DE SESQUILE", "TIPO_DOCUMENTO": "N", "NUMERO_DOCUMENTO": "999994152", "DIRECCION": "K 8 6 42 PLAZA DE MERCADO", "COMUNA": null, "DESTINO": "P", "AREA DE TERRENO": "4653.0", "AREA CONSTRUIDA": "1001.0", "AVALUO 2026": "3.345762452E9", "AVALUO 2025": "3.24831306E9", "VIGENCIA": "01012026", "NUMERO PREDIAL ANTERIOR": "010000110001000", "9.128221E7": "176-19789", "DESTINO_ECONOMICO": "PUBLICO" }, "geometry": { "type": "MultiPolygon", "coordinates": [ [ [ [ -73.797687516322753, 5.046825802527634 ], [ -73.797605063236574, 5.04676715548277 ], [ -73.797603372165867, 5.046761055751617 ], [ -73.797642767893677, 5.046750922651188 ], [ -73.797635615997521, 5.046724947269991 ], [ -73.797613147164199, 5.046729853826018 ], [ -73.797605676166185, 5.046703874828919 ], [ -73.797580084809539, 5.046710088471089 ], [ -73.797570605443752, 5.046680374428258 ], [ -73.797547565110136, 5.046685199628443 ], [ -73.797483814766025, 5.046671497858162 ], [ -73.797478635191553, 5.046656118363587 ], [ -73.797265513883829, 5.046499504986528 ], [ -73.797314026566866, 5.046421139512518 ], [ -73.797388597510633, 5.046304732959824 ], [ -73.797585258569356, 5.045989707198634 ], [ -73.797613772315771, 5.046004101393291 ], [ -73.797687829354317, 5.045895380033897 ], [ -73.797818786007227, 5.045986886758704 ], [ -73.797742040949174, 5.046102949869534 ], [ -73.797879862875831, 5.046197215375963 ], [ -73.797952297324457, 5.046079460093586 ], [ -73.798087393374374, 5.046169694022966 ], [ -73.797913627716341, 5.046496442098839 ], [ -73.79782006304626, 5.04667238168106 ], [ -73.797823418157137, 5.046693822941609 ], [ -73.797760307919901, 5.046806592111656 ], [ -73.797727003974188, 5.0467846338258 ], [ -73.797709876964902, 5.04678969585725 ], [ -73.797687516322753, 5.046825802527634 ] ] ] ] } },
{ "type": "Feature", "properties": { "OBJECTID": 135.0, "codigo": "257360100000000200001000000000", "manzana_co": "25736010000000020", "numero_sub": 0.0, "codigo_ant": "25736010000200001000", "usuario_lo": null, "fecha_log": null, "globalid": "{64786D8E-B51E-4ED6-B62A-085B57A34E67}", "vereda_cod": null, "Shape_Leng": 180.50004077899999, "Shape_Area": 2035.93407181, "DEPARTAMENTO": "25", "MUNICIPIO": "736", "NUMERO_PREDIAL": "0100000000200001000000000", "TIPO_DE_REGISTRO": "1", "NUMERO_DE_ORDEN": "001", "TOTAL_REGISTROS": "001", "NOMBRE": "MUNICIPIO DE SESQUILE", "TIPO_DOCUMENTO": "N", "NUMERO_DOCUMENTO": "8999994152", "DIRECCION": "K 5 6 C 5 6 PARQUE", "COMUNA": null, "DESTINO": "I", "AREA DE TERRENO": "2070.0", "AREA CONSTRUIDA": "0.0", "AVALUO 2026": "1.776411274E9", "AVALUO 2025": "1.72467114E9", "VIGENCIA": "01012026", "NUMERO PREDIAL ANTERIOR": "010000200001000", "9.128221E7": "0.0", "DESTINO_ECONOMICO": "PUBLICO" }, "geometry": { "type": "MultiPolygon", "coordinates": [ [ [ [ -73.796091305604648, 5.044767266788234 ], [ -73.796278121599443, 5.04440620413799 ], [ -73.796477305217138, 5.044506960264265 ], [ -73.796640289738946, 5.044589404445047 ], [ -73.796445337675038, 5.044956389749587 ], [ -73.796091305604648, 5.044767266788234 ] ] ] ] } },
{ "type": "Feature", "properties": { "OBJECTID": 141.0, "codigo": "257360100000000090002000000000", "manzana_co": "25736010000000009", "numero_sub": 0.0, "codigo_ant": "25736010000090002000", "usuario_lo": null, "fecha_log": null, "globalid": "{5DF1313B-65FA-43DA-89FA-5FFDF1A32444}", "vereda_cod": null, "Shape_Leng": 310.36956918499999, "Shape_Area": 4478.4555533399998, "DEPARTAMENTO": "25", "MUNICIPIO": "736", "NUMERO_PREDIAL": "0100000000090002000000000", "TIPO_DE_REGISTRO": "1", "NUMERO_DE_ORDEN": "001", "TOTAL_REGISTROS": "001", "NOMBRE": "MUNICIPIO DE SESQUILE", "TIPO_DOCUMENTO": "N", "NUMERO_DOCUMENTO": "999994152", "DIRECCION": "K 7 4 71", "COMUNA": null, "DESTINO": "I", "AREA DE TERRENO": "4478.0", "AREA CONSTRUIDA": "3234.0", "AVALUO 2026": "4.383546502E9", "AVALUO 2025": "4.25587039E9", "VIGENCIA": "01012026", "NUMERO PREDIAL ANTERIOR": "010000090002000", "9.128221E7": "176-10264", "DESTINO_ECONOMICO": "PUBLICO" }, "geometry": { "type": "MultiPolygon", "coordinates": [ [ [ [ -73.798060951053046, 5.044733584920237 ], [ -73.798307233017837, 5.0446708299866 ], [ -73.798346001243004, 5.044673382624421 ], [ -73.798485706749062, 5.044678838500817 ], [ -73.798498389718247, 5.044681998621982 ], [ -73.798599487527511, 5.044720326936496 ], [ -73.798697639310419, 5.044669596254272 ], [ -73.798711795126437, 5.044641017510603 ], [ -73.798767556733992, 5.044574070374914 ], [ -73.798779765493947, 5.044551094204335 ], [ -73.798785491279517, 5.044540326553599 ], [ -73.798872505353955, 5.044592906250105 ], [ -73.798574425485782, 5.045207940400129 ], [ -73.798502714243753, 5.045355906965336 ], [ -73.798417953675809, 5.045319258112135 ], [ -73.798285385378108, 5.045254473543613 ], [ -73.798280027335295, 5.045251678594934 ], [ -73.798123254124278, 5.045169981466322 ], [ -73.798156383002791, 5.045106055355567 ], [ -73.798189511874824, 5.045042129242983 ], [ -73.798089813044427, 5.045005221844152 ], [ -73.797984615565568, 5.044966275166074 ], [ -73.79802335480997, 5.044845171746206 ], [ -73.798030210076774, 5.044824824230455 ], [ -73.798060951053046, 5.044733584920237 ] ] ] ] } },
{ "type": "Feature", "properties": { "OBJECTID": 154.0, "codigo": "257360100000000470005000000000", "manzana_co": "25736010000000047", "numero_sub": 0.0, "codigo_ant": "25736010000470005000", "usuario_lo": null, "fecha_log": null, "globalid": "{F36C33CF-21EF-49B1-99A6-14653C169B9D}", "vereda_cod": null, "Shape_Leng": 28.0001653966, "Shape_Area": 44.407496484799999, "DEPARTAMENTO": "25", "MUNICIPIO": "736", "NUMERO_PREDIAL": "0100000000470005000000000", "TIPO_DE_REGISTRO": "1", "NUMERO_DE_ORDEN": "001", "TOTAL_REGISTROS": "001", "NOMBRE": "MUNICIPIO DE SESQUILE", "TIPO_DOCUMENTO": "N", "NUMERO_DOCUMENTO": "8999994152", "DIRECCION": "K 3B 8 17 Mz C Lo 5", "COMUNA": null, "DESTINO": "R", "AREA DE TERRENO": "43.0", "AREA CONSTRUIDA": "0.0", "AVALUO 2026": "1.8593333E7", "AVALUO 2025": "1.805178E7", "VIGENCIA": "01012026", "NUMERO PREDIAL ANTERIOR": "010000470005000", "9.128221E7": "176-86819", "DESTINO_ECONOMICO": "PUBLICO" }, "geometry": { "type": "MultiPolygon", "coordinates": [ [ [ [ -73.794165887679696, 5.045464139650799 ], [ -73.794184083813093, 5.045448883173705 ], [ -73.794201156772118, 5.045434568587902 ], [ -73.794264243318565, 5.045484268861378 ], [ -73.7942289742263, 5.045513839927663 ], [ -73.794165887679696, 5.045464139650799 ] ] ] ] } },
{ "type": "Feature", "properties": { "OBJECTID": 156.0, "codigo": "257360100000000470004000000000", "manzana_co": "25736010000000047", "numero_sub": 0.0, "codigo_ant": "25736010000470004000", "usuario_lo": null, "fecha_log": null, "globalid": "{AC3358EF-CBEA-4A45-99B3-F89FF0CB0E15}", "vereda_cod": null, "Shape_Leng": 27.999867119000001, "Shape_Area": 44.406354478700003, "DEPARTAMENTO": "25", "MUNICIPIO": "736", "NUMERO_PREDIAL": "0100000000470004000000000", "TIPO_DE_REGISTRO": "1", "NUMERO_DE_ORDEN": "001", "TOTAL_REGISTROS": "001", "NOMBRE": "MUNICIPIO DE SESQUILE", "TIPO_DOCUMENTO": "N", "NUMERO_DOCUMENTO": "8999994152", "DIRECCION": "K 3B 8 23 Mz C Lo 4", "COMUNA": null, "DESTINO": "R", "AREA DE TERRENO": "43.0", "AREA CONSTRUIDA": "0.0", "AVALUO 2026": "1.8593333E7", "AVALUO 2025": "1.805178E7", "VIGENCIA": "01012026", "NUMERO PREDIAL ANTERIOR": "010000470004000", "9.128221E7": "176-86818", "DESTINO_ECONOMICO": "PUBLICO" }, "geometry": { "type": "MultiPolygon", "coordinates": [ [ [ [ -73.794130620386909, 5.045493712519625 ], [ -73.794150463422682, 5.045477073939463 ], [ -73.794165887679696, 5.045464139650799 ], [ -73.7942289742263, 5.045513839927663 ], [ -73.794193708736543, 5.045543410992004 ], [ -73.794130620386909, 5.045493712519625 ] ] ] ] } },
{ "type": "Feature", "properties": { "OBJECTID": 157.0, "codigo": "257360100000000470011000000000", "manzana_co": "25736010000000047", "numero_sub": 0.0, "codigo_ant": "25736010000470011000", "usuario_lo": null, "fecha_log": null, "globalid": "{B271D5A6-E143-4ACB-B9AC-D6E9961BF305}", "vereda_cod": null, "Shape_Leng": 27.9998546932, "Shape_Area": 44.406681173199999, "DEPARTAMENTO": "25", "MUNICIPIO": "736", "NUMERO_PREDIAL": "0100000000470011000000000", "TIPO_DE_REGISTRO": "1", "NUMERO_DE_ORDEN": "001", "TOTAL_REGISTROS": "001", "NOMBRE": "MUNICIPIO DE SESQUILE", "TIPO_DOCUMENTO": "N", "NUMERO_DOCUMENTO": "8999994152", "DIRECCION": "K 3C 8 18 Mz C Lo 11", "COMUNA": null, "DESTINO": "R", "AREA DE TERRENO": "44.0", "AREA CONSTRUIDA": "0.0", "AVALUO 2026": "1.9026181E7", "AVALUO 2025": "1.847202E7", "VIGENCIA": "01012026", "NUMERO PREDIAL ANTERIOR": "010000470011000", "9.128221E7": "176-86825", "DESTINO_ECONOMICO": "PUBLICO" }, "geometry": { "type": "MultiPolygon", "coordinates": [ [ [ [ -73.7942289742263, 5.045513839927663 ], [ -73.794264243318565, 5.045484268861378 ], [ -73.794327328071745, 5.045533969128641 ], [ -73.794305736277337, 5.045552073883856 ], [ -73.794292060782496, 5.045563540198312 ], [ -73.7942289742263, 5.045513839927663 ] ] ] ] } },
{ "type": "Feature", "properties": { "OBJECTID": 158.0, "codigo": "257360100000000470003000000000", "manzana_co": "25736010000000047", "numero_sub": 0.0, "codigo_ant": "25736010000470003000", "usuario_lo": null, "fecha_log": null, "globalid": "{1FB695BF-6DDC-411A-9744-83BF8D199517}", "vereda_cod": null, "Shape_Leng": 28.000224266699998, "Shape_Area": 44.407259402999998, "DEPARTAMENTO": "25", "MUNICIPIO": "736", "NUMERO_PREDIAL": "0100000000470003000000000", "TIPO_DE_REGISTRO": "1", "NUMERO_DE_ORDEN": "001", "TOTAL_REGISTROS": "001", "NOMBRE": "MUNICIPIO DE SESQUILE", "TIPO_DOCUMENTO": "N", "NUMERO_DOCUMENTO": "8999994152", "DIRECCION": "K 3B 8 27 Mz C Lo 3", "COMUNA": null, "DESTINO": "R", "AREA DE TERRENO": "43.0", "AREA CONSTRUIDA": "0.0", "AVALUO 2026": "1.8593333E7", "AVALUO 2025": "1.805178E7", "VIGENCIA": "01012026", "NUMERO PREDIAL ANTERIOR": "010000470003000", "9.128221E7": "176-86817", "DESTINO_ECONOMICO": "PUBLICO" }, "geometry": { "type": "MultiPolygon", "coordinates": [ [ [ [ -73.794095351288121, 5.045523281770762 ], [ -73.794114035996373, 5.045507616720808 ], [ -73.794130620386909, 5.045493712519625 ], [ -73.794193708736543, 5.045543410992004 ], [ -73.794158437835065, 5.045572982054396 ], [ -73.794095351288121, 5.045523281770762 ] ] ] ] } },
{ "type": "Feature", "properties": { "OBJECTID": 159.0, "codigo": "257360100000000470012000000000", "manzana_co": "25736010000000047", "numero_sub": 0.0, "codigo_ant": "25736010000470012000", "usuario_lo": null, "fecha_log": null, "globalid": "{22BAD1BF-0ECB-49AC-8F6C-A81F1030CC33}", "vereda_cod": null, "Shape_Leng": 27.999795847000001, "Shape_Area": 44.406803635499998, "DEPARTAMENTO": "25", "MUNICIPIO": "736", "NUMERO_PREDIAL": "0100000000470012000000000", "TIPO_DE_REGISTRO": "1", "NUMERO_DE_ORDEN": "001", "TOTAL_REGISTROS": "001", "NOMBRE": "MUNICIPIO DE SESQUILE", "TIPO_DOCUMENTO": "N", "NUMERO_DOCUMENTO": "8999994152", "DIRECCION": "K 3C 8 22 Mz c Lo 12", "COMUNA": null, "DESTINO": "R", "AREA DE TERRENO": "43.0", "AREA CONSTRUIDA": "0.0", "AVALUO 2026": "1.8593333E7", "AVALUO 2025": "1.805178E7", "VIGENCIA": "01012026", "NUMERO PREDIAL ANTERIOR": "010000470012000", "9.128221E7": "176-86826", "DESTINO_ECONOMICO": "PUBLICO" }, "geometry": { "type": "MultiPolygon", "coordinates": [ [ [ [ -73.794193708736543, 5.045543410992004 ], [ -73.7942289742263, 5.045513839927663 ], [ -73.794292060782496, 5.045563540198312 ], [ -73.794271972560523, 5.045580383974171 ], [ -73.794256791687232, 5.0455931130739 ], [ -73.794193708736543, 5.045543410992004 ] ] ] ] } },
{ "type": "Feature", "properties": { "OBJECTID": 160.0, "codigo": "257360100000000470002000000000", "manzana_co": "25736010000000047", "numero_sub": 0.0, "codigo_ant": "25736010000470002000", "usuario_lo": null, "fecha_log": null, "globalid": "{C78EAA2F-68C7-44CB-B994-1706A6BE2243}", "vereda_cod": null, "Shape_Leng": 27.999556420600001, "Shape_Area": 44.405636303800001, "DEPARTAMENTO": "25", "MUNICIPIO": "736", "NUMERO_PREDIAL": "0100000000470002000000000", "TIPO_DE_REGISTRO": "1", "NUMERO_DE_ORDEN": "001", "TOTAL_REGISTROS": "001", "NOMBRE": "MUNICIPIO DE SESQUILE", "TIPO_DOCUMENTO": "N", "NUMERO_DOCUMENTO": "8999994152", "DIRECCION": "K 3B 8 33 Mz C Lo 2", "COMUNA": null, "DESTINO": "R", "AREA DE TERRENO": "43.0", "AREA CONSTRUIDA": "0.0", "AVALUO 2026": "1.8593333E7", "AVALUO 2025": "1.805178E7", "VIGENCIA": "01012026", "NUMERO PREDIAL ANTERIOR": "010000470002000", "9.128221E7": "176-86816", "DESTINO_ECONOMICO": "PUBLICO" }, "geometry": { "type": "MultiPolygon", "coordinates": [ [ [ [ -73.794060085791784, 5.045552854635719 ], [ -73.794078925546629, 5.045537055805617 ], [ -73.794095351288121, 5.045523281770762 ], [ -73.794158437835065, 5.045572982054396 ], [ -73.794123172338914, 5.045602553114851 ], [ -73.794060085791784, 5.045552854635719 ] ] ] ] } },
{ "type": "Feature", "properties": { "OBJECTID": 161.0, "codigo": "257360100000000470013000000000", "manzana_co": "25736010000000047", "numero_sub": 0.0, "codigo_ant": "25736010000470013000", "usuario_lo": null, "fecha_log": null, "globalid": "{274A4293-D298-4B55-9A25-6FC9689746BC}", "vereda_cod": null, "Shape_Leng": 27.999842297400001, "Shape_Area": 44.406855044899999, "DEPARTAMENTO": "25", "MUNICIPIO": "736", "NUMERO_PREDIAL": "0100000000470013000000000", "TIPO_DE_REGISTRO": "1", "NUMERO_DE_ORDEN": "001", "TOTAL_REGISTROS": "001", "NOMBRE": "MUNICIPIO DE SESQUILE", "TIPO_DOCUMENTO": "N", "NUMERO_DOCUMENTO": "8999994152", "DIRECCION": "K 3C 8 28 Mz C Lo 13", "COMUNA": null, "DESTINO": "R", "AREA DE TERRENO": "43.0", "AREA CONSTRUIDA": "0.0", "AVALUO 2026": "1.8593333E7", "AVALUO 2025": "1.805178E7", "VIGENCIA": "01012026", "NUMERO PREDIAL ANTERIOR": "010000470013000", "9.128221E7": "176-86827", "DESTINO_ECONOMICO": "PUBLICO" }, "geometry": { "type": "MultiPolygon", "coordinates": [ [ [ [ -73.794158437835065, 5.045572982054396 ], [ -73.794193708736543, 5.045543410992004 ], [ -73.794256791687232, 5.0455931130739 ], [ -73.79423765266246, 5.045609159585098 ], [ -73.794221522588757, 5.045622682331795 ], [ -73.794158437835065, 5.045572982054396 ] ] ] ] } },
{ "type": "Feature", "properties": { "OBJECTID": 162.0, "codigo": "257360100000000470001000000000", "manzana_co": "25736010000000047", "numero_sub": 0.0, "codigo_ant": "25736010000470001000", "usuario_lo": null, "fecha_log": null, "globalid": "{7B3A7786-336C-4CD4-9849-4D36D0D3DD0D}", "vereda_cod": null, "Shape_Leng": 29.400182301800001, "Shape_Area": 50.5025799127, "DEPARTAMENTO": "25", "MUNICIPIO": "736", "NUMERO_PREDIAL": "0100000000470001000000000", "TIPO_DE_REGISTRO": "1", "NUMERO_DE_ORDEN": "001", "TOTAL_REGISTROS": "001", "NOMBRE": "MUNICIPIO DE SESQUILE", "TIPO_DOCUMENTO": "N", "NUMERO_DOCUMENTO": "8999994152", "DIRECCION": "K 3B 8 37 Mz c Lo 1", "COMUNA": null, "DESTINO": "R", "AREA DE TERRENO": "51.0", "AREA CONSTRUIDA": "0.0", "AVALUO 2026": "2.2052928E7", "AVALUO 2025": "2.141061E7", "VIGENCIA": "01012026", "NUMERO PREDIAL ANTERIOR": "010000470001000", "9.128221E7": "176-86815", "DESTINO_ECONOMICO": "PUBLICO" }, "geometry": { "type": "MultiPolygon", "coordinates": [ [ [ [ -73.794060085791784, 5.045552854635719 ], [ -73.794123172338914, 5.045602553114851 ], [ -73.79408306078534, 5.045636182804137 ], [ -73.79401997423804, 5.045586484321161 ], [ -73.794040266188446, 5.045569471518819 ], [ -73.794060085791784, 5.045552854635719 ] ] ] ] } },
{ "type": "Feature", "properties": { "OBJECTID": 163.0, "codigo": "257360100000000470014000000000", "manzana_co": "25736010000000047", "numero_sub": 0.0, "codigo_ant": "25736010000470014000", "usuario_lo": null, "fecha_log": null, "globalid": "{66DAA68E-56C7-42B6-B38B-58FE1C131C72}", "vereda_cod": null, "Shape_Leng": 27.999488989100001, "Shape_Area": 44.405705368200003, "DEPARTAMENTO": "25", "MUNICIPIO": "736", "NUMERO_PREDIAL": "0100000000470014000000000", "TIPO_DE_REGISTRO": "1", "NUMERO_DE_ORDEN": "001", "TOTAL_REGISTROS": "001", "NOMBRE": "MUNICIPIO DE SESQUILE", "TIPO_DOCUMENTO": "N", "NUMERO_DOCUMENTO": "8999994152", "DIRECCION": "K 3C 8 32 Mz C Lo 14", "COMUNA": null, "DESTINO": "R", "AREA DE TERRENO": "43.0", "AREA CONSTRUIDA": "0.0", "AVALUO 2026": "1.8593333E7", "AVALUO 2025": "1.805178E7", "VIGENCIA": "01012026", "NUMERO PREDIAL ANTERIOR": "010000470014000", "9.128221E7": "176-86828", "DESTINO_ECONOMICO": "PUBLICO" }, "geometry": { "type": "MultiPolygon", "coordinates": [ [ [ [ -73.794123172338914, 5.045602553114851 ], [ -73.794158437835065, 5.045572982054396 ], [ -73.794221522588757, 5.045622682331795 ], [ -73.794201407320429, 5.045639550511484 ], [ -73.794186257092775, 5.045652255203513 ], [ -73.794123172338914, 5.045602553114851 ] ] ] ] } },
{ "type": "Feature", "properties": { "OBJECTID": 164.0, "codigo": "257360100000000470015000000000", "manzana_co": "25736010000000047", "numero_sub": 0.0, "codigo_ant": "25736010000470015000", "usuario_lo": null, "fecha_log": null, "globalid": "{9F607853-D435-453B-A41C-16E6014EBC0B}", "vereda_cod": null, "Shape_Leng": 29.400361985699998, "Shape_Area": 50.503788, "DEPARTAMENTO": "25", "MUNICIPIO": "736", "NUMERO_PREDIAL": "0100000000470015000000000", "TIPO_DE_REGISTRO": "1", "NUMERO_DE_ORDEN": "001", "TOTAL_REGISTROS": "001", "NOMBRE": "MUNICIPIO DE SESQUILE", "TIPO_DOCUMENTO": "N", "NUMERO_DOCUMENTO": "8999994152", "DIRECCION": "K 3C 8 38 Mz C Lo 15", "COMUNA": null, "DESTINO": "R", "AREA DE TERRENO": "51.0", "AREA CONSTRUIDA": "0.0", "AVALUO 2026": "2.2052928E7", "AVALUO 2025": "2.141061E7", "VIGENCIA": "01012026", "NUMERO PREDIAL ANTERIOR": "010000470015000", "9.128221E7": "176-86829", "DESTINO_ECONOMICO": "PUBLICO" }, "geometry": { "type": "MultiPolygon", "coordinates": [ [ [ [ -73.79408306078534, 5.045636182804137 ], [ -73.794123172338914, 5.045602553114851 ], [ -73.794186257092775, 5.045652255203513 ], [ -73.794165289977201, 5.04566983477246 ], [ -73.794146145539386, 5.045685884896641 ], [ -73.79408306078534, 5.045636182804137 ] ] ] ] } },
{ "type": "Feature", "properties": { "OBJECTID": 171.0, "codigo": "257360200000000350001000000000", "manzana_co": "25736020000000035", "numero_sub": 0.0, "codigo_ant": "25736020000350001000", "usuario_lo": null, "fecha_log": null, "globalid": "{28A98D03-96BA-4021-AFC3-E317FA2D4D77}", "vereda_cod": null, "Shape_Leng": 110.20019471800001, "Shape_Area": 707.71812193400001, "DEPARTAMENTO": "25", "MUNICIPIO": "736", "NUMERO_PREDIAL": "0200000000350001000000000", "TIPO_DE_REGISTRO": "1", "NUMERO_DE_ORDEN": "001", "TOTAL_REGISTROS": "001", "NOMBRE": "MUNICIPIO DE SESQUILE", "TIPO_DOCUMENTO": "N", "NUMERO_DOCUMENTO": "999994152", "DIRECCION": "C 2 5C 24", "COMUNA": null, "DESTINO": "P", "AREA DE TERRENO": "706.0", "AREA CONSTRUIDA": "0.0", "AVALUO 2026": "5.1662647E7", "AVALUO 2025": "5.015791E7", "VIGENCIA": "01012026", "NUMERO PREDIAL ANTERIOR": "020000350001000", "9.128221E7": "0.0", "DESTINO_ECONOMICO": "PUBLICO" }, "geometry": { "type": "MultiPolygon", "coordinates": [ [ [ [ -73.806971355098426, 5.048890662317689 ], [ -73.807010963143142, 5.048853730684757 ], [ -73.807048046160062, 5.048867842307597 ], [ -73.8070811271037, 5.048898539329449 ], [ -73.807241211803344, 5.049061423577634 ], [ -73.806984282696547, 5.049209959753423 ], [ -73.806969615083204, 5.049114363764967 ], [ -73.806964748575112, 5.049073070426569 ], [ -73.806954942038956, 5.049016977991056 ], [ -73.806951971519155, 5.048995167969589 ], [ -73.806950062994062, 5.048981153439864 ], [ -73.806944455532118, 5.048940867092249 ], [ -73.806947368643733, 5.048921195685176 ], [ -73.806971355098426, 5.048890662317689 ] ] ] ] } },
{ "type": "Feature", "properties": { "OBJECTID": 173.0, "codigo": "257360200000000340001000000000", "manzana_co": "25736020000000034", "numero_sub": 0.0, "codigo_ant": "25736020000340001000", "usuario_lo": null, "fecha_log": null, "globalid": "{75337137-2765-49D7-9378-35CCDDA789A7}", "vereda_cod": null, "Shape_Leng": 279.79999335500003, "Shape_Area": 2739.38025234, "DEPARTAMENTO": "25", "MUNICIPIO": "736", "NUMERO_PREDIAL": "0200000000340001000000000", "TIPO_DE_REGISTRO": "1", "NUMERO_DE_ORDEN": "001", "TOTAL_REGISTROS": "001", "NOMBRE": "MUNICIPIO DE SESQUILE", "TIPO_DOCUMENTO": "N", "NUMERO_DOCUMENTO": "999994152", "DIRECCION": "C 2 5A 27", "COMUNA": null, "DESTINO": "P", "AREA DE TERRENO": "1586.0", "AREA CONSTRUIDA": "0.0", "AVALUO 2026": "1.1603912E8", "AVALUO 2025": "1.1265934E8", "VIGENCIA": "01012026", "NUMERO PREDIAL ANTERIOR": "020000340001000", "9.128221E7": "0.0", "DESTINO_ECONOMICO": "PUBLICO" }, "geometry": { "type": "MultiPolygon", "coordinates": [ [ [ [ -73.806789619344386, 5.049168542689602 ], [ -73.806903967666614, 5.048976370521932 ], [ -73.80695513879138, 5.049335505467031 ], [ -73.807028389118656, 5.049849596572543 ], [ -73.807064364328724, 5.050102083149151 ], [ -73.806933740777794, 5.050124428501629 ], [ -73.806781808631044, 5.04973171399049 ], [ -73.806690434579494, 5.049474563013609 ], [ -73.806685484488753, 5.049449478979247 ], [ -73.806669788619672, 5.049369927788548 ], [ -73.806694749378863, 5.049327978663122 ], [ -73.806747277745217, 5.049239700821555 ], [ -73.806789619344386, 5.049168542689602 ] ] ] ] } },
{ "type": "Feature", "properties": { "OBJECTID": 175.0, "codigo": "257360200000000330001000000000", "manzana_co": "25736020000000033", "numero_sub": 0.0, "codigo_ant": "25736020000330001000", "usuario_lo": null, "fecha_log": null, "globalid": "{44B864B9-F580-4EB6-88C1-DA0CE493B0B6}", "vereda_cod": null, "Shape_Leng": 191.399793445, "Shape_Area": 1580.77769644, "DEPARTAMENTO": "25", "MUNICIPIO": "736", "NUMERO_PREDIAL": "0200000000330001000000000", "TIPO_DE_REGISTRO": "1", "NUMERO_DE_ORDEN": "001", "TOTAL_REGISTROS": "001", "NOMBRE": "MUNICIPIO DE SESQUILE", "TIPO_DOCUMENTO": "N", "NUMERO_DOCUMENTO": "999994152", "DIRECCION": null, "COMUNA": null, "DESTINO": "P", "AREA DE TERRENO": "1411.0", "AREA CONSTRUIDA": "0.0", "AVALUO 2026": "9.8801617E7", "AVALUO 2025": "9.59239E7", "VIGENCIA": "01012026", "NUMERO PREDIAL ANTERIOR": "020000330001000", "9.128221E7": "176-11917", "DESTINO_ECONOMICO": "PUBLICO" }, "geometry": { "type": "MultiPolygon", "coordinates": [ [ [ [ -73.80655344078518, 5.049561215896403 ], [ -73.806628077053716, 5.049438515121196 ], [ -73.806661938618802, 5.049530009699249 ], [ -73.806675436191256, 5.049566480437787 ], [ -73.806874284193768, 5.050103763700836 ], [ -73.806869997500513, 5.05013693263618 ], [ -73.806729559414507, 5.05017363433742 ], [ -73.80672101920382, 5.050166976101189 ], [ -73.806475988500239, 5.049688544833377 ], [ -73.80655344078518, 5.049561215896403 ] ] ] ] } },
{ "type": "Feature", "properties": { "OBJECTID": 187.0, "codigo": "257360200000000320001000000000", "manzana_co": "25736020000000032", "numero_sub": 0.0, "codigo_ant": "25736020000320001000", "usuario_lo": null, "fecha_log": null, "globalid": "{F17E0498-F909-4AC7-B908-0FF40891BDD1}", "vereda_cod": null, "Shape_Leng": 230.500251319, "Shape_Area": 2445.18725017, "DEPARTAMENTO": "25", "MUNICIPIO": "736", "NUMERO_PREDIAL": "0200000000320001000000000", "TIPO_DE_REGISTRO": "1", "NUMERO_DE_ORDEN": "001", "TOTAL_REGISTROS": "001", "NOMBRE": "MUNICIPIO DE SESQUILE", "TIPO_DOCUMENTO": "N", "NUMERO_DOCUMENTO": "999994152", "DIRECCION": "C 3 5A 28", "COMUNA": null, "DESTINO": "P", "AREA DE TERRENO": "1792.0", "AREA CONSTRUIDA": "0.0", "AVALUO 2026": "1.31132545E8", "AVALUO 2025": "1.2731315E8", "VIGENCIA": "01012026", "NUMERO PREDIAL ANTERIOR": "020000320001000", "9.128221E7": "0.0", "DESTINO_ECONOMICO": "PUBLICO" }, "geometry": { "type": "MultiPolygon", "coordinates": [ [ [ [ -73.806291493233985, 5.050044670335712 ], [ -73.806445072060185, 5.049735249619618 ], [ -73.806686191941537, 5.050184082614338 ], [ -73.806344651818677, 5.050408530141066 ], [ -73.806388894770052, 5.050474554499988 ], [ -73.806278451423879, 5.050566160492906 ], [ -73.80625460725625, 5.050528344840878 ], [ -73.806204264169395, 5.050448500344964 ], [ -73.806171688683136, 5.050402817892566 ], [ -73.806158124654758, 5.050383795739829 ], [ -73.806143425433206, 5.050342987039519 ], [ -73.806253805653967, 5.050120600224422 ], [ -73.806291493233985, 5.050044670335712 ] ] ] ] } },
{ "type": "Feature", "properties": { "OBJECTID": 192.0, "codigo": "257360200000000370001000000000", "manzana_co": "25736020000000037", "numero_sub": 0.0, "codigo_ant": "25736020000370001000", "usuario_lo": null, "fecha_log": null, "globalid": "{EB09F28E-8AD6-470E-8899-3B24814E9CC8}", "vereda_cod": null, "Shape_Leng": 173.69978807199999, "Shape_Area": 1522.9822585899999, "DEPARTAMENTO": "25", "MUNICIPIO": "736", "NUMERO_PREDIAL": "0200000000370001000000000", "TIPO_DE_REGISTRO": "1", "NUMERO_DE_ORDEN": "001", "TOTAL_REGISTROS": "001", "NOMBRE": "MUNICIPIO DE SESQUILE", "TIPO_DOCUMENTO": "N", "NUMERO_DOCUMENTO": "999994152", "DIRECCION": "K 4A 1A 38", "COMUNA": null, "DESTINO": "P", "AREA DE TERRENO": "1235.0", "AREA CONSTRUIDA": "0.0", "AVALUO 2026": "1.06790194E8", "AVALUO 2025": "1.036798E8", "VIGENCIA": "01012026", "NUMERO PREDIAL ANTERIOR": "020000370001000", "9.128221E7": "0.0", "DESTINO_ECONOMICO": "PUBLICO" }, "geometry": { "type": "MultiPolygon", "coordinates": [ [ [ [ -73.808167327820826, 5.050311036428094 ], [ -73.808321241596445, 5.050239917888622 ], [ -73.80836643210759, 5.050357108248636 ], [ -73.808402861944089, 5.050437808839736 ], [ -73.808317257807261, 5.05048237233544 ], [ -73.80817507149473, 5.050550887352371 ], [ -73.808086622384451, 5.050593081660501 ], [ -73.808044185340648, 5.05061332592064 ], [ -73.8080122696676, 5.050628550470257 ], [ -73.807869609124154, 5.050696067487347 ], [ -73.807842106647897, 5.050589291906054 ], [ -73.807844745828504, 5.050466386072703 ], [ -73.808074126441326, 5.050354439371619 ], [ -73.808167327820826, 5.050311036428094 ] ] ] ] } },
{ "type": "Feature", "properties": { "OBJECTID": 225.0, "codigo": "257360200000000450001000000000", "manzana_co": "25736020000000045", "numero_sub": 0.0, "codigo_ant": "25736020000450001000", "usuario_lo": null, "fecha_log": null, "globalid": "{D5A9F8C3-CD7E-4342-9F10-C619306FC654}", "vereda_cod": null, "Shape_Leng": 569.15514841599997, "Shape_Area": 17650.897749299998, "DEPARTAMENTO": "25", "MUNICIPIO": "736", "NUMERO_PREDIAL": "0200000000450001000000000", "TIPO_DE_REGISTRO": "1", "NUMERO_DE_ORDEN": "001", "TOTAL_REGISTROS": "001", "NOMBRE": "MUNICIPIO DE SESQUILE", "TIPO_DOCUMENTO": "N", "NUMERO_DOCUMENTO": "8999994152", "DIRECCION": "LOTE", "COMUNA": null, "DESTINO": "A", "AREA DE TERRENO": "1195.0", "AREA CONSTRUIDA": "0.0", "AVALUO 2026": "6.8109605E7", "AVALUO 2025": "6.612583E7", "VIGENCIA": "01012026", "NUMERO PREDIAL ANTERIOR": "020000450001000", "9.128221E7": "176-11917", "DESTINO_ECONOMICO": "PUBLICO" }, "geometry": { "type": "MultiPolygon", "coordinates": [ [ [ [ -73.80417833339034, 5.054571451661384 ], [ -73.804156545487942, 5.054545201720137 ], [ -73.804127492461831, 5.054558598296934 ], [ -73.804153946969379, 5.054320059495485 ], [ -73.804202217271197, 5.054190245354921 ], [ -73.80425520195412, 5.054052277695721 ], [ -73.804320220296077, 5.053874780969 ], [ -73.80437473734095, 5.053734915025502 ], [ -73.804460749339142, 5.053502477084939 ], [ -73.80450764041754, 5.053380463864196 ], [ -73.804628626581163, 5.053038387632768 ], [ -73.804816178832795, 5.053094130930565 ], [ -73.804931661481149, 5.053127457529113 ], [ -73.805008806545629, 5.053181321895881 ], [ -73.805072871886779, 5.053237057550324 ], [ -73.805127472106221, 5.053283708800521 ], [ -73.80521241463677, 5.053342074627373 ], [ -73.80530826434169, 5.053387993168108 ], [ -73.805311336448625, 5.053390459959291 ], [ -73.805370220305477, 5.053437735752132 ], [ -73.805406900304192, 5.053499464783387 ], [ -73.805452230744862, 5.053585147891647 ], [ -73.805461861864956, 5.053603352952927 ], [ -73.805583944528507, 5.053676804876873 ], [ -73.805592880485491, 5.053682181347083 ], [ -73.805689502050896, 5.053740313745409 ], [ -73.805618525450043, 5.053903646077771 ], [ -73.805613284707277, 5.053917664317581 ], [ -73.805598802804994, 5.053956401591539 ], [ -73.805582983222294, 5.053998722067417 ], [ -73.805505928352389, 5.053960251725299 ], [ -73.80547904841778, 5.053948839027091 ], [ -73.805451165225435, 5.053940177004487 ], [ -73.805409500961758, 5.053932652300796 ], [ -73.80536719044899, 5.05393124631586 ], [ -73.805325120695016, 5.053935986156423 ], [ -73.805284176001834, 5.053946774186913 ], [ -73.805245216331357, 5.053963382606155 ], [ -73.805190636469987, 5.054112739904586 ], [ -73.805102506454404, 5.054359089470942 ], [ -73.805079407958118, 5.054417495485894 ], [ -73.805058085225511, 5.054471412554012 ], [ -73.80503397236798, 5.05450963107431 ], [ -73.805015335655852, 5.054543337101188 ], [ -73.805002044321171, 5.054567374610682 ], [ -73.804984367450004, 5.054585842145694 ], [ -73.804961920129756, 5.054598653836964 ], [ -73.804954512207388, 5.054602881613552 ], [ -73.804863458831207, 5.054630515882694 ], [ -73.80478439432359, 5.054642855476207 ], [ -73.80462449831947, 5.054652384760377 ], [ -73.804463682778461, 5.054655532258114 ], [ -73.804353401473435, 5.054651863517774 ], [ -73.804314495586269, 5.054646702494815 ], [ -73.804276707450597, 5.054639182195821 ], [ -73.804206530566987, 5.0546058459569 ], [ -73.80417833339034, 5.054571451661384 ] ] ] ] } },
{ "type": "Feature", "properties": { "OBJECTID": 226.0, "codigo": "257360200000000460001000000000", "manzana_co": "25736020000000046", "numero_sub": 0.0, "codigo_ant": "25736020000460001000", "usuario_lo": null, "fecha_log": null, "globalid": "{78F512D1-D451-46F3-9F22-2B4D9CD98952}", "vereda_cod": null, "Shape_Leng": 151.040792737, "Shape_Area": 1461.1110259500001, "DEPARTAMENTO": "25", "MUNICIPIO": "736", "NUMERO_PREDIAL": "0200000000460001000000000", "TIPO_DE_REGISTRO": "1", "NUMERO_DE_ORDEN": "001", "TOTAL_REGISTROS": "001", "NOMBRE": "MUNICIPIO DE SESQUILE", "TIPO_DOCUMENTO": "N", "NUMERO_DOCUMENTO": "8999994152", "DIRECCION": "LOTE", "COMUNA": null, "DESTINO": "A", "AREA DE TERRENO": "1341.0", "AREA CONSTRUIDA": "0.0", "AVALUO 2026": "9.8093718E7", "AVALUO 2025": "9.5236619E7", "VIGENCIA": "01012026", "NUMERO PREDIAL ANTERIOR": "020000460001000", "9.128221E7": "176-11917", "DESTINO_ECONOMICO": "PUBLICO" }, "geometry": { "type": "MultiPolygon", "coordinates": [ [ [ [ -73.805449766702992, 5.053979767420446 ], [ -73.805470706139928, 5.053986148007977 ], [ -73.805491028118951, 5.0539942939812 ], [ -73.805561078922508, 5.054037076169071 ], [ -73.805544401260391, 5.054086297269097 ], [ -73.805535780290796, 5.054111738535699 ], [ -73.805497160790793, 5.054225718481869 ], [ -73.80548552367371, 5.054254931892911 ], [ -73.805479047090245, 5.054271188281978 ], [ -73.805461212822323, 5.054315958434881 ], [ -73.805426977142716, 5.054372617303783 ], [ -73.805410841742315, 5.054391428325023 ], [ -73.805392795324749, 5.054411848368236 ], [ -73.805353601602775, 5.054456195746734 ], [ -73.80516118958073, 5.054350094635454 ], [ -73.805165186395314, 5.054338952725181 ], [ -73.805173702836925, 5.05431520995247 ], [ -73.805200802568251, 5.054239656301578 ], [ -73.805221736709811, 5.054181293697417 ], [ -73.805260560049746, 5.054073056442614 ], [ -73.805291883767794, 5.05398925255091 ], [ -73.8053282572982, 5.053978035209542 ], [ -73.805365883886097, 5.053972324601993 ], [ -73.805408131286825, 5.053972577171033 ], [ -73.805449766702992, 5.053979767420446 ] ] ] ] } },
{ "type": "Feature", "properties": { "OBJECTID": 228.0, "codigo": "257360200000000070001000000000", "manzana_co": "25736020000000007", "numero_sub": 0.0, "codigo_ant": "25736020000070001000", "usuario_lo": null, "fecha_log": null, "globalid": "{54243EA6-881F-47F0-B369-E552131D4954}", "vereda_cod": null, "Shape_Leng": 434.64067472300002, "Shape_Area": 5535.9626519399999, "DEPARTAMENTO": "25", "MUNICIPIO": "736", "NUMERO_PREDIAL": "0200000000070001000000000", "TIPO_DE_REGISTRO": "1", "NUMERO_DE_ORDEN": "001", "TOTAL_REGISTROS": "001", "NOMBRE": "MUNICIPIO DE SESQUILE", "TIPO_DOCUMENTO": "N", "NUMERO_DOCUMENTO": "999994152", "DIRECCION": "K 2 5 06 31 K 2 5A 36", "COMUNA": null, "DESTINO": "P", "AREA DE TERRENO": "6912.0", "AREA CONSTRUIDA": "0.0", "AVALUO 2026": "4.74691218E8", "AVALUO 2025": "4.6086526E8", "VIGENCIA": "01012026", "NUMERO PREDIAL ANTERIOR": "020000070001000", "9.128221E7": "0.0", "DESTINO_ECONOMICO": "PUBLICO" }, "geometry": { "type": "MultiPolygon", "coordinates": [ [ [ [ -73.805491893371169, 5.05469552797539 ], [ -73.80523779662677, 5.054621770345083 ], [ -73.805181664045008, 5.054590928889303 ], [ -73.80517712964803, 5.054575236691841 ], [ -73.805261160795524, 5.054543643245198 ], [ -73.805331418483405, 5.054547086349994 ], [ -73.805365312672777, 5.054573444571612 ], [ -73.805411862963155, 5.054598654638547 ], [ -73.805494776831196, 5.054606888403312 ], [ -73.805552862945859, 5.054575962350904 ], [ -73.805624203626834, 5.054537980031379 ], [ -73.805666160484492, 5.054513632088012 ], [ -73.805697570659788, 5.054495403896959 ], [ -73.805775941309193, 5.054435690048403 ], [ -73.805843150522961, 5.054384480527559 ], [ -73.805873999985309, 5.054365427949723 ], [ -73.805896877245189, 5.054351298288772 ], [ -73.805923810013965, 5.054334663778023 ], [ -73.806025409761034, 5.054284919049052 ], [ -73.806043977438762, 5.054283406519123 ], [ -73.806148455103994, 5.054274892765371 ], [ -73.806224140174152, 5.054269944501444 ], [ -73.806257149685152, 5.05426778635761 ], [ -73.806317652780365, 5.054258926981922 ], [ -73.806350653238738, 5.054254094099749 ], [ -73.806428869434271, 5.054242641988185 ], [ -73.806447538954359, 5.054239908233624 ], [ -73.806463595228294, 5.054237555974928 ], [ -73.806613118669716, 5.054189367039463 ], [ -73.80665864617977, 5.054174693760332 ], [ -73.806672335264068, 5.054170479431707 ], [ -73.806759407787808, 5.054143669352674 ], [ -73.806823490463643, 5.054135695730116 ], [ -73.80683608388955, 5.054164359215791 ], [ -73.806849344838454, 5.054224334883124 ], [ -73.806857557921035, 5.054294525052557 ], [ -73.806857621641498, 5.054336503636616 ], [ -73.806834644530966, 5.054363314589772 ], [ -73.806755553433433, 5.054401850362638 ], [ -73.806691660450355, 5.054438677473317 ], [ -73.806624882912104, 5.054477972352831 ], [ -73.806596253582043, 5.054489208637418 ], [ -73.806608558522129, 5.054516181779224 ], [ -73.806613687839146, 5.054527752029807 ], [ -73.806483586388211, 5.054689051460008 ], [ -73.8064677480764, 5.054679162674065 ], [ -73.806467477117593, 5.054641848380482 ], [ -73.806289561328583, 5.054638949271959 ], [ -73.806109924247622, 5.054668537440818 ], [ -73.805894644471394, 5.054695757736695 ], [ -73.805738516511923, 5.054709300701536 ], [ -73.805662606916883, 5.054713215717893 ], [ -73.805491893371169, 5.05469552797539 ] ] ] ] } },
{ "type": "Feature", "properties": { "OBJECTID": 229.0, "codigo": "257360200000000380001000000000", "manzana_co": "25736020000000038", "numero_sub": 0.0, "codigo_ant": "25736020000380001000", "usuario_lo": null, "fecha_log": null, "globalid": "{906BA767-02B3-427F-9DFE-52A56CAAEC63}", "vereda_cod": null, "Shape_Leng": 294.600094748, "Shape_Area": 4198.0355838799996, "DEPARTAMENTO": "25", "MUNICIPIO": "736", "NUMERO_PREDIAL": "0200000000380001000000000", "TIPO_DE_REGISTRO": "1", "NUMERO_DE_ORDEN": "001", "TOTAL_REGISTROS": "001", "NOMBRE": "MUNICIPIO DE SESQUILE", "TIPO_DOCUMENTO": "N", "NUMERO_DOCUMENTO": "999994152", "DIRECCION": "C 1A 6 98 SIATOYA-BOITA", "COMUNA": null, "DESTINO": "P", "AREA DE TERRENO": "33493.0", "AREA CONSTRUIDA": "142.0", "AVALUO 2026": "1.375815434E9", "AVALUO 2025": "1.33574314E9", "VIGENCIA": "01012026", "NUMERO PREDIAL ANTERIOR": "020000380001000", "9.128221E7": "176-11917", "DESTINO_ECONOMICO": "PUBLICO" }, "geometry": { "type": "MultiPolygon", "coordinates": [ [ [ [ -73.806490296144347, 5.047798690823605 ], [ -73.806522411614509, 5.047768283906058 ], [ -73.806654210522666, 5.047895579106659 ], [ -73.806623649232023, 5.047934727028695 ], [ -73.806635221904386, 5.047948589559295 ], [ -73.806657920115711, 5.047974315129162 ], [ -73.806689960730807, 5.048003475502965 ], [ -73.806972079629134, 5.048272647756596 ], [ -73.807097759700326, 5.048389325373813 ], [ -73.807131507684986, 5.048420629825602 ], [ -73.806980246404493, 5.048746855676439 ], [ -73.806939973982693, 5.048721079761603 ], [ -73.806795104154446, 5.04859062647783 ], [ -73.806679659093462, 5.048489570403022 ], [ -73.806543124091206, 5.048370132253337 ], [ -73.806460818534092, 5.048296183673023 ], [ -73.806407508557257, 5.048248285987109 ], [ -73.806344586562886, 5.048190037508748 ], [ -73.806323849897325, 5.048167405155215 ], [ -73.806301166118459, 5.048141913691937 ], [ -73.806285439636952, 5.048124239333044 ], [ -73.806328719511626, 5.048047014025377 ], [ -73.806387074720377, 5.047965509288886 ], [ -73.806424396178102, 5.047889225955503 ], [ -73.806490296144347, 5.047798690823605 ] ] ] ] } },
{ "type": "Feature", "properties": { "OBJECTID": 232.0, "codigo": "257360200000000160006000000000", "manzana_co": "25736020000000016", "numero_sub": 0.0, "codigo_ant": "25736020000160006000", "usuario_lo": null, "fecha_log": null, "globalid": "{12330BC5-5C0A-4128-A41A-6C4984EE288E}", "vereda_cod": null, "Shape_Leng": 54.599925293699997, "Shape_Area": 184.142226083, "DEPARTAMENTO": "25", "MUNICIPIO": "736", "NUMERO_PREDIAL": "0200000000160006000000000", "TIPO_DE_REGISTRO": "1", "NUMERO_DE_ORDEN": "001", "TOTAL_REGISTROS": "001", "NOMBRE": "MUNICIPIO DE SESQUILE", "TIPO_DOCUMENTO": "N", "NUMERO_DOCUMENTO": "999994152", "DIRECCION": "Lo", "COMUNA": null, "DESTINO": "P", "AREA DE TERRENO": "1972.0", "AREA CONSTRUIDA": "0.0", "AVALUO 2026": "1.70542858E8", "AVALUO 2025": "1.6557559E8", "VIGENCIA": "01012026", "NUMERO PREDIAL ANTERIOR": "020000160006000", "9.128221E7": "176-11917", "DESTINO_ECONOMICO": "PUBLICO" }, "geometry": { "type": "MultiPolygon", "coordinates": [ [ [ [ -73.807737896836542, 5.050064312645961 ], [ -73.807799485803997, 5.050059382505447 ], [ -73.807796462711082, 5.050188608637179 ], [ -73.807697403385333, 5.05020274954378 ], [ -73.807671889082272, 5.050069595385188 ], [ -73.807737896836542, 5.050064312645961 ] ] ] ] } },
{ "type": "Feature", "properties": { "OBJECTID": 236.0, "codigo": "257360200000000150001000000000", "manzana_co": "25736020000000015", "numero_sub": 0.0, "codigo_ant": "25736020000150001000", "usuario_lo": null, "fecha_log": null, "globalid": "{D5A8137A-9844-42A8-AF6B-71078EB16EF3}", "vereda_cod": null, "Shape_Leng": 415.49563974199998, "Shape_Area": 3186.6569899199999, "DEPARTAMENTO": "25", "MUNICIPIO": "736", "NUMERO_PREDIAL": "0200000000150001000000000", "TIPO_DE_REGISTRO": "1", "NUMERO_DE_ORDEN": "001", "TOTAL_REGISTROS": "001", "NOMBRE": "MUNICIPIO DE SESQUILE", "TIPO_DOCUMENTO": "N", "NUMERO_DOCUMENTO": "999994152", "DIRECCION": "C 1A 3 18 SIATOYA-BOITA", "COMUNA": null, "DESTINO": "P", "AREA DE TERRENO": "2476.0", "AREA CONSTRUIDA": "0.0", "AVALUO 2026": "1.03038852E8", "AVALUO 2025": "1.0003772E8", "VIGENCIA": "01012026", "NUMERO PREDIAL ANTERIOR": "020000150001000", "9.128221E7": "176-11917", "DESTINO_ECONOMICO": "PUBLICO" }, "geometry": { "type": "MultiPolygon", "coordinates": [ [ [ [ -73.80908670962225, 5.051137105399012 ], [ -73.809097322994148, 5.051135006275435 ], [ -73.809104561995838, 5.051164498722953 ], [ -73.80911412685461, 5.051203467947836 ], [ -73.809023912280153, 5.051221275241625 ], [ -73.809021258486013, 5.051221797762402 ], [ -73.809019015442232, 5.051205684316465 ], [ -73.809011536226535, 5.051151967406388 ], [ -73.80908670962225, 5.051137105399012 ] ] ], [ [ [ -73.808818140661757, 5.05137462192658 ], [ -73.808714222296928, 5.051327117644224 ], [ -73.808695927668708, 5.051318753887823 ], [ -73.808639243552875, 5.05128895406692 ], [ -73.808648213078271, 5.051101151248256 ], [ -73.808427580748926, 5.051165818754616 ], [ -73.808510265587898, 5.05108905905601 ], [ -73.808524889953944, 5.051066172154305 ], [ -73.8085759183829, 5.050986309800106 ], [ -73.808596661008238, 5.050927510486309 ], [ -73.808604718357614, 5.050846557835678 ], [ -73.808581642116096, 5.050760111633375 ], [ -73.808653279819069, 5.050730401755417 ], [ -73.808785318119448, 5.05067685592444 ], [ -73.808811861243953, 5.050660087517426 ], [ -73.808838705440337, 5.050643129278294 ], [ -73.808892094558516, 5.050609400819829 ], [ -73.808954568209074, 5.050573282197298 ], [ -73.808980958109643, 5.050558025159949 ], [ -73.809013919342505, 5.050538967873194 ], [ -73.809032828851173, 5.050604057845399 ], [ -73.80903534939813, 5.050612735544119 ], [ -73.809035032596228, 5.050640381397895 ], [ -73.809033704190583, 5.050756449871503 ], [ -73.809035053477928, 5.050798009011913 ], [ -73.809040196967544, 5.050844786481031 ], [ -73.809047698980677, 5.050913014206783 ], [ -73.808987857059861, 5.050926326592955 ], [ -73.808991820415812, 5.050964081941189 ], [ -73.808817346501996, 5.051019412934594 ], [ -73.808818140661757, 5.05137462192658 ] ] ], [ [ [ -73.808818140661757, 5.05137462192658 ], [ -73.809042566427195, 5.051320756202595 ], [ -73.809045213009767, 5.05132020475605 ], [ -73.809138766455732, 5.051300714277192 ], [ -73.809160235828017, 5.051451954312295 ], [ -73.809070442909842, 5.051459901517678 ], [ -73.809001900479018, 5.051430181491056 ], [ -73.808968672677111, 5.051415773421969 ], [ -73.808920042394561, 5.051413624750831 ], [ -73.808865827433252, 5.051392874165656 ], [ -73.808818140661757, 5.05137462192658 ] ] ] ] } },
{ "type": "Feature", "properties": { "OBJECTID": 237.0, "codigo": "257360200000000160001000000000", "manzana_co": "25736020000000016", "numero_sub": 0.0, "codigo_ant": "25736020000160001000", "usuario_lo": null, "fecha_log": null, "globalid": "{47F1B744-C675-4421-9DBD-3C84AD4B5D44}", "vereda_cod": null, "Shape_Leng": 547.53036977199997, "Shape_Area": 5239.9750927100004, "DEPARTAMENTO": "25", "MUNICIPIO": "736", "NUMERO_PREDIAL": "0200000000160001000000000", "TIPO_DE_REGISTRO": "1", "NUMERO_DE_ORDEN": "001", "TOTAL_REGISTROS": "001", "NOMBRE": "MUNICIPIO DE SESQUILE", "TIPO_DOCUMENTO": "N", "NUMERO_DOCUMENTO": "999994152", "DIRECCION": "C 2 4 02", "COMUNA": null, "DESTINO": "P", "AREA DE TERRENO": "4824.0", "AREA CONSTRUIDA": "0.0", "AVALUO 2026": "4.17190438E8", "AVALUO 2025": "4.0503926E8", "VIGENCIA": "01012026", "NUMERO PREDIAL ANTERIOR": "020000160001000", "9.128221E7": "0.0", "DESTINO_ECONOMICO": "PUBLICO" }, "geometry": { "type": "MultiPolygon", "coordinates": [ [ [ [ -73.807391138387459, 5.050205668690184 ], [ -73.807380599590743, 5.05013360832031 ], [ -73.807377666037283, 5.050113549216793 ], [ -73.807620790954857, 5.050077229005479 ], [ -73.807671889082272, 5.050069595385188 ], [ -73.807697403385333, 5.05020274954378 ], [ -73.807796462711082, 5.050188608637179 ], [ -73.807793778538937, 5.05031693987045 ], [ -73.807798430000062, 5.050434356911898 ], [ -73.807458947990426, 5.050480171807622 ], [ -73.807447532354303, 5.050424757356284 ], [ -73.807437429297082, 5.050375713794897 ], [ -73.807391138387459, 5.050205668690184 ] ] ], [ [ [ -73.807450527527322, 5.050637723626126 ], [ -73.807489779015043, 5.050621732453977 ], [ -73.807518853279475, 5.050713005596094 ], [ -73.807569460017703, 5.05086569332311 ], [ -73.80760615178059, 5.05098299234128 ], [ -73.807458303088524, 5.051088018901153 ], [ -73.807400569059439, 5.051127141974081 ], [ -73.807398039618619, 5.051124921053511 ], [ -73.807329067741222, 5.051064337915629 ], [ -73.80729478868777, 5.051034228482915 ], [ -73.80720786479398, 5.050966673584923 ], [ -73.807204125620672, 5.050963272147364 ], [ -73.807185162928533, 5.050946024517514 ], [ -73.807181523813938, 5.050942623982221 ], [ -73.807156145565415, 5.050918908818414 ], [ -73.80712901739291, 5.050878378742339 ], [ -73.807127331299185, 5.050850409312553 ], [ -73.80713640111702, 5.050827760260674 ], [ -73.807258453269924, 5.05075592112229 ], [ -73.807450527527322, 5.050637723626126 ] ] ], [ [ [ -73.807789289262331, 5.050640355871737 ], [ -73.807809576657277, 5.050632822174052 ], [ -73.807816955316738, 5.050662337232552 ], [ -73.807823979693012, 5.050690436739638 ], [ -73.807833031511322, 5.050726640865356 ], [ -73.807863654611609, 5.050825953535077 ], [ -73.807879836199945, 5.050885240343596 ], [ -73.807937323689217, 5.051096258641755 ], [ -73.807962746171924, 5.051231271270642 ], [ -73.807756608556062, 5.051287535359583 ], [ -73.807597512441035, 5.051319509987482 ], [ -73.807584427197455, 5.05131227331926 ], [ -73.807569887036664, 5.051304232174746 ], [ -73.807534065463756, 5.051264468788814 ], [ -73.807505230083336, 5.051232461024303 ], [ -73.807477747806388, 5.051204112352691 ], [ -73.80743176703362, 5.051156680164753 ], [ -73.807422670579385, 5.051147296592613 ], [ -73.8074145828393, 5.051138953429922 ], [ -73.80741160988272, 5.051135886436293 ], [ -73.807615292536738, 5.051000640557924 ], [ -73.807792255432489, 5.050892315945615 ], [ -73.807790359115387, 5.050854321918195 ], [ -73.807788442059191, 5.050815926545402 ], [ -73.807785405968801, 5.050755090181648 ], [ -73.807785614999943, 5.050748913612751 ], [ -73.807786689888601, 5.050717162089312 ], [ -73.807788323394675, 5.050668900243688 ], [ -73.807789289262331, 5.050640355871737 ] ] ] ] } },
{ "type": "Feature", "properties": { "OBJECTID": 238.0, "codigo": "257360200000000300001000000000", "manzana_co": "25736020000000030", "numero_sub": 0.0, "codigo_ant": "25736020000300001000", "usuario_lo": null, "fecha_log": null, "globalid": "{048288DC-574E-433F-B9FF-88CAA672F21E}", "vereda_cod": null, "Shape_Leng": 419.500329405, "Shape_Area": 4811.7165943700002, "DEPARTAMENTO": "25", "MUNICIPIO": "736", "NUMERO_PREDIAL": "0200000000300001000000000", "TIPO_DE_REGISTRO": "1", "NUMERO_DE_ORDEN": "001", "TOTAL_REGISTROS": "001", "NOMBRE": "MUNICIPIO DE SESQUILE", "TIPO_DOCUMENTO": "N", "NUMERO_DOCUMENTO": "999994152", "DIRECCION": "C 3 4 27", "COMUNA": null, "DESTINO": "P", "AREA DE TERRENO": "3512.0", "AREA CONSTRUIDA": "0.0", "AVALUO 2026": "3.03726122E8", "AVALUO 2025": "2.9487973E8", "VIGENCIA": "01012026", "NUMERO PREDIAL ANTERIOR": "020000300001000", "9.128221E7": "176-11917", "DESTINO_ECONOMICO": "PUBLICO" }, "geometry": { "type": "MultiPolygon", "coordinates": [ [ [ [ -73.806690780263011, 5.051306631976964 ], [ -73.806656383506464, 5.05123957972703 ], [ -73.806626454358607, 5.05118123588862 ], [ -73.806540201131199, 5.050984252331702 ], [ -73.806576695142809, 5.050964590387713 ], [ -73.80699758537267, 5.050737821159228 ], [ -73.80704128064859, 5.050824048355234 ], [ -73.807058182080169, 5.050861937301645 ], [ -73.807098332115373, 5.050951944789639 ], [ -73.80727867786986, 5.051118516750069 ], [ -73.807092538084646, 5.051332342847852 ], [ -73.807091944955332, 5.051333024421385 ], [ -73.807074109070598, 5.051317778980103 ], [ -73.807072050182512, 5.051316019960229 ], [ -73.807035006424741, 5.051284353985571 ], [ -73.807023343600321, 5.051274385602872 ], [ -73.806994873389982, 5.051307057740187 ], [ -73.80698182454266, 5.051322034277232 ], [ -73.806968775694699, 5.051337009006142 ], [ -73.806940305478889, 5.051369681141021 ], [ -73.806845404738993, 5.051478590055929 ], [ -73.806775281765496, 5.051418953293383 ], [ -73.806742532354733, 5.051382839894832 ], [ -73.806690780263011, 5.051306631976964 ] ] ], [ [ [ -73.806910997181902, 5.0515405951795 ], [ -73.807014820102694, 5.051421497002372 ], [ -73.807443007511253, 5.051768876777911 ], [ -73.807427761315964, 5.051862834390621 ], [ -73.807420133259285, 5.051909843478547 ], [ -73.807409812629885, 5.051956622106006 ], [ -73.807359191503338, 5.051925276355436 ], [ -73.807243347561695, 5.05183911719321 ], [ -73.807065233699547, 5.051682220878146 ], [ -73.806910997181902, 5.0515405951795 ] ] ] ] } },
{ "type": "Feature", "properties": { "OBJECTID": 243.0, "codigo": "257360200000000290001000000000", "manzana_co": "25736020000000029", "numero_sub": 0.0, "codigo_ant": "25736020000290001000", "usuario_lo": null, "fecha_log": null, "globalid": "{CCD73389-0C5E-4971-B633-24010E76E9F0}", "vereda_cod": null, "Shape_Leng": 284.41174439100001, "Shape_Area": 3806.6076312700002, "DEPARTAMENTO": "25", "MUNICIPIO": "736", "NUMERO_PREDIAL": "0200000000290001000000000", "TIPO_DE_REGISTRO": "1", "NUMERO_DE_ORDEN": "001", "TOTAL_REGISTROS": "001", "NOMBRE": "MUNICIPIO DE SESQUILE", "TIPO_DOCUMENTO": "N", "NUMERO_DOCUMENTO": "999994152", "DIRECCION": "C 1A 4 23", "COMUNA": null, "DESTINO": "P", "AREA DE TERRENO": "3537.0", "AREA CONSTRUIDA": "0.0", "AVALUO 2026": "3.0592855E8", "AVALUO 2025": "2.9701801E8", "VIGENCIA": "01012026", "NUMERO PREDIAL ANTERIOR": "020000290001000", "9.128221E7": "0.0", "DESTINO_ECONOMICO": "PUBLICO" }, "geometry": { "type": "MultiPolygon", "coordinates": [ [ [ [ -73.807919757361319, 5.050808694748215 ], [ -73.807917839025563, 5.05080268453779 ], [ -73.807896823875708, 5.050736823514131 ], [ -73.808156477854553, 5.050610241631322 ], [ -73.808339258675076, 5.050520215964981 ], [ -73.808418295171165, 5.050484491224231 ], [ -73.808429721297671, 5.050516018358048 ], [ -73.808449143461502, 5.050569604903377 ], [ -73.8084900699115, 5.050666128736125 ], [ -73.808499382032764, 5.050688091403605 ], [ -73.808492138227777, 5.05069175606867 ], [ -73.80844143159041, 5.050717401490324 ], [ -73.808390075927122, 5.050743377758205 ], [ -73.808389922685834, 5.050743455498971 ], [ -73.808327021634042, 5.050775043568565 ], [ -73.808333637467925, 5.050790280128512 ], [ -73.808340597660859, 5.050806310334535 ], [ -73.80840581537781, 5.050774418502681 ], [ -73.808517095577557, 5.050717098264744 ], [ -73.80852673429996, 5.05075539045275 ], [ -73.808552253661432, 5.050856773182194 ], [ -73.808549955887173, 5.050906634096163 ], [ -73.80853783246431, 5.050951378927885 ], [ -73.80852777097607, 5.050965536481848 ], [ -73.808500424133712, 5.051004015523164 ], [ -73.808489578454385, 5.051021213916445 ], [ -73.808472480643601, 5.051048326741048 ], [ -73.808420883885688, 5.051104181574345 ], [ -73.808364572321125, 5.051140674267034 ], [ -73.80830041821325, 5.051170378561577 ], [ -73.808267035701434, 5.051174109656791 ], [ -73.808158786145796, 5.051186208808266 ], [ -73.808118889006238, 5.051189499790863 ], [ -73.808019488891816, 5.051209433146642 ], [ -73.807987828696696, 5.051085197297378 ], [ -73.807983628639008, 5.051066627897735 ], [ -73.807967742524696, 5.05099639447413 ], [ -73.807947724871624, 5.050907894465994 ], [ -73.807933919410317, 5.050846858512129 ], [ -73.807919757361319, 5.050808694748215 ] ] ] ] } },
{ "type": "Feature", "properties": { "OBJECTID": 246.0, "codigo": "257360200000000300003000000000", "manzana_co": "25736020000000030", "numero_sub": 0.0, "codigo_ant": "25736020000300003000", "usuario_lo": null, "fecha_log": null, "globalid": "{6CB9F205-F444-45F8-A0F4-C91719A5F8E5}", "vereda_cod": null, "Shape_Leng": 188.19998431600001, "Shape_Area": 1966.7890500399999, "DEPARTAMENTO": "25", "MUNICIPIO": "736", "NUMERO_PREDIAL": "0200000000300003000000000", "TIPO_DE_REGISTRO": "1", "NUMERO_DE_ORDEN": "001", "TOTAL_REGISTROS": "001", "NOMBRE": "MUNICIPIO DE SESQUILE", "TIPO_DOCUMENTO": "N", "NUMERO_DOCUMENTO": "999994152", "DIRECCION": "D 3 2 10", "COMUNA": null, "DESTINO": "P", "AREA DE TERRENO": "1953.0", "AREA CONSTRUIDA": "1460.0", "AVALUO 2026": "1.001871524E9", "AVALUO 2025": "9.726908E8", "VIGENCIA": "01012026", "NUMERO PREDIAL ANTERIOR": "020000300003000", "9.128221E7": "176-11917", "DESTINO_ECONOMICO": "PUBLICO" }, "geometry": { "type": "MultiPolygon", "coordinates": [ [ [ [ -73.807092538084646, 5.051332342847852 ], [ -73.80727867786986, 5.051118516750069 ], [ -73.807484610289848, 5.051313242112412 ], [ -73.80747605055636, 5.05138502888865 ], [ -73.807443836847682, 5.051655203737424 ], [ -73.807457484858034, 5.051679656682761 ], [ -73.807443007511253, 5.051768876777911 ], [ -73.807014820102694, 5.051421497002372 ], [ -73.807091944955332, 5.051333024421385 ], [ -73.807092538084646, 5.051332342847852 ] ] ] ] } },
{ "type": "Feature", "properties": { "OBJECTID": 251.0, "codigo": "257360100000000230033000000000", "manzana_co": "25736010000000023", "numero_sub": 0.0, "codigo_ant": "25736010000230033000", "usuario_lo": null, "fecha_log": null, "globalid": "{D4979DF0-172D-43F9-AE9B-56F0C791A53D}", "vereda_cod": null, "Shape_Leng": 119.600064043, "Shape_Area": 55.667608549100002, "DEPARTAMENTO": "25", "MUNICIPIO": "736", "NUMERO_PREDIAL": "0100000000230033000000000", "TIPO_DE_REGISTRO": "1", "NUMERO_DE_ORDEN": "001", "TOTAL_REGISTROS": "001", "NOMBRE": "MUNICIPIO DE SESQUILE", "TIPO_DOCUMENTO": "N", "NUMERO_DOCUMENTO": "8999994152", "DIRECCION": "K 4 4 01", "COMUNA": null, "DESTINO": "P", "AREA DE TERRENO": "55.0", "AREA CONSTRUIDA": "0.0", "AVALUO 2026": "3.1198947E7", "AVALUO 2025": "3.029024E7", "VIGENCIA": "01012026", "NUMERO PREDIAL ANTERIOR": "010000230033000", "9.128221E7": "176-92112", "DESTINO_ECONOMICO": "PUBLICO" }, "geometry": { "type": "MultiPolygon", "coordinates": [ [ [ [ -73.796474633919757, 5.043275495821399 ], [ -73.796437136805594, 5.043253846606918 ], [ -73.796435768451957, 5.04325618417329 ], [ -73.796373120025862, 5.043220368502642 ], [ -73.796309941572233, 5.043185501953713 ], [ -73.796186409721344, 5.043118128104233 ], [ -73.796161362980698, 5.043103780855832 ], [ -73.796169340539294, 5.043090661200376 ], [ -73.796547864088893, 5.04331263756144 ], [ -73.796617914063532, 5.043353716817834 ], [ -73.796625325510192, 5.043358062929491 ], [ -73.796624409668183, 5.043360613824602 ], [ -73.796616524076185, 5.043356233363072 ], [ -73.796545560964276, 5.043316805589282 ], [ -73.796499316500729, 5.04329046496243 ], [ -73.796474633919757, 5.043275495821399 ] ] ] ] } },
{ "type": "Feature", "properties": { "OBJECTID": 260.0, "codigo": "257360200000000090001000000000", "manzana_co": "25736020000000009", "numero_sub": 0.0, "codigo_ant": "25736020000090001000", "usuario_lo": null, "fecha_log": null, "globalid": "{91A26FB5-4068-4A55-AC03-C15CDED141A1}", "vereda_cod": null, "Shape_Leng": 876.310861359, "Shape_Area": 24803.9776637, "DEPARTAMENTO": "25", "MUNICIPIO": "736", "NUMERO_PREDIAL": "0200000000090001000000000", "TIPO_DE_REGISTRO": "1", "NUMERO_DE_ORDEN": "001", "TOTAL_REGISTROS": "001", "NOMBRE": "MUNICIPIO DE SESQUILE", "TIPO_DOCUMENTO": "N", "NUMERO_DOCUMENTO": "999994152", "DIRECCION": "K 3 C 5 6", "COMUNA": null, "DESTINO": "P", "AREA DE TERRENO": "3308.0", "AREA CONSTRUIDA": "0.0", "AVALUO 2026": "1.85529131E8", "AVALUO 2025": "1.8012537E8", "VIGENCIA": "01012026", "NUMERO PREDIAL ANTERIOR": "020000090001000", "9.128221E7": "176-11917", "DESTINO_ECONOMICO": "PUBLICO" }, "geometry": { "type": "MultiPolygon", "coordinates": [ [ [ [ -73.804694254156203, 5.052552080675705 ], [ -73.804692585028107, 5.052422556323287 ], [ -73.804688869989121, 5.052322129555121 ], [ -73.804688896518471, 5.052277258385544 ], [ -73.804687723856148, 5.052206977709729 ], [ -73.804687812538276, 5.052079315434999 ], [ -73.804687116293991, 5.051891930401102 ], [ -73.804749365624815, 5.051602309962435 ], [ -73.80480584625542, 5.051355192452199 ], [ -73.804903429885997, 5.050933009992142 ], [ -73.804930786489294, 5.05078738626557 ], [ -73.804974611818736, 5.050613641024291 ], [ -73.805074968626528, 5.050691576812292 ], [ -73.805094040248434, 5.050702205010622 ], [ -73.80510844785546, 5.050710233557401 ], [ -73.805203396466354, 5.050815630837051 ], [ -73.805424339576973, 5.051076602212018 ], [ -73.805428729574331, 5.051080154608212 ], [ -73.805455301356503, 5.051111777419127 ], [ -73.805455670045973, 5.051112216725277 ], [ -73.805456430862364, 5.051113120647347 ], [ -73.805457678459575, 5.051114805560251 ], [ -73.805557789142881, 5.051250046930742 ], [ -73.805566425037469, 5.051266887067713 ], [ -73.805619125810054, 5.051523051597159 ], [ -73.805626311291121, 5.051608280513471 ], [ -73.805633541852217, 5.051694030093565 ], [ -73.805635968529003, 5.051836263716107 ], [ -73.805648706725037, 5.051914345171348 ], [ -73.805656351229075, 5.051944337525892 ], [ -73.805691165279157, 5.052011182821674 ], [ -73.805744007941016, 5.052079853820938 ], [ -73.805797797139789, 5.052150441138394 ], [ -73.805851750308491, 5.052213329662819 ], [ -73.805889037604373, 5.052256791105534 ], [ -73.805976481218551, 5.052358713653287 ], [ -73.806004534035992, 5.052383499081061 ], [ -73.806053859180764, 5.052437238958192 ], [ -73.805770953393974, 5.052762898599263 ], [ -73.805748550891167, 5.052750290855037 ], [ -73.805705101613199, 5.052723110199007 ], [ -73.805604045238454, 5.052670900418661 ], [ -73.8055673874495, 5.052651960810709 ], [ -73.805526716470766, 5.052630947632776 ], [ -73.805363214080685, 5.052546639996878 ], [ -73.805250047903911, 5.05249027222709 ], [ -73.805231965730997, 5.052531410381648 ], [ -73.805339002107047, 5.052581025861556 ], [ -73.805404485984525, 5.052614170405965 ], [ -73.805508462972583, 5.052666797796688 ], [ -73.805538700772814, 5.052685404843423 ], [ -73.805600306780534, 5.052723314945445 ], [ -73.80565005168539, 5.052753925947436 ], [ -73.805671983651465, 5.052767421362124 ], [ -73.805694826943537, 5.052779326748329 ], [ -73.805718901598226, 5.052791873909089 ], [ -73.805739017146166, 5.052802359252779 ], [ -73.805747774598672, 5.052806923992733 ], [ -73.805766890454763, 5.05281688687617 ], [ -73.805806721316614, 5.052837646045213 ], [ -73.806028573768174, 5.05294818487603 ], [ -73.805964682404138, 5.053098274554809 ], [ -73.80592459970795, 5.053189093108392 ], [ -73.805898879964531, 5.05324736992738 ], [ -73.805662081635987, 5.053130702591274 ], [ -73.805593605821201, 5.053095630929806 ], [ -73.805543641909381, 5.053070041267073 ], [ -73.805424003346417, 5.053012878151813 ], [ -73.805358834897334, 5.052977233330889 ], [ -73.805347074757734, 5.052970801100497 ], [ -73.805306158618109, 5.052953093590155 ], [ -73.805264551040281, 5.05293186165621 ], [ -73.805230167571963, 5.052914315863809 ], [ -73.805036097521224, 5.05281884496664 ], [ -73.805024072365413, 5.052812260873029 ], [ -73.804869458089726, 5.052727604088583 ], [ -73.804776033387427, 5.052684135108504 ], [ -73.804742119604299, 5.052667810496294 ], [ -73.804709808573961, 5.052652256917525 ], [ -73.804689297326462, 5.052642383508146 ], [ -73.804693657534301, 5.052562956788634 ], [ -73.804694254156203, 5.052552080675705 ] ] ] ] } },
{ "type": "Feature", "properties": { "OBJECTID": 261.0, "codigo": "257360200000000430001000000000", "manzana_co": "25736020000000043", "numero_sub": 0.0, "codigo_ant": "25736020000430001000", "usuario_lo": null, "fecha_log": null, "globalid": "{3A4B8652-D028-4E92-9922-A940C74DB7CF}", "vereda_cod": null, "Shape_Leng": 130.67931706900001, "Shape_Area": 1004.39637524, "DEPARTAMENTO": "25", "MUNICIPIO": "736", "NUMERO_PREDIAL": "0200000000430001000000000", "TIPO_DE_REGISTRO": "1", "NUMERO_DE_ORDEN": "001", "TOTAL_REGISTROS": "001", "NOMBRE": "MUNICIPIO DE SESQUILE", "TIPO_DOCUMENTO": "N", "NUMERO_DOCUMENTO": "999994152", "DIRECCION": "K 3A C 6 6A", "COMUNA": null, "DESTINO": "P", "AREA DE TERRENO": "1452.0", "AREA CONSTRUIDA": "0.0", "AVALUO 2026": "1.06253379E8", "AVALUO 2025": "1.0315862E8", "VIGENCIA": "01012026", "NUMERO PREDIAL ANTERIOR": "020000430001000", "9.128221E7": "176-11917", "DESTINO_ECONOMICO": "PUBLICO" }, "geometry": { "type": "MultiPolygon", "coordinates": [ [ [ [ -73.806005542284069, 5.052550829477557 ], [ -73.806084778559196, 5.052462662519195 ], [ -73.806107558987634, 5.052492159306373 ], [ -73.806124573772166, 5.052514189696129 ], [ -73.806157064137807, 5.052590014654838 ], [ -73.806164658529326, 5.052644534285634 ], [ -73.806160854951386, 5.052677808063194 ], [ -73.806157114423883, 5.052707484191759 ], [ -73.80611597156296, 5.052788492402275 ], [ -73.806112972585751, 5.052794397829038 ], [ -73.806100931578456, 5.052816074275545 ], [ -73.80606338612975, 5.052883670798987 ], [ -73.806048170245006, 5.052902608374749 ], [ -73.805863287389258, 5.052802288910632 ], [ -73.805836570614275, 5.05278779200969 ], [ -73.805806999892695, 5.052771745806525 ], [ -73.805834356088468, 5.052741307352537 ], [ -73.805856545361493, 5.052716617971646 ], [ -73.805883348984267, 5.052686793292512 ], [ -73.805910556439187, 5.052656520256738 ], [ -73.805940315801379, 5.052623406128227 ], [ -73.805957868180784, 5.052603876448129 ], [ -73.805980976889074, 5.052578163799853 ], [ -73.806005542284069, 5.052550829477557 ] ] ] ] } },
{ "type": "Feature", "properties": { "OBJECTID": 262.0, "codigo": "257360200000000440001000000000", "manzana_co": "25736020000000044", "numero_sub": 0.0, "codigo_ant": "25736020000440001000", "usuario_lo": null, "fecha_log": null, "globalid": "{6E0C405E-0EF5-4FA1-BB03-B1AAEF2D1D79}", "vereda_cod": null, "Shape_Leng": 382.14907228099997, "Shape_Area": 5084.0835223000004, "DEPARTAMENTO": "25", "MUNICIPIO": "736", "NUMERO_PREDIAL": "0200000000440001000000000", "TIPO_DE_REGISTRO": "1", "NUMERO_DE_ORDEN": "001", "TOTAL_REGISTROS": "001", "NOMBRE": "MUNICIPIO DE SESQUILE", "TIPO_DOCUMENTO": "N", "NUMERO_DOCUMENTO": "999994152", "DIRECCION": "C 6 K 2B 3", "COMUNA": null, "DESTINO": "P", "AREA DE TERRENO": "1700.0", "AREA CONSTRUIDA": "0.0", "AVALUO 2026": "9.7746022E7", "AVALUO 2025": "9.489905E7", "VIGENCIA": "01012026", "NUMERO PREDIAL ANTERIOR": "020000440001000", "9.128221E7": "176-11917", "DESTINO_ECONOMICO": "PUBLICO" }, "geometry": { "type": "MultiPolygon", "coordinates": [ [ [ [ -73.804680812194846, 5.052723614522524 ], [ -73.80468616085632, 5.052686576764253 ], [ -73.804724386212001, 5.052705835491775 ], [ -73.804758933714368, 5.052723239391955 ], [ -73.804842406654174, 5.052768435000908 ], [ -73.805011969334544, 5.052851661592449 ], [ -73.805056326267461, 5.052873433156702 ], [ -73.805085505757575, 5.052889730691795 ], [ -73.80517897561063, 5.05293559504534 ], [ -73.805229091842151, 5.052961392638719 ], [ -73.805330671062592, 5.053013681112501 ], [ -73.805388081727628, 5.053043232630531 ], [ -73.805454260642051, 5.053075202953369 ], [ -73.805484445224309, 5.053089783891417 ], [ -73.805640348613835, 5.053166896297661 ], [ -73.805696340431723, 5.053194685139887 ], [ -73.805717727911983, 5.053205299729699 ], [ -73.805899502592126, 5.053295513319485 ], [ -73.805865393665755, 5.053386991659063 ], [ -73.805844893901423, 5.053430566861515 ], [ -73.805816891734537, 5.053490089325011 ], [ -73.805794011350883, 5.053538726574534 ], [ -73.805765909019769, 5.053590912727665 ], [ -73.805708954371411, 5.053696680710324 ], [ -73.805612329200542, 5.053638201205125 ], [ -73.805483136893997, 5.053560010967267 ], [ -73.805458211591272, 5.05350195175384 ], [ -73.805456902674976, 5.053498903712913 ], [ -73.805424837826664, 5.05342356141533 ], [ -73.805405501839459, 5.053400095593646 ], [ -73.805359789811462, 5.053362528768819 ], [ -73.805309985416116, 5.053334885353579 ], [ -73.805257828274662, 5.053305934878446 ], [ -73.805208131133909, 5.053276308227929 ], [ -73.805151918409649, 5.053242796554941 ], [ -73.805116951606848, 5.053217360344343 ], [ -73.805044421718918, 5.053152269103542 ], [ -73.804975164161931, 5.053097609186899 ], [ -73.804841607440466, 5.053030331134988 ], [ -73.804807682942126, 5.053024463208117 ], [ -73.804776432092154, 5.053019057157453 ], [ -73.804749053795135, 5.053014321777654 ], [ -73.804631177124193, 5.052993932243923 ], [ -73.804670843149509, 5.052791028053953 ], [ -73.804671748132392, 5.052786398105496 ], [ -73.804680812194846, 5.052723614522524 ] ] ] ] } },
{ "type": "Feature", "properties": { "OBJECTID": 309.0, "codigo": "257360200000000170001000000000", "manzana_co": "25736020000000017", "numero_sub": 0.0, "codigo_ant": "25736020000170001000", "usuario_lo": null, "fecha_log": null, "globalid": "{0FDDBD95-8611-4689-9FC0-19990CD80FB3}", "vereda_cod": null, "Shape_Leng": 173.714018254, "Shape_Area": 1632.676295, "DEPARTAMENTO": "25", "MUNICIPIO": "736", "NUMERO_PREDIAL": "0200000000170001000000000", "TIPO_DE_REGISTRO": "1", "NUMERO_DE_ORDEN": "001", "TOTAL_REGISTROS": "001", "NOMBRE": "MUNICIPIO DE SESQUILE", "TIPO_DOCUMENTO": "N", "NUMERO_DOCUMENTO": "999994152", "DIRECCION": "SIATOYA Lo 109 A", "COMUNA": null, "DESTINO": "P", "AREA DE TERRENO": "589.0", "AREA CONSTRUIDA": "0.0", "AVALUO 2026": "5.0905165E7", "AVALUO 2025": "4.942249E7", "VIGENCIA": "01012026", "NUMERO PREDIAL ANTERIOR": "020000170001000", "9.128221E7": "176-11917", "DESTINO_ECONOMICO": "PUBLICO" }, "geometry": { "type": "MultiPolygon", "coordinates": [ [ [ [ -73.80718344482986, 5.050120631819953 ], [ -73.80732782222934, 5.05009153383307 ], [ -73.807355921396933, 5.050201675670516 ], [ -73.807364773996483, 5.050239762696302 ], [ -73.807372496132473, 5.050272982971121 ], [ -73.807386896479528, 5.05033458930976 ], [ -73.807399463298893, 5.050394369734578 ], [ -73.807428732998687, 5.050533600072705 ], [ -73.807418082812902, 5.050602378597987 ], [ -73.807403726993982, 5.05062208634301 ], [ -73.807220897518945, 5.050723902632185 ], [ -73.807211664564733, 5.05068880762487 ], [ -73.807174680471917, 5.050548222402199 ], [ -73.807171714485008, 5.050529046439831 ], [ -73.807170394665931, 5.050520511536599 ], [ -73.807139865746393, 5.050323122237593 ], [ -73.807119815142343, 5.050133455969094 ], [ -73.80718344482986, 5.050120631819953 ] ] ] ] } },
{ "type": "Feature", "properties": { "OBJECTID": 336.0, "codigo": "257360100000000230032000000000", "manzana_co": "25736010000000023", "numero_sub": 0.0, "codigo_ant": "25736010000230032000", "usuario_lo": null, "fecha_log": null, "globalid": "{855B8114-48B5-46FA-9821-CA6BF76850B2}", "vereda_cod": null, "Shape_Leng": 34.920196883599999, "Shape_Area": 14.666984103500001, "DEPARTAMENTO": "25", "MUNICIPIO": "736", "NUMERO_PREDIAL": "0100000000230032000000000", "TIPO_DE_REGISTRO": "1", "NUMERO_DE_ORDEN": "001", "TOTAL_REGISTROS": "001", "NOMBRE": "MUNICIPIO DE SESQUILE", "TIPO_DOCUMENTO": "N", "NUMERO_DOCUMENTO": "8999994152", "DIRECCION": "C 4 4 58", "COMUNA": null, "DESTINO": "P", "AREA DE TERRENO": "15.0", "AREA CONSTRUIDA": "0.0", "AVALUO 2026": "9978825.0", "AVALUO 2025": "9688180.0", "VIGENCIA": "01012026", "NUMERO PREDIAL ANTERIOR": "010000230032000", "9.128221E7": "176-92111", "DESTINO_ECONOMICO": "PUBLICO" }, "geometry": { "type": "MultiPolygon", "coordinates": [ [ [ [ -73.796624409668183, 5.043360613824602 ], [ -73.796625325510192, 5.043358062929491 ], [ -73.796629601830233, 5.043360571344562 ], [ -73.79663310653774, 5.043362625985061 ], [ -73.796570367778131, 5.043498060241009 ], [ -73.796563893802954, 5.04349487658618 ], [ -73.796575401320226, 5.043469342328105 ], [ -73.796624409668183, 5.043360613824602 ] ] ] ] } },
{ "type": "Feature", "properties": { "OBJECTID": 338.0, "codigo": "257360100000000230034000000000", "manzana_co": "25736010000000023", "numero_sub": 0.0, "codigo_ant": "25736010000230034000", "usuario_lo": null, "fecha_log": null, "globalid": "{264BAADF-96DF-43AE-B3E6-FCBADC637C21}", "vereda_cod": null, "Shape_Leng": 118.79982247700001, "Shape_Area": 176.229617034, "DEPARTAMENTO": "25", "MUNICIPIO": "736", "NUMERO_PREDIAL": "0100000000230034000000000", "TIPO_DE_REGISTRO": "1", "NUMERO_DE_ORDEN": "001", "TOTAL_REGISTROS": "001", "NOMBRE": "MUNICIPIO DE SESQUILE", "TIPO_DOCUMENTO": "N", "NUMERO_DOCUMENTO": "8999994152", "DIRECCION": "C 4 4 02", "COMUNA": null, "DESTINO": "P", "AREA DE TERRENO": "176.0", "AREA CONSTRUIDA": "0.0", "AVALUO 2026": "9.7179501E7", "AVALUO 2025": "9.434903E7", "VIGENCIA": "01012026", "NUMERO PREDIAL ANTERIOR": "010000230034000", "9.128221E7": "176-92113", "DESTINO_ECONOMICO": "PUBLICO" }, "geometry": { "type": "MultiPolygon", "coordinates": [ [ [ [ -73.795897126227956, 5.043538271533577 ], [ -73.796161362980698, 5.043103780855832 ], [ -73.796186409721344, 5.043118128104233 ], [ -73.796143357945041, 5.043188144795597 ], [ -73.796103098756944, 5.043253517086365 ], [ -73.796066311826394, 5.043314660787052 ], [ -73.796033191866726, 5.043368518800742 ], [ -73.796001061656455, 5.043422975217456 ], [ -73.795968482535599, 5.043477164067792 ], [ -73.795916950168092, 5.043552430763657 ], [ -73.795897126227956, 5.043538271533577 ] ] ] ] } },
{ "type": "Feature", "properties": { "OBJECTID": 365.0, "codigo": "257360100000000230001000000000", "manzana_co": "25736010000000023", "numero_sub": 0.0, "codigo_ant": "25736010000230001000", "usuario_lo": null, "fecha_log": null, "globalid": "{9B2B7729-FA67-4F08-8E89-DA7E85ED0D1E}", "vereda_cod": null, "Shape_Leng": 93.200150289800007, "Shape_Area": 405.47461026399998, "DEPARTAMENTO": "25", "MUNICIPIO": "736", "NUMERO_PREDIAL": "0100000000230001000000000", "TIPO_DE_REGISTRO": "1", "NUMERO_DE_ORDEN": "001", "TOTAL_REGISTROS": "001", "NOMBRE": "MUNICIPIO DE SESQUILE", "TIPO_DOCUMENTO": "N", "NUMERO_DOCUMENTO": "8999994152", "DIRECCION": "Lo ZONA DE CESION", "COMUNA": null, "DESTINO": "A", "AREA DE TERRENO": "405.0", "AREA CONSTRUIDA": "0.0", "AVALUO 2026": "2.23663182E8", "AVALUO 2025": "2.1714872E8", "VIGENCIA": "01012026", "NUMERO PREDIAL ANTERIOR": "010000230001000", "9.128221E7": "176-1702", "DESTINO_ECONOMICO": "PUBLICO" }, "geometry": { "type": "MultiPolygon", "coordinates": [ [ [ [ -73.796048908429867, 5.04367162348121 ], [ -73.796058166040893, 5.043641379742978 ], [ -73.795916950168092, 5.043552430763657 ], [ -73.795968482535599, 5.043477164067792 ], [ -73.79622345718289, 5.04361813088846 ], [ -73.796223053346665, 5.043618938099052 ], [ -73.796201107366528, 5.043665525813288 ], [ -73.796199958956876, 5.043667980890644 ], [ -73.796170471688171, 5.043730990323391 ], [ -73.796048908429867, 5.04367162348121 ] ] ] ] } },
{ "type": "Feature", "properties": { "OBJECTID": 381.0, "codigo": "257360100000000230035000000000", "manzana_co": "25736010000000023", "numero_sub": 0.0, "codigo_ant": "25736010000230035000", "usuario_lo": null, "fecha_log": null, "globalid": "{9EBDCD7C-C895-4FAE-8DBA-AD40B48EB991}", "vereda_cod": null, "Shape_Leng": 53.5000537759, "Shape_Area": 23.521828663600001, "DEPARTAMENTO": "25", "MUNICIPIO": "736", "NUMERO_PREDIAL": "0100000000230035000000000", "TIPO_DE_REGISTRO": "1", "NUMERO_DE_ORDEN": "001", "TOTAL_REGISTROS": "001", "NOMBRE": "MUNICIPIO DE SESQUILE", "TIPO_DOCUMENTO": "N", "NUMERO_DOCUMENTO": "8999994152", "DIRECCION": "K 5 4 70", "COMUNA": null, "DESTINO": "P", "AREA DE TERRENO": "24.0", "AREA CONSTRUIDA": "0.0", "AVALUO 2026": "1.5965484E7", "AVALUO 2025": "1.550047E7", "VIGENCIA": "01012026", "NUMERO PREDIAL ANTERIOR": "010000230035000", "9.128221E7": "176-92110", "DESTINO_ECONOMICO": "PUBLICO" }, "geometry": { "type": "MultiPolygon", "coordinates": [ [ [ [ -73.796368983414126, 5.043918424517092 ], [ -73.796392629468684, 5.043868643208214 ], [ -73.796396505575188, 5.043860482515628 ], [ -73.796403871980104, 5.043844976476529 ], [ -73.796434507640427, 5.043779511955649 ], [ -73.796466527880355, 5.043706734625403 ], [ -73.796474337756365, 5.043711248870553 ], [ -73.79637719712818, 5.043922148727403 ], [ -73.796368983414126, 5.043918424517092 ] ] ] ] } },
{ "type": "Feature", "properties": { "OBJECTID": 444.0, "codigo": "257360100000000150042000000000", "manzana_co": "25736010000000015", "numero_sub": 0.0, "codigo_ant": "25736010000150042000", "usuario_lo": null, "fecha_log": null, "globalid": "{1C1BEA18-F5BC-4942-8BEA-711B6FBE544C}", "vereda_cod": null, "Shape_Leng": 287.82274337500002, "Shape_Area": 849.5361114, "DEPARTAMENTO": "25", "MUNICIPIO": "736", "NUMERO_PREDIAL": "0100000000150042000000000", "TIPO_DE_REGISTRO": "1", "NUMERO_DE_ORDEN": "001", "TOTAL_REGISTROS": "001", "NOMBRE": "MUNICIPIO DE SESQUILE", "TIPO_DOCUMENTO": "N", "NUMERO_DOCUMENTO": "8999994152", "DIRECCION": "Lo ZONA DE VIA", "COMUNA": null, "DESTINO": "I", "AREA DE TERRENO": "849.0", "AREA CONSTRUIDA": "0.0", "AVALUO 2026": "5.4852031E8", "AVALUO 2025": "5.3254399E8", "VIGENCIA": "01012026", "NUMERO PREDIAL ANTERIOR": "010000150042000", "9.128221E7": "176-88755", "DESTINO_ECONOMICO": "PUBLICO" }, "geometry": { "type": "MultiPolygon", "coordinates": [ [ [ [ -73.797595352069493, 5.044924795878944 ], [ -73.797194285448128, 5.044714912035526 ], [ -73.797203862123027, 5.044691494775736 ], [ -73.797267978245017, 5.044718151726485 ], [ -73.797334091916966, 5.044747028727302 ], [ -73.797367494899831, 5.044760641935278 ], [ -73.79740089968692, 5.044774253333657 ], [ -73.797411610339864, 5.044749353622216 ], [ -73.797428748103997, 5.044709511914061 ], [ -73.79743160379688, 5.044702871629321 ], [ -73.797444059593261, 5.044674790076389 ], [ -73.797460672728747, 5.044637680049726 ], [ -73.797472117131775, 5.044612115043028 ], [ -73.797445528880701, 5.044600897257637 ], [ -73.797392352381294, 5.044578461683597 ], [ -73.797368257457279, 5.044568294263259 ], [ -73.797305689984313, 5.044550993017441 ], [ -73.797293516325283, 5.044550540148998 ], [ -73.797281415681354, 5.044551952091877 ], [ -73.797269671097851, 5.04455519630448 ], [ -73.797258555704587, 5.044560196856548 ], [ -73.797248330912865, 5.044566837140896 ], [ -73.797196602101309, 5.044545625474566 ], [ -73.797208453954553, 5.044506723860938 ], [ -73.797194476558047, 5.044500425262897 ], [ -73.797214756674222, 5.044433857909079 ], [ -73.797274104267132, 5.044457882609614 ], [ -73.79733428657805, 5.044482243567214 ], [ -73.79739447069629, 5.044506606327122 ], [ -73.79745465481902, 5.044530967273538 ], [ -73.797514864185942, 5.044555268554867 ], [ -73.797575071754494, 5.044579569830593 ], [ -73.797624164833621, 5.044602327191981 ], [ -73.797633984892116, 5.044606877579095 ], [ -73.797692898034683, 5.044634185322219 ], [ -73.797751811182152, 5.044661493963938 ], [ -73.797744558378838, 5.044677053349813 ], [ -73.797725094975561, 5.044718818635256 ], [ -73.797587345517854, 5.044662563428605 ], [ -73.797539759609307, 5.044643130725331 ], [ -73.797495348547855, 5.044737060118431 ], [ -73.797483352476618, 5.044766322207172 ], [ -73.797474100321153, 5.044788895198478 ], [ -73.797460883727197, 5.044819603578312 ], [ -73.79745266820089, 5.044838692815325 ], [ -73.797512636017984, 5.044867987416559 ], [ -73.797549327389547, 5.044885328428837 ], [ -73.797571873690273, 5.04489598215856 ], [ -73.797631336723867, 5.044926294576382 ], [ -73.797624226337803, 5.04493990598746 ], [ -73.797595352069493, 5.044924795878944 ] ] ] ] } },
{ "type": "Feature", "properties": { "OBJECTID": 445.0, "codigo": "257360100000000150041000000000", "manzana_co": "25736010000000015", "numero_sub": 0.0, "codigo_ant": "25736010000150041000", "usuario_lo": null, "fecha_log": null, "globalid": "{F8774F96-734E-4435-9E23-791965361326}", "vereda_cod": null, "Shape_Leng": 63.256888842599999, "Shape_Area": 116.928047702, "DEPARTAMENTO": "25", "MUNICIPIO": "736", "NUMERO_PREDIAL": "0100000000150041000000000", "TIPO_DE_REGISTRO": "1", "NUMERO_DE_ORDEN": "001", "TOTAL_REGISTROS": "001", "NOMBRE": "MUNICIPIO DE SESQUILE", "TIPO_DOCUMENTO": "N", "NUMERO_DOCUMENTO": "8999994152", "DIRECCION": "Lo ZONA VERDE", "COMUNA": null, "DESTINO": "I", "AREA DE TERRENO": "117.0", "AREA CONSTRUIDA": "0.0", "AVALUO 2026": "7.0050166E7", "AVALUO 2025": "6.800987E7", "VIGENCIA": "01012026", "NUMERO PREDIAL ANTERIOR": "010000150041000", "9.128221E7": "176-88754", "DESTINO_ECONOMICO": "PUBLICO" }, "geometry": { "type": "MultiPolygon", "coordinates": [ [ [ [ -73.797311951247664, 5.044619046434801 ], [ -73.797248806862967, 5.044592400335452 ], [ -73.797239780056259, 5.044603681406079 ], [ -73.79717209072318, 5.044573905887086 ], [ -73.797181308632588, 5.044543649478624 ], [ -73.797194476558047, 5.044500425262897 ], [ -73.797208453954553, 5.044506723860938 ], [ -73.797196602101309, 5.044545625474566 ], [ -73.797248330912865, 5.044566837140896 ], [ -73.797258555704587, 5.044560196856548 ], [ -73.797269671097851, 5.04455519630448 ], [ -73.797281415681354, 5.044551952091877 ], [ -73.797293516325283, 5.044550540148998 ], [ -73.797305689984313, 5.044550993017441 ], [ -73.797368257457279, 5.044568294263259 ], [ -73.797340201713524, 5.044630966580448 ], [ -73.797311951247664, 5.044619046434801 ] ] ] ] } },
{ "type": "Feature", "properties": { "OBJECTID": 456.0, "codigo": "257360100000000060004000000000", "manzana_co": "25736010000000006", "numero_sub": 0.0, "codigo_ant": "25736010000060004000", "usuario_lo": null, "fecha_log": null, "globalid": "{768E32D6-8E60-4B52-A1A0-EC4FB940DFD0}", "vereda_cod": null, "Shape_Leng": 204.40004856900001, "Shape_Area": 1608.7513056800001, "DEPARTAMENTO": "25", "MUNICIPIO": "736", "NUMERO_PREDIAL": "0100000000060004000000000", "TIPO_DE_REGISTRO": "1", "NUMERO_DE_ORDEN": "001", "TOTAL_REGISTROS": "001", "NOMBRE": "MUNICIPIO DE SESQUILE", "TIPO_DOCUMENTO": "N", "NUMERO_DOCUMENTO": "999994152", "DIRECCION": "K 8 4 05", "COMUNA": null, "DESTINO": "I", "AREA DE TERRENO": "1640.0", "AREA CONSTRUIDA": "1830.0", "AVALUO 2026": "1.918112505E9", "AVALUO 2025": "1.86224515E9", "VIGENCIA": "01012026", "NUMERO PREDIAL ANTERIOR": "010000060004000", "9.128221E7": "0.0", "DESTINO_ECONOMICO": "PUBLICO" }, "geometry": { "type": "MultiPolygon", "coordinates": [ [ [ [ -73.798947852565576, 5.044716124629203 ], [ -73.798976229986749, 5.044661443903975 ], [ -73.799125591743632, 5.044752648405655 ], [ -73.79961140535265, 5.045049299173853 ], [ -73.799613644537288, 5.045065414463557 ], [ -73.799532980626765, 5.045207632169051 ], [ -73.799443947229477, 5.045152644494357 ], [ -73.799274891086412, 5.045048683842562 ], [ -73.799194817858407, 5.044999794029712 ], [ -73.799149391653557, 5.044972057919489 ], [ -73.799127833272635, 5.044958894926682 ], [ -73.799083178689614, 5.044931628854129 ], [ -73.798934950878049, 5.044838578511278 ], [ -73.798896748677052, 5.044814597297333 ], [ -73.798913810651186, 5.044781721249598 ], [ -73.798947852565576, 5.044716124629203 ] ] ] ] } },
{ "type": "Feature", "properties": { "OBJECTID": 542.0, "codigo": "257360100000000010008000000000", "manzana_co": "25736010000000001", "numero_sub": 0.0, "codigo_ant": "25736010000010008000", "usuario_lo": null, "fecha_log": null, "globalid": "{66B64162-BC26-49A9-8C65-A44D89B07A83}", "vereda_cod": null, "Shape_Leng": 37.414797491100003, "Shape_Area": 86.97574484, "DEPARTAMENTO": "25", "MUNICIPIO": "736", "NUMERO_PREDIAL": "0100000000010008000000000", "TIPO_DE_REGISTRO": "1", "NUMERO_DE_ORDEN": "001", "TOTAL_REGISTROS": "001", "NOMBRE": "MUNICIPIO DE SESQUILE", "TIPO_DOCUMENTO": "N", "NUMERO_DOCUMENTO": "8999994152", "DIRECCION": "ZONA VERDE ETAPA 3", "COMUNA": null, "DESTINO": "P", "AREA DE TERRENO": "87.0", "AREA CONSTRUIDA": "0.0", "AVALUO 2026": "4.2828533E7", "AVALUO 2025": "4.15811E7", "VIGENCIA": "01012026", "NUMERO PREDIAL ANTERIOR": "010000010008000", "9.128221E7": "176-108084", "DESTINO_ECONOMICO": "PUBLICO" }, "geometry": { "type": "MultiPolygon", "coordinates": [ [ [ [ -73.800114582792588, 5.046825791734521 ], [ -73.800159892398113, 5.046745520574733 ], [ -73.800226809609384, 5.046783006322605 ], [ -73.800185154368705, 5.046862187328494 ], [ -73.800114582792588, 5.046825791734521 ] ] ] ] } },
{ "type": "Feature", "properties": { "OBJECTID": 543.0, "codigo": "257360100000000010007000000000", "manzana_co": "25736010000000001", "numero_sub": 0.0, "codigo_ant": "25736010000010007000", "usuario_lo": null, "fecha_log": null, "globalid": "{3F33BA81-B6A6-46B1-BAD4-E884D73AED00}", "vereda_cod": null, "Shape_Leng": 61.7246235665, "Shape_Area": 198.04256015499999, "DEPARTAMENTO": "25", "MUNICIPIO": "736", "NUMERO_PREDIAL": "0100000000010007000000000", "TIPO_DE_REGISTRO": "1", "NUMERO_DE_ORDEN": "001", "TOTAL_REGISTROS": "001", "NOMBRE": "MUNICIPIO DE SESQUILE", "TIPO_DOCUMENTO": "N", "NUMERO_DOCUMENTO": "8999994152", "DIRECCION": "ZONA VERDE ETAPA 2", "COMUNA": null, "DESTINO": "P", "AREA DE TERRENO": "196.0", "AREA CONSTRUIDA": "0.0", "AVALUO 2026": "9.6487794E7", "AVALUO 2025": "9.367747E7", "VIGENCIA": "01012026", "NUMERO PREDIAL ANTERIOR": "010000010007000", "9.128221E7": "176-108083", "DESTINO_ECONOMICO": "PUBLICO" }, "geometry": { "type": "MultiPolygon", "coordinates": [ [ [ [ -73.800019273495764, 5.046997174918904 ], [ -73.800114582792588, 5.046825791734521 ], [ -73.800185154368705, 5.046862187328494 ], [ -73.80009418905297, 5.047036948497148 ], [ -73.800019273495764, 5.046997174918904 ] ] ] ] } },
{ "type": "Feature", "properties": { "OBJECTID": 545.0, "codigo": "257360100000000010006000000000", "manzana_co": "25736010000000001", "numero_sub": 0.0, "codigo_ant": "25736010000010006000", "usuario_lo": null, "fecha_log": null, "globalid": "{C887B9E6-29BE-4B8E-94BE-BD8A2D33A3BF}", "vereda_cod": null, "Shape_Leng": 72.929038211100007, "Shape_Area": 175.958888403, "DEPARTAMENTO": "25", "MUNICIPIO": "736", "NUMERO_PREDIAL": "0100000000010006000000000", "TIPO_DE_REGISTRO": "1", "NUMERO_DE_ORDEN": "001", "TOTAL_REGISTROS": "001", "NOMBRE": "MUNICIPIO DE SESQUILE", "TIPO_DOCUMENTO": "N", "NUMERO_DOCUMENTO": "8999994152", "DIRECCION": "ZONA VERDE ETAPA 1", "COMUNA": null, "DESTINO": "P", "AREA DE TERRENO": "174.0", "AREA CONSTRUIDA": "0.0", "AVALUO 2026": "8.5920169E7", "AVALUO 2025": "8.341764E7", "VIGENCIA": "01012026", "NUMERO PREDIAL ANTERIOR": "010000010006000", "9.128221E7": "176-108082", "DESTINO_ECONOMICO": "PUBLICO" }, "geometry": { "type": "MultiPolygon", "coordinates": [ [ [ [ -73.799978583468118, 5.047249356710511 ], [ -73.800016246389603, 5.047177264369493 ], [ -73.79994116856632, 5.047137798119934 ], [ -73.800019273495764, 5.046997174918904 ], [ -73.80009418905297, 5.047036948497148 ], [ -73.799982378466666, 5.04725180092609 ], [ -73.799978583468118, 5.047249356710511 ] ] ] ] } },
{ "type": "Feature", "properties": { "OBJECTID": 546.0, "codigo": "257360100000000010005000000000", "manzana_co": "25736010000000001", "numero_sub": 0.0, "codigo_ant": "25736010000010005000", "usuario_lo": null, "fecha_log": null, "globalid": "{FC1E5FC0-9716-40E8-873E-C2C7CD012909}", "vereda_cod": null, "Shape_Leng": 133.75276864200001, "Shape_Area": 471.27464289400001, "DEPARTAMENTO": "25", "MUNICIPIO": "736", "NUMERO_PREDIAL": "0100000000010005000000000", "TIPO_DE_REGISTRO": "1", "NUMERO_DE_ORDEN": "001", "TOTAL_REGISTROS": "001", "NOMBRE": "MUNICIPIO DE SESQUILE", "TIPO_DOCUMENTO": "N", "NUMERO_DOCUMENTO": "8999994152", "DIRECCION": "ZONA DE CESION VIA", "COMUNA": null, "DESTINO": "P", "AREA DE TERRENO": "476.0", "AREA CONSTRUIDA": "0.0", "AVALUO 2026": "2.38865879E8", "AVALUO 2025": "2.3190862E8", "VIGENCIA": "01012026", "NUMERO PREDIAL ANTERIOR": "010000010005000", "9.128221E7": "176-108081", "DESTINO_ECONOMICO": "PUBLICO" }, "geometry": { "type": "MultiPolygon", "coordinates": [ [ [ [ -73.799982378466666, 5.04725180092609 ], [ -73.80009418905297, 5.047036948497148 ], [ -73.800185154368705, 5.046862187328494 ], [ -73.800226809609384, 5.046783006322605 ], [ -73.800290598877368, 5.046816798612763 ], [ -73.800042972248932, 5.047291062945205 ], [ -73.799982378466666, 5.04725180092609 ] ] ] ] } },
{ "type": "Feature", "properties": { "OBJECTID": 569.0, "codigo": "257360100000000310079000000000", "manzana_co": "25736010000000031", "numero_sub": 0.0, "codigo_ant": "25736010000310079000", "usuario_lo": null, "fecha_log": null, "globalid": "{6ED02609-BAF4-4E9D-8AE0-14FF8397E222}", "vereda_cod": null, "Shape_Leng": 81.200518818999996, "Shape_Area": 367.35988386100001, "DEPARTAMENTO": "25", "MUNICIPIO": "736", "NUMERO_PREDIAL": "0100000000310079000000000", "TIPO_DE_REGISTRO": "1", "NUMERO_DE_ORDEN": "001", "TOTAL_REGISTROS": "001", "NOMBRE": "MUNICIPIO DE SESQUILE", "TIPO_DOCUMENTO": "N", "NUMERO_DOCUMENTO": "8999994152", "DIRECCION": "K 2A 5 08 EQUIPAMENTO COMUN", "COMUNA": null, "DESTINO": "Q", "AREA DE TERRENO": "366.0", "AREA CONSTRUIDA": "0.0", "AVALUO 2026": "1.46088052E8", "AVALUO 2025": "1.4183306E8", "VIGENCIA": "01012026", "NUMERO PREDIAL ANTERIOR": "010000310079000", "9.128221E7": "176-145563", "DESTINO_ECONOMICO": "PUBLICO" }, "geometry": { "type": "MultiPolygon", "coordinates": [ [ [ [ -73.792884517090229, 5.042533037261709 ], [ -73.792942707734611, 5.042434646460187 ], [ -73.793009600682097, 5.042467691034297 ], [ -73.793160782968926, 5.042542373047999 ], [ -73.793093743949029, 5.042656448840098 ], [ -73.792884517090229, 5.042533037261709 ] ] ] ] } },
{ "type": "Feature", "properties": { "OBJECTID": 589.0, "codigo": "257360100000000310074000000000", "manzana_co": "25736010000000031", "numero_sub": 0.0, "codigo_ant": "25736010000310074000", "usuario_lo": null, "fecha_log": null, "globalid": "{CF38D91B-71D4-4C18-B18C-F60B14D3F720}", "vereda_cod": null, "Shape_Leng": 21.533764451300001, "Shape_Area": 26.069441443100001, "DEPARTAMENTO": "25", "MUNICIPIO": "736", "NUMERO_PREDIAL": "0100000000310074000000000", "TIPO_DE_REGISTRO": "1", "NUMERO_DE_ORDEN": "001", "TOTAL_REGISTROS": "001", "NOMBRE": "MUNICIPIO DE SESQUILE", "TIPO_DOCUMENTO": "N", "NUMERO_DOCUMENTO": "8999994152", "DIRECCION": "C 5B ZONA VERDE 6", "COMUNA": null, "DESTINO": "P", "AREA DE TERRENO": "26.0", "AREA CONSTRUIDA": "0.0", "AVALUO 2026": "1.0377724E7", "AVALUO 2025": "1.007546E7", "VIGENCIA": "01012026", "NUMERO PREDIAL ANTERIOR": "010000310074000", "9.128221E7": "176-145561", "DESTINO_ECONOMICO": "PUBLICO" }, "geometry": { "type": "MultiPolygon", "coordinates": [ [ [ [ -73.79276250739629, 5.042716655752315 ], [ -73.792800257246427, 5.042665565775538 ], [ -73.792829602729796, 5.042682873559854 ], [ -73.792824100437386, 5.042690106786235 ], [ -73.792796579959301, 5.042726273821299 ], [ -73.79279107766618, 5.042733505239521 ], [ -73.79276250739629, 5.042716655752315 ] ] ] ] } },
{ "type": "Feature", "properties": { "OBJECTID": 591.0, "codigo": "257360100000000310078000000000", "manzana_co": "25736010000000031", "numero_sub": 0.0, "codigo_ant": "25736010000310078000", "usuario_lo": null, "fecha_log": null, "globalid": "{C8DF7D89-6FF2-402B-9184-33DEB0945683}", "vereda_cod": null, "Shape_Leng": 90.678428611900003, "Shape_Area": 264.37113909300001, "DEPARTAMENTO": "25", "MUNICIPIO": "736", "NUMERO_PREDIAL": "0100000000310078000000000", "TIPO_DE_REGISTRO": "1", "NUMERO_DE_ORDEN": "001", "TOTAL_REGISTROS": "001", "NOMBRE": "MUNICIPIO DE SESQUILE", "TIPO_DOCUMENTO": "N", "NUMERO_DOCUMENTO": "8999994152", "DIRECCION": "C 5B ZONA VERDE 7", "COMUNA": null, "DESTINO": "P", "AREA DE TERRENO": "264.0", "AREA CONSTRUIDA": "0.0", "AVALUO 2026": "1.05374953E8", "AVALUO 2025": "1.0230578E8", "VIGENCIA": "01012026", "NUMERO PREDIAL ANTERIOR": "010000310078000", "9.128221E7": "176-145562", "DESTINO_ECONOMICO": "PUBLICO" }, "geometry": { "type": "MultiPolygon", "coordinates": [ [ [ [ -73.792938380625998, 5.042757513756031 ], [ -73.792942952659814, 5.042749733643732 ], [ -73.792997826071343, 5.04265635059918 ], [ -73.792951244675407, 5.042628879802306 ], [ -73.792904663283423, 5.042601401770638 ], [ -73.792859324041615, 5.042574661352425 ], [ -73.792884517090229, 5.042533037261709 ], [ -73.793093743949029, 5.042656448840098 ], [ -73.793009649924144, 5.042799549769898 ], [ -73.792979313778133, 5.042781657143299 ], [ -73.792938380625998, 5.042757513756031 ] ] ] ] } },
{ "type": "Feature", "properties": { "OBJECTID": 593.0, "codigo": "257360100000000310073000000000", "manzana_co": "25736010000000031", "numero_sub": 0.0, "codigo_ant": "25736010000310073000", "usuario_lo": null, "fecha_log": null, "globalid": "{FD7E0FBA-3D71-4BDE-BF35-12074F355A61}", "vereda_cod": null, "Shape_Leng": 61.321820759799998, "Shape_Area": 121.819515882, "DEPARTAMENTO": "25", "MUNICIPIO": "736", "NUMERO_PREDIAL": "0100000000310073000000000", "TIPO_DE_REGISTRO": "1", "NUMERO_DE_ORDEN": "001", "TOTAL_REGISTROS": "001", "NOMBRE": "MUNICIPIO DE SESQUILE", "TIPO_DOCUMENTO": "N", "NUMERO_DOCUMENTO": "8999994152", "DIRECCION": "C 5B K 2A V 3", "COMUNA": null, "DESTINO": "P", "AREA DE TERRENO": "122.0", "AREA CONSTRUIDA": "0.0", "AVALUO 2026": "4.8696371E7", "AVALUO 2025": "4.727803E7", "VIGENCIA": "01012026", "NUMERO PREDIAL ANTERIOR": "010000310073000", "9.128221E7": "176-145554", "DESTINO_ECONOMICO": "PUBLICO" }, "geometry": { "type": "MultiPolygon", "coordinates": [ [ [ [ -73.792796579959301, 5.042726273821299 ], [ -73.792824100437386, 5.042690106786235 ], [ -73.792834392765542, 5.042696177662865 ], [ -73.792866720123996, 5.04271524632509 ], [ -73.792917968135839, 5.042745473247416 ], [ -73.792938380625998, 5.042757513756031 ], [ -73.792979313778133, 5.042781657143299 ], [ -73.793009649924144, 5.042799549769898 ], [ -73.79297808918875, 5.042853449219618 ], [ -73.792979122233703, 5.042850082983731 ], [ -73.792979586485771, 5.042846591097594 ], [ -73.792979467521661, 5.04284307118577 ], [ -73.79297876894644, 5.042839619065031 ], [ -73.79297751059066, 5.042836330552356 ], [ -73.792975726707525, 5.04283329604109 ], [ -73.792973466874429, 5.042830599597283 ], [ -73.792936230413176, 5.042808638325823 ], [ -73.792887300828951, 5.042779779973437 ], [ -73.792842098590185, 5.042753120005012 ], [ -73.792805750930569, 5.042731682108608 ], [ -73.792796579959301, 5.042726273821299 ] ] ] ] } },
{ "type": "Feature", "properties": { "OBJECTID": 601.0, "codigo": "257360100000000310063000000000", "manzana_co": "25736010000000031", "numero_sub": 0.0, "codigo_ant": "25736010000310063000", "usuario_lo": null, "fecha_log": null, "globalid": "{33665656-3E63-4007-BD5B-F84819B974A9}", "vereda_cod": null, "Shape_Leng": 22.189153421099999, "Shape_Area": 27.708292930300001, "DEPARTAMENTO": "25", "MUNICIPIO": "736", "NUMERO_PREDIAL": "0100000000310063000000000", "TIPO_DE_REGISTRO": "1", "NUMERO_DE_ORDEN": "001", "TOTAL_REGISTROS": "001", "NOMBRE": "MUNICIPIO DE SESQUILE", "TIPO_DOCUMENTO": "N", "NUMERO_DOCUMENTO": "8999994152", "DIRECCION": "C 5C ZONA VERDE", "COMUNA": null, "DESTINO": "P", "AREA DE TERRENO": "28.0", "AREA CONSTRUIDA": "0.0", "AVALUO 2026": "1.1176582E7", "AVALUO 2025": "1.085105E7", "VIGENCIA": "01012026", "NUMERO PREDIAL ANTERIOR": "010000310063000", "9.128221E7": "176-145559", "DESTINO_ECONOMICO": "PUBLICO" }, "geometry": { "type": "MultiPolygon", "coordinates": [ [ [ [ -73.792590367786374, 5.042939752188025 ], [ -73.792628068985053, 5.042888850239131 ], [ -73.792663393544174, 5.042909684311645 ], [ -73.79265671400303, 5.042916223308536 ], [ -73.79262342987461, 5.042948806205285 ], [ -73.792616751234092, 5.042955343393911 ], [ -73.792590367786374, 5.042939752188025 ] ] ] ] } },
{ "type": "Feature", "properties": { "OBJECTID": 604.0, "codigo": "257360100000000310064000000000", "manzana_co": "25736010000000031", "numero_sub": 0.0, "codigo_ant": "25736010000310064000", "usuario_lo": null, "fecha_log": null, "globalid": "{C765BECE-428C-4EF9-A495-921EC50AC17A}", "vereda_cod": null, "Shape_Leng": 63.374702926600001, "Shape_Area": 118.238102845, "DEPARTAMENTO": "25", "MUNICIPIO": "736", "NUMERO_PREDIAL": "0100000000310064000000000", "TIPO_DE_REGISTRO": "1", "NUMERO_DE_ORDEN": "001", "TOTAL_REGISTROS": "001", "NOMBRE": "MUNICIPIO DE SESQUILE", "TIPO_DOCUMENTO": "N", "NUMERO_DOCUMENTO": "8999994152", "DIRECCION": "C 5C 2 99 ZONA VERDE 5", "COMUNA": null, "DESTINO": "P", "AREA DE TERRENO": "118.0", "AREA CONSTRUIDA": "0.0", "AVALUO 2026": "4.7099716E7", "AVALUO 2025": "4.572788E7", "VIGENCIA": "01012026", "NUMERO PREDIAL ANTERIOR": "010000310064000", "9.128221E7": "176-145560", "DESTINO_ECONOMICO": "PUBLICO" }, "geometry": { "type": "MultiPolygon", "coordinates": [ [ [ [ -73.792818753774228, 5.043011796248464 ], [ -73.792823327614087, 5.043004014329229 ], [ -73.792878201064056, 5.042910634911254 ], [ -73.792896135574594, 5.042921214650526 ], [ -73.792951010810057, 5.042827833418309 ], [ -73.792967057761032, 5.04283730130692 ], [ -73.79296829990561, 5.042838386033416 ], [ -73.792969340131691, 5.042839666911811 ], [ -73.792970147791323, 5.042841106880701 ], [ -73.792970699447977, 5.042842663455147 ], [ -73.792970978876426, 5.042844291438445 ], [ -73.792970977062851, 5.042845943826051 ], [ -73.792970694908959, 5.042847571805685 ], [ -73.792970141429237, 5.042849127468969 ], [ -73.792969331046606, 5.042850565619408 ], [ -73.792918515837016, 5.042937033608376 ], [ -73.792921149765618, 5.04293858477304 ], [ -73.792923060769326, 5.042938451907693 ], [ -73.792924934816725, 5.042938050574287 ], [ -73.79292673404828, 5.042937388908005 ], [ -73.792928421505806, 5.042936479563593 ], [ -73.79292996563963, 5.042935341523457 ], [ -73.792867898810499, 5.043040782965579 ], [ -73.792844462072196, 5.043026958976767 ], [ -73.792818753774228, 5.043011796248464 ] ] ] ] } },
{ "type": "Feature", "properties": { "OBJECTID": 607.0, "codigo": "257360100000000310062000000000", "manzana_co": "25736010000000031", "numero_sub": 0.0, "codigo_ant": "25736010000310062000", "usuario_lo": null, "fecha_log": null, "globalid": "{AEB2D13A-F789-477E-9138-1D3EFF3212BF}", "vereda_cod": null, "Shape_Leng": 68.873330151900007, "Shape_Area": 139.99729871400001, "DEPARTAMENTO": "25", "MUNICIPIO": "736", "NUMERO_PREDIAL": "0100000000310062000000000", "TIPO_DE_REGISTRO": "1", "NUMERO_DE_ORDEN": "001", "TOTAL_REGISTROS": "001", "NOMBRE": "MUNICIPIO DE SESQUILE", "TIPO_DOCUMENTO": "N", "NUMERO_DOCUMENTO": "8999994152", "DIRECCION": "K 2A V 2", "COMUNA": null, "DESTINO": "P", "AREA DE TERRENO": "140.0", "AREA CONSTRUIDA": "0.0", "AVALUO 2026": "5.5880786E7", "AVALUO 2025": "5.425319E7", "VIGENCIA": "01012026", "NUMERO PREDIAL ANTERIOR": "010000310062000", "9.128221E7": "176-145553", "DESTINO_ECONOMICO": "PUBLICO" }, "geometry": { "type": "MultiPolygon", "coordinates": [ [ [ [ -73.79262342987461, 5.042948806205285 ], [ -73.79265671400303, 5.042916223308536 ], [ -73.792667191122803, 5.042922402660922 ], [ -73.79270249765672, 5.04294322678791 ], [ -73.792749746110061, 5.042971094433057 ], [ -73.792794275004681, 5.042997358480955 ], [ -73.792818753774228, 5.043011796248464 ], [ -73.792844462072196, 5.043026958976767 ], [ -73.792867898810499, 5.043040782965579 ], [ -73.792835414998663, 5.043095047590278 ], [ -73.792836549001322, 5.043091989596138 ], [ -73.792837171000315, 5.04308878696943 ], [ -73.792837263868094, 5.043085526487499 ], [ -73.792836824899879, 5.043082293119916 ], [ -73.792835866714938, 5.043079175452145 ], [ -73.792834414552345, 5.043076255742124 ], [ -73.79283250717252, 5.043073612632227 ], [ -73.792830195054322, 5.043071317533364 ], [ -73.792827541296504, 5.043069430105514 ], [ -73.792807947281801, 5.043057850604376 ], [ -73.792760085859285, 5.043029566246687 ], [ -73.792713923604154, 5.043002285261695 ], [ -73.792665587145265, 5.042973719770866 ], [ -73.792633534711044, 5.042954777651215 ], [ -73.79262342987461, 5.042948806205285 ] ] ] ] } },
{ "type": "Feature", "properties": { "OBJECTID": 615.0, "codigo": "257360100000000310061000000000", "manzana_co": "25736010000000031", "numero_sub": 0.0, "codigo_ant": "25736010000310061000", "usuario_lo": null, "fecha_log": null, "globalid": "{94A68394-843D-483D-B75F-B472088D3738}", "vereda_cod": null, "Shape_Leng": 48.647554600100001, "Shape_Area": 29.263043015000001, "DEPARTAMENTO": "25", "MUNICIPIO": "736", "NUMERO_PREDIAL": "0100000000310061000000000", "TIPO_DE_REGISTRO": "1", "NUMERO_DE_ORDEN": "001", "TOTAL_REGISTROS": "001", "NOMBRE": "MUNICIPIO DE SESQUILE", "TIPO_DOCUMENTO": "N", "NUMERO_DOCUMENTO": "8999994152", "DIRECCION": "C 5C 2 104 ZONA VERDE", "COMUNA": null, "DESTINO": "P", "AREA DE TERRENO": "29.0", "AREA CONSTRUIDA": "0.0", "AVALUO 2026": "1.157548E7", "AVALUO 2025": "1.123833E7", "VIGENCIA": "01012026", "NUMERO PREDIAL ANTERIOR": "010000310061000", "9.128221E7": "176-145558", "DESTINO_ECONOMICO": "PUBLICO" }, "geometry": { "type": "MultiPolygon", "coordinates": [ [ [ [ -73.792715471358179, 5.043260576596584 ], [ -73.792768289591066, 5.043170699006804 ], [ -73.792823163062906, 5.043077321401854 ], [ -73.792824521492577, 5.043078091561081 ], [ -73.792825736595574, 5.043079072335455 ], [ -73.792826777723945, 5.043080238414724 ], [ -73.79282761603254, 5.043081558161037 ], [ -73.792828228986167, 5.043082996320922 ], [ -73.79282860216243, 5.043084515833079 ], [ -73.792828723843201, 5.043086076020446 ], [ -73.792828591324479, 5.043087634398232 ], [ -73.792828209113623, 5.043089151193466 ], [ -73.792827585323678, 5.04309058572927 ], [ -73.792730314094953, 5.043259632994379 ], [ -73.792728930412139, 5.04326078188233 ], [ -73.792727384475882, 5.043261700266484 ], [ -73.792725714145831, 5.04326236374098 ], [ -73.792723960887287, 5.043262757843189 ], [ -73.792722167066913, 5.043262871726206 ], [ -73.792720378656995, 5.043262703582478 ], [ -73.792718638024084, 5.043262256124086 ], [ -73.792716988436126, 5.043261541102481 ], [ -73.792715471358179, 5.043260576596584 ] ] ] ] } },
{ "type": "Feature", "properties": { "OBJECTID": 616.0, "codigo": "257360100000000310050000000000", "manzana_co": "25736010000000031", "numero_sub": 0.0, "codigo_ant": "25736010000310050000", "usuario_lo": null, "fecha_log": null, "globalid": "{84C1A94B-1CF3-4E92-8679-3C2D2E505A5F}", "vereda_cod": null, "Shape_Leng": 78.228153438500001, "Shape_Area": 56.568254426099998, "DEPARTAMENTO": "25", "MUNICIPIO": "736", "NUMERO_PREDIAL": "0100000000310050000000000", "TIPO_DE_REGISTRO": "1", "NUMERO_DE_ORDEN": "001", "TOTAL_REGISTROS": "001", "NOMBRE": "MUNICIPIO DE SESQUILE", "TIPO_DOCUMENTO": "N", "NUMERO_DOCUMENTO": "8999994152", "DIRECCION": "C 6 ZONA VERDE 2", "COMUNA": null, "DESTINO": "P", "AREA DE TERRENO": "58.0", "AREA CONSTRUIDA": "0.0", "AVALUO 2026": "2.315096E7", "AVALUO 2025": "2.247666E7", "VIGENCIA": "01012026", "NUMERO PREDIAL ANTERIOR": "010000310050000", "9.128221E7": "176-145557", "DESTINO_ECONOMICO": "PUBLICO" }, "geometry": { "type": "MultiPolygon", "coordinates": [ [ [ [ -73.79247215865766, 5.043199094836279 ], [ -73.79246870166422, 5.043207352229375 ], [ -73.792439723020621, 5.043193173844144 ], [ -73.792474759831748, 5.043118330343241 ], [ -73.792499436007972, 5.043132911849333 ], [ -73.792496139465385, 5.043141447654802 ], [ -73.792504733535651, 5.043146526910866 ], [ -73.792541777098947, 5.043168416794834 ], [ -73.792588722686546, 5.043196157898865 ], [ -73.792635770137792, 5.043223960467559 ], [ -73.792684815124645, 5.043252942677978 ], [ -73.792711708787138, 5.043268834892774 ], [ -73.79268375414415, 5.043254793019263 ], [ -73.792632639480942, 5.043229119185101 ], [ -73.792584152442345, 5.043204765106299 ], [ -73.792535029910852, 5.043180091931302 ], [ -73.79249766812444, 5.043161325129534 ], [ -73.79248965636161, 5.043157300766199 ], [ -73.79247215865766, 5.043199094836279 ] ] ] ] } },
{ "type": "Feature", "properties": { "OBJECTID": 617.0, "codigo": "257360100000000310048000000000", "manzana_co": "25736010000000031", "numero_sub": 0.0, "codigo_ant": "25736010000310048000", "usuario_lo": null, "fecha_log": null, "globalid": "{1D9002B8-94DD-4F50-8429-FE209601017B}", "vereda_cod": null, "Shape_Leng": 394.68428350800002, "Shape_Area": 191.71039575500001, "DEPARTAMENTO": "25", "MUNICIPIO": "736", "NUMERO_PREDIAL": "0100000000310048000000000", "TIPO_DE_REGISTRO": "1", "NUMERO_DE_ORDEN": "001", "TOTAL_REGISTROS": "001", "NOMBRE": "MUNICIPIO DE SESQUILE", "TIPO_DOCUMENTO": "N", "NUMERO_DOCUMENTO": "8999994152", "DIRECCION": "C 5B 5C C 6 K 2A ZONA DE ANDENES", "COMUNA": null, "DESTINO": "P", "AREA DE TERRENO": "193.0", "AREA CONSTRUIDA": "0.0", "AVALUO 2026": "7.7036193E7", "AVALUO 2025": "7.479242E7", "VIGENCIA": "01012026", "NUMERO PREDIAL ANTERIOR": "010000310048000", "9.128221E7": "176-145564", "DESTINO_ECONOMICO": "PUBLICO" }, "geometry": { "type": "MultiPolygon", "coordinates": [ [ [ [ -73.792824100437386, 5.042690106786235 ], [ -73.792829602729796, 5.042682873559854 ], [ -73.792838999955265, 5.04268841563017 ], [ -73.79284978986324, 5.042694779383876 ], [ -73.792871250693381, 5.042707439095041 ], [ -73.792896371259559, 5.042722257419402 ], [ -73.792922346366083, 5.042737579238543 ], [ -73.792942952659814, 5.042749733643732 ], [ -73.792938380625998, 5.042757513756031 ], [ -73.792917968135839, 5.042745473247416 ], [ -73.792866720123996, 5.04271524632509 ], [ -73.792834392765542, 5.042696177662865 ], [ -73.792824100437386, 5.042690106786235 ] ] ], [ [ [ -73.79279107766618, 5.042733505239521 ], [ -73.792796579959301, 5.042726273821299 ], [ -73.792805750930569, 5.042731682108608 ], [ -73.792842098590185, 5.042753120005012 ], [ -73.792887300828951, 5.042779779973437 ], [ -73.792936230413176, 5.042808638325823 ], [ -73.792973466874429, 5.042830599597283 ], [ -73.792975726707525, 5.04283329604109 ], [ -73.79297751059066, 5.042836330552356 ], [ -73.79297876894644, 5.042839619065031 ], [ -73.792979467521661, 5.04284307118577 ], [ -73.792979586485771, 5.042846591097594 ], [ -73.792979122233703, 5.042850082983731 ], [ -73.79297808918875, 5.042853449219618 ], [ -73.79292996563963, 5.042935341523457 ], [ -73.792928421505806, 5.042936479563593 ], [ -73.79292673404828, 5.042937388908005 ], [ -73.792924934816725, 5.042938050574287 ], [ -73.792923060769326, 5.042938451907693 ], [ -73.792921149765618, 5.04293858477304 ], [ -73.792918515837016, 5.042937033608376 ], [ -73.792969331046606, 5.042850565619408 ], [ -73.792970141429237, 5.042849127468969 ], [ -73.792970694908959, 5.042847571805685 ], [ -73.792970977062851, 5.042845943826051 ], [ -73.792970978876426, 5.042844291438445 ], [ -73.792970699447977, 5.042842663455147 ], [ -73.792970147791323, 5.042841106880701 ], [ -73.792969340131691, 5.042839666911811 ], [ -73.79296829990561, 5.042838386033416 ], [ -73.792967057761032, 5.04283730130692 ], [ -73.792951010810057, 5.042827833418309 ], [ -73.792930995840479, 5.042816027935069 ], [ -73.792904429403904, 5.042800359002499 ], [ -73.792883078542388, 5.042787767992022 ], [ -73.792857844395968, 5.042772886391185 ], [ -73.792837138947704, 5.04276067322706 ], [ -73.79281126299766, 5.042745410160776 ], [ -73.792800909372886, 5.042739304030018 ], [ -73.79279107766618, 5.042733505239521 ] ] ], [ [ [ -73.79265671400303, 5.042916223308536 ], [ -73.792663393544174, 5.042909684311645 ], [ -73.792671688343745, 5.042914577353442 ], [ -73.792683579780174, 5.042921591044663 ], [ -73.792706908341771, 5.042935350859411 ], [ -73.792730161185673, 5.042949065476197 ], [ -73.792754239724701, 5.042963266413225 ], [ -73.792776744397926, 5.042976539904387 ], [ -73.792798564899655, 5.042989409332534 ], [ -73.792823327614087, 5.043004014329229 ], [ -73.792818753774228, 5.043011796248464 ], [ -73.792794275004681, 5.042997358480955 ], [ -73.792749746110061, 5.042971094433057 ], [ -73.79270249765672, 5.04294322678791 ], [ -73.792667191122803, 5.042922402660922 ], [ -73.79265671400303, 5.042916223308536 ] ] ], [ [ [ -73.792711708787138, 5.043268834892774 ], [ -73.792684815124645, 5.043252942677978 ], [ -73.792635770137792, 5.043223960467559 ], [ -73.792588722686546, 5.043196157898865 ], [ -73.792541777098947, 5.043168416794834 ], [ -73.792504733535651, 5.043146526910866 ], [ -73.792496139465385, 5.043141447654802 ], [ -73.792499436007972, 5.043132911849333 ], [ -73.792508637630434, 5.04313835087468 ], [ -73.792519609627902, 5.043144838473787 ], [ -73.792546292351318, 5.043160605047404 ], [ -73.792568575279319, 5.043173772784071 ], [ -73.792592959401958, 5.043188179825643 ], [ -73.79261754183652, 5.043202704378856 ], [ -73.792640452150877, 5.04321624363352 ], [ -73.792666506595182, 5.043231639585634 ], [ -73.792689305136349, 5.043245112850759 ], [ -73.792715471358179, 5.043260576596584 ], [ -73.792716988436126, 5.043261541102481 ], [ -73.792718638024084, 5.043262256124086 ], [ -73.792720378656995, 5.043262703582478 ], [ -73.792722167066913, 5.043262871726206 ], [ -73.792723960887287, 5.043262757843189 ], [ -73.792725714145831, 5.04326236374098 ], [ -73.792727384475882, 5.043261700266484 ], [ -73.792728930412139, 5.04326078188233 ], [ -73.792730314094953, 5.043259632994379 ], [ -73.792827585323678, 5.04309058572927 ], [ -73.792828209113623, 5.043089151193466 ], [ -73.792828591324479, 5.043087634398232 ], [ -73.792828723843201, 5.043086076020446 ], [ -73.79282860216243, 5.043084515833079 ], [ -73.792828228986167, 5.043082996320922 ], [ -73.79282761603254, 5.043081558161037 ], [ -73.792826777723945, 5.043080238414724 ], [ -73.792825736595574, 5.043079072335455 ], [ -73.792824521492577, 5.043078091561081 ], [ -73.792823163062906, 5.043077321401854 ], [ -73.792803440145974, 5.043065665969445 ], [ -73.792776605081457, 5.043049807204234 ], [ -73.792755044185228, 5.043037066135485 ], [ -73.792730043498267, 5.043022291195371 ], [ -73.792708878324106, 5.043009785150133 ], [ -73.792683485524648, 5.04299478060677 ], [ -73.792660493188578, 5.042981192540624 ], [ -73.792636925752134, 5.04296726459121 ], [ -73.792627727736686, 5.042961829183406 ], [ -73.792616751234092, 5.042955343393911 ], [ -73.79262342987461, 5.042948806205285 ], [ -73.792633534711044, 5.042954777651215 ], [ -73.792665587145265, 5.042973719770866 ], [ -73.792713923604154, 5.043002285261695 ], [ -73.792760085859285, 5.043029566246687 ], [ -73.792807947281801, 5.043057850604376 ], [ -73.792827541296504, 5.043069430105514 ], [ -73.792830195054322, 5.043071317533364 ], [ -73.79283250717252, 5.043073612632227 ], [ -73.792834414552345, 5.043076255742124 ], [ -73.792835866714938, 5.043079175452145 ], [ -73.792836824899879, 5.043082293119916 ], [ -73.792837263868094, 5.043085526487499 ], [ -73.792837171000315, 5.04308878696943 ], [ -73.792836549001322, 5.043091989596138 ], [ -73.792835414998663, 5.043095047590278 ], [ -73.792736815066917, 5.043266412528896 ], [ -73.792734212661088, 5.043268637087457 ], [ -73.792731265917354, 5.043270374424302 ], [ -73.792728063174891, 5.043271573919878 ], [ -73.792724700885586, 5.043272198513598 ], [ -73.792721281811112, 5.043272228319684 ], [ -73.792717909614424, 5.043271663338855 ], [ -73.792714686155492, 5.043270520746504 ], [ -73.792711708787138, 5.043268834892774 ] ] ], [ [ [ -73.79246870166422, 5.043207352229375 ], [ -73.79247215865766, 5.043199094836279 ], [ -73.792480585973337, 5.04320321773144 ], [ -73.792519569408313, 5.04322229007488 ], [ -73.792567212727036, 5.043245600111053 ], [ -73.792616689524806, 5.04326980685719 ], [ -73.792666113142829, 5.043293987385165 ], [ -73.792687938175249, 5.043304664781965 ], [ -73.792690710924276, 5.043306031546406 ], [ -73.792693215949384, 5.043307843947423 ], [ -73.792695384743269, 5.043310050460427 ], [ -73.792697155108556, 5.043312589617587 ], [ -73.792698477467852, 5.043315389104036 ], [ -73.792699314863555, 5.043318372085291 ], [ -73.792699643859436, 5.043321451783727 ], [ -73.792699454540468, 5.043324544133603 ], [ -73.792698753217195, 5.043327561453554 ], [ -73.792648696914014, 5.043416010844211 ], [ -73.792640600413449, 5.043412052469198 ], [ -73.792689953603556, 5.043324847788545 ], [ -73.79269041694198, 5.043323392461359 ], [ -73.792690628785465, 5.043321879280747 ], [ -73.792690582823781, 5.043320352539366 ], [ -73.792690279958066, 5.043318854722015 ], [ -73.792689729202181, 5.043317430121425 ], [ -73.792688945879931, 5.043316119414638 ], [ -73.792687953427915, 5.043314960566959 ], [ -73.792686778888395, 5.043313986120133 ], [ -73.792685458317834, 5.043313225000206 ], [ -73.792684027772793, 5.043312698901825 ], [ -73.792662182909055, 5.043302011561497 ], [ -73.792635459594422, 5.043288937805688 ], [ -73.792612540247021, 5.043277724367726 ], [ -73.792586889616743, 5.043265174898047 ], [ -73.792563221196204, 5.043253597168412 ], [ -73.792538319642574, 5.043241415602482 ], [ -73.792515642778795, 5.043230320577924 ], [ -73.792489749671972, 5.043217650879673 ], [ -73.79247687387992, 5.04321135128405 ], [ -73.79246870166422, 5.043207352229375 ] ] ] ] } },
{ "type": "Feature", "properties": { "OBJECTID": 620.0, "codigo": "257360100000000310049000000000", "manzana_co": "25736010000000031", "numero_sub": 0.0, "codigo_ant": "25736010000310049000", "usuario_lo": null, "fecha_log": null, "globalid": "{664007DC-C1CF-488D-A568-9F03B4346969}", "vereda_cod": null, "Shape_Leng": 73.2939392336, "Shape_Area": 144.325130051, "DEPARTAMENTO": "25", "MUNICIPIO": "736", "NUMERO_PREDIAL": "0100000000310049000000000", "TIPO_DE_REGISTRO": "1", "NUMERO_DE_ORDEN": "001", "TOTAL_REGISTROS": "001", "NOMBRE": "MUNICIPIO DE SESQUILE", "TIPO_DOCUMENTO": "N", "NUMERO_DOCUMENTO": "8999994152", "DIRECCION": "C 6 K 2A Lo VIA 1", "COMUNA": null, "DESTINO": "P", "AREA DE TERRENO": "149.0", "AREA CONSTRUIDA": "0.0", "AVALUO 2026": "5.9472993E7", "AVALUO 2025": "5.774077E7", "VIGENCIA": "01012026", "NUMERO PREDIAL ANTERIOR": "010000310049000", "9.128221E7": "176-145552", "DESTINO_ECONOMICO": "PUBLICO" }, "geometry": { "type": "MultiPolygon", "coordinates": [ [ [ [ -73.79247215865766, 5.043199094836279 ], [ -73.79248965636161, 5.043157300766199 ], [ -73.79249766812444, 5.043161325129534 ], [ -73.792535029910852, 5.043180091931302 ], [ -73.792584152442345, 5.043204765106299 ], [ -73.792632639480942, 5.043229119185101 ], [ -73.79268375414415, 5.043254793019263 ], [ -73.792711708787138, 5.043268834892774 ], [ -73.792714686155492, 5.043270520746504 ], [ -73.792717909614424, 5.043271663338855 ], [ -73.792721281811112, 5.043272228319684 ], [ -73.792724700885586, 5.043272198513598 ], [ -73.792728063174891, 5.043271573919878 ], [ -73.792731265917354, 5.043270374424302 ], [ -73.792734212661088, 5.043268637087457 ], [ -73.792736815066917, 5.043266412528896 ], [ -73.792698753217195, 5.043327561453554 ], [ -73.792699454540468, 5.043324544133603 ], [ -73.792699643859436, 5.043321451783727 ], [ -73.792699314863555, 5.043318372085291 ], [ -73.792698477467852, 5.043315389104036 ], [ -73.792697155108556, 5.043312589617587 ], [ -73.792695384743269, 5.043310050460427 ], [ -73.792693215949384, 5.043307843947423 ], [ -73.792690710924276, 5.043306031546406 ], [ -73.792687938175249, 5.043304664781965 ], [ -73.792666113142829, 5.043293987385165 ], [ -73.792616689524806, 5.04326980685719 ], [ -73.792567212727036, 5.043245600111053 ], [ -73.792519569408313, 5.04322229007488 ], [ -73.792480585973337, 5.04320321773144 ], [ -73.79247215865766, 5.043199094836279 ] ] ] ] } },
{ "type": "Feature", "properties": { "OBJECTID": 639.0, "codigo": "257360100000000310081000000000", "manzana_co": "25736010000000031", "numero_sub": 0.0, "codigo_ant": "25736010000310081000", "usuario_lo": null, "fecha_log": null, "globalid": "{363A4064-140D-413F-A05C-31AC4D95B01F}", "vereda_cod": null, "Shape_Leng": 25.263029227000001, "Shape_Area": 10.130607928, "DEPARTAMENTO": "25", "MUNICIPIO": "736", "NUMERO_PREDIAL": "0100000000310081000000000", "TIPO_DE_REGISTRO": "1", "NUMERO_DE_ORDEN": "001", "TOTAL_REGISTROS": "001", "NOMBRE": "MUNICIPIO DE SESQUILE", "TIPO_DOCUMENTO": "N", "NUMERO_DOCUMENTO": "8999994152", "DIRECCION": "C 6 K 2A ZONA VERDE 1", "COMUNA": null, "DESTINO": "P", "AREA DE TERRENO": "10.0", "AREA CONSTRUIDA": "0.0", "AVALUO 2026": "3991106.0", "AVALUO 2025": "3874860.0", "VIGENCIA": "01012026", "NUMERO PREDIAL ANTERIOR": "010000310081000", "9.128221E7": "176-145556", "DESTINO_ECONOMICO": "PUBLICO" }, "geometry": { "type": "MultiPolygon", "coordinates": [ [ [ [ -73.792636826193061, 5.043410206613557 ], [ -73.792636635994725, 5.043410113507216 ], [ -73.792684027772793, 5.043312698901825 ], [ -73.792685458317834, 5.043313225000206 ], [ -73.792686778888395, 5.043313986120133 ], [ -73.792687953427915, 5.043314960566959 ], [ -73.792688945879931, 5.043316119414638 ], [ -73.792689729202181, 5.043317430121425 ], [ -73.792690279958066, 5.043318854722015 ], [ -73.792690582823781, 5.043320352539366 ], [ -73.792690628785465, 5.043321879280747 ], [ -73.79269041694198, 5.043323392461359 ], [ -73.792689953603556, 5.043324847788545 ], [ -73.792640600413449, 5.043412052469198 ], [ -73.792636826193061, 5.043410206613557 ] ] ] ] } },
{ "type": "Feature", "properties": { "OBJECTID": 640.0, "codigo": "257360100000000310080000000000", "manzana_co": "25736010000000031", "numero_sub": 0.0, "codigo_ant": "25736010000310080000", "usuario_lo": null, "fecha_log": null, "globalid": "{87189423-C225-48DA-91D2-362A59562209}", "vereda_cod": null, "Shape_Leng": 228.829259992, "Shape_Area": 263.30690443200001, "DEPARTAMENTO": "25", "MUNICIPIO": "736", "NUMERO_PREDIAL": "0100000000310080000000000", "TIPO_DE_REGISTRO": "1", "NUMERO_DE_ORDEN": "001", "TOTAL_REGISTROS": "001", "NOMBRE": "MUNICIPIO DE SESQUILE", "TIPO_DOCUMENTO": "N", "NUMERO_DOCUMENTO": "8999994152", "DIRECCION": "C 5 5B 5C 6 K 2A V 4", "COMUNA": null, "DESTINO": "P", "AREA DE TERRENO": "259.0", "AREA CONSTRUIDA": "0.0", "AVALUO 2026": "1.03379401E8", "AVALUO 2025": "1.0036835E8", "VIGENCIA": "01012026", "NUMERO PREDIAL ANTERIOR": "010000310080000", "9.128221E7": "176-145555", "DESTINO_ECONOMICO": "PUBLICO" }, "geometry": { "type": "MultiPolygon", "coordinates": [ [ [ [ -73.792648696914014, 5.043416010844211 ], [ -73.792698753217195, 5.043327561453554 ], [ -73.792736815066917, 5.043266412528896 ], [ -73.792835414998663, 5.043095047590278 ], [ -73.792867898810499, 5.043040782965579 ], [ -73.79292996563963, 5.042935341523457 ], [ -73.79297808918875, 5.042853449219618 ], [ -73.793009649924144, 5.042799549769898 ], [ -73.793093743949029, 5.042656448840098 ], [ -73.793160782968926, 5.042542373047999 ], [ -73.793179447629257, 5.042551589654719 ], [ -73.792864544319158, 5.043088821502931 ], [ -73.79269667692401, 5.043375205884172 ], [ -73.792679139647646, 5.043405125005301 ], [ -73.792667395846351, 5.043425160574662 ], [ -73.792648696914014, 5.043416010844211 ] ] ] ] } },
{ "type": "Feature", "properties": { "OBJECTID": 702.0, "codigo": "257360100000000140008000000000", "manzana_co": "25736010000000014", "numero_sub": 0.0, "codigo_ant": "25736010000140008000", "usuario_lo": null, "fecha_log": null, "globalid": "{92B31A8F-AE13-478A-AB29-A0EB9248193B}", "vereda_cod": null, "Shape_Leng": 75.697361387100003, "Shape_Area": 356.15826410099999, "DEPARTAMENTO": "25", "MUNICIPIO": "736", "NUMERO_PREDIAL": "0100000000140008000000000", "TIPO_DE_REGISTRO": "1", "NUMERO_DE_ORDEN": "001", "TOTAL_REGISTROS": "001", "NOMBRE": "MUNICIPIO DE SESQUILE", "TIPO_DOCUMENTO": "N", "NUMERO_DOCUMENTO": "8999994152", "DIRECCION": "K 6 5 11 15 19", "COMUNA": null, "DESTINO": "I", "AREA DE TERRENO": "348.0", "AREA CONSTRUIDA": "689.0", "AVALUO 2026": "2.664991409E9", "AVALUO 2025": "2.5873703E9", "VIGENCIA": "01012026", "NUMERO PREDIAL ANTERIOR": "010000140008000", "9.128221E7": "176-26039", "DESTINO_ECONOMICO": "PUBLICO" }, "geometry": { "type": "MultiPolygon", "coordinates": [ [ [ [ -73.796736711688823, 5.044731311891421 ], [ -73.796774371218874, 5.044656971654034 ], [ -73.796851287461308, 5.044694565326836 ], [ -73.796869508737259, 5.044703474489911 ], [ -73.796869895445866, 5.044703663411887 ], [ -73.796914931223625, 5.04472567236895 ], [ -73.796938100388687, 5.044736995934539 ], [ -73.796938401462526, 5.044737143275572 ], [ -73.796919925963238, 5.044774331929983 ], [ -73.796902654758838, 5.044809095335094 ], [ -73.796868114147358, 5.044878622143862 ], [ -73.796839725763334, 5.044864915808246 ], [ -73.79677967324308, 5.044835922154173 ], [ -73.796753703369191, 5.044823383696461 ], [ -73.796702575802627, 5.044798699085014 ], [ -73.796714561088038, 5.044775038676728 ], [ -73.796736711688823, 5.044731311891421 ] ] ] ] } },
{ "type": "Feature", "properties": { "OBJECTID": 704.0, "codigo": "257360100000000310141000000000", "manzana_co": "25736010000000031", "numero_sub": 0.0, "codigo_ant": "25736010000310141000", "usuario_lo": null, "fecha_log": null, "globalid": "{72437059-1E8F-4076-BE68-ACDDA7FC7C35}", "vereda_cod": null, "Shape_Leng": 120.142221279, "Shape_Area": 242.05908042900001, "DEPARTAMENTO": "25", "MUNICIPIO": "736", "NUMERO_PREDIAL": "0100000000310141000000000", "TIPO_DE_REGISTRO": "1", "NUMERO_DE_ORDEN": "001", "TOTAL_REGISTROS": "001", "NOMBRE": "MUNICIPIO DE SESQUILE", "TIPO_DOCUMENTO": "N", "NUMERO_DOCUMENTO": "8999994152", "DIRECCION": "C 6A 1B 77 ZONA CESION VIA DE ACCE", "COMUNA": null, "DESTINO": "R", "AREA DE TERRENO": "243.0", "AREA CONSTRUIDA": "0.0", "AVALUO 2026": "2.424793E7", "AVALUO 2025": "2.354168E7", "VIGENCIA": "01012026", "NUMERO PREDIAL ANTERIOR": "010000310141000", "9.128221E7": "176-118571", "DESTINO_ECONOMICO": "PUBLICO" }, "geometry": { "type": "MultiPolygon", "coordinates": [ [ [ [ -73.791861888491511, 5.042671716299362 ], [ -73.791897604272506, 5.042687211794628 ], [ -73.791895550814303, 5.042691183654865 ], [ -73.791810700922639, 5.042860048291656 ], [ -73.791748009991963, 5.042983166915077 ], [ -73.791675105676561, 5.043142851300181 ], [ -73.791657730120775, 5.043124908102419 ], [ -73.791639528875578, 5.043106111585324 ], [ -73.791660393396427, 5.043067235458772 ], [ -73.791716123444218, 5.042964263620678 ], [ -73.791739077499571, 5.042918194018595 ], [ -73.791800400075445, 5.042795122388844 ], [ -73.791821960506383, 5.042751851345311 ], [ -73.79182471978703, 5.042746312977087 ], [ -73.791840523676385, 5.04271459503948 ], [ -73.791861888491511, 5.042671716299362 ] ] ] ] } },
{ "type": "Feature", "properties": { "OBJECTID": 706.0, "codigo": "257360200000000530001000000000", "manzana_co": "25736020000000053", "numero_sub": 0.0, "codigo_ant": "25736020000530001000", "usuario_lo": null, "fecha_log": null, "globalid": "{98ABDFE2-43A7-4A23-ADB4-0EBEBC0BD019}", "vereda_cod": null, "Shape_Leng": 206.13097854599999, "Shape_Area": 1501.534876, "DEPARTAMENTO": "25", "MUNICIPIO": "736", "NUMERO_PREDIAL": "0200000000530001000000000", "TIPO_DE_REGISTRO": "1", "NUMERO_DE_ORDEN": "001", "TOTAL_REGISTROS": "001", "NOMBRE": "MUNICIPIO DE SESQUILE", "TIPO_DOCUMENTO": "N", "NUMERO_DOCUMENTO": "999994152", "DIRECCION": "K 6 3 47", "COMUNA": null, "DESTINO": "P", "AREA DE TERRENO": "1498.0", "AREA CONSTRUIDA": "0.0", "AVALUO 2026": "1.29550743E8", "AVALUO 2025": "1.2577742E8", "VIGENCIA": "01012026", "NUMERO PREDIAL ANTERIOR": "020000530001000", "9.128221E7": "0.0", "DESTINO_ECONOMICO": "PUBLICO" }, "geometry": { "type": "MultiPolygon", "coordinates": [ [ [ [ -73.806069334419192, 5.050538503065925 ], [ -73.806124671908634, 5.050457219863197 ], [ -73.806145996474612, 5.050487467838217 ], [ -73.806163057231188, 5.050513174518183 ], [ -73.806295324590607, 5.050714331843499 ], [ -73.806215979129448, 5.050776831691883 ], [ -73.806069565466885, 5.050891800261597 ], [ -73.805921202891156, 5.051008630019505 ], [ -73.805722902544005, 5.051162019013871 ], [ -73.805708896827738, 5.051144108694015 ], [ -73.805902085658502, 5.050823586411159 ], [ -73.806037409317241, 5.05059292019099 ], [ -73.806069334419192, 5.050538503065925 ] ] ] ] } },
{ "type": "Feature", "properties": { "OBJECTID": 707.0, "codigo": "257360200000000570001000000000", "manzana_co": "25736020000000057", "numero_sub": 0.0, "codigo_ant": "25736020000570001000", "usuario_lo": null, "fecha_log": null, "globalid": "{340355F6-FA84-4CB0-A514-EA132FF204C5}", "vereda_cod": null, "Shape_Leng": 241.89313602799999, "Shape_Area": 2062.6366354000002, "DEPARTAMENTO": "25", "MUNICIPIO": "736", "NUMERO_PREDIAL": "0200000000570001000000000", "TIPO_DE_REGISTRO": "1", "NUMERO_DE_ORDEN": "001", "TOTAL_REGISTROS": "001", "NOMBRE": "MUNICPIO DE SESQUILE", "TIPO_DOCUMENTO": "N", "NUMERO_DOCUMENTO": "8999994152", "DIRECCION": "LOTE", "COMUNA": null, "DESTINO": "A", "AREA DE TERRENO": "1883.0", "AREA CONSTRUIDA": "0.0", "AVALUO 2026": "1.63117168E8", "AVALUO 2025": "1.58366183E8", "VIGENCIA": "01012026", "NUMERO PREDIAL ANTERIOR": "020000570001000", "9.128221E7": "176-11917", "DESTINO_ECONOMICO": "PUBLICO" }, "geometry": { "type": "MultiPolygon", "coordinates": [ [ [ [ -73.806277606395668, 5.050797833688731 ], [ -73.806327165488867, 5.050763664375878 ], [ -73.806419849830689, 5.050926789300788 ], [ -73.806303943741071, 5.05101693823637 ], [ -73.806201386683142, 5.05109407396539 ], [ -73.806113178381423, 5.051160418344761 ], [ -73.80607268576739, 5.051191599119087 ], [ -73.805858491574199, 5.051356531578644 ], [ -73.805784896102239, 5.05141133974176 ], [ -73.805709580709561, 5.051467428790202 ], [ -73.805689059007491, 5.051483787510534 ], [ -73.805642137669096, 5.051258963128246 ], [ -73.805746079726305, 5.051205868437707 ], [ -73.80593493415013, 5.051062133554168 ], [ -73.806059751724206, 5.05096555941651 ], [ -73.806113895389885, 5.050923191396832 ], [ -73.806248084032646, 5.050818188834723 ], [ -73.806277606395668, 5.050797833688731 ] ] ] ] } },
{ "type": "Feature", "properties": { "OBJECTID": 708.0, "codigo": "257360200000000560001000000000", "manzana_co": "25736020000000056", "numero_sub": 0.0, "codigo_ant": "25736020000560001000", "usuario_lo": null, "fecha_log": null, "globalid": "{A67C795A-C8CB-45A7-95D1-B34A141A6DFB}", "vereda_cod": null, "Shape_Leng": 305.30667077300001, "Shape_Area": 4484.0682315900003, "DEPARTAMENTO": "25", "MUNICIPIO": "736", "NUMERO_PREDIAL": "0200000000560001000000000", "TIPO_DE_REGISTRO": "1", "NUMERO_DE_ORDEN": "001", "TOTAL_REGISTROS": "001", "NOMBRE": "MUNICIPIO DE SESQUILE", "TIPO_DOCUMENTO": "N", "NUMERO_DOCUMENTO": "8999994152", "DIRECCION": "CARRERA 5 3 45 MANZANA 56 LOTE 01", "COMUNA": null, "DESTINO": "A", "AREA DE TERRENO": "4106.0", "AREA CONSTRUIDA": "0.0", "AVALUO 2026": "3.55128089E8", "AVALUO 2025": "3.44784552E8", "VIGENCIA": "01012026", "NUMERO PREDIAL ANTERIOR": "020000560001000", "9.128221E7": "176-11917", "DESTINO_ECONOMICO": "PUBLICO" }, "geometry": { "type": "MultiPolygon", "coordinates": [ [ [ [ -73.806329959489958, 5.051056283307988 ], [ -73.806446254177601, 5.050971751394079 ], [ -73.806500694525013, 5.051065801098296 ], [ -73.806552925475074, 5.051158900797168 ], [ -73.806577221349912, 5.051200308655575 ], [ -73.806590883721171, 5.051223373180235 ], [ -73.806663519827396, 5.051344585755104 ], [ -73.806728900240572, 5.05145724994548 ], [ -73.806532428319557, 5.051503572062876 ], [ -73.806473336332786, 5.051520527955121 ], [ -73.806394872727097, 5.051543043296119 ], [ -73.806309194112444, 5.051567628732331 ], [ -73.806309048983067, 5.051567670315213 ], [ -73.805961388361581, 5.051668994084081 ], [ -73.805921450729443, 5.051680727654303 ], [ -73.805805632038783, 5.051714753186177 ], [ -73.80577146806408, 5.05172749093888 ], [ -73.805722233707129, 5.051717352183732 ], [ -73.805693613004664, 5.051690682052971 ], [ -73.805681025434254, 5.051619392738979 ], [ -73.805678321984345, 5.051544732534525 ], [ -73.805702924314105, 5.051517578104794 ], [ -73.80572606572575, 5.051513372711612 ], [ -73.805788014898241, 5.051468941845223 ], [ -73.805893827137368, 5.051393050852694 ], [ -73.806020803683808, 5.051295221133373 ], [ -73.806141586546801, 5.051202162425772 ], [ -73.80629475639256, 5.051081871396383 ], [ -73.806329959489958, 5.051056283307988 ] ] ] ] } },
{ "type": "Feature", "properties": { "OBJECTID": 709.0, "codigo": "257360200000000190001000000000", "manzana_co": "25736020000000019", "numero_sub": 0.0, "codigo_ant": "25736020000190001000", "usuario_lo": null, "fecha_log": null, "globalid": "{BC45FEB2-A973-4DF5-AC9B-E5F089625AF6}", "vereda_cod": null, "Shape_Leng": 506.52266648099999, "Shape_Area": 10751.1735589, "DEPARTAMENTO": "25", "MUNICIPIO": "736", "NUMERO_PREDIAL": "0200000000190001000000000", "TIPO_DE_REGISTRO": "1", "NUMERO_DE_ORDEN": "001", "TOTAL_REGISTROS": "001", "NOMBRE": "MUNICIPIO DE SESQUILE", "TIPO_DOCUMENTO": "N", "NUMERO_DOCUMENTO": "999994152", "DIRECCION": "K 4 3 55", "COMUNA": null, "DESTINO": "P", "AREA DE TERRENO": "6115.0", "AREA CONSTRUIDA": "0.0", "AVALUO 2026": "5.28833188E8", "AVALUO 2025": "5.1343028E8", "VIGENCIA": "01012026", "NUMERO PREDIAL ANTERIOR": "020000190001000", "9.128221E7": "176-11917", "DESTINO_ECONOMICO": "PUBLICO" }, "geometry": { "type": "MultiPolygon", "coordinates": [ [ [ [ -73.806951876662026, 5.052125445610052 ], [ -73.8068909697799, 5.052123965880424 ], [ -73.806809348187755, 5.052131360348933 ], [ -73.806806695285417, 5.052131600833949 ], [ -73.806713317248096, 5.052138678183902 ], [ -73.806691912837138, 5.052140300150107 ], [ -73.806637024003777, 5.052146358195189 ], [ -73.806557866030943, 5.052155095838793 ], [ -73.806464552936035, 5.052165394764573 ], [ -73.806272418158997, 5.052189988934759 ], [ -73.806097130952466, 5.052205234356252 ], [ -73.806065315947251, 5.05220800172557 ], [ -73.805984289201533, 5.052209678714227 ], [ -73.805964823921826, 5.05222332653751 ], [ -73.805750618913393, 5.052002612770418 ], [ -73.805705785048346, 5.051902869918546 ], [ -73.805709450130152, 5.051823755056126 ], [ -73.805749983239409, 5.051782960086832 ], [ -73.805821188579984, 5.05175944065198 ], [ -73.805991150443674, 5.051707655745635 ], [ -73.80606636445512, 5.051686740456928 ], [ -73.806168269656951, 5.051658402608807 ], [ -73.806277661184083, 5.05162798378945 ], [ -73.806526912775695, 5.051587514856334 ], [ -73.806604308137025, 5.051561344015018 ], [ -73.806772203740053, 5.051504571038664 ], [ -73.806816798578936, 5.051523759043182 ], [ -73.806853074294381, 5.051553496955133 ], [ -73.806873658763323, 5.05157739118007 ], [ -73.8069047324351, 5.051613463015901 ], [ -73.807005784917422, 5.051710685682667 ], [ -73.807026274684105, 5.051730399219944 ], [ -73.807058830973617, 5.051750017660914 ], [ -73.807233153222398, 5.051892519827524 ], [ -73.807350392745477, 5.051989072376281 ], [ -73.807392906534659, 5.052027484288649 ], [ -73.807419809398112, 5.052066985681426 ], [ -73.807410866004815, 5.052162198754926 ], [ -73.807410409957583, 5.052167060106712 ], [ -73.80740201249948, 5.05224123596906 ], [ -73.807395778963823, 5.052289276420328 ], [ -73.80738409423671, 5.052379331701618 ], [ -73.807365740825944, 5.052475532918255 ], [ -73.807354951592245, 5.052532091188228 ], [ -73.807324946179676, 5.052562870529903 ], [ -73.807315123374138, 5.052567650673504 ], [ -73.807225464647701, 5.05246162358765 ], [ -73.80715297839447, 5.052369627957976 ], [ -73.807039723420331, 5.052231163617751 ], [ -73.806987650551179, 5.052170556687666 ], [ -73.806951876662026, 5.052125445610052 ] ] ] ] } },
{ "type": "Feature", "properties": { "OBJECTID": 720.0, "codigo": "257360200000000550001000000000", "manzana_co": "25736020000000055", "numero_sub": 0.0, "codigo_ant": "25736020000550001000", "usuario_lo": null, "fecha_log": null, "globalid": "{C6621012-A60B-441B-9735-C79F6D35369C}", "vereda_cod": null, "Shape_Leng": 243.93849273199999, "Shape_Area": 1624.56916609, "DEPARTAMENTO": "25", "MUNICIPIO": "736", "NUMERO_PREDIAL": "0200000000550001000000000", "TIPO_DE_REGISTRO": "1", "NUMERO_DE_ORDEN": "001", "TOTAL_REGISTROS": "001", "NOMBRE": "MUNICIPIO DE SESQUILE", "TIPO_DOCUMENTO": "N", "NUMERO_DOCUMENTO": "999994152", "DIRECCION": "K 3B 4 21", "COMUNA": null, "DESTINO": "P", "AREA DE TERRENO": "1617.0", "AREA CONSTRUIDA": "0.0", "AVALUO 2026": "1.40101393E8", "AVALUO 2025": "1.3602077E8", "VIGENCIA": "01012026", "NUMERO PREDIAL ANTERIOR": "020000550001000", "9.128221E7": "0.0", "DESTINO_ECONOMICO": "PUBLICO" }, "geometry": { "type": "MultiPolygon", "coordinates": [ [ [ [ -73.806806245203703, 5.052174681321136 ], [ -73.806931417488599, 5.052163272746085 ], [ -73.806964706911216, 5.052199791991344 ], [ -73.807007725789617, 5.052258054261039 ], [ -73.806968486685619, 5.052265607200927 ], [ -73.806965920323421, 5.052266075476107 ], [ -73.806927299591337, 5.052273115874942 ], [ -73.8067139038791, 5.052310858179914 ], [ -73.806596483064851, 5.052330036797853 ], [ -73.806535540262857, 5.052339462067318 ], [ -73.806346042184259, 5.052368768417305 ], [ -73.806302517674197, 5.052376603403849 ], [ -73.806290650385165, 5.052378739560416 ], [ -73.806210816755396, 5.052419997921435 ], [ -73.806145844978715, 5.052460809526115 ], [ -73.805992964587162, 5.052279022812865 ], [ -73.806023347207955, 5.052274993577877 ], [ -73.806073518790072, 5.052262424629121 ], [ -73.806189819103764, 5.052241255663657 ], [ -73.806277309804301, 5.052225329883895 ], [ -73.806466602456254, 5.052205745342209 ], [ -73.806693391842018, 5.052185841111145 ], [ -73.806806245203703, 5.052174681321136 ] ] ] ] } },
{ "type": "Feature", "properties": { "OBJECTID": 721.0, "codigo": "257360200000000540001000000000", "manzana_co": "25736020000000054", "numero_sub": 0.0, "codigo_ant": "25736020000540001000", "usuario_lo": null, "fecha_log": null, "globalid": "{26A7BB85-268E-410D-909F-A3D04B0CFADB}", "vereda_cod": null, "Shape_Leng": 324.78814510699999, "Shape_Area": 2805.3261492900001, "DEPARTAMENTO": "25", "MUNICIPIO": "736", "NUMERO_PREDIAL": "0200000000540001000000000", "TIPO_DE_REGISTRO": "1", "NUMERO_DE_ORDEN": "001", "TOTAL_REGISTROS": "001", "NOMBRE": "MUNICIPIO DE SESQUILE", "TIPO_DOCUMENTO": "N", "NUMERO_DOCUMENTO": "999994152", "DIRECCION": "K 3A 4 40", "COMUNA": null, "DESTINO": "P", "AREA DE TERRENO": "2093.0", "AREA CONSTRUIDA": "0.0", "AVALUO 2026": "1.8098954E8", "AVALUO 2025": "1.75718E8", "VIGENCIA": "01012026", "NUMERO PREDIAL ANTERIOR": "020000540001000", "9.128221E7": "176-11917", "DESTINO_ECONOMICO": "PUBLICO" }, "geometry": { "type": "MultiPolygon", "coordinates": [ [ [ [ -73.806218834456473, 5.052578794201156 ], [ -73.806177560616902, 5.052507555916203 ], [ -73.80625291204079, 5.052443842150822 ], [ -73.806300612796875, 5.052430107147058 ], [ -73.806578251445899, 5.052378278087331 ], [ -73.806599107763191, 5.052374384552476 ], [ -73.806650594589357, 5.052366109215636 ], [ -73.806730090563676, 5.052353331885057 ], [ -73.806748453539257, 5.052350380278738 ], [ -73.806885273780594, 5.052315408754134 ], [ -73.806931243799056, 5.052303657859821 ], [ -73.806932634699265, 5.052303302593871 ], [ -73.806969294821982, 5.052296110363636 ], [ -73.806972512013687, 5.052295466715934 ], [ -73.807011731283552, 5.052287619094365 ], [ -73.80703384147553, 5.052283194918703 ], [ -73.807114191935455, 5.052385913783747 ], [ -73.807117287504255, 5.052389871149453 ], [ -73.807118651393282, 5.052391600349956 ], [ -73.807155039196857, 5.052437682231183 ], [ -73.807194783994419, 5.052488016153325 ], [ -73.807142625722008, 5.052504278683929 ], [ -73.807109087289803, 5.052514734973661 ], [ -73.807081116961299, 5.052523456532179 ], [ -73.807069765787418, 5.05249883179768 ], [ -73.807058416417249, 5.052474207062941 ], [ -73.807030039389815, 5.05241264251339 ], [ -73.807018844589294, 5.052416132762762 ], [ -73.806971482802325, 5.052430896488474 ], [ -73.806954260169945, 5.052436267005192 ], [ -73.806941340941847, 5.052440293310572 ], [ -73.80698977091545, 5.052545363794218 ], [ -73.806992420303345, 5.052551109144083 ], [ -73.806971503626244, 5.052557629517957 ], [ -73.806940522503183, 5.052565302554886 ], [ -73.806905220842623, 5.052574045006014 ], [ -73.806901903593428, 5.052574866729415 ], [ -73.806780380617639, 5.052613646296344 ], [ -73.806732455425035, 5.052628940620738 ], [ -73.80667276302394, 5.052648283823096 ], [ -73.806644213072104, 5.052657535075172 ], [ -73.806587416041438, 5.052675690461386 ], [ -73.806505040149403, 5.05270202046331 ], [ -73.806501718395324, 5.052703082630544 ], [ -73.806475994406853, 5.052711305160518 ], [ -73.806475621203148, 5.052710478972296 ], [ -73.806453834763218, 5.052662297916329 ], [ -73.806427765500004, 5.052604648235969 ], [ -73.806416592831269, 5.052579941229769 ], [ -73.806411006497214, 5.052567587274606 ], [ -73.806409144986858, 5.052563468988233 ], [ -73.806327847222263, 5.052590554639329 ], [ -73.806394822832175, 5.052738771373368 ], [ -73.806386692874113, 5.052741523960231 ], [ -73.806349526146477, 5.052750877465272 ], [ -73.80630347383925, 5.052747070751325 ], [ -73.806274268868208, 5.05271513796508 ], [ -73.806257297857229, 5.052665223094334 ], [ -73.806218834456473, 5.052578794201156 ] ] ] ] } },
{ "type": "Feature", "properties": { "OBJECTID": 724.0, "codigo": "257360200000000130001000000000", "manzana_co": "25736020000000013", "numero_sub": 0.0, "codigo_ant": "25736020000130001000", "usuario_lo": null, "fecha_log": null, "globalid": "{BFDDC5F7-14C7-4649-AB7E-D2CD70097D10}", "vereda_cod": null, "Shape_Leng": 483.382558276, "Shape_Area": 12226.1040837, "DEPARTAMENTO": "25", "MUNICIPIO": "736", "NUMERO_PREDIAL": "0200000000130001000000000", "TIPO_DE_REGISTRO": "1", "NUMERO_DE_ORDEN": "001", "TOTAL_REGISTROS": "001", "NOMBRE": "MUNICIPIO DE SESQUILE", "TIPO_DOCUMENTO": "N", "NUMERO_DOCUMENTO": "999994152", "DIRECCION": "C 3 3 42", "COMUNA": null, "DESTINO": "P", "AREA DE TERRENO": "9761.0", "AREA CONSTRUIDA": "0.0", "AVALUO 2026": "8.44127364E8", "AVALUO 2025": "8.1954113E8", "VIGENCIA": "01012026", "NUMERO PREDIAL ANTERIOR": "020000130001000", "9.128221E7": "176-11917", "DESTINO_ECONOMICO": "PUBLICO" }, "geometry": { "type": "MultiPolygon", "coordinates": [ [ [ [ -73.808178129156261, 5.051250185153052 ], [ -73.808330841435435, 5.05122536511167 ], [ -73.808439635928721, 5.051240722847893 ], [ -73.808514064687785, 5.051273293832403 ], [ -73.808548619530612, 5.051296703253686 ], [ -73.808590394899312, 5.051325005528997 ], [ -73.808678929547114, 5.051376127637688 ], [ -73.808704981956424, 5.051389588528219 ], [ -73.808755083786721, 5.051415476243845 ], [ -73.80882322126817, 5.051434204494281 ], [ -73.808890017573162, 5.051461029277954 ], [ -73.80890437197553, 5.051464383510247 ], [ -73.808972086644147, 5.051480203804299 ], [ -73.809012796369629, 5.051498261813488 ], [ -73.80887518449947, 5.051557893962033 ], [ -73.808923778906305, 5.051670098129673 ], [ -73.808905199659321, 5.051675412678907 ], [ -73.808855844078948, 5.051694086986717 ], [ -73.808819290497595, 5.051707916892135 ], [ -73.808752388571506, 5.05172465980338 ], [ -73.808720023823781, 5.051732758701763 ], [ -73.808681767356916, 5.051741927053814 ], [ -73.808639627550946, 5.051752026521607 ], [ -73.808584487394711, 5.051765242066986 ], [ -73.808469937508477, 5.051820702984191 ], [ -73.808393564848075, 5.051872351345009 ], [ -73.808364812407248, 5.051897646560044 ], [ -73.808315276030783, 5.051941225955842 ], [ -73.808259889931691, 5.052017766412601 ], [ -73.80821404898748, 5.052090482167874 ], [ -73.808147193720231, 5.052205299796242 ], [ -73.808115261565177, 5.052263678953273 ], [ -73.808089459838897, 5.052310850157028 ], [ -73.808068614847173, 5.052344662070493 ], [ -73.80805389490142, 5.052368537863971 ], [ -73.808013487495728, 5.052427277825906 ], [ -73.807983607426138, 5.052403914400029 ], [ -73.807931837666345, 5.052363435388015 ], [ -73.807850240136517, 5.052299634519682 ], [ -73.807849385570591, 5.052298965624224 ], [ -73.807718627133028, 5.052199227930398 ], [ -73.807588561041314, 5.052100018094895 ], [ -73.807467749169376, 5.052007866889455 ], [ -73.807500287347111, 5.051791588964986 ], [ -73.80752708229727, 5.051619332602834 ], [ -73.807544317261474, 5.051483439755644 ], [ -73.807563439726451, 5.051399228269108 ], [ -73.807597809822099, 5.051370531504344 ], [ -73.80768180716386, 5.051343769257533 ], [ -73.807793719924248, 5.051317238856124 ], [ -73.807826888740564, 5.051309375916903 ], [ -73.807962036803474, 5.05128939951521 ], [ -73.808046412055077, 5.05127692747141 ], [ -73.808165328923806, 5.051252784172708 ], [ -73.808178129156261, 5.051250185153052 ] ] ] ] } },
{ "type": "Feature", "properties": { "OBJECTID": 732.0, "codigo": "257360200000000100001000000000", "manzana_co": "25736020000000010", "numero_sub": 0.0, "codigo_ant": "25736020000100001000", "usuario_lo": null, "fecha_log": null, "globalid": "{9CB073CF-927A-415F-97BB-34ACC7291C54}", "vereda_cod": null, "Shape_Leng": 748.87089003699998, "Shape_Area": 12557.844416, "DEPARTAMENTO": "25", "MUNICIPIO": "736", "NUMERO_PREDIAL": "0200000000100001000000000", "TIPO_DE_REGISTRO": "1", "NUMERO_DE_ORDEN": "001", "TOTAL_REGISTROS": "001", "NOMBRE": "MUNICIPIO DE SESQUILE", "TIPO_DOCUMENTO": "N", "NUMERO_DOCUMENTO": "999994152", "DIRECCION": "C 6 2 31 70 C 5 3A 11 36 54", "COMUNA": null, "DESTINO": "P", "AREA DE TERRENO": "12261.0", "AREA CONSTRUIDA": "0.0", "AVALUO 2026": "1.060358941E9", "AVALUO 2025": "1.0294747E9", "VIGENCIA": "01012026", "NUMERO PREDIAL ANTERIOR": "020000100001000", "9.128221E7": "176-11917", "DESTINO_ECONOMICO": "PUBLICO" }, "geometry": { "type": "MultiPolygon", "coordinates": [ [ [ [ -73.8054742115106, 5.05446135386506 ], [ -73.805526311395028, 5.054374839711308 ], [ -73.805536516253213, 5.054354765970765 ], [ -73.805585263574869, 5.054258882603578 ], [ -73.805603724305499, 5.054212364235319 ], [ -73.805651758248956, 5.054091327166184 ], [ -73.80566114453454, 5.054066289041567 ], [ -73.805696692166464, 5.053971469764364 ], [ -73.805715788332776, 5.053920533870275 ], [ -73.805777742058694, 5.053793452921362 ], [ -73.805801081291079, 5.053745578585022 ], [ -73.805871036007488, 5.053612511685285 ], [ -73.805890839949456, 5.053574842780984 ], [ -73.805931675342137, 5.053414515491556 ], [ -73.805958755606227, 5.053308196493246 ], [ -73.805986037416559, 5.053241772514802 ], [ -73.80603873512095, 5.053113470451798 ], [ -73.80605530910799, 5.053068052179638 ], [ -73.806058315266824, 5.053059814609394 ], [ -73.806075452624214, 5.053012858741196 ], [ -73.806089296275644, 5.052974927771331 ], [ -73.806126794767863, 5.052901129372023 ], [ -73.806132908102995, 5.052889098861426 ], [ -73.80614864315811, 5.052866462388116 ], [ -73.80617100917064, 5.052846646089804 ], [ -73.806214479426387, 5.052824197249487 ], [ -73.806257951481982, 5.052801746598356 ], [ -73.806323774628041, 5.052789073460052 ], [ -73.806361148717372, 5.052781878542421 ], [ -73.806406048855209, 5.052775412989016 ], [ -73.806528448143283, 5.052741531885509 ], [ -73.806539634843844, 5.052738368868002 ], [ -73.806555418818448, 5.05273390683436 ], [ -73.806580938196674, 5.05272669218801 ], [ -73.806584089582955, 5.052725802673771 ], [ -73.806684149535727, 5.052686319294309 ], [ -73.806750233092373, 5.0526679865927 ], [ -73.806751341846308, 5.052667659353146 ], [ -73.806757298469094, 5.052665902022443 ], [ -73.806772540680598, 5.052661405642064 ], [ -73.806815993917709, 5.052648587249744 ], [ -73.806820524484351, 5.052647251171709 ], [ -73.806920838760973, 5.052617660380239 ], [ -73.806970244258324, 5.05261323037455 ], [ -73.806986604231668, 5.052608174438642 ], [ -73.807025626043782, 5.05259611720941 ], [ -73.807060287659098, 5.052585405998255 ], [ -73.807068992717689, 5.05258219962051 ], [ -73.807096129207096, 5.052572203531567 ], [ -73.807124671918146, 5.05256168946716 ], [ -73.80712866252513, 5.052560219613325 ], [ -73.807129444961745, 5.052559932151103 ], [ -73.807165467672988, 5.052545331295504 ], [ -73.807230504085624, 5.052549497420532 ], [ -73.807255243209354, 5.052568183114128 ], [ -73.807310546568203, 5.052609952939418 ], [ -73.8073486236257, 5.052652726393202 ], [ -73.807362862866455, 5.052669140666131 ], [ -73.807389963940423, 5.052700379216744 ], [ -73.807368104430807, 5.052711011603352 ], [ -73.807194301005524, 5.052794476117613 ], [ -73.807155181914112, 5.052812041014102 ], [ -73.807105218690566, 5.052834476457364 ], [ -73.8069807066816, 5.052882970660777 ], [ -73.806962991879303, 5.052889869733529 ], [ -73.806903110213412, 5.052912750948362 ], [ -73.806840668510617, 5.052937609998126 ], [ -73.806715242450906, 5.052988783417533 ], [ -73.806502758502532, 5.053073211902151 ], [ -73.806387455300936, 5.053113458387156 ], [ -73.806340738722355, 5.053310881336787 ], [ -73.806355302105956, 5.053559004948526 ], [ -73.80635909299933, 5.053585821835524 ], [ -73.806359102014511, 5.053585884206699 ], [ -73.806362261843731, 5.053608229352656 ], [ -73.806363902611466, 5.053619862929913 ], [ -73.806366324095592, 5.053636981553423 ], [ -73.806366693719056, 5.053639597526414 ], [ -73.806368203766311, 5.0536502946323 ], [ -73.80636966422999, 5.053660641917327 ], [ -73.806381431783123, 5.053744053852211 ], [ -73.806381616592077, 5.053745160261932 ], [ -73.806387388942639, 5.053779722007016 ], [ -73.80639620929017, 5.053832530473106 ], [ -73.806402067453831, 5.053879567377389 ], [ -73.806407370164365, 5.053914379517832 ], [ -73.806411596466418, 5.053942117504421 ], [ -73.806416122973729, 5.053971854079546 ], [ -73.806419758784358, 5.053995733190206 ], [ -73.806427926512228, 5.054049347067879 ], [ -73.806251204915981, 5.054085114511417 ], [ -73.80627082373644, 5.054219270348223 ], [ -73.806247558697535, 5.054220681709668 ], [ -73.806151670751007, 5.05422649802918 ], [ -73.806128229068591, 5.054230669092056 ], [ -73.80598156823325, 5.054256766691843 ], [ -73.805975650345971, 5.054257819852091 ], [ -73.80581991826898, 5.054343323020825 ], [ -73.805798228224475, 5.05435977667161 ], [ -73.805776013550528, 5.054376628962434 ], [ -73.805740429866361, 5.05440362173327 ], [ -73.805723346992636, 5.054416580721315 ], [ -73.805719643975394, 5.054421686175706 ], [ -73.805718226907942, 5.054420465886568 ], [ -73.805715850755931, 5.054422268357365 ], [ -73.805656910300556, 5.054468323539313 ], [ -73.805652741114542, 5.054463572528876 ], [ -73.805647976073018, 5.054458140865627 ], [ -73.805646357978148, 5.054456295058264 ], [ -73.805646193013629, 5.054456108850484 ], [ -73.805609870166947, 5.054414707444653 ], [ -73.805600865628136, 5.054404444321275 ], [ -73.805575548781135, 5.054394910880918 ], [ -73.805560284755472, 5.054389162976086 ], [ -73.805534865994986, 5.054375486816784 ], [ -73.805499544995271, 5.054432230672902 ], [ -73.805581240243484, 5.054521455812448 ], [ -73.805570919813846, 5.054526931963195 ], [ -73.805543735500223, 5.054541352733867 ], [ -73.805499393435397, 5.054564875410185 ], [ -73.805455185494722, 5.054573660380489 ], [ -73.805427114601443, 5.054550964820899 ], [ -73.805423937386507, 5.054505885790692 ], [ -73.80542542743764, 5.054504565127726 ], [ -73.8054742115106, 5.05446135386506 ] ] ] ] } },
{ "type": "Feature", "properties": { "OBJECTID": 733.0, "codigo": "257360200000000520001000000000", "manzana_co": "25736020000000052", "numero_sub": 0.0, "codigo_ant": "25736020000520001000", "usuario_lo": null, "fecha_log": null, "globalid": "{0D03A968-A7EC-4ED2-A3BA-241E5387314A}", "vereda_cod": null, "Shape_Leng": 196.90771128399999, "Shape_Area": 1994.08992442, "DEPARTAMENTO": "25", "MUNICIPIO": "736", "NUMERO_PREDIAL": "0200000000520001000000000", "TIPO_DE_REGISTRO": "1", "NUMERO_DE_ORDEN": "001", "TOTAL_REGISTROS": "001", "NOMBRE": "MUNICIPIO DE SESQUILE", "TIPO_DOCUMENTO": "N", "NUMERO_DOCUMENTO": "999994152", "DIRECCION": "C 4A K 3", "COMUNA": null, "DESTINO": "P", "AREA DE TERRENO": "1991.0", "AREA CONSTRUIDA": "0.0", "AVALUO 2026": "1.72186192E8", "AVALUO 2025": "1.6717106E8", "VIGENCIA": "01012026", "NUMERO PREDIAL ANTERIOR": "020000520001000", "9.128221E7": "176-11917", "DESTINO_ECONOMICO": "PUBLICO" }, "geometry": { "type": "MultiPolygon", "coordinates": [ [ [ [ -73.80663717095284, 5.053084391600025 ], [ -73.806895513955681, 5.052979911376934 ], [ -73.806921652986958, 5.053179089617621 ], [ -73.806978381068788, 5.053611346173901 ], [ -73.806809076834142, 5.053663206353238 ], [ -73.806773791368428, 5.05367401518454 ], [ -73.806735796211299, 5.053685654766857 ], [ -73.806720142369116, 5.053590215180686 ], [ -73.80663717095284, 5.053084391600025 ] ] ] ] } },
{ "type": "Feature", "properties": { "OBJECTID": 734.0, "codigo": "257360200000000490001000000000", "manzana_co": "25736020000000049", "numero_sub": 0.0, "codigo_ant": "25736020000490001000", "usuario_lo": null, "fecha_log": null, "globalid": "{28B97B7A-B981-4373-878E-756970923459}", "vereda_cod": null, "Shape_Leng": 183.38379569599999, "Shape_Area": 1792.8768338, "DEPARTAMENTO": "25", "MUNICIPIO": "736", "NUMERO_PREDIAL": "0200000000490001000000000", "TIPO_DE_REGISTRO": "1", "NUMERO_DE_ORDEN": "001", "TOTAL_REGISTROS": "001", "NOMBRE": "MUNICIPIO DE SESQUILE", "TIPO_DOCUMENTO": "N", "NUMERO_DOCUMENTO": "999994152", "DIRECCION": "C 6 2", "COMUNA": null, "DESTINO": "P", "AREA DE TERRENO": "1763.0", "AREA CONSTRUIDA": "0.0", "AVALUO 2026": "1.52468304E8", "AVALUO 2025": "1.4802748E8", "VIGENCIA": "01012026", "NUMERO PREDIAL ANTERIOR": "020000490001000", "9.128221E7": "176-11917", "DESTINO_ECONOMICO": "PUBLICO" }, "geometry": { "type": "MultiPolygon", "coordinates": [ [ [ [ -73.806440029244712, 5.053164123012139 ], [ -73.806610106563198, 5.053095338604757 ], [ -73.80669537632204, 5.053643447173935 ], [ -73.80670371263534, 5.053697033928252 ], [ -73.806670884408803, 5.053703774121679 ], [ -73.806650728465115, 5.053707912614083 ], [ -73.806621666406272, 5.053713878984771 ], [ -73.806615399674413, 5.0537151653703 ], [ -73.806579701297196, 5.053722494060167 ], [ -73.806522349700799, 5.053734267690835 ], [ -73.806440875869555, 5.053750993397281 ], [ -73.806429782756922, 5.053680166894317 ], [ -73.806418978130608, 5.053611178983899 ], [ -73.806413839510654, 5.05357836995344 ], [ -73.806400025468008, 5.053285702388175 ], [ -73.806440029244712, 5.053164123012139 ] ] ] ] } },
{ "type": "Feature", "properties": { "OBJECTID": 735.0, "codigo": "257360200000000480001000000000", "manzana_co": "25736020000000048", "numero_sub": 0.0, "codigo_ant": "25736020000480001000", "usuario_lo": null, "fecha_log": null, "globalid": "{32B811D5-84F7-4DE1-B13A-4606AA88FCEE}", "vereda_cod": null, "Shape_Leng": 212.908320898, "Shape_Area": 2572.48793209, "DEPARTAMENTO": "25", "MUNICIPIO": "736", "NUMERO_PREDIAL": "0200000000480001000000000", "TIPO_DE_REGISTRO": "1", "NUMERO_DE_ORDEN": "001", "TOTAL_REGISTROS": "001", "NOMBRE": "MUNICIPIO DE SESQUILE", "TIPO_DOCUMENTO": "N", "NUMERO_DOCUMENTO": "999994152", "DIRECCION": "K 2 C 4A", "COMUNA": null, "DESTINO": "P", "AREA DE TERRENO": "2380.0", "AREA CONSTRUIDA": "0.0", "AVALUO 2026": "2.10321303E8", "AVALUO 2025": "2.0419544E8", "VIGENCIA": "01012026", "NUMERO PREDIAL ANTERIOR": "020000480001000", "9.128221E7": "176-11917", "DESTINO_ECONOMICO": "PUBLICO" }, "geometry": { "type": "MultiPolygon", "coordinates": [ [ [ [ -73.806507207268808, 5.054164253727743 ], [ -73.80648783953859, 5.054068048560389 ], [ -73.806479563811237, 5.054026937867523 ], [ -73.80647790133014, 5.054009957535365 ], [ -73.806472327871973, 5.053953034327533 ], [ -73.806460384006826, 5.053896732211348 ], [ -73.806447164533211, 5.053834420775397 ], [ -73.806443029391502, 5.053814928452172 ], [ -73.806444472955775, 5.053777523740044 ], [ -73.806599006979226, 5.053766251304633 ], [ -73.806983721769697, 5.053652955875338 ], [ -73.807042209379659, 5.054075270048997 ], [ -73.806914712582923, 5.054069470533602 ], [ -73.806838995225277, 5.054083601920086 ], [ -73.806741935622483, 5.054101716334161 ], [ -73.806507207268808, 5.054164253727743 ] ] ] ] } },
{ "type": "Feature", "properties": { "OBJECTID": 736.0, "codigo": "257360100000000480001000000000", "manzana_co": "25736010000000048", "numero_sub": 0.0, "codigo_ant": "25736010000480001000", "usuario_lo": null, "fecha_log": null, "globalid": "{5E96EC48-4563-4B14-85F0-9C102C67D617}", "vereda_cod": null, "Shape_Leng": 28.7913478105, "Shape_Area": 48.6674989666, "DEPARTAMENTO": "25", "MUNICIPIO": "736", "NUMERO_PREDIAL": "0100000000480001000000000", "TIPO_DE_REGISTRO": "1", "NUMERO_DE_ORDEN": "001", "TOTAL_REGISTROS": "001", "NOMBRE": "MUNICIPIO DE SESQUILE", "TIPO_DOCUMENTO": "N", "NUMERO_DOCUMENTO": "8999994152", "DIRECCION": "K 3C 8 39 Mz D Lo 1", "COMUNA": null, "DESTINO": "R", "AREA DE TERRENO": "49.0", "AREA CONSTRUIDA": "0.0", "AVALUO 2026": "2.1188295E7", "AVALUO 2025": "2.057116E7", "VIGENCIA": "01012026", "NUMERO PREDIAL ANTERIOR": "010000480001000", "9.128221E7": "176-86830", "DESTINO_ECONOMICO": "PUBLICO" }, "geometry": { "type": "MultiPolygon", "coordinates": [ [ [ [ -73.794191268693652, 5.04571590378263 ], [ -73.794210183269286, 5.04569980845949 ], [ -73.794230873648701, 5.045682202673802 ], [ -73.794292433224115, 5.045729946828549 ], [ -73.794252828269336, 5.04576364794108 ], [ -73.794191268693652, 5.04571590378263 ] ] ] ] } },
{ "type": "Feature", "properties": { "OBJECTID": 737.0, "codigo": "257360100000000480002000000000", "manzana_co": "25736010000000048", "numero_sub": 0.0, "codigo_ant": "25736010000480002000", "usuario_lo": null, "fecha_log": null, "globalid": "{36409D27-1144-4866-9004-0DF2F8F4CAE1}", "vereda_cod": null, "Shape_Leng": 27.670931653499999, "Shape_Area": 44.060511063, "DEPARTAMENTO": "25", "MUNICIPIO": "736", "NUMERO_PREDIAL": "0100000000480002000000000", "TIPO_DE_REGISTRO": "1", "NUMERO_DE_ORDEN": "001", "TOTAL_REGISTROS": "001", "NOMBRE": "MUNICIPIO DE SESQUILE", "TIPO_DOCUMENTO": "N", "NUMERO_DOCUMENTO": "8999994152", "DIRECCION": "K 3C 8 35 Mz D Lo 2", "COMUNA": null, "DESTINO": "R", "AREA DE TERRENO": "43.0", "AREA CONSTRUIDA": "0.0", "AVALUO 2026": "1.8593333E7", "AVALUO 2025": "1.805178E7", "VIGENCIA": "01012026", "NUMERO PREDIAL ANTERIOR": "010000480002000", "9.128221E7": "176-86831", "DESTINO_ECONOMICO": "PUBLICO" }, "geometry": { "type": "MultiPolygon", "coordinates": [ [ [ [ -73.794230873648701, 5.045682202673802 ], [ -73.79425106644338, 5.045664532705985 ], [ -73.794266204954056, 5.045651284749352 ], [ -73.794327764529143, 5.0456990289008 ], [ -73.794292433224115, 5.045729946828549 ], [ -73.794230873648701, 5.045682202673802 ] ] ] ] } },
{ "type": "Feature", "properties": { "OBJECTID": 738.0, "codigo": "257360100000000480003000000000", "manzana_co": "25736010000000048", "numero_sub": 0.0, "codigo_ant": "25736010000480003000", "usuario_lo": null, "fecha_log": null, "globalid": "{DC247413-7BEE-4C0C-92B6-18CDD9F3164A}", "vereda_cod": null, "Shape_Leng": 27.410795436499999, "Shape_Area": 42.9661806258, "DEPARTAMENTO": "25", "MUNICIPIO": "736", "NUMERO_PREDIAL": "0100000000480003000000000", "TIPO_DE_REGISTRO": "1", "NUMERO_DE_ORDEN": "001", "TOTAL_REGISTROS": "001", "NOMBRE": "MUNICIPIO DE SESQUILE", "TIPO_DOCUMENTO": "N", "NUMERO_DOCUMENTO": "8999994152", "DIRECCION": "K 3C 8 29 Mz D Lo 3", "COMUNA": null, "DESTINO": "R", "AREA DE TERRENO": "43.0", "AREA CONSTRUIDA": "0.0", "AVALUO 2026": "1.8593333E7", "AVALUO 2025": "1.805178E7", "VIGENCIA": "01012026", "NUMERO PREDIAL ANTERIOR": "010000480003000", "9.128221E7": "176-86832", "DESTINO_ECONOMICO": "PUBLICO" }, "geometry": { "type": "MultiPolygon", "coordinates": [ [ [ [ -73.794266204954056, 5.045651284749352 ], [ -73.794284155906197, 5.04563554918453 ], [ -73.794300626719817, 5.045621109850863 ], [ -73.794362186294578, 5.045668853999094 ], [ -73.794327764529143, 5.0456990289008 ], [ -73.794266204954056, 5.045651284749352 ] ] ] ] } },
{ "type": "Feature", "properties": { "OBJECTID": 739.0, "codigo": "257360100000000480004000000000", "manzana_co": "25736010000000048", "numero_sub": 0.0, "codigo_ant": "25736010000480004000", "usuario_lo": null, "fecha_log": null, "globalid": "{786BB15E-E650-428B-8285-86E10AA1E99D}", "vereda_cod": null, "Shape_Leng": 27.6707053841, "Shape_Area": 43.9580739556, "DEPARTAMENTO": "25", "MUNICIPIO": "736", "NUMERO_PREDIAL": "0100000000480004000000000", "TIPO_DE_REGISTRO": "1", "NUMERO_DE_ORDEN": "001", "TOTAL_REGISTROS": "001", "NOMBRE": "MUNICIPIO DE SESQUILE", "TIPO_DOCUMENTO": "N", "NUMERO_DOCUMENTO": "8999994152", "DIRECCION": "K 3C 8 25 Mz D Lo 4", "COMUNA": null, "DESTINO": "R", "AREA DE TERRENO": "43.0", "AREA CONSTRUIDA": "0.0", "AVALUO 2026": "1.8593333E7", "AVALUO 2025": "1.805178E7", "VIGENCIA": "01012026", "NUMERO PREDIAL ANTERIOR": "010000480004000", "9.128221E7": "176-86833", "DESTINO_ECONOMICO": "PUBLICO" }, "geometry": { "type": "MultiPolygon", "coordinates": [ [ [ [ -73.794300626719817, 5.045621109850863 ], [ -73.794320513926365, 5.045604101557632 ], [ -73.79433630506351, 5.045590596885598 ], [ -73.794397864638, 5.045638341030489 ], [ -73.794362186294578, 5.045668853999094 ], [ -73.794300626719817, 5.045621109850863 ] ] ] ] } },
{ "type": "Feature", "properties": { "OBJECTID": 740.0, "codigo": "257360100000000480005000000000", "manzana_co": "25736010000000048", "numero_sub": 0.0, "codigo_ant": "25736010000480005000", "usuario_lo": null, "fecha_log": null, "globalid": "{3546B9BD-76B9-440E-BACD-E17F8381249E}", "vereda_cod": null, "Shape_Leng": 26.290452481300001, "Shape_Area": 41.1686731685, "DEPARTAMENTO": "25", "MUNICIPIO": "736", "NUMERO_PREDIAL": "0100000000480005000000000", "TIPO_DE_REGISTRO": "1", "NUMERO_DE_ORDEN": "001", "TOTAL_REGISTROS": "001", "NOMBRE": "MUNICIPIO DE SESQUILE", "TIPO_DOCUMENTO": "N", "NUMERO_DOCUMENTO": "8999994152", "DIRECCION": "K 3C 8 19 Mz D Lo 5", "COMUNA": null, "DESTINO": "R", "AREA DE TERRENO": "41.0", "AREA CONSTRUIDA": "0.0", "AVALUO 2026": "1.77287E7", "AVALUO 2025": "1.721233E7", "VIGENCIA": "01012026", "NUMERO PREDIAL ANTERIOR": "010000480005000", "9.128221E7": "176-86834", "DESTINO_ECONOMICO": "PUBLICO" }, "geometry": { "type": "MultiPolygon", "coordinates": [ [ [ [ -73.79433630506351, 5.045590596885598 ], [ -73.794357412796558, 5.045572310436952 ], [ -73.794371789599552, 5.045559855222713 ], [ -73.794424115052706, 5.045601384792863 ], [ -73.794405623192219, 5.045631170172518 ], [ -73.794397864638, 5.045638341030489 ], [ -73.79433630506351, 5.045590596885598 ] ] ] ] } },
{ "type": "Feature", "properties": { "OBJECTID": 768.0, "codigo": "257360100000000240004000000000", "manzana_co": "25736010000000024", "numero_sub": 0.0, "codigo_ant": "25736010000240004000", "usuario_lo": null, "fecha_log": null, "globalid": "{70A3B172-2B76-453F-924F-CAD89B9F9D0C}", "vereda_cod": null, "Shape_Leng": 271.384320855, "Shape_Area": 3865.8655542800002, "DEPARTAMENTO": "25", "MUNICIPIO": "736", "NUMERO_PREDIAL": "0100000000240004000000000", "TIPO_DE_REGISTRO": "1", "NUMERO_DE_ORDEN": "001", "TOTAL_REGISTROS": "001", "NOMBRE": "MUNICIPIO DE SESQUILE", "TIPO_DOCUMENTO": "N", "NUMERO_DOCUMENTO": "8999994152", "DIRECCION": "K 5 3 54", "COMUNA": null, "DESTINO": "K", "AREA DE TERRENO": "3871.0", "AREA CONSTRUIDA": "1561.0", "AVALUO 2026": "3.896681456E9", "AVALUO 2025": "3.78318588E9", "VIGENCIA": "01012026", "NUMERO PREDIAL ANTERIOR": "010000240004000", "9.128221E7": "176-24558", "DESTINO_ECONOMICO": "PUBLICO" }, "geometry": { "type": "MultiPolygon", "coordinates": [ [ [ [ -73.796227039388839, 5.043043662253081 ], [ -73.796729419178803, 5.042381591417525 ], [ -73.796803544353125, 5.04244211333102 ], [ -73.796820327804539, 5.042455816046409 ], [ -73.796904243269381, 5.042524330520759 ], [ -73.796911235549516, 5.042530040662404 ], [ -73.797003574763295, 5.042605432242172 ], [ -73.796951512538271, 5.042711631573884 ], [ -73.796838717302563, 5.042941714743603 ], [ -73.796796173165134, 5.042919876624835 ], [ -73.796782527528251, 5.042912872046994 ], [ -73.796716615858855, 5.043045127188069 ], [ -73.796704645928799, 5.043069455603361 ], [ -73.796671131201634, 5.043137576792001 ], [ -73.796651181913006, 5.043178124450492 ], [ -73.79663351321183, 5.043212737797104 ], [ -73.796609270463534, 5.043260230359492 ], [ -73.796227039388839, 5.043043662253081 ] ] ] ] } },
{ "type": "Feature", "properties": { "OBJECTID": 805.0, "codigo": "257360100000000460009000000000", "manzana_co": "25736010000000046", "numero_sub": 0.0, "codigo_ant": "25736010000460009000", "usuario_lo": null, "fecha_log": null, "globalid": "{85C8FD74-DE97-4C8A-91C2-07E98986EAA6}", "vereda_cod": null, "Shape_Leng": 27.391334117700001, "Shape_Area": 42.794548754099999, "DEPARTAMENTO": "25", "MUNICIPIO": "736", "NUMERO_PREDIAL": "0100000000460009000000000", "TIPO_DE_REGISTRO": "1", "NUMERO_DE_ORDEN": "001", "TOTAL_REGISTROS": "001", "NOMBRE": "MUNICIPIO DE SESQUILE", "TIPO_DOCUMENTO": "N", "NUMERO_DOCUMENTO": "8999994152", "DIRECCION": "K 3B 8 16 Mz B Lo 9", "COMUNA": null, "DESTINO": "R", "AREA DE TERRENO": "43.0", "AREA CONSTRUIDA": "0.0", "AVALUO 2026": "1.8593333E7", "AVALUO 2025": "1.805178E7", "VIGENCIA": "01012026", "NUMERO PREDIAL ANTERIOR": "010000460009000", "9.128221E7": "176-86810", "DESTINO_ECONOMICO": "PUBLICO" }, "geometry": { "type": "MultiPolygon", "coordinates": [ [ [ [ -73.794060515747788, 5.045371008851669 ], [ -73.794081978638573, 5.04535319426603 ], [ -73.794095732555974, 5.045341775864693 ], [ -73.794156605204066, 5.045390261253614 ], [ -73.794136746847698, 5.045406743453717 ], [ -73.794121384790301, 5.045419494243845 ], [ -73.794060515747788, 5.045371008851669 ] ] ] ] } },
{ "type": "Feature", "properties": { "OBJECTID": 857.0, "codigo": "257360100000000210014000000000", "manzana_co": "25736010000000021", "numero_sub": 0.0, "codigo_ant": "25736010000210014000", "usuario_lo": null, "fecha_log": null, "globalid": "{E9AEA3C6-07D9-49BE-8442-3B9AE59BAC41}", "vereda_cod": null, "Shape_Leng": 124.18120159199999, "Shape_Area": 734.74538733400004, "DEPARTAMENTO": "25", "MUNICIPIO": "736", "NUMERO_PREDIAL": "0100000000210014000000000", "TIPO_DE_REGISTRO": "1", "NUMERO_DE_ORDEN": "001", "TOTAL_REGISTROS": "001", "NOMBRE": "MUNICIPIO DE SESQUILE", "TIPO_DOCUMENTO": "N", "NUMERO_DOCUMENTO": "999994152", "DIRECCION": "K 5 5 04 14", "COMUNA": null, "DESTINO": "P", "AREA DE TERRENO": "765.0", "AREA CONSTRUIDA": "1053.0", "AVALUO 2026": "6.07962537E8", "AVALUO 2025": "5.9025489E8", "VIGENCIA": "01012026", "NUMERO PREDIAL ANTERIOR": "010000210014000", "9.128221E7": "0.0", "DESTINO_ECONOMICO": "PUBLICO" }, "geometry": { "type": "MultiPolygon", "coordinates": [ [ [ [ -73.795824376885065, 5.044176073099798 ], [ -73.795860584295085, 5.044105261861267 ], [ -73.796017299280123, 5.04418524749128 ], [ -73.796222233833063, 5.044289844513797 ], [ -73.796203676275212, 5.044327923521164 ], [ -73.796154528077693, 5.044428775126712 ], [ -73.796084303137377, 5.044390232254375 ], [ -73.796072877669715, 5.044383961658549 ], [ -73.796075965037517, 5.044378440447829 ], [ -73.795820997308155, 5.044250829166717 ], [ -73.795800019525629, 5.044240329047887 ], [ -73.795828040228216, 5.044185527331697 ], [ -73.795823553886848, 5.044177683000798 ], [ -73.795824376885065, 5.044176073099798 ] ] ] ] } },
{ "type": "Feature", "properties": { "OBJECTID": 871.0, "codigo": "257360200000000200001000000000", "manzana_co": "25736020000000020", "numero_sub": 0.0, "codigo_ant": "25736020000200001000", "usuario_lo": null, "fecha_log": null, "globalid": "{BF404F54-6F96-4CFF-8FC9-61EC43BD9C8E}", "vereda_cod": null, "Shape_Leng": 310.19996530899999, "Shape_Area": 5428.8408308400003, "DEPARTAMENTO": "25", "MUNICIPIO": "736", "NUMERO_PREDIAL": "0200000000200001000000000", "TIPO_DE_REGISTRO": "1", "NUMERO_DE_ORDEN": "001", "TOTAL_REGISTROS": "001", "NOMBRE": "MUNICIPIO DE SESQUILE", "TIPO_DOCUMENTO": "N", "NUMERO_DOCUMENTO": "999994152", "DIRECCION": "K 6 7 C 1A 2", "COMUNA": null, "DESTINO": "P", "AREA DE TERRENO": "10328.0", "AREA CONSTRUIDA": "0.0", "AVALUO 2026": "7.55774551E8", "AVALUO 2025": "7.337617E8", "VIGENCIA": "01012026", "NUMERO PREDIAL ANTERIOR": "020000200001000", "9.128221E7": "176-11917", "DESTINO_ECONOMICO": "PUBLICO" }, "geometry": { "type": "MultiPolygon", "coordinates": [ [ [ [ -73.806223827582855, 5.048272964089808 ], [ -73.806279777669317, 5.048180129515569 ], [ -73.80635258119338, 5.048247634123023 ], [ -73.806385617002434, 5.04827838180183 ], [ -73.806494990045508, 5.048383415316376 ], [ -73.80659348456372, 5.048476309165202 ], [ -73.806747334344962, 5.04860883779026 ], [ -73.806908904100681, 5.048748999063093 ], [ -73.806932229918914, 5.048786613124164 ], [ -73.80694599151893, 5.048817077227224 ], [ -73.806940678835787, 5.048838108183685 ], [ -73.806899540587409, 5.048903264201147 ], [ -73.806873170928043, 5.048945029857749 ], [ -73.8068493360215, 5.048983389460685 ], [ -73.806755656815, 5.049138387121243 ], [ -73.806746549036873, 5.049153456701572 ], [ -73.806696964385125, 5.049217848103219 ], [ -73.806606469167306, 5.049137620048935 ], [ -73.806499968045046, 5.049041436006954 ], [ -73.806170781434517, 5.048728763391801 ], [ -73.806026735629274, 5.048596055519096 ], [ -73.806223827582855, 5.048272964089808 ] ] ] ] } },
{ "type": "Feature", "properties": { "OBJECTID": 873.0, "codigo": "257360200000000230001000000000", "manzana_co": "25736020000000023", "numero_sub": 0.0, "codigo_ant": "25736020000230001000", "usuario_lo": null, "fecha_log": null, "globalid": "{7B9FC1F7-763E-415B-BD19-9D0E9B42118B}", "vereda_cod": null, "Shape_Leng": 269.20015530799998, "Shape_Area": 2172.7846218899999, "DEPARTAMENTO": "25", "MUNICIPIO": "736", "NUMERO_PREDIAL": "0200000000230001000000000", "TIPO_DE_REGISTRO": "1", "NUMERO_DE_ORDEN": "001", "TOTAL_REGISTROS": "001", "NOMBRE": "MUNICIPIO DE SESQUILE", "TIPO_DOCUMENTO": "N", "NUMERO_DOCUMENTO": "999994152", "DIRECCION": "K 6 7 C 2B", "COMUNA": null, "DESTINO": "P", "AREA DE TERRENO": "2250.0", "AREA CONSTRUIDA": "0.0", "AVALUO 2026": "1.64648497E8", "AVALUO 2025": "1.5985291E8", "VIGENCIA": "01012026", "NUMERO PREDIAL ANTERIOR": "020000230001000", "9.128221E7": "176-11917", "DESTINO_ECONOMICO": "PUBLICO" }, "geometry": { "type": "MultiPolygon", "coordinates": [ [ [ [ -73.805684041052373, 5.049142640509278 ], [ -73.805761687891547, 5.048996690667209 ], [ -73.805850630683381, 5.049073201892973 ], [ -73.805912449355347, 5.049129984254978 ], [ -73.805953663011181, 5.049167838557004 ], [ -73.805983574464932, 5.049195312256469 ], [ -73.806333887212048, 5.049521071789743 ], [ -73.806433099458943, 5.049617142065521 ], [ -73.806395457050456, 5.049697283380809 ], [ -73.806363279726654, 5.049759494226392 ], [ -73.806299998630166, 5.049881840470148 ], [ -73.806154475210178, 5.049756676866114 ], [ -73.806143996011684, 5.049747663002695 ], [ -73.806206784075783, 5.049627580225593 ], [ -73.805684041052373, 5.049142640509278 ] ] ] ] } },
{ "type": "Feature", "properties": { "OBJECTID": 874.0, "codigo": "257360200000000240001000000000", "manzana_co": "25736020000000024", "numero_sub": 0.0, "codigo_ant": "25736020000240001000", "usuario_lo": null, "fecha_log": null, "globalid": "{C134E059-4A4A-4F8E-BB4B-D2E9C0815EB8}", "vereda_cod": null, "Shape_Leng": 171.899526788, "Shape_Area": 738.90540092799995, "DEPARTAMENTO": "25", "MUNICIPIO": "736", "NUMERO_PREDIAL": "0200000000240001000000000", "TIPO_DE_REGISTRO": "1", "NUMERO_DE_ORDEN": "001", "TOTAL_REGISTROS": "001", "NOMBRE": "MUNICIPIO DE SESQUILE", "TIPO_DOCUMENTO": "N", "NUMERO_DOCUMENTO": "999994152", "DIRECCION": "C 2C K 7", "COMUNA": null, "DESTINO": "P", "AREA DE TERRENO": "639.0", "AREA CONSTRUIDA": "0.0", "AVALUO 2026": "4.6760228E7", "AVALUO 2025": "4.539828E7", "VIGENCIA": "01012026", "NUMERO PREDIAL ANTERIOR": "020000240001000", "9.128221E7": "176-11917", "DESTINO_ECONOMICO": "PUBLICO" }, "geometry": { "type": "MultiPolygon", "coordinates": [ [ [ [ -73.805615608143967, 5.049257259947073 ], [ -73.805658650168226, 5.049177838135346 ], [ -73.805796506683706, 5.049298509413536 ], [ -73.805836095963272, 5.049335461620355 ], [ -73.80587525256928, 5.049372874835704 ], [ -73.805914407376974, 5.049410289856519 ], [ -73.806117045053085, 5.04960586178899 ], [ -73.806157312267715, 5.049644724878278 ], [ -73.806121348289068, 5.049725636304414 ], [ -73.80608206093018, 5.04968742312655 ], [ -73.80600488074991, 5.049612351738401 ], [ -73.805935152909584, 5.049555063290559 ], [ -73.805857046998284, 5.049480019918778 ], [ -73.805817890386876, 5.049442606702473 ], [ -73.80579667687671, 5.049422338120919 ], [ -73.80577873377996, 5.049405193483756 ], [ -73.805762239297493, 5.04938979612715 ], [ -73.805750653136471, 5.049378981639751 ], [ -73.805739146302216, 5.049368239465622 ], [ -73.805615608143967, 5.049257259947073 ] ] ] ] } },
{ "type": "Feature", "properties": { "OBJECTID": 875.0, "codigo": "257360200000000250001000000000", "manzana_co": "25736020000000025", "numero_sub": 0.0, "codigo_ant": "25736020000250001000", "usuario_lo": null, "fecha_log": null, "globalid": "{6D0EB29D-80E7-48F8-B319-A0854A23BE26}", "vereda_cod": null, "Shape_Leng": 258.19981238999998, "Shape_Area": 2633.0344650900001, "DEPARTAMENTO": "25", "MUNICIPIO": "736", "NUMERO_PREDIAL": "0200000000250001000000000", "TIPO_DE_REGISTRO": "1", "NUMERO_DE_ORDEN": "001", "TOTAL_REGISTROS": "001", "NOMBRE": "MUNICIPIO DE SESQUILE", "TIPO_DOCUMENTO": "N", "NUMERO_DOCUMENTO": "999994152", "DIRECCION": "C 2C 6 17 55 95", "COMUNA": null, "DESTINO": "P", "AREA DE TERRENO": "15257.0", "AREA CONSTRUIDA": "0.0", "AVALUO 2026": "1.11645615E9", "AVALUO 2025": "1.08393801E9", "VIGENCIA": "01012026", "NUMERO PREDIAL ANTERIOR": "020000250001000", "9.128221E7": "176-11917", "DESTINO_ECONOMICO": "PUBLICO" }, "geometry": { "type": "MultiPolygon", "coordinates": [ [ [ [ -73.805571965753231, 5.049336150251594 ], [ -73.805589078002313, 5.049304324401357 ], [ -73.805603406313537, 5.049316592378578 ], [ -73.805616499659109, 5.049327802771274 ], [ -73.805683683627919, 5.049385320885674 ], [ -73.80575607618087, 5.049453268489327 ], [ -73.805829301654171, 5.049520313949772 ], [ -73.805902038576889, 5.049587889112353 ], [ -73.805912037313291, 5.049597176877479 ], [ -73.805925183867259, 5.04960938972344 ], [ -73.806135226011293, 5.049811585561562 ], [ -73.806157877323088, 5.049832153313385 ], [ -73.806181999781813, 5.049854057055247 ], [ -73.806275547341158, 5.049939000032326 ], [ -73.806219831683393, 5.050046981782588 ], [ -73.806176129898645, 5.050131679888119 ], [ -73.805623965944918, 5.049660935881201 ], [ -73.805603945046016, 5.049642707452022 ], [ -73.805471861225996, 5.049522332550568 ], [ -73.805571965753231, 5.049336150251594 ] ] ] ] } },
{ "type": "Feature", "properties": { "OBJECTID": 879.0, "codigo": "257360200000000510001000000000", "manzana_co": "25736020000000051", "numero_sub": 0.0, "codigo_ant": "25736020000510001000", "usuario_lo": null, "fecha_log": null, "globalid": "{9B88D3DB-0E67-41DB-A56B-E96C8BDCBDE1}", "vereda_cod": null, "Shape_Leng": 176.340344053, "Shape_Area": 1625.44728708, "DEPARTAMENTO": "25", "MUNICIPIO": "736", "NUMERO_PREDIAL": "0200000000510001000000000", "TIPO_DE_REGISTRO": "1", "NUMERO_DE_ORDEN": "001", "TOTAL_REGISTROS": "001", "NOMBRE": "MUNICIPIO DE SESQUILE", "TIPO_DOCUMENTO": "N", "NUMERO_DOCUMENTO": "8999994152", "DIRECCION": "LOTE", "COMUNA": null, "DESTINO": "A", "AREA DE TERRENO": "1305.0", "AREA CONSTRUIDA": "0.0", "AVALUO 2026": "1.12876887E8", "AVALUO 2025": "1.09589211E8", "VIGENCIA": "01012026", "NUMERO PREDIAL ANTERIOR": "020000510001000", "9.128221E7": "176-11917", "DESTINO_ECONOMICO": "PUBLICO" }, "geometry": { "type": "MultiPolygon", "coordinates": [ [ [ [ -73.80697856389493, 5.053178493073213 ], [ -73.806958507528961, 5.053088789003956 ], [ -73.806947485654177, 5.05302263402629 ], [ -73.806939541259297, 5.052956128276707 ], [ -73.806944933580837, 5.052953832209472 ], [ -73.806999943911975, 5.052930405089515 ], [ -73.807102412429245, 5.052886765331636 ], [ -73.807234582695614, 5.052819751234631 ], [ -73.80731070794009, 5.052785854425396 ], [ -73.807363946032325, 5.052762414647008 ], [ -73.807418503805138, 5.052738396327233 ], [ -73.807445872035771, 5.052790552754099 ], [ -73.807459309137229, 5.052815123212938 ], [ -73.807478252332913, 5.052849757959706 ], [ -73.807530498953795, 5.052946899052485 ], [ -73.807448806591182, 5.052988614984056 ], [ -73.807347780410325, 5.053034867136512 ], [ -73.807168459978584, 5.053107632794086 ], [ -73.80706811339725, 5.053151187560371 ], [ -73.807062145865956, 5.053147127189869 ], [ -73.80697856389493, 5.053178493073213 ] ] ] ] } },
{ "type": "Feature", "properties": { "OBJECTID": 880.0, "codigo": "257360200000000500001000000000", "manzana_co": "25736020000000050", "numero_sub": 0.0, "codigo_ant": "25736020000500001000", "usuario_lo": null, "fecha_log": null, "globalid": "{FD9BA029-4BE4-44CA-ABEF-634A1D7F4523}", "vereda_cod": null, "Shape_Leng": 253.83258404099999, "Shape_Area": 4021.5970163299999, "DEPARTAMENTO": "25", "MUNICIPIO": "736", "NUMERO_PREDIAL": "0200000000500001000000000", "TIPO_DE_REGISTRO": "1", "NUMERO_DE_ORDEN": "001", "TOTAL_REGISTROS": "001", "NOMBRE": "MUNICIPIO DE SESQUILE", "TIPO_DOCUMENTO": "N", "NUMERO_DOCUMENTO": "999994152", "DIRECCION": "C 4 2A 33", "COMUNA": null, "DESTINO": "P", "AREA DE TERRENO": "3215.0", "AREA CONSTRUIDA": "0.0", "AVALUO 2026": "2.78040672E8", "AVALUO 2025": "2.699424E8", "VIGENCIA": "01012026", "NUMERO PREDIAL ANTERIOR": "020000500001000", "9.128221E7": "176-11917", "DESTINO_ECONOMICO": "PUBLICO" }, "geometry": { "type": "MultiPolygon", "coordinates": [ [ [ [ -73.807521063503899, 5.052992618258243 ], [ -73.807545767928119, 5.052981588091365 ], [ -73.807567754598182, 5.053031111445352 ], [ -73.807571688580822, 5.053039972624726 ], [ -73.807606393091334, 5.053118138656926 ], [ -73.807617151148719, 5.053142369276787 ], [ -73.807630983051638, 5.053220996646679 ], [ -73.807632429979023, 5.05322922059371 ], [ -73.807649566339506, 5.053239498021457 ], [ -73.807666469191346, 5.053303658818712 ], [ -73.807679324630399, 5.053368334921709 ], [ -73.807679504931059, 5.053369238850451 ], [ -73.807679503142694, 5.053370142782135 ], [ -73.80767929074301, 5.053503680608915 ], [ -73.807528887612108, 5.053543700070413 ], [ -73.807402895102484, 5.053576361110721 ], [ -73.807264535019456, 5.053613872815387 ], [ -73.807030183650866, 5.053673808877625 ], [ -73.807015238932649, 5.053621120735365 ], [ -73.806997150768069, 5.053497703603865 ], [ -73.806975009280904, 5.053341081506776 ], [ -73.806969516313501, 5.053243975826763 ], [ -73.807074285224715, 5.053193173284583 ], [ -73.807182795136242, 5.053147613471675 ], [ -73.807365234424452, 5.053068279793949 ], [ -73.807479641269566, 5.053011111548586 ], [ -73.807521063503899, 5.052992618258243 ] ] ] ] } },
{ "type": "Feature", "properties": { "OBJECTID": 881.0, "codigo": "257360200000000110001000000000", "manzana_co": "25736020000000011", "numero_sub": 0.0, "codigo_ant": "25736020000110001000", "usuario_lo": null, "fecha_log": null, "globalid": "{03AE0E09-FA74-4BE7-B523-789B98E23361}", "vereda_cod": null, "Shape_Leng": 302.21583665200001, "Shape_Area": 2952.3703073500001, "DEPARTAMENTO": "25", "MUNICIPIO": "736", "NUMERO_PREDIAL": "0200000000110001000000000", "TIPO_DE_REGISTRO": "1", "NUMERO_DE_ORDEN": "001", "TOTAL_REGISTROS": "001", "NOMBRE": "MUNICIPIO DE SESQUILE", "TIPO_DOCUMENTO": "N", "NUMERO_DOCUMENTO": "999994152", "DIRECCION": "C 4 2 13", "COMUNA": null, "DESTINO": "P", "AREA DE TERRENO": "2294.0", "AREA CONSTRUIDA": "0.0", "AVALUO 2026": "2.15512287E8", "AVALUO 2025": "2.0923523E8", "VIGENCIA": "01012026", "NUMERO PREDIAL ANTERIOR": "020000110001000", "9.128221E7": "176-11917", "DESTINO_ECONOMICO": "PUBLICO" }, "geometry": { "type": "MultiPolygon", "coordinates": [ [ [ [ -73.807084183385953, 5.054057818107893 ], [ -73.807068026095664, 5.053936593888888 ], [ -73.807061131314398, 5.053894676875369 ], [ -73.807058125651878, 5.053875464757783 ], [ -73.807054456472031, 5.053852012306896 ], [ -73.807041321351207, 5.053768049910995 ], [ -73.807032854293695, 5.053713930747427 ], [ -73.807283204171171, 5.053647092014225 ], [ -73.807424551625672, 5.053611030164999 ], [ -73.80756916214655, 5.053568756414609 ], [ -73.807670143650427, 5.053542963818052 ], [ -73.807663863870147, 5.053629875139525 ], [ -73.807661979578853, 5.053667442569175 ], [ -73.807658684096296, 5.053733154837261 ], [ -73.807539674175942, 5.053774155464989 ], [ -73.807487122803536, 5.053791575061587 ], [ -73.80734248885652, 5.053838090041147 ], [ -73.807343276795123, 5.053843728754448 ], [ -73.807344779648261, 5.053854479190034 ], [ -73.807346030072537, 5.053863421766289 ], [ -73.807354139346188, 5.053863154075898 ], [ -73.807354613723732, 5.053877609743322 ], [ -73.807375200473771, 5.053868418244444 ], [ -73.807423787292876, 5.053846726738336 ], [ -73.807490902000524, 5.053816762153115 ], [ -73.807548901541523, 5.053793985770565 ], [ -73.807656322793164, 5.053761091786706 ], [ -73.807642835599765, 5.05387534805942 ], [ -73.807640090210967, 5.05389861259222 ], [ -73.807632380846087, 5.053934897436005 ], [ -73.807612665310998, 5.054027690854647 ], [ -73.807613251587114, 5.054049376165236 ], [ -73.807566600658561, 5.054047350296234 ], [ -73.807543206749187, 5.054050357145544 ], [ -73.807543468192691, 5.054052145118172 ], [ -73.8075218428543, 5.054052754711872 ], [ -73.807352956003172, 5.054052480768745 ], [ -73.807341646639983, 5.054052462866662 ], [ -73.807309731448044, 5.054052443477334 ], [ -73.807274039256995, 5.054052422337116 ], [ -73.807262232307167, 5.054052644887187 ], [ -73.807084183385953, 5.054057818107893 ] ] ] ] } },
{ "type": "Feature", "properties": { "OBJECTID": 916.0, "codigo": "257360200000000120001000000000", "manzana_co": "25736020000000012", "numero_sub": 0.0, "codigo_ant": "25736020000120001000", "usuario_lo": null, "fecha_log": null, "globalid": "{3A81AEDD-7BE1-4616-9ED1-315EFFB5017E}", "vereda_cod": null, "Shape_Leng": 277.19923136599999, "Shape_Area": 3248.1457867700001, "DEPARTAMENTO": "25", "MUNICIPIO": "736", "NUMERO_PREDIAL": "0200000000120001000000000", "TIPO_DE_REGISTRO": "1", "NUMERO_DE_ORDEN": "001", "TOTAL_REGISTROS": "001", "NOMBRE": "MUNICIPIO DE SESQUILE", "TIPO_DOCUMENTO": "N", "NUMERO_DOCUMENTO": "999994152", "DIRECCION": "K 3 3 15", "COMUNA": null, "DESTINO": "P", "AREA DE TERRENO": "683.0", "AREA CONSTRUIDA": "0.0", "AVALUO 2026": "5.9067729E7", "AVALUO 2025": "5.734731E7", "VIGENCIA": "01012026", "NUMERO PREDIAL ANTERIOR": "020000120001000", "9.128221E7": "176-11917", "DESTINO_ECONOMICO": "PUBLICO" }, "geometry": { "type": "MultiPolygon", "coordinates": [ [ [ [ -73.807458248179728, 5.052069873137907 ], [ -73.807470583286218, 5.052066799575432 ], [ -73.807775135215635, 5.052322445557767 ], [ -73.807809618964626, 5.052351392504255 ], [ -73.807844013473911, 5.052380263520067 ], [ -73.807965135716458, 5.052481934857449 ], [ -73.807915657851979, 5.05257990379024 ], [ -73.807864179240269, 5.052704963584124 ], [ -73.80785224025945, 5.052733084190301 ], [ -73.80781775737627, 5.05281430391913 ], [ -73.807747727367882, 5.052943983096496 ], [ -73.807675145894848, 5.05304940078106 ], [ -73.807657135275861, 5.053046897180316 ], [ -73.807642901658625, 5.053044917798768 ], [ -73.807584640840545, 5.052958475746718 ], [ -73.807531434743382, 5.052839463142867 ], [ -73.80766383621804, 5.052690802230196 ], [ -73.80741502209176, 5.052482598179848 ], [ -73.807458248179728, 5.052069873137907 ] ] ] ] } },
{ "type": "Feature", "properties": { "OBJECTID": 918.0, "codigo": "257360200000000060001000000000", "manzana_co": "25736020000000006", "numero_sub": 0.0, "codigo_ant": "25736020000060001000", "usuario_lo": null, "fecha_log": null, "globalid": "{53F93DFD-DD16-4CE9-9608-7BD6B0F4B2D0}", "vereda_cod": null, "Shape_Leng": 411.46921130499999, "Shape_Area": 9412.9428723300007, "DEPARTAMENTO": "25", "MUNICIPIO": "736", "NUMERO_PREDIAL": "0200000000060001000000000", "TIPO_DE_REGISTRO": "1", "NUMERO_DE_ORDEN": "001", "TOTAL_REGISTROS": "001", "NOMBRE": "MUNICIPIO DE SESQUILE", "TIPO_DOCUMENTO": "N", "NUMERO_DOCUMENTO": "999994152", "DIRECCION": "C 3 2A 12 20 Mz 6", "COMUNA": null, "DESTINO": "P", "AREA DE TERRENO": "7519.0", "AREA CONSTRUIDA": "0.0", "AVALUO 2026": "7.20240766E8", "AVALUO 2025": "6.9926288E8", "VIGENCIA": "01012026", "NUMERO PREDIAL ANTERIOR": "020000060001000", "9.128221E7": "176-11917", "DESTINO_ECONOMICO": "PUBLICO" }, "geometry": { "type": "MultiPolygon", "coordinates": [ [ [ [ -73.807702179465437, 5.054038943363327 ], [ -73.807708731827461, 5.053973842100793 ], [ -73.807741673073309, 5.053596802638958 ], [ -73.807749757273598, 5.053495381376509 ], [ -73.807747159263201, 5.053378304190781 ], [ -73.807739405899625, 5.053312660799599 ], [ -73.807714958044016, 5.053247144228854 ], [ -73.807703531811242, 5.053209849097215 ], [ -73.807695972919532, 5.053185178212455 ], [ -73.807721581377578, 5.053111599569012 ], [ -73.807740400907718, 5.053078415932752 ], [ -73.807775449325433, 5.053016617171301 ], [ -73.807795000790605, 5.052982144514909 ], [ -73.807795456000235, 5.052981363510528 ], [ -73.807812333008883, 5.052952379570252 ], [ -73.807816877893387, 5.052944573142152 ], [ -73.807833772026811, 5.052915558467343 ], [ -73.807858468719687, 5.052873145588972 ], [ -73.807861650678916, 5.052867680365928 ], [ -73.807881851839582, 5.052819341384288 ], [ -73.807897884948204, 5.052780976452621 ], [ -73.807913661157485, 5.052743226198297 ], [ -73.807975262814239, 5.052617870647294 ], [ -73.807978462782614, 5.05261135957438 ], [ -73.808010724316858, 5.052572824431296 ], [ -73.808086448825421, 5.052675384159561 ], [ -73.808092053141337, 5.052682974379941 ], [ -73.808120286544138, 5.052720044144243 ], [ -73.808164729472281, 5.052811353150053 ], [ -73.808167324778836, 5.052816684495265 ], [ -73.808184254130595, 5.052846161421185 ], [ -73.808185288088438, 5.052847204540861 ], [ -73.80822763709395, 5.052889941713127 ], [ -73.808228010292382, 5.052890317742368 ], [ -73.808228911737785, 5.052891221658735 ], [ -73.80827173876537, 5.05294921085896 ], [ -73.808287731406523, 5.052970864269432 ], [ -73.808297714236247, 5.052993889950391 ], [ -73.808320873790848, 5.053047303780557 ], [ -73.808324835732847, 5.053056440654018 ], [ -73.808329460683737, 5.053092442365116 ], [ -73.808348545198456, 5.053164695103621 ], [ -73.808372960447414, 5.05321759818871 ], [ -73.808397116078638, 5.053269937223887 ], [ -73.80842422932102, 5.053323030989943 ], [ -73.808428270571042, 5.053330944841779 ], [ -73.808517298275717, 5.053469678727842 ], [ -73.808519588363282, 5.053495829430615 ], [ -73.808517939318421, 5.053528965785765 ], [ -73.808497811082987, 5.053570593996277 ], [ -73.808440797225444, 5.053667062570273 ], [ -73.808410113496564, 5.053724786367264 ], [ -73.808388678150465, 5.053765112935146 ], [ -73.80830901991213, 5.053838728686747 ], [ -73.808257992258334, 5.053872928002745 ], [ -73.80825360954799, 5.053875864951219 ], [ -73.808231993114447, 5.053869601072236 ], [ -73.808205999815087, 5.053892144664119 ], [ -73.80811665662371, 5.053969632095035 ], [ -73.808080749370745, 5.053992174040443 ], [ -73.808007945095625, 5.054037880750614 ], [ -73.807989916182436, 5.054021022725141 ], [ -73.807923778221294, 5.054026149112178 ], [ -73.807834351736346, 5.054029192311476 ], [ -73.80782837975444, 5.054029395793788 ], [ -73.807702179465437, 5.054038943363327 ] ] ] ] } },
{ "type": "Feature", "properties": { "OBJECTID": 934.0, "codigo": "257360100000000020001000000000", "manzana_co": "25736010000000002", "numero_sub": 0.0, "codigo_ant": "25736010000020001000", "usuario_lo": null, "fecha_log": null, "globalid": "{AC5DD28A-2B0F-43F5-8482-3CB3D266548E}", "vereda_cod": null, "Shape_Leng": 705.37150700300003, "Shape_Area": 30155.423011, "DEPARTAMENTO": "25", "MUNICIPIO": "736", "NUMERO_PREDIAL": "0100000000020001000000000", "TIPO_DE_REGISTRO": "1", "NUMERO_DE_ORDEN": "001", "TOTAL_REGISTROS": "001", "NOMBRE": "MUNICIPIO DE SESQUILE", "TIPO_DOCUMENTO": "N", "NUMERO_DOCUMENTO": "999994152", "DIRECCION": "K 7 8 89 C 8 8 16", "COMUNA": null, "DESTINO": "P", "AREA DE TERRENO": "30899.0", "AREA CONSTRUIDA": "16607.0", "AVALUO 2026": "6.142400942E9", "AVALUO 2025": "5.96349606E9", "VIGENCIA": "01012026", "NUMERO PREDIAL ANTERIOR": "010000020001000", "9.128221E7": "0.0", "DESTINO_ECONOMICO": "PUBLICO" }, "geometry": { "type": "MultiPolygon", "coordinates": [ [ [ [ -73.796997957262747, 5.0474969847048 ], [ -73.797101217064466, 5.047357441158917 ], [ -73.797732426814008, 5.047793335881966 ], [ -73.798649886748152, 5.048426903035635 ], [ -73.798605854126151, 5.048491977181805 ], [ -73.798303318911024, 5.048939089542603 ], [ -73.798053624731764, 5.049305543857836 ], [ -73.798038516872538, 5.04932751845867 ], [ -73.798030548343291, 5.049384010589342 ], [ -73.798027705252125, 5.049387519656055 ], [ -73.798024863963789, 5.049391026914888 ], [ -73.797966895184743, 5.049462594878814 ], [ -73.797966437261266, 5.049463160740634 ], [ -73.79794870985296, 5.049485046756964 ], [ -73.797804164413293, 5.049414458869892 ], [ -73.79779431363292, 5.049409975377022 ], [ -73.797766403690176, 5.049397275159492 ], [ -73.797676513526056, 5.049356363276138 ], [ -73.797653608300067, 5.049342198680718 ], [ -73.797445135639038, 5.04922941521696 ], [ -73.797243270495144, 5.04912072649669 ], [ -73.796918090533211, 5.048948744363051 ], [ -73.796686676875595, 5.048828584559756 ], [ -73.796437198764565, 5.048703190886828 ], [ -73.796548822353657, 5.048502491033781 ], [ -73.796717992859712, 5.048187850602379 ], [ -73.79677742380629, 5.048065241334109 ], [ -73.7968687290997, 5.047868961634493 ], [ -73.796933153896759, 5.047692116443768 ], [ -73.79696552403469, 5.04759482627444 ], [ -73.796997957262747, 5.0474969847048 ] ] ] ] } },
{ "type": "Feature", "properties": { "OBJECTID": 944.0, "codigo": "257360200000000030001000000000", "manzana_co": "25736020000000003", "numero_sub": 0.0, "codigo_ant": "25736020000030001000", "usuario_lo": null, "fecha_log": null, "globalid": "{740853CE-6454-48A2-A93E-752038E4B7BE}", "vereda_cod": null, "Shape_Leng": 925.18018349500005, "Shape_Area": 22915.731413099998, "DEPARTAMENTO": "25", "MUNICIPIO": "736", "NUMERO_PREDIAL": "0200000000030001000000000", "TIPO_DE_REGISTRO": "1", "NUMERO_DE_ORDEN": "001", "TOTAL_REGISTROS": "001", "NOMBRE": "MUNICIPIO DE SESQUILE", "TIPO_DOCUMENTO": "N", "NUMERO_DOCUMENTO": "999994152", "DIRECCION": "K 1 2 40", "COMUNA": null, "DESTINO": "P", "AREA DE TERRENO": "5333.0", "AREA CONSTRUIDA": "0.0", "AVALUO 2026": "4.93752408E8", "AVALUO 2025": "4.7937127E8", "VIGENCIA": "01012026", "NUMERO PREDIAL ANTERIOR": "020000030001000", "9.128221E7": "176-11917", "DESTINO_ECONOMICO": "PUBLICO" }, "geometry": { "type": "MultiPolygon", "coordinates": [ [ [ [ -73.808398538391174, 5.053787548348696 ], [ -73.80847208405001, 5.053664133289868 ], [ -73.808500595396183, 5.05361072851306 ], [ -73.80853928402631, 5.05356491658328 ], [ -73.808575809363177, 5.053527529331983 ], [ -73.808556152426902, 5.053456598159116 ], [ -73.808554849742521, 5.053449881969714 ], [ -73.808534798520697, 5.053409886055882 ], [ -73.808489774102966, 5.053320079421805 ], [ -73.808486311588183, 5.053313172540159 ], [ -73.808454995557256, 5.0532941814791 ], [ -73.808386042251286, 5.053126449110819 ], [ -73.808362964261278, 5.053046252690485 ], [ -73.808477757919235, 5.052843417482364 ], [ -73.808562824919676, 5.052788357522902 ], [ -73.808633215858492, 5.052740932417414 ], [ -73.808810183369488, 5.052621704308709 ], [ -73.808867450736784, 5.052595552539973 ], [ -73.809199002891262, 5.052447364984401 ], [ -73.809391384414184, 5.05236321440454 ], [ -73.80956270880634, 5.052295325899337 ], [ -73.809586272929366, 5.052287881573332 ], [ -73.809629228482621, 5.052274310027001 ], [ -73.809649461842923, 5.052267917034922 ], [ -73.809678998550766, 5.052245618281784 ], [ -73.809714084374718, 5.052219130601079 ], [ -73.809812028662407, 5.052146266390702 ], [ -73.809849109316929, 5.052118680386936 ], [ -73.809944224931328, 5.052047921468383 ], [ -73.809963942524192, 5.052034363010112 ], [ -73.810050401914665, 5.051974908815511 ], [ -73.810121533602398, 5.051925995661636 ], [ -73.810156699412502, 5.051980068155143 ], [ -73.810199789524262, 5.05207110225483 ], [ -73.810202562133782, 5.052107055178161 ], [ -73.810202629758521, 5.052107937414135 ], [ -73.810234314873938, 5.052192500492285 ], [ -73.810236777709548, 5.052199071122287 ], [ -73.810257484900433, 5.052267255177135 ], [ -73.810327097874378, 5.05249647186517 ], [ -73.810374246001629, 5.052663083596495 ], [ -73.810369513893775, 5.052682870756598 ], [ -73.810362753363918, 5.052692506805138 ], [ -73.810330951383619, 5.052715684256445 ], [ -73.810081356833365, 5.052836273735918 ], [ -73.809884036250068, 5.052916585617907 ], [ -73.809880600926761, 5.052917984067232 ], [ -73.809807630093701, 5.052961636346948 ], [ -73.809722544166348, 5.053012534768157 ], [ -73.809691539117679, 5.053041235195053 ], [ -73.809680791197636, 5.053079749217749 ], [ -73.809702565891996, 5.053066226885517 ], [ -73.809767707882827, 5.053025771071528 ], [ -73.809807101619086, 5.053089551726325 ], [ -73.809749625297798, 5.053125249099971 ], [ -73.809718969814924, 5.053144288299811 ], [ -73.809728462172799, 5.053159658570745 ], [ -73.809751451982606, 5.053145379622684 ], [ -73.809808389256546, 5.053110013098352 ], [ -73.809825477306731, 5.053137676690995 ], [ -73.809912724103398, 5.053278917926726 ], [ -73.80980543891134, 5.053345557858072 ], [ -73.809620187064894, 5.053408335862603 ], [ -73.809563036073769, 5.05329855626124 ], [ -73.809550501224592, 5.053274479376083 ], [ -73.809504633871015, 5.053186372219909 ], [ -73.809392760219595, 5.053244936444735 ], [ -73.809451162408408, 5.05335712049595 ], [ -73.809508316991582, 5.053466898299083 ], [ -73.809495475332753, 5.053473620177913 ], [ -73.809129317023135, 5.053634987840968 ], [ -73.808938215113287, 5.053718541722784 ], [ -73.808864586623059, 5.053741972956726 ], [ -73.808766177932952, 5.053774082367567 ], [ -73.808709928564795, 5.05377122694226 ], [ -73.808447506645294, 5.053932845475011 ], [ -73.808437230502292, 5.05394315047345 ], [ -73.808393513990524, 5.053903193833719 ], [ -73.808386307833942, 5.053896607911877 ], [ -73.808364907730265, 5.053889657045542 ], [ -73.808366106018724, 5.053853635349086 ], [ -73.808373055633751, 5.05382896693515 ], [ -73.808398538391174, 5.053787548348696 ] ], [ [ -73.809235475471823, 5.053172917717958 ], [ -73.809321440395181, 5.053124297252127 ], [ -73.809453669829324, 5.053049508890518 ], [ -73.809372561853891, 5.052905673192891 ], [ -73.809154500945027, 5.053029317013311 ], [ -73.809235475471823, 5.053172917717958 ] ] ] ] } },
{ "type": "Feature", "properties": { "OBJECTID": 973.0, "codigo": "257360100000000210019000000000", "manzana_co": "25736010000000021", "numero_sub": 0.0, "codigo_ant": "25736010000210019000", "usuario_lo": null, "fecha_log": null, "globalid": "{5A7EEBBD-8487-438D-8F64-591727097C99}", "vereda_cod": null, "Shape_Leng": 59.979005297800001, "Shape_Area": 186.38540903399999, "DEPARTAMENTO": "25", "MUNICIPIO": "736", "NUMERO_PREDIAL": "0100000000210019000000000", "TIPO_DE_REGISTRO": "1", "NUMERO_DE_ORDEN": "001", "TOTAL_REGISTROS": "001", "NOMBRE": "MUNICIPIO DE SESQUILE", "TIPO_DOCUMENTO": "N", "NUMERO_DOCUMENTO": "8999994152", "DIRECCION": "C 6 5 24", "COMUNA": null, "DESTINO": "C", "AREA DE TERRENO": "186.0", "AREA CONSTRUIDA": "155.0", "AVALUO 2026": "1.56606875E8", "AVALUO 2025": "1.5204551E8", "VIGENCIA": "01012026", "NUMERO PREDIAL ANTERIOR": "010000210019000", "9.128221E7": "0.0", "DESTINO_ECONOMICO": "PUBLICO" }, "geometry": { "type": "MultiPolygon", "coordinates": [ [ [ [ -73.796196470261592, 5.044950120636606 ], [ -73.796202498968654, 5.044940257845075 ], [ -73.796274428553602, 5.04498242637734 ], [ -73.796367344074739, 5.045036897442758 ], [ -73.796359275452758, 5.045050189750722 ], [ -73.79632864876001, 5.045100644476297 ], [ -73.796327526490316, 5.045102493015481 ], [ -73.796325087243844, 5.045106510989408 ], [ -73.796319231628232, 5.045102911524468 ], [ -73.796311552442774, 5.045098192085302 ], [ -73.79630387235602, 5.04509347083817 ], [ -73.796296194072198, 5.045088751398825 ], [ -73.796288516689899, 5.045084031959379 ], [ -73.796280836603472, 5.045079311615887 ], [ -73.796273156517159, 5.045074591272335 ], [ -73.796267921979506, 5.045071373267088 ], [ -73.796215685677538, 5.045039265527102 ], [ -73.796162108971558, 5.045006331586932 ], [ -73.796196470261592, 5.044950120636606 ] ] ] ] } },
{ "type": "Feature", "properties": { "OBJECTID": 976.0, "codigo": "257360100000000210018000000000", "manzana_co": "25736010000000021", "numero_sub": 0.0, "codigo_ant": "25736010000210018000", "usuario_lo": null, "fecha_log": null, "globalid": "{9A0F789C-C8D8-46AB-BDB4-6F8CF5256748}", "vereda_cod": null, "Shape_Leng": 92.132162886000003, "Shape_Area": 362.020939709, "DEPARTAMENTO": "25", "MUNICIPIO": "736", "NUMERO_PREDIAL": "0100000000210018000000000", "TIPO_DE_REGISTRO": "1", "NUMERO_DE_ORDEN": "001", "TOTAL_REGISTROS": "001", "NOMBRE": "MUNICIPIO DE SESQUILE", "TIPO_DOCUMENTO": "N", "NUMERO_DOCUMENTO": "8999994152", "DIRECCION": "C 6 5 08", "COMUNA": null, "DESTINO": "I", "AREA DE TERRENO": "346.0", "AREA CONSTRUIDA": "472.0", "AVALUO 2026": "4.12425936E8", "AVALUO 2025": "4.0041353E8", "VIGENCIA": "01012026", "NUMERO PREDIAL ANTERIOR": "010000210018000", "9.128221E7": "0.0", "DESTINO_ECONOMICO": "PUBLICO" }, "geometry": { "type": "MultiPolygon", "coordinates": [ [ [ [ -73.795984130862536, 5.045049736274274 ], [ -73.796004367788584, 5.04501662167119 ], [ -73.796013113348693, 5.045021996466639 ], [ -73.796019729758939, 5.045026062364609 ], [ -73.796025376266428, 5.045016822383131 ], [ -73.796010019704752, 5.045007381689853 ], [ -73.796028376262001, 5.044977349490259 ], [ -73.796043733724673, 5.044986790183115 ], [ -73.796052206189117, 5.044972929306597 ], [ -73.796036849628067, 5.044963488613956 ], [ -73.796051275082249, 5.044939887881985 ], [ -73.796042412338579, 5.044934440772299 ], [ -73.79608354601622, 5.044867143115239 ], [ -73.796139224814112, 5.044901366072432 ], [ -73.796202498968654, 5.044940257845075 ], [ -73.796196470261592, 5.044950120636606 ], [ -73.796162108971558, 5.045006331586932 ], [ -73.796215685677538, 5.045039265527102 ], [ -73.796197361580923, 5.045067583877095 ], [ -73.796189209124222, 5.045080184674886 ], [ -73.796068763273638, 5.045077200593015 ], [ -73.796027135728352, 5.045076170035413 ], [ -73.795992871014406, 5.045055107454236 ], [ -73.795984130862536, 5.045049736274274 ] ] ] ] } },
{ "type": "Feature", "properties": { "OBJECTID": 1055.0, "codigo": "257360000000000040366000000000", "manzana_co": null, "numero_sub": 0.0, "codigo_ant": "25736000000040366000", "usuario_lo": null, "fecha_log": null, "globalid": "{B8FB3E32-E004-4593-952A-C8BF45F1E478}", "vereda_cod": "25736000000000004", "Shape_Leng": 241.05282825800001, "Shape_Area": 3604.14540717, "DEPARTAMENTO": "25", "MUNICIPIO": "736", "NUMERO_PREDIAL": "0000000000040366000000000", "TIPO_DE_REGISTRO": "1", "NUMERO_DE_ORDEN": "001", "TOTAL_REGISTROS": "001", "NOMBRE": "MUNICIPIO DE SESQUILE", "TIPO_DOCUMENTO": "N", "NUMERO_DOCUMENTO": "999994152", "DIRECCION": "LA JORLA", "COMUNA": null, "DESTINO": "P", "AREA DE TERRENO": "3601.0", "AREA CONSTRUIDA": "1006.0", "AVALUO 2026": "2.64762448E8", "AVALUO 2025": "2.5705092E8", "VIGENCIA": "01012026", "NUMERO PREDIAL ANTERIOR": "000000040366000", "9.128221E7": "176-53103", "DESTINO_ECONOMICO": "PUBLICO" }, "geometry": { "type": "MultiPolygon", "coordinates": [ [ [ [ -73.782186356686395, 5.053815369599977 ], [ -73.781944161954897, 5.053507556608778 ], [ -73.781860717316164, 5.053401504484523 ], [ -73.782277281864651, 5.053102319109199 ], [ -73.782635889260405, 5.05355317260247 ], [ -73.782574938207048, 5.0535936506251 ], [ -73.782398319502732, 5.053716072260953 ], [ -73.782301893782389, 5.053786847627147 ], [ -73.782213583971796, 5.05384997278665 ], [ -73.782186356686395, 5.053815369599977 ] ] ] ] } },
{ "type": "Feature", "properties": { "OBJECTID": 1146.0, "codigo": "257360000000000040030000000000", "manzana_co": null, "numero_sub": 0.0, "codigo_ant": "25736000000040030000", "usuario_lo": null, "fecha_log": null, "globalid": "{0BE36E75-104D-47DC-B36D-0BF4DCAA4DA5}", "vereda_cod": "25736000000000004", "Shape_Leng": 294.78859417299998, "Shape_Area": 5081.73124379, "DEPARTAMENTO": "25", "MUNICIPIO": "736", "NUMERO_PREDIAL": "0000000000040030000000000", "TIPO_DE_REGISTRO": "1", "NUMERO_DE_ORDEN": "001", "TOTAL_REGISTROS": "001", "NOMBRE": "MUNICIPIO DE SESQUILE", "TIPO_DOCUMENTO": "N", "NUMERO_DOCUMENTO": "8999994152", "DIRECCION": "ESCUELA", "COMUNA": null, "DESTINO": "I", "AREA DE TERRENO": "5099.0", "AREA CONSTRUIDA": "856.0", "AVALUO 2026": "5.44420992E8", "AVALUO 2025": "5.2856407E8", "VIGENCIA": "01012026", "NUMERO PREDIAL ANTERIOR": "000000040030000", "9.128221E7": "176-59948", "DESTINO_ECONOMICO": "PUBLICO" }, "geometry": { "type": "MultiPolygon", "coordinates": [ [ [ [ -73.77596632694501, 5.058985738278671 ], [ -73.776072153503947, 5.058922715347198 ], [ -73.776204772500904, 5.05884559708278 ], [ -73.776377106511063, 5.058738969580085 ], [ -73.776771507181707, 5.05924884660668 ], [ -73.776869889115403, 5.059376033139481 ], [ -73.77687000537702, 5.059376184209271 ], [ -73.776705067453108, 5.059553817132526 ], [ -73.776496505136251, 5.05969249387724 ], [ -73.77596632694501, 5.058985738278671 ] ] ] ] } },
{ "type": "Feature", "properties": { "OBJECTID": 1212.0, "codigo": "257360000000000050136000000000", "manzana_co": null, "numero_sub": 0.0, "codigo_ant": "25736000000050136000", "usuario_lo": null, "fecha_log": null, "globalid": "{109EEAA9-1A6D-4255-8236-3D4BF7DDF934}", "vereda_cod": "25736000000000005", "Shape_Leng": 864.21044175700001, "Shape_Area": 44508.490807800001, "DEPARTAMENTO": "25", "MUNICIPIO": "736", "NUMERO_PREDIAL": "0000000000050136000000000", "TIPO_DE_REGISTRO": "1", "NUMERO_DE_ORDEN": "001", "TOTAL_REGISTROS": "001", "NOMBRE": "MUNICIPIO DE SESQUILE", "TIPO_DOCUMENTO": "N", "NUMERO_DOCUMENTO": "8999994152", "DIRECCION": "EL SOCORRO", "COMUNA": null, "DESTINO": "D2", "AREA DE TERRENO": "44474.0", "AREA CONSTRUIDA": "0.0", "AVALUO 2026": "1.80516379E8", "AVALUO 2025": "1.7525862E8", "VIGENCIA": "01012026", "NUMERO PREDIAL ANTERIOR": "000000050136000", "9.128221E7": "176-14986", "DESTINO_ECONOMICO": "PUBLICO" }, "geometry": { "type": "MultiPolygon", "coordinates": [ [ [ [ -73.777742936363992, 5.04269423042313 ], [ -73.777737138479949, 5.042628254583442 ], [ -73.777730245113261, 5.042538318248743 ], [ -73.777699653891048, 5.042446953966891 ], [ -73.778356576001173, 5.041479581677884 ], [ -73.780332949080645, 5.042651742599658 ], [ -73.780329311214743, 5.042780941882801 ], [ -73.780350700227999, 5.042967575752211 ], [ -73.780364933356225, 5.043147025404108 ], [ -73.78032911050839, 5.043222376846532 ], [ -73.780207335919997, 5.04342329989772 ], [ -73.780124963285303, 5.043548872228742 ], [ -73.779967330597671, 5.043904101756758 ], [ -73.779859885205553, 5.044072731051471 ], [ -73.777742936363992, 5.04269423042313 ] ] ] ] } },
{ "type": "Feature", "properties": { "OBJECTID": 1306.0, "codigo": "257360000000000030332000000000", "manzana_co": null, "numero_sub": 0.0, "codigo_ant": "25736000000030332000", "usuario_lo": null, "fecha_log": null, "globalid": "{7B8037B1-DBA8-4820-B8A3-997487606DBB}", "vereda_cod": "25736000000000003", "Shape_Leng": 159.80958642300001, "Shape_Area": 1528.9197981699999, "DEPARTAMENTO": "25", "MUNICIPIO": "736", "NUMERO_PREDIAL": "0000000000030332000000000", "TIPO_DE_REGISTRO": "1", "NUMERO_DE_ORDEN": "001", "TOTAL_REGISTROS": "001", "NOMBRE": "MUNICIPIO DE SESQUILE", "TIPO_DOCUMENTO": "N", "NUMERO_DOCUMENTO": "8999994152", "DIRECCION": "EL ALTICO", "COMUNA": null, "DESTINO": "I", "AREA DE TERRENO": "992.0", "AREA CONSTRUIDA": "118.0", "AVALUO 2026": "6.0915817E7", "AVALUO 2025": "5.914157E7", "VIGENCIA": "01012026", "NUMERO PREDIAL ANTERIOR": "000000030332000", "9.128221E7": "176-32617", "DESTINO_ECONOMICO": "PUBLICO" }, "geometry": { "type": "MultiPolygon", "coordinates": [ [ [ [ -73.792069002629646, 5.053358791687083 ], [ -73.792109380468688, 5.053320851969048 ], [ -73.792300711306368, 5.053508984601596 ], [ -73.792294193107068, 5.053517435018937 ], [ -73.792284806501883, 5.053529606223935 ], [ -73.792183118266124, 5.053632921608382 ], [ -73.792117230107635, 5.053715436020449 ], [ -73.792096087858638, 5.053741913309868 ], [ -73.792085717039697, 5.053754901554663 ], [ -73.79201107888683, 5.053826962152981 ], [ -73.791890376585286, 5.053715660805507 ], [ -73.791861686109058, 5.053689206793779 ], [ -73.791788004746223, 5.053621263226722 ], [ -73.791898134048964, 5.053519344227736 ], [ -73.791898833220657, 5.053518688022591 ], [ -73.792049773152456, 5.053376859940093 ], [ -73.792069002629646, 5.053358791687083 ] ] ] ] } },
{ "type": "Feature", "properties": { "OBJECTID": 1352.0, "codigo": "257360000000000090025000000000", "manzana_co": null, "numero_sub": 0.0, "codigo_ant": "25736000000090025000", "usuario_lo": null, "fecha_log": null, "globalid": "{D3E53ACE-6C9C-4C95-A15E-412A28AB12C5}", "vereda_cod": "25736000000000009", "Shape_Leng": 247.36458018, "Shape_Area": 3395.4626297200002, "DEPARTAMENTO": "25", "MUNICIPIO": "736", "NUMERO_PREDIAL": "0000000000090025000000000", "TIPO_DE_REGISTRO": "1", "NUMERO_DE_ORDEN": "001", "TOTAL_REGISTROS": "001", "NOMBRE": "MUNICIPIO DE SESQUILE", "TIPO_DOCUMENTO": "N", "NUMERO_DOCUMENTO": "8999994152", "DIRECCION": "ESCUELA CHALECHE", "COMUNA": null, "DESTINO": "I", "AREA DE TERRENO": "3393.0", "AREA CONSTRUIDA": "1394.0", "AVALUO 2026": "2.75347047E8", "AVALUO 2025": "2.6732723E8", "VIGENCIA": "01012026", "NUMERO PREDIAL ANTERIOR": "000000090025000", "9.128221E7": "0.0", "DESTINO_ECONOMICO": "PUBLICO" }, "geometry": { "type": "MultiPolygon", "coordinates": [ [ [ [ -73.80854720441701, 4.985378278351313 ], [ -73.808579875336193, 4.985292203211421 ], [ -73.808956320538215, 4.985388307797901 ], [ -73.808886149434784, 4.985560130598973 ], [ -73.80877008628174, 4.985845759550077 ], [ -73.808717050817293, 4.98602661958087 ], [ -73.808701835099399, 4.986067814665885 ], [ -73.808461489893844, 4.986006349340684 ], [ -73.808320746851848, 4.985969206746654 ], [ -73.808382840506354, 4.985811319452811 ], [ -73.808443844233594, 4.98565059584807 ], [ -73.80854720441701, 4.985378278351313 ] ] ] ] } },
{ "type": "Feature", "properties": { "OBJECTID": 1429.0, "codigo": "257360000000000050148000000000", "manzana_co": null, "numero_sub": 0.0, "codigo_ant": "25736000000050148000", "usuario_lo": null, "fecha_log": null, "globalid": "{B36EECE7-67AC-4C70-9160-CE528D67947F}", "vereda_cod": "25736000000000005", "Shape_Leng": 1156.67174105, "Shape_Area": 60071.642756599998, "DEPARTAMENTO": "25", "MUNICIPIO": "736", "NUMERO_PREDIAL": "0000000000050148000000000", "TIPO_DE_REGISTRO": "1", "NUMERO_DE_ORDEN": "001", "TOTAL_REGISTROS": "001", "NOMBRE": "MUNICIPIO DE SESQUILE", "TIPO_DOCUMENTO": "N", "NUMERO_DOCUMENTO": "8999994152", "DIRECCION": "EL RESGUARDO", "COMUNA": null, "DESTINO": "D2", "AREA DE TERRENO": "60026.0", "AREA CONSTRUIDA": "0.0", "AVALUO 2026": "2.25562193E8", "AVALUO 2025": "2.1899242E8", "VIGENCIA": "01012026", "NUMERO PREDIAL ANTERIOR": "000000050148000", "9.128221E7": "176-98552", "DESTINO_ECONOMICO": "PUBLICO" }, "geometry": { "type": "MultiPolygon", "coordinates": [ [ [ [ -73.768236712821007, 5.045980668966789 ], [ -73.769007574386336, 5.045247543619619 ], [ -73.769654242474772, 5.044086953803267 ], [ -73.770004056389553, 5.043459131423571 ], [ -73.77003558005606, 5.043515632586998 ], [ -73.770069013340205, 5.043582437187262 ], [ -73.770073530606879, 5.043595225029379 ], [ -73.770101839167339, 5.043675379896809 ], [ -73.77018116468048, 5.043818490893579 ], [ -73.770254547246708, 5.043960337592836 ], [ -73.770331080283498, 5.044112519959239 ], [ -73.770446639303543, 5.044314654550938 ], [ -73.770501020652134, 5.044473962156733 ], [ -73.770503550848531, 5.044637476418437 ], [ -73.770481452519164, 5.044782259409659 ], [ -73.770468495740332, 5.044870770264366 ], [ -73.770463594203832, 5.044904248247181 ], [ -73.770460480360214, 5.044986808122401 ], [ -73.770469788798238, 5.045076273572927 ], [ -73.770500614564, 5.045223053819035 ], [ -73.770507556007956, 5.045304516120242 ], [ -73.770509272796957, 5.045375918479406 ], [ -73.770508563700517, 5.045558865224542 ], [ -73.770502747435856, 5.045750380381222 ], [ -73.770499628546119, 5.04580145209677 ], [ -73.770492170305332, 5.045923546220588 ], [ -73.77047990672115, 5.04607396032107 ], [ -73.770426118427054, 5.046185568141172 ], [ -73.77040655925714, 5.046211747026963 ], [ -73.770542538460958, 5.046314014647908 ], [ -73.770759476600404, 5.046279391629904 ], [ -73.770478710940949, 5.046574738161276 ], [ -73.770379925340535, 5.046821617691307 ], [ -73.769984350791347, 5.046813977387705 ], [ -73.769978047177233, 5.046831649582881 ], [ -73.769903984054665, 5.046962528035485 ], [ -73.769818070988521, 5.047140577478002 ], [ -73.769712641772301, 5.047335563980474 ], [ -73.769589086050289, 5.047555067013371 ], [ -73.769570816528031, 5.047533047119236 ], [ -73.769473584215731, 5.047426196663851 ], [ -73.769351540472769, 5.047304059220043 ], [ -73.769259027342613, 5.047227522649257 ], [ -73.769231489055329, 5.047194749097011 ], [ -73.769134311499641, 5.0470791062473 ], [ -73.769049282105144, 5.046945620353219 ], [ -73.768973392774228, 5.046822447654265 ], [ -73.768942551322212, 5.04676675519686 ], [ -73.768892236196692, 5.0466611197058 ], [ -73.768811534014063, 5.04653442793485 ], [ -73.768741254996229, 5.046464068192975 ], [ -73.768612754333105, 5.046402162059622 ], [ -73.768503787253721, 5.046358849180183 ], [ -73.768414461844145, 5.046309595427041 ], [ -73.76832898576464, 5.046228711564435 ], [ -73.768287752932238, 5.046122257455736 ], [ -73.768244836344138, 5.046029466307259 ], [ -73.768236712821007, 5.045980668966789 ] ] ] ] } },
{ "type": "Feature", "properties": { "OBJECTID": 1450.0, "codigo": "257360000000000070485000000000", "manzana_co": null, "numero_sub": 0.0, "codigo_ant": "25736000000070485000", "usuario_lo": null, "fecha_log": null, "globalid": "{53ACD989-4EA7-4493-8A84-1D8B54DBFF9C}", "vereda_cod": "25736000000000007", "Shape_Leng": 1567.2356501100001, "Shape_Area": 80787.679976800006, "DEPARTAMENTO": "25", "MUNICIPIO": "736", "NUMERO_PREDIAL": "0000000000070485000000000", "TIPO_DE_REGISTRO": "1", "NUMERO_DE_ORDEN": "001", "TOTAL_REGISTROS": "001", "NOMBRE": "MUNICIPIO DE SESQUILE", "TIPO_DOCUMENTO": "N", "NUMERO_DOCUMENTO": "999994152", "DIRECCION": "Lo 1", "COMUNA": null, "DESTINO": "P", "AREA DE TERRENO": "83600.0", "AREA CONSTRUIDA": "0.0", "AVALUO 2026": "7.2109373E7", "AVALUO 2025": "7.00091E7", "VIGENCIA": "01012026", "NUMERO PREDIAL ANTERIOR": "000000070485000", "9.128221E7": "176-114560", "DESTINO_ECONOMICO": "PUBLICO" }, "geometry": { "type": "MultiPolygon", "coordinates": [ [ [ [ -73.727560478935871, 4.969823396691427 ], [ -73.727650838057968, 4.969807116872619 ], [ -73.727722421506343, 4.969779400542121 ], [ -73.727789250275634, 4.969722970645242 ], [ -73.727829356050833, 4.969672268779071 ], [ -73.727874226370403, 4.969634969125623 ], [ -73.727953449634498, 4.969598642602793 ], [ -73.72824266970386, 4.969451413714323 ], [ -73.728469851230329, 4.969325203607455 ], [ -73.728756218458884, 4.969156917600762 ], [ -73.729157147013481, 4.968896814833121 ], [ -73.729712590264654, 4.968550030774671 ], [ -73.729802008243396, 4.968636211047086 ], [ -73.730127473075839, 4.968973738662648 ], [ -73.730141763552908, 4.969016811851459 ], [ -73.730163192580065, 4.969099368068157 ], [ -73.730234716245349, 4.969185538865452 ], [ -73.730359885859301, 4.969336338198431 ], [ -73.730459986755065, 4.969519425375459 ], [ -73.730825601966345, 4.970256734663288 ], [ -73.730897108571043, 4.970379393287141 ], [ -73.730980512761519, 4.970558879803649 ], [ -73.731028187873505, 4.970630683376476 ], [ -73.731099722673008, 4.970699508107961 ], [ -73.731159304998769, 4.970813188128545 ], [ -73.731233798880623, 4.970923884602085 ], [ -73.731290412584187, 4.971010646108938 ], [ -73.731367932938284, 4.97103760194925 ], [ -73.731427552799289, 4.971079503448843 ], [ -73.731478212273757, 4.971148317185997 ], [ -73.731579539054493, 4.971270991398689 ], [ -73.731674899119199, 4.971399643408565 ], [ -73.731743418598057, 4.971531272704036 ], [ -73.731808974095969, 4.971627009369678 ], [ -73.731862624165075, 4.971680871394073 ], [ -73.731919238012438, 4.97176763285519 ], [ -73.731954984474797, 4.97184241968366 ], [ -73.731999689772408, 4.97189328563486 ], [ -73.73205037274063, 4.971917237769906 ], [ -73.732080163130888, 4.971974078649005 ], [ -73.732118901691479, 4.972030922407175 ], [ -73.732181491704083, 4.972093759600252 ], [ -73.732226181459325, 4.972174533851272 ], [ -73.732352942714201, 4.972342460854196 ], [ -73.73232286043023, 4.972385510768568 ], [ -73.732292067075164, 4.972419229896442 ], [ -73.73224552539574, 4.972459400985171 ], [ -73.732207565321616, 4.972514350773849 ], [ -73.73218011435597, 4.972543049247945 ], [ -73.732131180294701, 4.972599248429006 ], [ -73.732089399450842, 4.972656648628023 ], [ -73.732069109604836, 4.972681760838423 ], [ -73.732046432134979, 4.972706871796574 ], [ -73.731931865159211, 4.972812084969783 ], [ -73.73171424193049, 4.972984287739006 ], [ -73.73163221464317, 4.972905767233958 ], [ -73.731584521836226, 4.972867460205753 ], [ -73.731548290235168, 4.972810019096771 ], [ -73.731536871990471, 4.972746848803025 ], [ -73.731531171554693, 4.97269516592881 ], [ -73.73152929558843, 4.972633914110816 ], [ -73.73151786036432, 4.97260328359561 ], [ -73.73149687787199, 4.972580303744098 ], [ -73.731447282157703, 4.972532426566019 ], [ -73.731412953522678, 4.972484555592977 ], [ -73.731399611567781, 4.972448181865838 ], [ -73.731386272417538, 4.972409892864565 ], [ -73.731390112071225, 4.972367785950635 ], [ -73.731382495720695, 4.972331415229861 ], [ -73.731353899696188, 4.972270149379859 ], [ -73.731321487812167, 4.972208881524745 ], [ -73.731298604402895, 4.972172502784722 ], [ -73.731228013464289, 4.972122699289504 ], [ -73.73107536822387, 4.972049883831677 ], [ -73.730994689153491, 4.972014431437885 ], [ -73.730940305575288, 4.971994304211758 ], [ -73.730864445454387, 4.971985651913857 ], [ -73.73081291432284, 4.971987060817043 ], [ -73.73076996618228, 4.971997086639933 ], [ -73.730732744690812, 4.972008551476984 ], [ -73.730675467683696, 4.972048716802979 ], [ -73.730596719073972, 4.972087434819112 ], [ -73.730444969069268, 4.972130422404599 ], [ -73.730370522003113, 4.972157658239941 ], [ -73.730350485263557, 4.972150469474621 ], [ -73.730333319742499, 4.972128927604104 ], [ -73.730320457743758, 4.972088725370293 ], [ -73.730311926630279, 4.971981054920022 ], [ -73.730284749288757, 4.971945151349611 ], [ -73.7302275276068, 4.971876214704025 ], [ -73.730200360049963, 4.971821648506215 ], [ -73.73018035219846, 4.971762779875771 ], [ -73.730133152438313, 4.971692412499547 ], [ -73.730127455423229, 4.971637859421666 ], [ -73.730117461655681, 4.971589046287888 ], [ -73.730106042810561, 4.971527310173313 ], [ -73.730100348806772, 4.97146701488831 ], [ -73.730081773275685, 4.971403838997642 ], [ -73.73004888767791, 4.971334915164753 ], [ -73.729981643727044, 4.97127171542812 ], [ -73.729884343295751, 4.971205629637857 ], [ -73.729848576720514, 4.971169721523474 ], [ -73.72983571130132, 4.971139567693037 ], [ -73.729834305043099, 4.971090759084799 ], [ -73.729847209599185, 4.971046262418633 ], [ -73.729850086842049, 4.971020424902495 ], [ -73.729842943705734, 4.970993144289563 ], [ -73.729818629370655, 4.970958678217409 ], [ -73.729765689810748, 4.970915584638972 ], [ -73.729698442916941, 4.970858127084222 ], [ -73.72965409943258, 4.970802117611589 ], [ -73.729635504379587, 4.970776266959192 ], [ -73.729612623119408, 4.970736059428351 ], [ -73.729585445864089, 4.970700155834011 ], [ -73.729539671305716, 4.970642709595438 ], [ -73.729528237459334, 4.970609686315896 ], [ -73.729502504113341, 4.970550814647724 ], [ -73.729485345895768, 4.970512046138036 ], [ -73.729459598242983, 4.970480449497977 ], [ -73.729428123958272, 4.970447415638364 ], [ -73.729306492835391, 4.970378444920741 ], [ -73.729202029898161, 4.970322401862972 ], [ -73.729127608636944, 4.970300829719452 ], [ -73.728995933529689, 4.970272049097593 ], [ -73.728954425921714, 4.97026915695844 ], [ -73.728905765120118, 4.970254774810615 ], [ -73.728758362037055, 4.970197274788314 ], [ -73.728685380665553, 4.970157040730765 ], [ -73.728560887499924, 4.970085196361953 ], [ -73.728513659322573, 4.970069380749246 ], [ -73.728422056089386, 4.970057847847126 ], [ -73.728311842008694, 4.970050611281006 ], [ -73.728157248335378, 4.970056273414282 ], [ -73.7280556318523, 4.970033248933412 ], [ -73.727954017355131, 4.970003049844168 ], [ -73.727883895210397, 4.969971429624966 ], [ -73.727799457000089, 4.969945545822794 ], [ -73.727713580138754, 4.96993257985705 ], [ -73.727654896297679, 4.969925370514864 ], [ -73.727620551158836, 4.969909561675144 ], [ -73.72760481535795, 4.969892326704202 ], [ -73.727600535257508, 4.969866483596441 ], [ -73.727586230256591, 4.969847815188963 ], [ -73.727560478935871, 4.969823396691427 ] ] ] ] } },
{ "type": "Feature", "properties": { "OBJECTID": 1518.0, "codigo": "257360000000000040448000000000", "manzana_co": null, "numero_sub": 0.0, "codigo_ant": "25736000000040448000", "usuario_lo": null, "fecha_log": null, "globalid": "{86973B0C-3026-49A8-81C1-ED980693AA52}", "vereda_cod": "25736000000000004", "Shape_Leng": 29.1948195469, "Shape_Area": 45.8932037338, "DEPARTAMENTO": "25", "MUNICIPIO": "736", "NUMERO_PREDIAL": "0000000000040448000000000", "TIPO_DE_REGISTRO": "1", "NUMERO_DE_ORDEN": "001", "TOTAL_REGISTROS": "001", "NOMBRE": "MUNICIPIO DE SESQUILE", "TIPO_DOCUMENTO": "N", "NUMERO_DOCUMENTO": "8999994152", "DIRECCION": "Lo", "COMUNA": null, "DESTINO": "I", "AREA DE TERRENO": "46.0", "AREA CONSTRUIDA": "3.0", "AVALUO 2026": "1529818.0", "AVALUO 2025": "1485260.0", "VIGENCIA": "01012026", "NUMERO PREDIAL ANTERIOR": "000000040448000", "9.128221E7": "176-86064", "DESTINO_ECONOMICO": "PUBLICO" }, "geometry": { "type": "MultiPolygon", "coordinates": [ [ [ [ -73.785433618968057, 5.052540100162631 ], [ -73.785443041893814, 5.052521568321644 ], [ -73.785446755476187, 5.052523506072753 ], [ -73.785523289173128, 5.052563450342074 ], [ -73.785503090285388, 5.052601322754543 ], [ -73.785498898949783, 5.052598953443601 ], [ -73.785485137593241, 5.052591174899273 ], [ -73.78546059272125, 5.052577302029105 ], [ -73.785459241288279, 5.052576538202181 ], [ -73.785429163408381, 5.052559891199258 ], [ -73.785424787231079, 5.052557469355992 ], [ -73.785433618968057, 5.052540100162631 ] ] ] ] } },
{ "type": "Feature", "properties": { "OBJECTID": 1688.0, "codigo": "257360000000000050016000000000", "manzana_co": null, "numero_sub": 0.0, "codigo_ant": "25736000000050016000", "usuario_lo": null, "fecha_log": null, "globalid": "{367A9A33-9294-48D0-8488-8205AEB0BD0C}", "vereda_cod": "25736000000000005", "Shape_Leng": 417.473948415, "Shape_Area": 11499.589317100001, "DEPARTAMENTO": "25", "MUNICIPIO": "736", "NUMERO_PREDIAL": "0000000000050016000000000", "TIPO_DE_REGISTRO": "1", "NUMERO_DE_ORDEN": "001", "TOTAL_REGISTROS": "001", "NOMBRE": "MUNICIPIO DE SESQUILE", "TIPO_DOCUMENTO": "N", "NUMERO_DOCUMENTO": "8999994152", "DIRECCION": "EL CARMEN", "COMUNA": null, "DESTINO": "D2", "AREA DE TERRENO": "11491.0", "AREA CONSTRUIDA": "0.0", "AVALUO 2026": "4.8810948E7", "AVALUO 2025": "4.738927E7", "VIGENCIA": "01012026", "NUMERO PREDIAL ANTERIOR": "000000050016000", "9.128221E7": "176-104389", "DESTINO_ECONOMICO": "PUBLICO" }, "geometry": { "type": "MultiPolygon", "coordinates": [ [ [ [ -73.783249734362428, 5.038955145664048 ], [ -73.783970518575444, 5.03843388542627 ], [ -73.784533399500859, 5.038874375349859 ], [ -73.784509473249258, 5.039022706640653 ], [ -73.78434235736735, 5.039247536734954 ], [ -73.784335069274348, 5.039495046933576 ], [ -73.783755207184058, 5.039674229433287 ], [ -73.783249734362428, 5.038955145664048 ] ] ] ] } },
{ "type": "Feature", "properties": { "OBJECTID": 1720.0, "codigo": "257360000000000010339000000000", "manzana_co": null, "numero_sub": 0.0, "codigo_ant": "25736000000010339000", "usuario_lo": null, "fecha_log": null, "globalid": "{91CBB146-226A-403A-981D-9652F219247B}", "vereda_cod": "25736000000000001", "Shape_Leng": 461.04830369299998, "Shape_Area": 13007.277177800001, "DEPARTAMENTO": "25", "MUNICIPIO": "736", "NUMERO_PREDIAL": "0000000000010339000000000", "TIPO_DE_REGISTRO": "1", "NUMERO_DE_ORDEN": "001", "TOTAL_REGISTROS": "001", "NOMBRE": "MUNICIPIO DE SESQUILE", "TIPO_DOCUMENTO": "N", "NUMERO_DOCUMENTO": "8999994152", "DIRECCION": "LOTE D1 Y LOTE D2", "COMUNA": null, "DESTINO": "I", "AREA DE TERRENO": "12447.0", "AREA CONSTRUIDA": "633.0", "AVALUO 2026": "3.1934257E8", "AVALUO 2025": "3.1004133E8", "VIGENCIA": "01012026", "NUMERO PREDIAL ANTERIOR": "000000010339000", "9.128221E7": "176-86535", "DESTINO_ECONOMICO": "PUBLICO" }, "geometry": { "type": "MultiPolygon", "coordinates": [ [ [ [ -73.808317526453351, 5.031107570674815 ], [ -73.808271679518967, 5.031091786342757 ], [ -73.808190574150075, 5.031053471523495 ], [ -73.808128566104031, 5.030991237988903 ], [ -73.80812776947387, 5.030989967132456 ], [ -73.808088032573451, 5.030926620578792 ], [ -73.808073744743197, 5.030859622174177 ], [ -73.80805470253415, 5.030749554100232 ], [ -73.808038592575159, 5.030666444115419 ], [ -73.808121521833925, 5.030615575937963 ], [ -73.808389408122409, 5.030451255109198 ], [ -73.808441143863305, 5.030417795146167 ], [ -73.80861549770124, 5.030305031648925 ], [ -73.809018895817772, 5.030044134040287 ], [ -73.809515034996906, 5.030357769655819 ], [ -73.809374182256775, 5.030563475628707 ], [ -73.809233322490869, 5.030788322664909 ], [ -73.809049489107622, 5.031077751708423 ], [ -73.808841784120091, 5.031398274795784 ], [ -73.808791357226625, 5.031366858865505 ], [ -73.808772610882798, 5.031355179464772 ], [ -73.808712984872955, 5.031302517967395 ], [ -73.808619962876506, 5.031233094331689 ], [ -73.808538863281242, 5.031182815802808 ], [ -73.808455368888787, 5.031151677376654 ], [ -73.808355173975158, 5.031120532040991 ], [ -73.808317526453351, 5.031107570674815 ] ] ] ] } },
{ "type": "Feature", "properties": { "OBJECTID": 1820.0, "codigo": "257360000000000070291000000000", "manzana_co": null, "numero_sub": 0.0, "codigo_ant": "25736000000070291000", "usuario_lo": null, "fecha_log": null, "globalid": "{C0A1938A-F302-4AC2-9D12-6E018BFF7788}", "vereda_cod": "25736000000000007", "Shape_Leng": 73.104643373200005, "Shape_Area": 287.37168987000001, "DEPARTAMENTO": "25", "MUNICIPIO": "736", "NUMERO_PREDIAL": "0000000000070291000000000", "TIPO_DE_REGISTRO": "1", "NUMERO_DE_ORDEN": "001", "TOTAL_REGISTROS": "001", "NOMBRE": "MUNICIPIO DE SESQUILE", "TIPO_DOCUMENTO": "N", "NUMERO_DOCUMENTO": "8999994152", "DIRECCION": "ESCUELA NUEVA MENDEZ ROZO", "COMUNA": null, "DESTINO": "I", "AREA DE TERRENO": "287.0", "AREA CONSTRUIDA": "139.0", "AVALUO 2026": "4.5174183E7", "AVALUO 2025": "4.385843E7", "VIGENCIA": "01012026", "NUMERO PREDIAL ANTERIOR": "000000070291000", "9.128221E7": "0.0", "DESTINO_ECONOMICO": "PUBLICO" }, "geometry": { "type": "MultiPolygon", "coordinates": [ [ [ [ -73.748515746423664, 4.993324616360494 ], [ -73.748549236164521, 4.993218446468966 ], [ -73.748647173484798, 4.993250825573766 ], [ -73.748612010137464, 4.993362555086537 ], [ -73.748579650092722, 4.993465376976439 ], [ -73.748480417903963, 4.993436616162939 ], [ -73.748515746423664, 4.993324616360494 ] ] ] ] } },
{ "type": "Feature", "properties": { "OBJECTID": 1982.0, "codigo": "257360000000000030296000000000", "manzana_co": null, "numero_sub": 0.0, "codigo_ant": "25736000000030296000", "usuario_lo": null, "fecha_log": null, "globalid": "{D2F726D0-3647-4FB7-B042-AD5D10A118E6}", "vereda_cod": "25736000000000003", "Shape_Leng": 781.34604970099997, "Shape_Area": 27358.269807799999, "DEPARTAMENTO": "25", "MUNICIPIO": "736", "NUMERO_PREDIAL": "0000000000030296000000000", "TIPO_DE_REGISTRO": "1", "NUMERO_DE_ORDEN": "001", "TOTAL_REGISTROS": "001", "NOMBRE": "MUNICIPIO DE SESQUILE", "TIPO_DOCUMENTO": "N", "NUMERO_DOCUMENTO": "8999994152", "DIRECCION": "LOTE B", "COMUNA": null, "DESTINO": "D2", "AREA DE TERRENO": "27336.0", "AREA CONSTRUIDA": "1411.0", "AVALUO 2026": "7.21123435E8", "AVALUO 2025": "7.0011984E8", "VIGENCIA": "01012026", "NUMERO PREDIAL ANTERIOR": "000000030296000", "9.128221E7": "176-20184", "DESTINO_ECONOMICO": "PUBLICO" }, "geometry": { "type": "MultiPolygon", "coordinates": [ [ [ [ -73.801870054642094, 5.055548601130919 ], [ -73.801882710575299, 5.055650484567417 ], [ -73.802338047535329, 5.055612629123745 ], [ -73.802455369113773, 5.05560287551084 ], [ -73.802430538996532, 5.055680372459558 ], [ -73.802230789869668, 5.056303812760132 ], [ -73.802042041872795, 5.056906667895425 ], [ -73.802261729420451, 5.057476209815253 ], [ -73.802086944592418, 5.05759429081212 ], [ -73.801806053290491, 5.05778405389118 ], [ -73.801823177906314, 5.057819182837561 ], [ -73.801904580674801, 5.057986168110598 ], [ -73.801886490364765, 5.057997628604263 ], [ -73.801807732875133, 5.058043053688219 ], [ -73.801771936324954, 5.05805978678632 ], [ -73.801698020981732, 5.057940125198154 ], [ -73.801624669972085, 5.057827362659836 ], [ -73.801509649922252, 5.057650540659246 ], [ -73.80122590975293, 5.057193433060406 ], [ -73.801206958446485, 5.05687042398306 ], [ -73.801197449271783, 5.056789071040528 ], [ -73.801104550450887, 5.056422963695025 ], [ -73.801092649067172, 5.056355965310971 ], [ -73.801057694935125, 5.056121613082794 ], [ -73.801056960259999, 5.05611668982286 ], [ -73.801016486911834, 5.05590851619976 ], [ -73.8010022136136, 5.055808021051662 ], [ -73.800986737103315, 5.055731451055542 ], [ -73.800986753847127, 5.055691973443256 ], [ -73.801004665706643, 5.055652503462613 ], [ -73.801022571476452, 5.055627388154693 ], [ -73.801870054642094, 5.055548601130919 ] ] ] ] } },
{ "type": "Feature", "properties": { "OBJECTID": 2262.0, "codigo": "257360000000000080182000000000", "manzana_co": null, "numero_sub": 0.0, "codigo_ant": "25736000000080182000", "usuario_lo": null, "fecha_log": null, "globalid": "{CE06900E-BBBE-4F5E-B916-13F1C776D5FF}", "vereda_cod": "25736000000000008", "Shape_Leng": 213.36546545799999, "Shape_Area": 1934.5306856, "DEPARTAMENTO": "25", "MUNICIPIO": "736", "NUMERO_PREDIAL": "0000000000080182000000000", "TIPO_DE_REGISTRO": "1", "NUMERO_DE_ORDEN": "001", "TOTAL_REGISTROS": "001", "NOMBRE": "MUNICIPIO DE SESQUILE", "TIPO_DOCUMENTO": "N", "NUMERO_DOCUMENTO": "8999994152", "DIRECCION": "ESCUELA EL RINCON", "COMUNA": null, "DESTINO": "I", "AREA DE TERRENO": "1933.0", "AREA CONSTRUIDA": "526.0", "AVALUO 2026": "1.97514118E8", "AVALUO 2025": "1.9176128E8", "VIGENCIA": "01012026", "NUMERO PREDIAL ANTERIOR": "000000080182000", "9.128221E7": "176-74391", "DESTINO_ECONOMICO": "PUBLICO" }, "geometry": { "type": "MultiPolygon", "coordinates": [ [ [ [ -73.729080822420556, 4.983754978352622 ], [ -73.72947750453946, 4.983240489614289 ], [ -73.729507670759148, 4.983279210758119 ], [ -73.729639983305958, 4.983458725147508 ], [ -73.729584083098104, 4.983503798571068 ], [ -73.729477858211141, 4.983586266456729 ], [ -73.729406258349471, 4.983640659248469 ], [ -73.729375193316642, 4.983736944570831 ], [ -73.729338749208083, 4.983854760766986 ], [ -73.729304713302383, 4.983930109423417 ], [ -73.729273076474954, 4.983980336519367 ], [ -73.729251677811888, 4.984009192657241 ], [ -73.729177996616883, 4.983899563409963 ], [ -73.729080822420556, 4.983754978352622 ] ] ] ] } },
{ "type": "Feature", "properties": { "OBJECTID": 2275.0, "codigo": "257360000000000080070000000000", "manzana_co": null, "numero_sub": 0.0, "codigo_ant": "25736000000080070000", "usuario_lo": null, "fecha_log": null, "globalid": "{8AB974C3-225C-412B-A7D9-4A6AD5E720E7}", "vereda_cod": "25736000000000008", "Shape_Leng": 189.979673289, "Shape_Area": 2268.9069085299998, "DEPARTAMENTO": "25", "MUNICIPIO": "736", "NUMERO_PREDIAL": "0000000000080070000000000", "TIPO_DE_REGISTRO": "1", "NUMERO_DE_ORDEN": "001", "TOTAL_REGISTROS": "001", "NOMBRE": "MUNICIPIO DE SESQUILE", "TIPO_DOCUMENTO": "N", "NUMERO_DOCUMENTO": "8999994152", "DIRECCION": "ESCUELA EL GRANADILLO", "COMUNA": null, "DESTINO": "I", "AREA DE TERRENO": "2200.0", "AREA CONSTRUIDA": "271.0", "AVALUO 2026": "5.6321059E7", "AVALUO 2025": "5.468064E7", "VIGENCIA": "01012026", "NUMERO PREDIAL ANTERIOR": "000000080070000", "9.128221E7": "176-138569", "DESTINO_ECONOMICO": "PUBLICO" }, "geometry": { "type": "MultiPolygon", "coordinates": [ [ [ [ -73.716299121185784, 5.000356664449653 ], [ -73.716252203474895, 4.999938924203409 ], [ -73.716282679211886, 4.999942434241791 ], [ -73.716295768450948, 4.999943941659451 ], [ -73.716449639041869, 4.999965560112684 ], [ -73.716657194984052, 4.999976440791328 ], [ -73.716682910033114, 4.999982670985931 ], [ -73.716692898476168, 5.000041534437443 ], [ -73.716705713580453, 5.000164998689036 ], [ -73.716708525427975, 5.000258311361398 ], [ -73.716710630871489, 5.000421491239627 ], [ -73.716599689107724, 5.000428608358381 ], [ -73.716562917521955, 5.00042200221933 ], [ -73.716415009941244, 5.000378735829919 ], [ -73.716299121185784, 5.000356664449653 ] ] ] ] } },
{ "type": "Feature", "properties": { "OBJECTID": 2508.0, "codigo": "257360000000000070142000000000", "manzana_co": null, "numero_sub": 0.0, "codigo_ant": "25736000000070142000", "usuario_lo": null, "fecha_log": null, "globalid": "{D68CF660-8650-4C9B-AA86-1AB339BCD369}", "vereda_cod": "25736000000000007", "Shape_Leng": 302.60150965899999, "Shape_Area": 4431.3056101499997, "DEPARTAMENTO": "25", "MUNICIPIO": "736", "NUMERO_PREDIAL": "0000000000070142000000000", "TIPO_DE_REGISTRO": "1", "NUMERO_DE_ORDEN": "001", "TOTAL_REGISTROS": "001", "NOMBRE": "MUNICIPIO DE SESQUILE", "TIPO_DOCUMENTO": "N", "NUMERO_DOCUMENTO": "999994152", "DIRECCION": "ESCUELA NUEVA MENDEZ ROZO", "COMUNA": null, "DESTINO": "P", "AREA DE TERRENO": "4428.0", "AREA CONSTRUIDA": "810.0", "AVALUO 2026": "3.50470437E8", "AVALUO 2025": "3.4026256E8", "VIGENCIA": "01012026", "NUMERO PREDIAL ANTERIOR": "000000070142000", "9.128221E7": "0.0", "DESTINO_ECONOMICO": "PUBLICO" }, "geometry": { "type": "MultiPolygon", "coordinates": [ [ [ [ -73.748274645541429, 4.991968127215866 ], [ -73.748673832687004, 4.99157879885868 ], [ -73.748796923319588, 4.991627909867046 ], [ -73.749164743133093, 4.991754422657698 ], [ -73.749359386118869, 4.991821991457665 ], [ -73.74920046742605, 4.991877899072168 ], [ -73.748904072808728, 4.992048582173463 ], [ -73.748841067769106, 4.992091617255229 ], [ -73.748749408791497, 4.992184881918606 ], [ -73.748705003496397, 4.992245153850824 ], [ -73.748654851861701, 4.992348488614531 ], [ -73.748274645541429, 4.991968127215866 ] ] ] ] } },
{ "type": "Feature", "properties": { "OBJECTID": 2509.0, "codigo": "257360000000000070490000000000", "manzana_co": null, "numero_sub": 0.0, "codigo_ant": "25736000000070490000", "usuario_lo": null, "fecha_log": null, "globalid": "{3AC349C6-052B-4B0D-A81C-8D9EA9BC9E2A}", "vereda_cod": "25736000000000007", "Shape_Leng": 84.032757896600003, "Shape_Area": 430.11072305499999, "DEPARTAMENTO": "25", "MUNICIPIO": "736", "NUMERO_PREDIAL": "0000000000070490000000000", "TIPO_DE_REGISTRO": "1", "NUMERO_DE_ORDEN": "001", "TOTAL_REGISTROS": "001", "NOMBRE": "MUNICIPIO DE SESQUILE", "TIPO_DOCUMENTO": "N", "NUMERO_DOCUMENTO": "8999994152", "DIRECCION": "Lo 2", "COMUNA": null, "DESTINO": "I", "AREA DE TERRENO": "430.0", "AREA CONSTRUIDA": "285.0", "AVALUO 2026": "2.44750691E8", "AVALUO 2025": "2.3762203E8", "VIGENCIA": "01012026", "NUMERO PREDIAL ANTERIOR": "000000070490000", "9.128221E7": "176-112942", "DESTINO_ECONOMICO": "PUBLICO" }, "geometry": { "type": "MultiPolygon", "coordinates": [ [ [ [ -73.731087401793658, 4.982272678043662 ], [ -73.731146735395143, 4.982101889925925 ], [ -73.731315720290212, 4.982206089164348 ], [ -73.73125638672056, 4.982376876394886 ], [ -73.731087401793658, 4.982272678043662 ] ] ] ] } },
{ "type": "Feature", "properties": { "OBJECTID": 2772.0, "codigo": "257360000000000050235000000000", "manzana_co": null, "numero_sub": 0.0, "codigo_ant": "25736000000050235000", "usuario_lo": null, "fecha_log": null, "globalid": "{129A44B5-9371-467D-B886-E63F5F25FDCF}", "vereda_cod": "25736000000000005", "Shape_Leng": 172.880372142, "Shape_Area": 1804.5065128399999, "DEPARTAMENTO": "25", "MUNICIPIO": "736", "NUMERO_PREDIAL": "0000000000050235000000000", "TIPO_DE_REGISTRO": "1", "NUMERO_DE_ORDEN": "001", "TOTAL_REGISTROS": "001", "NOMBRE": "MUNICIPIO DE SESQUILE", "TIPO_DOCUMENTO": "N", "NUMERO_DOCUMENTO": "8999994152", "DIRECCION": "Lo", "COMUNA": null, "DESTINO": "D2", "AREA DE TERRENO": "1803.0", "AREA CONSTRUIDA": "0.0", "AVALUO 2026": "8827749.0", "AVALUO 2025": "8570630.0", "VIGENCIA": "01012026", "NUMERO PREDIAL ANTERIOR": "000000050235000", "9.128221E7": "176-80449", "DESTINO_ECONOMICO": "PUBLICO" }, "geometry": { "type": "MultiPolygon", "coordinates": [ [ [ [ -73.773010685778345, 5.042039281488244 ], [ -73.773245827203169, 5.041708438926355 ], [ -73.773581239852064, 5.041957019650611 ], [ -73.77354699827886, 5.041979448942653 ], [ -73.773512388017082, 5.042009340234377 ], [ -73.773474190421766, 5.04206076181727 ], [ -73.773410935637301, 5.042119350809116 ], [ -73.773356033793334, 5.042174354588184 ], [ -73.77332499462797, 5.042223390384463 ], [ -73.773010685778345, 5.042039281488244 ] ] ] ] } },
{ "type": "Feature", "properties": { "OBJECTID": 3077.0, "codigo": "257360000000000100048000000000", "manzana_co": null, "numero_sub": 0.0, "codigo_ant": "25736000000100048000", "usuario_lo": null, "fecha_log": null, "globalid": "{81F54741-C1E7-45C8-9919-9F4905846EFE}", "vereda_cod": "25736000000000010", "Shape_Leng": 283.31490298400001, "Shape_Area": 3903.45265789, "DEPARTAMENTO": "25", "MUNICIPIO": "736", "NUMERO_PREDIAL": "0000000000100048000000000", "TIPO_DE_REGISTRO": "1", "NUMERO_DE_ORDEN": "001", "TOTAL_REGISTROS": "001", "NOMBRE": "MUNICIPIO DE SESQUILE", "TIPO_DOCUMENTO": "N", "NUMERO_DOCUMENTO": "8999994152", "DIRECCION": "ESCUELA SALINAS", "COMUNA": null, "DESTINO": "J", "AREA DE TERRENO": "3900.0", "AREA CONSTRUIDA": "463.0", "AVALUO 2026": "1.64067124E8", "AVALUO 2025": "1.5928847E8", "VIGENCIA": "01012026", "NUMERO PREDIAL ANTERIOR": "000000100048000", "9.128221E7": "0.0", "DESTINO_ECONOMICO": "PUBLICO" }, "geometry": { "type": "MultiPolygon", "coordinates": [ [ [ [ -73.840839950352986, 5.004455764655657 ], [ -73.840922387066271, 5.004276503936833 ], [ -73.841389886400108, 5.004609246196657 ], [ -73.841348495864523, 5.004708922314363 ], [ -73.8413293834097, 5.004783085513342 ], [ -73.84132979259708, 5.004969709980304 ], [ -73.84131732113886, 5.00515250102513 ], [ -73.841278550382469, 5.005223627749441 ], [ -73.841266126362072, 5.005256519628394 ], [ -73.840845047651328, 5.005005735625057 ], [ -73.840989744862185, 5.00467560711621 ], [ -73.840839950352986, 5.004455764655657 ] ] ] ] } },
{ "type": "Feature", "properties": { "OBJECTID": 3110.0, "codigo": "257360000000000010170000000000", "manzana_co": null, "numero_sub": 0.0, "codigo_ant": "25736000000010170000", "usuario_lo": null, "fecha_log": null, "globalid": "{8FD4C4F0-DF4B-4F23-A0D9-82711457CF05}", "vereda_cod": "25736000000000001", "Shape_Leng": 1191.5105991200001, "Shape_Area": 62086.497249, "DEPARTAMENTO": "25", "MUNICIPIO": "736", "NUMERO_PREDIAL": "0000000000010170000000000", "TIPO_DE_REGISTRO": "1", "NUMERO_DE_ORDEN": "001", "TOTAL_REGISTROS": "001", "NOMBRE": "MUNICIPIO DE SESQUILE", "TIPO_DOCUMENTO": "N", "NUMERO_DOCUMENTO": "8999994152", "DIRECCION": "PLANTA DE TRATAMIENTO DE AGUAS RES", "COMUNA": null, "DESTINO": "I", "AREA DE TERRENO": "64534.0", "AREA CONSTRUIDA": "23.0", "AVALUO 2026": "1.180022096E9", "AVALUO 2025": "1.14565252E9", "VIGENCIA": "01012026", "NUMERO PREDIAL ANTERIOR": "000000010170000", "9.128221E7": "176-97901", "DESTINO_ECONOMICO": "PUBLICO" }, "geometry": { "type": "MultiPolygon", "coordinates": [ [ [ [ -73.79935616590636, 5.045676342876282 ], [ -73.799376328869727, 5.045648446969101 ], [ -73.799443254025519, 5.045521677163738 ], [ -73.799540496035704, 5.045337478999327 ], [ -73.799665849623764, 5.045122198871308 ], [ -73.799826969886311, 5.044960767211959 ], [ -73.79999108457254, 5.044772419727718 ], [ -73.800152207207319, 5.044605006107736 ], [ -73.800310739353108, 5.044394154730222 ], [ -73.800435894801964, 5.044468599424462 ], [ -73.800883159218372, 5.044708050335003 ], [ -73.801106793633664, 5.044821793811216 ], [ -73.801136585139901, 5.044899566279984 ], [ -73.801151452614064, 5.045004249461168 ], [ -73.801137437600147, 5.045082237506555 ], [ -73.801103621675992, 5.045270405624197 ], [ -73.801187101857963, 5.045336238093148 ], [ -73.801374971787538, 5.045393141671199 ], [ -73.801726859241768, 5.045488995645103 ], [ -73.802057887449067, 5.04554296930199 ], [ -73.802567832130805, 5.045668797373774 ], [ -73.802601232226507, 5.045662113440371 ], [ -73.80225875805553, 5.046598043058736 ], [ -73.801798976384404, 5.047746296657015 ], [ -73.801268188629166, 5.04753671828706 ], [ -73.800677797851634, 5.047219447672201 ], [ -73.800668790421341, 5.047214172733698 ], [ -73.800672333508317, 5.047207789965578 ], [ -73.800698999608528, 5.04715976099297 ], [ -73.800850379375717, 5.046887108287267 ], [ -73.800904607666581, 5.04678943654843 ], [ -73.800689224137841, 5.046675130406394 ], [ -73.800667080561738, 5.046663379683578 ], [ -73.80058794034349, 5.046621378811222 ], [ -73.800562266206057, 5.046607752893519 ], [ -73.80052085598895, 5.046585776392346 ], [ -73.800468903665674, 5.04655820507937 ], [ -73.800455593508772, 5.046543143899108 ], [ -73.800452537387685, 5.046538887012795 ], [ -73.800549920843068, 5.046371760823209 ], [ -73.800621420872602, 5.046235776330486 ], [ -73.800057723223588, 5.045986537194866 ], [ -73.79935616590636, 5.045676342876282 ] ] ] ] } },
{ "type": "Feature", "properties": { "OBJECTID": 3139.0, "codigo": "257360000000000010340000000000", "manzana_co": null, "numero_sub": 0.0, "codigo_ant": "25736000000010340000", "usuario_lo": null, "fecha_log": null, "globalid": "{99393236-2F9E-4CEE-A3BC-5E1D25C28D0F}", "vereda_cod": "25736000000000001", "Shape_Leng": 262.87479003200002, "Shape_Area": 4145.6939201799996, "DEPARTAMENTO": "25", "MUNICIPIO": "736", "NUMERO_PREDIAL": "0000000000010340000000000", "TIPO_DE_REGISTRO": "1", "NUMERO_DE_ORDEN": "001", "TOTAL_REGISTROS": "001", "NOMBRE": "MUNICIPIO DE SESQUILE", "TIPO_DOCUMENTO": "N", "NUMERO_DOCUMENTO": "8999994152", "DIRECCION": "LOTE C2", "COMUNA": null, "DESTINO": "I", "AREA DE TERRENO": "4142.0", "AREA CONSTRUIDA": "86.0", "AVALUO 2026": "4.4792259E7", "AVALUO 2025": "4.348763E7", "VIGENCIA": "01012026", "NUMERO PREDIAL ANTERIOR": "000000010340000", "9.128221E7": "176-86536", "DESTINO_ECONOMICO": "PUBLICO" }, "geometry": { "type": "MultiPolygon", "coordinates": [ [ [ [ -73.808299389621382, 5.029875766799781 ], [ -73.808602373128991, 5.029714920171636 ], [ -73.808857811961929, 5.029579314228454 ], [ -73.809018895817772, 5.030044134040287 ], [ -73.80861549770124, 5.030305031648925 ], [ -73.808441143863305, 5.030417795146167 ], [ -73.808420872142918, 5.030359122784638 ], [ -73.808370858233019, 5.03014137537641 ], [ -73.808308909222418, 5.029935585883859 ], [ -73.808299389621382, 5.029875766799781 ] ] ] ] } },
{ "type": "Feature", "properties": { "OBJECTID": 3190.0, "codigo": "257360000000000010058000000000", "manzana_co": null, "numero_sub": 0.0, "codigo_ant": "25736000000010058000", "usuario_lo": null, "fecha_log": null, "globalid": "{AB6291F5-B77F-4BA2-BB07-E19F0E903A3A}", "vereda_cod": "25736000000000001", "Shape_Leng": 643.26129872199999, "Shape_Area": 11531.498890299999, "DEPARTAMENTO": "25", "MUNICIPIO": "736", "NUMERO_PREDIAL": "0000000000010058000000000", "TIPO_DE_REGISTRO": "1", "NUMERO_DE_ORDEN": "001", "TOTAL_REGISTROS": "001", "NOMBRE": "MUNICIPIO DE SESQUILE", "TIPO_DOCUMENTO": "N", "NUMERO_DOCUMENTO": "8999994152", "DIRECCION": "SAN ISIDRO", "COMUNA": null, "DESTINO": "I", "AREA DE TERRENO": "11523.0", "AREA CONSTRUIDA": "637.0", "AVALUO 2026": "1.61585679E8", "AVALUO 2025": "1.568793E8", "VIGENCIA": "01012026", "NUMERO PREDIAL ANTERIOR": "000000010058000", "9.128221E7": "176-14496", "DESTINO_ECONOMICO": "PUBLICO" }, "geometry": { "type": "MultiPolygon", "coordinates": [ [ [ [ -73.801202237371825, 5.035622949520707 ], [ -73.801228968269356, 5.035603819779714 ], [ -73.800925667771509, 5.035157710074161 ], [ -73.800584203152781, 5.034688615069364 ], [ -73.80051770637688, 5.034590620625734 ], [ -73.800254198663055, 5.034202297174763 ], [ -73.800069158231707, 5.033951473471295 ], [ -73.800090174987588, 5.033901716686419 ], [ -73.800109279562605, 5.033861529177069 ], [ -73.800130305231207, 5.033790716927824 ], [ -73.800155156240621, 5.033702679600189 ], [ -73.800157102557208, 5.033614632515891 ], [ -73.800195321313709, 5.033509374172211 ], [ -73.800236974116842, 5.033401606076632 ], [ -73.800240323362587, 5.033407730444011 ], [ -73.800266197418338, 5.033454873911011 ], [ -73.800301046078459, 5.033518368935504 ], [ -73.800352561904234, 5.033586266801623 ], [ -73.800358762127388, 5.033593307522434 ], [ -73.800404009610077, 5.033644687685546 ], [ -73.800413793791876, 5.033655127345052 ], [ -73.800483454832502, 5.033729453375395 ], [ -73.800511125714095, 5.03376264532193 ], [ -73.800575504845966, 5.033839870055911 ], [ -73.800622549213713, 5.033926213498699 ], [ -73.800684514098705, 5.034021126899728 ], [ -73.800768456247795, 5.034091507230632 ], [ -73.800854281545128, 5.034122868276876 ], [ -73.800911409986838, 5.034182331470663 ], [ -73.800948629934567, 5.034214847431424 ], [ -73.801006602199038, 5.034240716635513 ], [ -73.801038416594324, 5.03424857304469 ], [ -73.801014180579813, 5.034277050573117 ], [ -73.800804115784487, 5.034523878374799 ], [ -73.800830218340366, 5.034546902720916 ], [ -73.801418498517137, 5.035065824662166 ], [ -73.801464770625927, 5.035108550242714 ], [ -73.801449941625592, 5.035154483650454 ], [ -73.801431315936924, 5.035190364274009 ], [ -73.801395494128315, 5.035267869265581 ], [ -73.801392604998028, 5.035329597527789 ], [ -73.801406887163594, 5.035408559780749 ], [ -73.801424034848509, 5.035481780108625 ], [ -73.801431159734804, 5.035560739325391 ], [ -73.801411106568537, 5.035588006892347 ], [ -73.801365278281054, 5.035632489327659 ], [ -73.801302283532038, 5.035648254200797 ], [ -73.801202237371825, 5.035622949520707 ] ] ] ] } },
{ "type": "Feature", "properties": { "OBJECTID": 3569.0, "codigo": "257360000000000050242000000000", "manzana_co": null, "numero_sub": 0.0, "codigo_ant": "25736000000050242000", "usuario_lo": null, "fecha_log": null, "globalid": "{D5DEDA68-2F7E-4148-88CC-96CC3A6911E5}", "vereda_cod": "25736000000000005", "Shape_Leng": 53.593553626899997, "Shape_Area": 135.95819213300001, "DEPARTAMENTO": "25", "MUNICIPIO": "736", "NUMERO_PREDIAL": "0000000000050242000000000", "TIPO_DE_REGISTRO": "1", "NUMERO_DE_ORDEN": "001", "TOTAL_REGISTROS": "001", "NOMBRE": "MUNICIPIO DE SESQUILE", "TIPO_DOCUMENTO": "N", "NUMERO_DOCUMENTO": "8999994152", "DIRECCION": "TANQUE", "COMUNA": null, "DESTINO": "I", "AREA DE TERRENO": "133.0", "AREA CONSTRUIDA": "129.0", "AVALUO 2026": "1.6474716E7", "AVALUO 2025": "1.599487E7", "VIGENCIA": "01012026", "NUMERO PREDIAL ANTERIOR": "000000050242000", "9.128221E7": "0.0", "DESTINO_ECONOMICO": "PUBLICO" }, "geometry": { "type": "MultiPolygon", "coordinates": [ [ [ [ -73.804656906976362, 5.02567518057042 ], [ -73.804658448455697, 5.02567207407617 ], [ -73.804820667379474, 5.025750837725714 ], [ -73.804818363164614, 5.025755767853664 ], [ -73.804793050605326, 5.025806767343413 ], [ -73.804708696869895, 5.0257646663203 ], [ -73.804631594406828, 5.025726183670655 ], [ -73.804656906976362, 5.02567518057042 ] ] ] ] } },
{ "type": "Feature", "properties": { "OBJECTID": 3659.0, "codigo": "257360000000000110139000000000", "manzana_co": null, "numero_sub": 0.0, "codigo_ant": "25736000000110139000", "usuario_lo": null, "fecha_log": null, "globalid": "{EC47EEDB-6E7C-4F83-AEEE-76E9A0C70583}", "vereda_cod": "25736000000000011", "Shape_Leng": 639.90411055300001, "Shape_Area": 16949.8051596, "DEPARTAMENTO": "25", "MUNICIPIO": "736", "NUMERO_PREDIAL": "0000000000110139000000000", "TIPO_DE_REGISTRO": "1", "NUMERO_DE_ORDEN": "001", "TOTAL_REGISTROS": "001", "NOMBRE": "MUNICIPIO DE SESQUILE", "TIPO_DOCUMENTO": "N", "NUMERO_DOCUMENTO": "999994152", "DIRECCION": "ESCUELA", "COMUNA": null, "DESTINO": "P", "AREA DE TERRENO": "16936.0", "AREA CONSTRUIDA": "957.0", "AVALUO 2026": "5.52822259E8", "AVALUO 2025": "5.3672064E8", "VIGENCIA": "01012026", "NUMERO PREDIAL ANTERIOR": "000000110139000", "9.128221E7": "0.0", "DESTINO_ECONOMICO": "PUBLICO" }, "geometry": { "type": "MultiPolygon", "coordinates": [ [ [ [ -73.808648560306949, 5.01040046257959 ], [ -73.808595559102841, 5.010286546330777 ], [ -73.808364419497849, 5.00978975263267 ], [ -73.808234821543408, 5.009324576669904 ], [ -73.807946607248624, 5.009339770343295 ], [ -73.807603047764218, 5.009341543096184 ], [ -73.807613167360145, 5.009256976233731 ], [ -73.807622729956094, 5.009209127848512 ], [ -73.80764660941675, 5.00915650076779 ], [ -73.807694350589358, 5.009096705269203 ], [ -73.807746853959003, 5.009058444690688 ], [ -73.807794587270322, 5.009017790293573 ], [ -73.807835151810934, 5.009005844155821 ], [ -73.8079043442699, 5.008996302563467 ], [ -73.808042719386421, 5.009001144161761 ], [ -73.808128610674984, 5.008998786774353 ], [ -73.808195418142674, 5.008986851416861 ], [ -73.808238364803643, 5.008982084490788 ], [ -73.808286076546935, 5.008994066979706 ], [ -73.808405339319066, 5.009063501332349 ], [ -73.808593773073497, 5.009176030924364 ], [ -73.808815601808476, 5.009305323446005 ], [ -73.809075595548435, 5.009456164518263 ], [ -73.809323652737405, 5.009623748058607 ], [ -73.809423816208835, 5.009724279284447 ], [ -73.809523965094158, 5.009860698159821 ], [ -73.809571641852642, 5.009958815111733 ], [ -73.809624065311695, 5.010116748294042 ], [ -73.80965739307976, 5.010298600274592 ], [ -73.809662127034784, 5.010391914132113 ], [ -73.809189735293629, 5.01038693503955 ], [ -73.80892459028108, 5.010386826232782 ], [ -73.808915364701676, 5.01038682244497 ], [ -73.808648560306949, 5.01040046257959 ] ] ] ] } },
{ "type": "Feature", "properties": { "OBJECTID": 3797.0, "codigo": "257360000000000060079000000000", "manzana_co": null, "numero_sub": 0.0, "codigo_ant": "25736000000060079000", "usuario_lo": null, "fecha_log": null, "globalid": "{75C3835F-CBC5-4830-BCF2-24D6F5EA3724}", "vereda_cod": "25736000000000006", "Shape_Leng": 169.949782876, "Shape_Area": 1844.70787094, "DEPARTAMENTO": "25", "MUNICIPIO": "736", "NUMERO_PREDIAL": "0000000000060079000000000", "TIPO_DE_REGISTRO": "1", "NUMERO_DE_ORDEN": "001", "TOTAL_REGISTROS": "001", "NOMBRE": "MUNICIPIO DE SESQUILE", "TIPO_DOCUMENTO": "N", "NUMERO_DOCUMENTO": "8999994152", "DIRECCION": "ESCUELA", "COMUNA": null, "DESTINO": "D2", "AREA DE TERRENO": "1800.0", "AREA CONSTRUIDA": "228.0", "AVALUO 2026": "9.313535E7", "AVALUO 2025": "9.042267E7", "VIGENCIA": "01012026", "NUMERO PREDIAL ANTERIOR": "000000060079000", "9.128221E7": "0.0", "DESTINO_ECONOMICO": "PUBLICO" }, "geometry": { "type": "MultiPolygon", "coordinates": [ [ [ [ -73.787930684899635, 4.996535694686668 ], [ -73.788014357742142, 4.996145737027825 ], [ -73.78811455767709, 4.996152959484773 ], [ -73.788224288987749, 4.996184111812595 ], [ -73.788367410856651, 4.99623920452381 ], [ -73.788290956796146, 4.996490394109466 ], [ -73.788219306280396, 4.99666502234932 ], [ -73.788030211147898, 4.996580291132813 ], [ -73.787930684899635, 4.996535694686668 ] ] ] ] } },
{ "type": "Feature", "properties": { "OBJECTID": 3926.0, "codigo": "257360000000000030679000000000", "manzana_co": null, "numero_sub": 0.0, "codigo_ant": "25736000000030679000", "usuario_lo": null, "fecha_log": null, "globalid": "{89B7A1C5-0465-4FC1-93A9-1D74262A7333}", "vereda_cod": "25736000000000003", "Shape_Leng": 317.94064818599998, "Shape_Area": 3299.21973015, "DEPARTAMENTO": "25", "MUNICIPIO": "736", "NUMERO_PREDIAL": "0000000000030679000000000", "TIPO_DE_REGISTRO": "1", "NUMERO_DE_ORDEN": "001", "TOTAL_REGISTROS": "001", "NOMBRE": "MUNICIPIO DE SESQUILE", "TIPO_DOCUMENTO": "N", "NUMERO_DOCUMENTO": "999994152", "DIRECCION": "ESCUELA BOITIVA", "COMUNA": null, "DESTINO": "P", "AREA DE TERRENO": "3447.0", "AREA CONSTRUIDA": "1337.0", "AVALUO 2026": "7.50532644E8", "AVALUO 2025": "7.2867247E8", "VIGENCIA": "01012026", "NUMERO PREDIAL ANTERIOR": "000000030679000", "9.128221E7": "176-81124", "DESTINO_ECONOMICO": "PUBLICO" }, "geometry": { "type": "MultiPolygon", "coordinates": [ [ [ [ -73.798596206635054, 5.057878733080669 ], [ -73.798642845830997, 5.057616763653869 ], [ -73.798997103455932, 5.057764060870675 ], [ -73.798982770627219, 5.057803533225884 ], [ -73.799110195930808, 5.057857984534256 ], [ -73.799680548140842, 5.058101710733141 ], [ -73.79968402637013, 5.058338579705415 ], [ -73.799344859001877, 5.058195206695465 ], [ -73.799131304215848, 5.058104932132076 ], [ -73.798673473598669, 5.057911395762455 ], [ -73.798596206635054, 5.057878733080669 ] ] ] ] } },
{ "type": "Feature", "properties": { "OBJECTID": 3994.0, "codigo": "257360000000000070491000000000", "manzana_co": null, "numero_sub": 0.0, "codigo_ant": "25736000000070491000", "usuario_lo": null, "fecha_log": null, "globalid": "{B9C68E53-80C6-4F94-A181-8F9BA13B670A}", "vereda_cod": "25736000000000007", "Shape_Leng": 854.05296245800002, "Shape_Area": 32921.791462399997, "DEPARTAMENTO": "25", "MUNICIPIO": "736", "NUMERO_PREDIAL": "0000000000070491000000000", "TIPO_DE_REGISTRO": "1", "NUMERO_DE_ORDEN": "001", "TOTAL_REGISTROS": "001", "NOMBRE": "MUNICIPIO DE SESQUILE", "TIPO_DOCUMENTO": "N", "NUMERO_DOCUMENTO": "999994152", "DIRECCION": "EL GAQUE", "COMUNA": null, "DESTINO": "P", "AREA DE TERRENO": "39246.0", "AREA CONSTRUIDA": "0.0", "AVALUO 2026": "1.6970156E7", "AVALUO 2025": "1.647588E7", "VIGENCIA": "01012026", "NUMERO PREDIAL ANTERIOR": "000000070491000", "9.128221E7": "176-158186", "DESTINO_ECONOMICO": "PUBLICO" }, "geometry": { "type": "MultiPolygon", "coordinates": [ [ [ [ -73.740233177569138, 4.955704716471094 ], [ -73.741163820076949, 4.953792367240792 ], [ -73.741271114581622, 4.953571890763098 ], [ -73.74128902813122, 4.953535080040516 ], [ -73.74128913903354, 4.953535080096878 ], [ -73.741323470851299, 4.953538894641378 ], [ -73.741342544252618, 4.953538894385877 ], [ -73.741359710550697, 4.953542709249204 ], [ -73.741397858008099, 4.953550339104047 ], [ -73.741415023528774, 4.953550338781512 ], [ -73.741504668862575, 4.953573226588486 ], [ -73.741521835162729, 4.953577041447722 ], [ -73.741525504288433, 4.953578170956132 ], [ -73.741546631062434, 4.953584670843592 ], [ -73.741559982624565, 4.953584671293461 ], [ -73.741571426183299, 4.953588485958348 ], [ -73.741582870643825, 4.953592300623512 ], [ -73.741619110104224, 4.953603744681272 ], [ -73.7416343685247, 4.953607559473332 ], [ -73.741643906006288, 4.953611374073639 ], [ -73.741655349688202, 4.953611373553063 ], [ -73.741672515990459, 4.953615188408503 ], [ -73.74170303385597, 4.953619003710537 ], [ -73.741716384517844, 4.953619003252554 ], [ -73.741737365681885, 4.953622818234003 ], [ -73.741746902384364, 4.953622817648291 ], [ -73.741765975667363, 4.953626632564891 ], [ -73.741785049852254, 4.953630447481408 ], [ -73.741794586554448, 4.953630447799296 ], [ -73.741804123135765, 4.953634262396941 ], [ -73.741830826142504, 4.953638076661705 ], [ -73.741870880350973, 4.953653336017308 ], [ -73.741886138774817, 4.953657149899441 ], [ -73.741897583238668, 4.953660964559351 ], [ -73.741914749423302, 4.953668594592862 ], [ -73.741935729568667, 4.953676223847663 ], [ -73.741945267053225, 4.953680038443793 ], [ -73.741956710616222, 4.953683853102276 ], [ -73.741968155080997, 4.953687667761007 ], [ -73.741979599425576, 4.953695297603772 ], [ -73.742000579452892, 4.953706741136527 ], [ -73.742012023918349, 4.953710555794559 ], [ -73.742027282344097, 4.953714370577859 ], [ -73.742036819047712, 4.953714370892365 ], [ -73.742057800217253, 4.953718185863988 ], [ -73.742071151783236, 4.953718185399421 ], [ -73.742092132171223, 4.953718185185266 ], [ -73.742105483617607, 4.953721999904262 ], [ -73.742136001611271, 4.953722000002545 ], [ -73.742153168038854, 4.953722000565911 ], [ -73.742166519605021, 4.953722000099438 ], [ -73.742183685131465, 4.953721999757261 ], [ -73.742195129717118, 4.9537220001322 ], [ -73.742216110224035, 4.953718185634122 ], [ -73.742225646928347, 4.953718185041612 ], [ -73.742258072139379, 4.953710555732081 ], [ -73.742269515941956, 4.953706740920972 ], [ -73.742322921657873, 4.953695297107648 ], [ -73.742364883570531, 4.953687668102925 ], [ -73.742382049332022, 4.953680038291106 ], [ -73.742414474422048, 4.953676224158015 ], [ -73.742425918223304, 4.95367240934409 ], [ -73.742437362808843, 4.953672408810497 ], [ -73.742458343313317, 4.953668594304545 ], [ -73.74247169487839, 4.953668594736116 ], [ -73.742506027065417, 4.953660964571211 ], [ -73.742584049191734, 4.953650128221115 ], [ -73.74278068564459, 4.953622817911088 ], [ -73.742789106110948, 4.953622817649882 ], [ -73.742794809322874, 4.953649100908478 ], [ -73.742846167026556, 4.953885796742949 ], [ -73.742871998644247, 4.95393347294079 ], [ -73.742661896339598, 4.954268328794891 ], [ -73.742237105234977, 4.954569581013447 ], [ -73.741926897105301, 4.95472733561714 ], [ -73.741430313862551, 4.955468788155115 ], [ -73.741354016080138, 4.955387401592894 ], [ -73.740233177569138, 4.955704716471094 ] ] ] ] } },
{ "type": "Feature", "properties": { "OBJECTID": 3998.0, "codigo": "257360000000000070487000000000", "manzana_co": null, "numero_sub": 0.0, "codigo_ant": "25736000000070487000", "usuario_lo": null, "fecha_log": null, "globalid": "{D4A708B9-758E-41FC-A7F3-CBF6F07AC7F9}", "vereda_cod": "25736000000000007", "Shape_Leng": 720.59086277799997, "Shape_Area": 18407.861031699998, "DEPARTAMENTO": "25", "MUNICIPIO": "736", "NUMERO_PREDIAL": "0000000000070487000000000", "TIPO_DE_REGISTRO": "1", "NUMERO_DE_ORDEN": "001", "TOTAL_REGISTROS": "001", "NOMBRE": "MUNICIPIO DE SESQUILE", "TIPO_DOCUMENTO": "N", "NUMERO_DOCUMENTO": "8999994152", "DIRECCION": "EL PEDREGAL", "COMUNA": null, "DESTINO": "D2", "AREA DE TERRENO": "18394.0", "AREA CONSTRUIDA": "0.0", "AVALUO 2026": "7805041.0", "AVALUO 2025": "7577710.0", "VIGENCIA": "01012026", "NUMERO PREDIAL ANTERIOR": "000000070487000", "9.128221E7": "176-72513", "DESTINO_ECONOMICO": "PUBLICO" }, "geometry": { "type": "MultiPolygon", "coordinates": [ [ [ [ -73.739317429818115, 4.953238710883523 ], [ -73.739340373927917, 4.953190876830226 ], [ -73.73944464676822, 4.95317419177896 ], [ -73.739449707208138, 4.953173382315552 ], [ -73.739464309956105, 4.953172169894382 ], [ -73.739471435122852, 4.953180313014482 ], [ -73.739482879427555, 4.953187942898009 ], [ -73.739494323866907, 4.953191757598044 ], [ -73.739505767404779, 4.953195572297442 ], [ -73.739517211978679, 4.953195571813816 ], [ -73.739528655784696, 4.953191757050504 ], [ -73.739542007336183, 4.953191757540563 ], [ -73.739557266133858, 4.95318412773348 ], [ -73.739564895215267, 4.953176498550508 ], [ -73.739576340056303, 4.953168868603484 ], [ -73.739588636644626, 4.953161842250102 ], [ -73.739589690972963, 4.953161239629705 ], [ -73.739606857649079, 4.953153609891464 ], [ -73.739622116177898, 4.953153610449428 ], [ -73.7396297451251, 4.953149795544712 ], [ -73.739637374840314, 4.953149795823713 ], [ -73.739652633236091, 4.953153610660047 ], [ -73.739664077809465, 4.953153610173818 ], [ -73.739686966054109, 4.953153610104621 ], [ -73.739687743271432, 4.953153610501444 ], [ -73.739698409725406, 4.953153610521642 ], [ -73.739712979398647, 4.95315360982152 ], [ -73.739713669156501, 4.953153610173666 ], [ -73.739725112695226, 4.95315742486931 ], [ -73.739736557135728, 4.953161239565232 ], [ -73.739746093829197, 4.953161239912215 ], [ -73.739767074698719, 4.95317268351267 ], [ -73.739778518238154, 4.953176498207434 ], [ -73.739789962679367, 4.953180312902473 ], [ -73.739799499240959, 4.95318412752781 ], [ -73.739810943682443, 4.953187942222498 ], [ -73.739822387991552, 4.953195572100415 ], [ -73.739827133044557, 4.953197944656285 ], [ -73.739826133264955, 4.953208322638765 ], [ -73.739799515470608, 4.953484412948813 ], [ -73.739576924048421, 4.955793236604561 ], [ -73.73956644546638, 4.955856395634367 ], [ -73.739416147937334, 4.955863497033599 ], [ -73.739208562912268, 4.955935169482524 ], [ -73.739131026934373, 4.955941559286026 ], [ -73.739139202533025, 4.954728366029711 ], [ -73.739146994652003, 4.953572116332799 ], [ -73.739148821200686, 4.953301150640094 ], [ -73.739317429818115, 4.953238710883523 ] ] ] ] } },
{ "type": "Feature", "properties": { "OBJECTID": 4045.0, "codigo": "257360000000000070081000000000", "manzana_co": null, "numero_sub": 0.0, "codigo_ant": "25736000000070081000", "usuario_lo": null, "fecha_log": null, "globalid": "{7E106C12-EC96-4CC6-9997-1311D4E0F177}", "vereda_cod": "25736000000000007", "Shape_Leng": 899.37329428500004, "Shape_Area": 38727.609860800003, "DEPARTAMENTO": "25", "MUNICIPIO": "736", "NUMERO_PREDIAL": "0000000000070081000000000", "TIPO_DE_REGISTRO": "1", "NUMERO_DE_ORDEN": "001", "TOTAL_REGISTROS": "001", "NOMBRE": "MUNICIPIO DE SESQUILE", "TIPO_DOCUMENTO": "N", "NUMERO_DOCUMENTO": "8999994152", "DIRECCION": "LOS TIBARES", "COMUNA": null, "DESTINO": "O", "AREA DE TERRENO": "39000.0", "AREA CONSTRUIDA": "0.0", "AVALUO 2026": "2.6678452E7", "AVALUO 2025": "2.590141E7", "VIGENCIA": "01012026", "NUMERO PREDIAL ANTERIOR": "000000070081000", "9.128221E7": "176-13637", "DESTINO_ECONOMICO": "PUBLICO" }, "geometry": { "type": "MultiPolygon", "coordinates": [ [ [ [ -73.733969130417194, 4.965512844600675 ], [ -73.734094058944223, 4.965359783360776 ], [ -73.734213395510139, 4.965255170793423 ], [ -73.734290967917275, 4.965180443012171 ], [ -73.734404320492558, 4.965111714763228 ], [ -73.734517696478804, 4.965001116283259 ], [ -73.734607210138009, 4.964902467272866 ], [ -73.734683596740766, 4.964826064086235 ], [ -73.735134687546548, 4.965572069639618 ], [ -73.735270559583469, 4.965787473982049 ], [ -73.735871302374434, 4.966645528941728 ], [ -73.735971365711023, 4.966903980314595 ], [ -73.736067862399764, 4.967140896984212 ], [ -73.73618590888627, 4.967227091253299 ], [ -73.736268194230419, 4.967263023098167 ], [ -73.736321770551797, 4.967460440051019 ], [ -73.736343997994481, 4.967513770026261 ], [ -73.735797162275432, 4.967801283101887 ], [ -73.735446949949633, 4.968001909035061 ], [ -73.735256234092006, 4.967738625093347 ], [ -73.734941570833854, 4.967264728381511 ], [ -73.734541127866933, 4.96659459502462 ], [ -73.734321857416475, 4.966187738907783 ], [ -73.733969130417194, 4.965512844600675 ] ] ] ] } },
{ "type": "Feature", "properties": { "OBJECTID": 4058.0, "codigo": "257360000000000070242000000000", "manzana_co": null, "numero_sub": 0.0, "codigo_ant": "25736000000070242000", "usuario_lo": null, "fecha_log": null, "globalid": "{6968FCA6-0833-4F70-A448-F1CBEBCB1780}", "vereda_cod": "25736000000000007", "Shape_Leng": 1379.6128283600001, "Shape_Area": 82654.986312299996, "DEPARTAMENTO": "25", "MUNICIPIO": "736", "NUMERO_PREDIAL": "0000000000070242000000000", "TIPO_DE_REGISTRO": "1", "NUMERO_DE_ORDEN": "001", "TOTAL_REGISTROS": "001", "NOMBRE": "MUNICIPIO DE SESQUILE", "TIPO_DOCUMENTO": "N", "NUMERO_DOCUMENTO": "999994152", "DIRECCION": "Lo 2", "COMUNA": null, "DESTINO": "P", "AREA DE TERRENO": "83600.0", "AREA CONSTRUIDA": "0.0", "AVALUO 2026": "7.7217607E7", "AVALUO 2025": "7.496855E7", "VIGENCIA": "01012026", "NUMERO PREDIAL ANTERIOR": "000000070242000", "9.128221E7": "176-114561", "DESTINO_ECONOMICO": "PUBLICO" }, "geometry": { "type": "MultiPolygon", "coordinates": [ [ [ [ -73.729712590264654, 4.968550030774671 ], [ -73.729866022609201, 4.968485184004006 ], [ -73.729944772519048, 4.968439767102571 ], [ -73.730040226798309, 4.968387180776896 ], [ -73.73012733267079, 4.968329205927718 ], [ -73.730216817680756, 4.968287382846631 ], [ -73.730279452799536, 4.968266479815423 ], [ -73.730404743125746, 4.968182805353432 ], [ -73.731249908100722, 4.967579547043703 ], [ -73.731321401114926, 4.967727925284047 ], [ -73.73141199499041, 4.967845209751686 ], [ -73.731488261610238, 4.967986412267136 ], [ -73.731531171803837, 4.968048642348135 ], [ -73.731569303607344, 4.968120440873708 ], [ -73.731585950586847, 4.96822333011057 ], [ -73.73159068296701, 4.968295111120166 ], [ -73.731616901853926, 4.968342976014933 ], [ -73.731671723081689, 4.968436316121943 ], [ -73.731740829912042, 4.968582300336671 ], [ -73.731843296897665, 4.968807256963801 ], [ -73.731962450322058, 4.969056149702692 ], [ -73.732100676023364, 4.969328977986938 ], [ -73.732143544002184, 4.969472555687401 ], [ -73.732186426385837, 4.969585031413513 ], [ -73.732226940969866, 4.969666400300803 ], [ -73.732264095060216, 4.969784134154205 ], [ -73.732291264524278, 4.969838700277312 ], [ -73.732357046539093, 4.969956450921063 ], [ -73.732439989949754, 4.970107225987334 ], [ -73.732500049418704, 4.970219231414769 ], [ -73.732572988500479, 4.97034129199099 ], [ -73.732713147997373, 4.970565311493104 ], [ -73.732833272906305, 4.97078513365745 ], [ -73.732861867897967, 4.970848553457541 ], [ -73.732978669159934, 4.971034039967183 ], [ -73.733054950116482, 4.971148924030779 ], [ -73.733125279269345, 4.971241076676551 ], [ -73.733166982337494, 4.971329624352828 ], [ -73.733193193432541, 4.97138945107579 ], [ -73.733217016792537, 4.971456456574556 ], [ -73.733230122342988, 4.97148637174392 ], [ -73.733244411205106, 4.971533034890903 ], [ -73.733257506821758, 4.971582088344322 ], [ -73.733277761127567, 4.971628754605911 ], [ -73.733288479626026, 4.971661061266274 ], [ -73.73330516418774, 4.971692173768205 ], [ -73.733315888278327, 4.971713712204259 ], [ -73.73333019143368, 4.971732859770513 ], [ -73.733342104987727, 4.971762774315782 ], [ -73.733350442022626, 4.971786704243462 ], [ -73.733348044408018, 4.971809433101781 ], [ -73.733330144858357, 4.971822582912945 ], [ -73.733302706331187, 4.97183094226603 ], [ -73.733271686313614, 4.971842889759436 ], [ -73.733246632419522, 4.971850053081918 ], [ -73.733218004428878, 4.97185003813031 ], [ -73.733197723408068, 4.971854813013949 ], [ -73.733185790539252, 4.971865573199104 ], [ -73.73315000323494, 4.971869144516551 ], [ -73.733128530828637, 4.971872721502186 ], [ -73.733104677576577, 4.971866728098611 ], [ -73.733062934774367, 4.971851154393473 ], [ -73.733036697572913, 4.971841569730146 ], [ -73.732996132981995, 4.971859493163807 ], [ -73.732948406028882, 4.971883393792375 ], [ -73.732917386625815, 4.971894143995396 ], [ -73.732893520939626, 4.971912076151505 ], [ -73.732895904889943, 4.971915667409444 ], [ -73.732870369187197, 4.971933837422807 ], [ -73.732778725274741, 4.971999824012547 ], [ -73.732687080596691, 4.972067248400938 ], [ -73.732612620916527, 4.972118889333807 ], [ -73.732451049537033, 4.972235562435 ], [ -73.732400213008674, 4.972277885294896 ], [ -73.732352942714201, 4.972342460854196 ], [ -73.732226181459325, 4.972174533851272 ], [ -73.732181491704083, 4.972093759600252 ], [ -73.732118901691479, 4.972030922407175 ], [ -73.732080163130888, 4.971974078649005 ], [ -73.73205037274063, 4.971917237769906 ], [ -73.731999689772408, 4.97189328563486 ], [ -73.731954984474797, 4.97184241968366 ], [ -73.731919238012438, 4.97176763285519 ], [ -73.731862624165075, 4.971680871394073 ], [ -73.731808974095969, 4.971627009369678 ], [ -73.731743418598057, 4.971531272704036 ], [ -73.731674899119199, 4.971399643408565 ], [ -73.731579539054493, 4.971270991398689 ], [ -73.731478212273757, 4.971148317185997 ], [ -73.731427552799289, 4.971079503448843 ], [ -73.731367932938284, 4.97103760194925 ], [ -73.731290412584187, 4.971010646108938 ], [ -73.731233798880623, 4.970923884602085 ], [ -73.731159304998769, 4.970813188128545 ], [ -73.731099722673008, 4.970699508107961 ], [ -73.731028187873505, 4.970630683376476 ], [ -73.730980512761519, 4.970558879803649 ], [ -73.730897108571043, 4.970379393287141 ], [ -73.730825601966345, 4.970256734663288 ], [ -73.730459986755065, 4.969519425375459 ], [ -73.730359885859301, 4.969336338198431 ], [ -73.730234716245349, 4.969185538865452 ], [ -73.730163192580065, 4.969099368068157 ], [ -73.730141763552908, 4.969016811851459 ], [ -73.730127473075839, 4.968973738662648 ], [ -73.729802008243396, 4.968636211047086 ], [ -73.729712590264654, 4.968550030774671 ] ] ] ] } },
{ "type": "Feature", "properties": { "OBJECTID": 4128.0, "codigo": "257360000000000050075000000000", "manzana_co": null, "numero_sub": 0.0, "codigo_ant": "25736000000050075000", "usuario_lo": null, "fecha_log": null, "globalid": "{DADD69C6-DA7B-4060-AA07-6194FC10CA63}", "vereda_cod": "25736000000000005", "Shape_Leng": 565.98976124399996, "Shape_Area": 15829.3412384, "DEPARTAMENTO": "25", "MUNICIPIO": "736", "NUMERO_PREDIAL": "0000000000050075000000000", "TIPO_DE_REGISTRO": "1", "NUMERO_DE_ORDEN": "001", "TOTAL_REGISTROS": "001", "NOMBRE": "MUNICIPIO DE SESQUILE", "TIPO_DOCUMENTO": "N", "NUMERO_DOCUMENTO": "8999994152", "DIRECCION": "EL ROMERON", "COMUNA": null, "DESTINO": "D2", "AREA DE TERRENO": "15817.0", "AREA CONSTRUIDA": "0.0", "AVALUO 2026": "1.6519274E7", "AVALUO 2025": "1.603813E7", "VIGENCIA": "01012026", "NUMERO PREDIAL ANTERIOR": "000000050075000", "9.128221E7": "176-67186", "DESTINO_ECONOMICO": "PUBLICO" }, "geometry": { "type": "MultiPolygon", "coordinates": [ [ [ [ -73.798434844543706, 5.03442807956061 ], [ -73.798452287980439, 5.034411662437629 ], [ -73.79857877992518, 5.034324385841545 ], [ -73.798686239533666, 5.03410311709834 ], [ -73.798738788133974, 5.033966760165383 ], [ -73.798748378310094, 5.033856705071584 ], [ -73.798705523696299, 5.033641352013275 ], [ -73.798683307448584, 5.033519699359518 ], [ -73.798690495897361, 5.033444334474221 ], [ -73.79872273269909, 5.033383337708103 ], [ -73.798797901733792, 5.033351068681712 ], [ -73.798923175183162, 5.033318822890764 ], [ -73.79903055044538, 5.03329733407774 ], [ -73.799273992155932, 5.033114404611732 ], [ -73.799354487226537, 5.032862724721916 ], [ -73.799355595271507, 5.032863233405577 ], [ -73.799530324580559, 5.032979843734589 ], [ -73.799645297455655, 5.033046755929765 ], [ -73.799697315299625, 5.033057625068506 ], [ -73.799727470140965, 5.033063926357191 ], [ -73.799719353562807, 5.033108214972674 ], [ -73.799719313869815, 5.033203919482478 ], [ -73.799728827954354, 5.03327283036578 ], [ -73.799713533303148, 5.033332160575675 ], [ -73.799686782973069, 5.033397227228884 ], [ -73.799654278944331, 5.033529284774168 ], [ -73.799633242586694, 5.033623065942939 ], [ -73.799619856851407, 5.033680484392355 ], [ -73.799602656493747, 5.033734069740714 ], [ -73.799587366513592, 5.033778087621647 ], [ -73.799556805502135, 5.033827840314633 ], [ -73.799512875166286, 5.033900556239067 ], [ -73.799461297339221, 5.034000068403138 ], [ -73.799403997298199, 5.034088090030559 ], [ -73.799377249430364, 5.034149329716215 ], [ -73.799342856597548, 5.034233534170333 ], [ -73.799275998549433, 5.034356006919005 ], [ -73.799239688529781, 5.034459351631213 ], [ -73.799182381180401, 5.034566516124016 ], [ -73.7991308139149, 5.034643058414916 ], [ -73.799108128171667, 5.034704903887735 ], [ -73.799070118740715, 5.034699038692095 ], [ -73.798915022740374, 5.03472529076781 ], [ -73.798824352823573, 5.034737214800493 ], [ -73.798662121049631, 5.034710826910837 ], [ -73.798578622559575, 5.034691650963431 ], [ -73.798530923462977, 5.034646171017948 ], [ -73.798490394666047, 5.034574374813424 ], [ -73.798434844543706, 5.03442807956061 ] ] ] ] } },
{ "type": "Feature", "properties": { "OBJECTID": 4196.0, "codigo": "257360000000000070374000000000", "manzana_co": null, "numero_sub": 0.0, "codigo_ant": "25736000000070374000", "usuario_lo": null, "fecha_log": null, "globalid": "{82999EBB-9094-40D4-B458-2B936130C698}", "vereda_cod": "25736000000000007", "Shape_Leng": 193.882355929, "Shape_Area": 2026.0300330600001, "DEPARTAMENTO": "25", "MUNICIPIO": "736", "NUMERO_PREDIAL": "0000000000070374000000000", "TIPO_DE_REGISTRO": "1", "NUMERO_DE_ORDEN": "001", "TOTAL_REGISTROS": "001", "NOMBRE": "MUNICIPIO DE SESQUILE", "TIPO_DOCUMENTO": "N", "NUMERO_DOCUMENTO": "999994152", "DIRECCION": "EL PORTON Lo 1", "COMUNA": null, "DESTINO": "P", "AREA DE TERRENO": "2000.0", "AREA CONSTRUIDA": "600.0", "AVALUO 2026": "7.45360757E8", "AVALUO 2025": "7.2365122E8", "VIGENCIA": "01012026", "NUMERO PREDIAL ANTERIOR": "000000070374000", "9.128221E7": "176-160488", "DESTINO_ECONOMICO": "PUBLICO" }, "geometry": { "type": "MultiPolygon", "coordinates": [ [ [ [ -73.749007420946072, 4.991653444639669 ], [ -73.749298640668414, 4.991382661661514 ], [ -73.749495770853343, 4.991489347455549 ], [ -73.74975514857185, 4.991633032386989 ], [ -73.749737247864999, 4.991647976725524 ], [ -73.749626874472312, 4.991713719279634 ], [ -73.749445793462968, 4.991819500827736 ], [ -73.749402775533071, 4.991804428395717 ], [ -73.749369534725432, 4.991787521529619 ], [ -73.749292014768969, 4.991756856424489 ], [ -73.749158435830253, 4.991708938439183 ], [ -73.749007420946072, 4.991653444639669 ] ] ] ] } },
{ "type": "Feature", "properties": { "OBJECTID": 4207.0, "codigo": "257360000000000010075000000000", "manzana_co": null, "numero_sub": 0.0, "codigo_ant": "25736000000010075000", "usuario_lo": null, "fecha_log": null, "globalid": "{E51DD9E7-28BE-49C2-87F7-784FF37787B6}", "vereda_cod": "25736000000000001", "Shape_Leng": 764.18178350200003, "Shape_Area": 26817.4033199, "DEPARTAMENTO": "25", "MUNICIPIO": "736", "NUMERO_PREDIAL": "0000000000010075000000000", "TIPO_DE_REGISTRO": "1", "NUMERO_DE_ORDEN": "001", "TOTAL_REGISTROS": "001", "NOMBRE": "MUNICIPIO DE SESQUILE", "TIPO_DOCUMENTO": "N", "NUMERO_DOCUMENTO": "8999994152", "DIRECCION": "PLANTA DE BOMBEO ACUEDUCTO", "COMUNA": null, "DESTINO": "D2", "AREA DE TERRENO": "26000.0", "AREA CONSTRUIDA": "884.0", "AVALUO 2026": "3.29098606E8", "AVALUO 2025": "3.1951321E8", "VIGENCIA": "01012026", "NUMERO PREDIAL ANTERIOR": "000000010075000", "9.128221E7": "0.0", "DESTINO_ECONOMICO": "PUBLICO" }, "geometry": { "type": "MultiPolygon", "coordinates": [ [ [ [ -73.796069959173508, 5.035749449106123 ], [ -73.796079745342311, 5.0357467775471 ], [ -73.796139352529281, 5.03583951641922 ], [ -73.796143260402332, 5.035844559517986 ], [ -73.796181082776656, 5.035893368571761 ], [ -73.796276500592214, 5.035938271568638 ], [ -73.796354021282809, 5.035989146882852 ], [ -73.796431535563485, 5.036054977312415 ], [ -73.79645778944311, 5.036076057672275 ], [ -73.796491162990961, 5.036102854401316 ], [ -73.796496325628368, 5.036111147149263 ], [ -73.796511073706114, 5.036134833220949 ], [ -73.796520966436148, 5.036150719514627 ], [ -73.79656267747815, 5.036249432495779 ], [ -73.796643135436398, 5.03640498679581 ], [ -73.796684859344651, 5.036473791330686 ], [ -73.796734255941971, 5.03654568279799 ], [ -73.796745486949703, 5.036561453012808 ], [ -73.796815255019894, 5.03662347481264 ], [ -73.796839037175246, 5.036644615584279 ], [ -73.796851423177174, 5.036654471343007 ], [ -73.796884073004691, 5.036680451169111 ], [ -73.79700585382281, 5.036721656041994 ], [ -73.797019694535308, 5.036726925872222 ], [ -73.797173169492851, 5.03678535118053 ], [ -73.797254439613042, 5.036794756424134 ], [ -73.797296103766925, 5.036817991979098 ], [ -73.797367638993251, 5.036916717756808 ], [ -73.79748686727811, 5.037075278232387 ], [ -73.797499642550719, 5.037090072468092 ], [ -73.797641875877858, 5.037254790171809 ], [ -73.797436672987743, 5.037360420474124 ], [ -73.796854466366, 5.037660116763031 ], [ -73.796789922210309, 5.037692445273704 ], [ -73.796540984293628, 5.0378171278544 ], [ -73.796122729917585, 5.038069834136769 ], [ -73.796073643094488, 5.038099491658129 ], [ -73.796030671284683, 5.038024005661026 ], [ -73.795816157495608, 5.037647178948583 ], [ -73.796093101210928, 5.037238164238103 ], [ -73.795635376255078, 5.036374236648565 ], [ -73.795769352613647, 5.036264043786562 ], [ -73.795867823362215, 5.036144456248998 ], [ -73.795969281347908, 5.036012907151325 ], [ -73.79602598448524, 5.035926199539602 ], [ -73.796020040809438, 5.035878344724778 ], [ -73.795987249239161, 5.035842442037763 ], [ -73.795981313669074, 5.035773652038787 ], [ -73.795997702414212, 5.035769177472205 ], [ -73.79601478469533, 5.035764514208778 ], [ -73.796069959173508, 5.035749449106123 ] ] ] ] } },
{ "type": "Feature", "properties": { "OBJECTID": 4219.0, "codigo": "257360000000000050225000000000", "manzana_co": null, "numero_sub": 0.0, "codigo_ant": "25736000000050225000", "usuario_lo": null, "fecha_log": null, "globalid": "{8A73F930-C44A-4FD2-B833-3C8B3804C3A6}", "vereda_cod": "25736000000000005", "Shape_Leng": 967.29266596499997, "Shape_Area": 30841.907442399999, "DEPARTAMENTO": "25", "MUNICIPIO": "736", "NUMERO_PREDIAL": "0000000000050225000000000", "TIPO_DE_REGISTRO": "1", "NUMERO_DE_ORDEN": "001", "TOTAL_REGISTROS": "001", "NOMBRE": "MUNICIPIO DE SESQUILE", "TIPO_DOCUMENTO": "N", "NUMERO_DOCUMENTO": "8999994152", "DIRECCION": "LA ESPERANZA", "COMUNA": null, "DESTINO": "D2", "AREA DE TERRENO": "30818.0", "AREA CONSTRUIDA": "0.0", "AVALUO 2026": "1.01941881E8", "AVALUO 2025": "9.89727E7", "VIGENCIA": "01012026", "NUMERO PREDIAL ANTERIOR": "000000050225000", "9.128221E7": "176-69999", "DESTINO_ECONOMICO": "PUBLICO" }, "geometry": { "type": "MultiPolygon", "coordinates": [ [ [ [ -73.785366298820307, 5.035905614049415 ], [ -73.784549434524607, 5.03574267042493 ], [ -73.784295405251996, 5.035584645695288 ], [ -73.784327649705503, 5.03550570323591 ], [ -73.784345563530906, 5.03546264459834 ], [ -73.784578360938482, 5.035082325466982 ], [ -73.784649246332663, 5.034994022908262 ], [ -73.784667645121161, 5.035080312902839 ], [ -73.784710707464143, 5.03524029717053 ], [ -73.784843078320492, 5.035348023012337 ], [ -73.785132956035881, 5.035373277102677 ], [ -73.785705575575207, 5.035369944921409 ], [ -73.786009589334455, 5.035265645821674 ], [ -73.786220974166341, 5.035276863184743 ], [ -73.786356740497567, 5.035416866098106 ], [ -73.786482112544618, 5.03554614852659 ], [ -73.786779031366635, 5.03583339263814 ], [ -73.787033008827194, 5.036109851011053 ], [ -73.787032784928314, 5.036612296819727 ], [ -73.786560303972337, 5.036769997946565 ], [ -73.786367010105877, 5.036845277567991 ], [ -73.786213062293271, 5.036974409713598 ], [ -73.785898027280126, 5.03718601395213 ], [ -73.785798501640258, 5.037258464292516 ], [ -73.785802417600834, 5.037336224855741 ], [ -73.785685375160583, 5.037364213437866 ], [ -73.785679396239644, 5.037364727104817 ], [ -73.785660976778388, 5.037296074354151 ], [ -73.785661602549837, 5.037286082254216 ], [ -73.785657279269472, 5.037195606316988 ], [ -73.78567883103122, 5.037115575657129 ], [ -73.785710221256636, 5.036933901123437 ], [ -73.785738638453012, 5.036743905805045 ], [ -73.785744217880222, 5.036545182006015 ], [ -73.785738626740738, 5.036406090078525 ], [ -73.785779098871217, 5.036264154015162 ], [ -73.785843572458063, 5.036105616030895 ], [ -73.785628694645325, 5.036030148215315 ], [ -73.785366298820307, 5.035905614049415 ] ] ] ] } },
{ "type": "Feature", "properties": { "OBJECTID": 4284.0, "codigo": "257360000000000070494000000000", "manzana_co": null, "numero_sub": 0.0, "codigo_ant": "25736000000070494000", "usuario_lo": null, "fecha_log": null, "globalid": "{BCECAAEF-6C33-4731-845B-DCFE8B3E6891}", "vereda_cod": "25736000000000007", "Shape_Leng": 225.64896671899999, "Shape_Area": 2957.4645448199999, "DEPARTAMENTO": "25", "MUNICIPIO": "736", "NUMERO_PREDIAL": "0000000000070494000000000", "TIPO_DE_REGISTRO": "1", "NUMERO_DE_ORDEN": "001", "TOTAL_REGISTROS": "001", "NOMBRE": "MUNICIPIO DE SESQUILE", "TIPO_DOCUMENTO": "N", "NUMERO_DOCUMENTO": "999994152", "DIRECCION": "Lo 2", "COMUNA": null, "DESTINO": "P", "AREA DE TERRENO": "3000.0", "AREA CONSTRUIDA": "156.0", "AVALUO 2026": "4.5133869E7", "AVALUO 2025": "4.381929E7", "VIGENCIA": "01012026", "NUMERO PREDIAL ANTERIOR": "000000070494000", "9.128221E7": "176-160489", "DESTINO_ECONOMICO": "PUBLICO" }, "geometry": { "type": "MultiPolygon", "coordinates": [ [ [ [ -73.74848037700535, 4.991450468773691 ], [ -73.748753406444791, 4.991088216541042 ], [ -73.749075395412149, 4.991261841420558 ], [ -73.749286548553243, 4.991376116725128 ], [ -73.74929072679619, 4.991378378624395 ], [ -73.749298640668414, 4.991382661661514 ], [ -73.749007420946072, 4.991653444639669 ], [ -73.749001960361468, 4.991651438009951 ], [ -73.748965279908305, 4.991637528920176 ], [ -73.748914202062537, 4.99161815977904 ], [ -73.748814952904667, 4.991580524360742 ], [ -73.748669924393127, 4.991528771802043 ], [ -73.748500094343413, 4.991457864861143 ], [ -73.74848037700535, 4.991450468773691 ] ] ] ] } },
{ "type": "Feature", "properties": { "OBJECTID": 4300.0, "codigo": "257360000000000030683000000000", "manzana_co": null, "numero_sub": 0.0, "codigo_ant": "25736000000030683000", "usuario_lo": null, "fecha_log": null, "globalid": "{F319B0AB-2F20-4FB0-8E60-6DA912DAAE6A}", "vereda_cod": "25736000000000003", "Shape_Leng": 550.14593586700005, "Shape_Area": 13050.288037, "DEPARTAMENTO": "25", "MUNICIPIO": "736", "NUMERO_PREDIAL": "0000000000030683000000000", "TIPO_DE_REGISTRO": "1", "NUMERO_DE_ORDEN": "001", "TOTAL_REGISTROS": "001", "NOMBRE": "MUNICIPIO DE SESQUILE", "TIPO_DOCUMENTO": "N", "NUMERO_DOCUMENTO": "8999994152", "DIRECCION": "LE PETIT FOYER", "COMUNA": null, "DESTINO": "D2", "AREA DE TERRENO": "12800.0", "AREA CONSTRUIDA": "0.0", "AVALUO 2026": "2.59019796E8", "AVALUO 2025": "2.5147553E8", "VIGENCIA": "01012026", "NUMERO PREDIAL ANTERIOR": "000000030683000", "9.128221E7": "176-83761", "DESTINO_ECONOMICO": "PUBLICO" }, "geometry": { "type": "MultiPolygon", "coordinates": [ [ [ [ -73.798071748476005, 5.049555786247299 ], [ -73.797648285106263, 5.050141476016439 ], [ -73.796161495240881, 5.049382626393363 ], [ -73.796192313583475, 5.049288504238455 ], [ -73.796231752204193, 5.049127020856743 ], [ -73.79627832968005, 5.049008607295559 ], [ -73.796337022297166, 5.048920106505229 ], [ -73.79712123012888, 5.049336160602581 ], [ -73.797243601857588, 5.04912386934425 ], [ -73.797246518814163, 5.049122476190761 ], [ -73.797277566257094, 5.049139192704527 ], [ -73.79744513520501, 5.049229415336453 ], [ -73.797493317893426, 5.049255482340427 ], [ -73.797653608328829, 5.049342198568542 ], [ -73.797676512903408, 5.049356363269069 ], [ -73.797751698654878, 5.049390582298726 ], [ -73.797766403834785, 5.049397275848732 ], [ -73.797794313926659, 5.049409975042122 ], [ -73.797804163963207, 5.049414459131192 ], [ -73.797948709977362, 5.049485046851822 ], [ -73.798016493253229, 5.04952086777637 ], [ -73.798074101336283, 5.049551309223628 ], [ -73.798071748476005, 5.049555786247299 ] ] ] ] } }
]
}
