{
"type": "FeatureCollection",
"name": "Limite_sesquile",
"crs": { "type": "name", "properties": { "name": "urn:ogc:def:crs:OGC:1.3:CRS84" } },
"features": [
{ "type": "Feature", "properties": { "MpCodigo": "25736", "MpNombre": "Sesquilé", "MpArea": 140.987327179, "MpNorma": null, "MpCategor": 1, "SHAPE_Leng": 74203.622002899996, "SHAPE_Area": 140987327.17899999, "MpAltitud": 2601, "Restriccio": "“No es apropiada su aplicación para la ubicación exacta de puntos ni para el cálculo de áreas y distancias", "Depto": "Cundinamarca" }, "geometry": { "type": "MultiPolygon", "coordinates": [ [ [ [ -73.810411452632536, 5.083038330883223 ], [ -73.810388564624503, 5.083024978408875 ], [ -73.81034183412406, 5.082996368868753 ], [ -73.810316085934232, 5.082979202075007 ], [ -73.810251236347227, 5.082941054681646 ], [ -73.81022834802269, 5.082929610703613 ], [ -73.810205460348854, 5.082914353338076 ], [ -73.810062407742066, 5.082830428610006 ], [ -73.810039520073929, 5.082815170332402 ], [ -73.80971527055469, 5.082624434933649 ], [ -73.809627532730701, 5.082574845274826 ], [ -73.809604644176716, 5.082559586074793 ], [ -73.809452056539527, 5.082473755602427 ], [ -73.809412553931111, 5.082450876898549 ], [ -73.80936050400733, 5.082424163448762 ], [ -73.809333801050371, 5.082406997805925 ], [ -73.809072494195149, 5.082250595817206 ], [ -73.809047698744081, 5.082235336270609 ], [ -73.808990478119412, 5.082201004307509 ], [ -73.808874131114806, 5.082136154330289 ], [ -73.808837481964233, 5.082115294530976 ], [ -73.808801650726167, 5.082096100589936 ], [ -73.808754205488199, 5.082068852827548 ], [ -73.80865287760848, 5.082017898219099 ], [ -73.808626175281418, 5.08200772586196 ], [ -73.808602523692471, 5.081994246673925 ], [ -73.808556436653447, 5.081969144597593 ], [ -73.808526038879734, 5.081951141053752 ], [ -73.808498382953132, 5.081933975659076 ], [ -73.808418274114715, 5.081888198679511 ], [ -73.808391570871152, 5.081872940589004 ], [ -73.808326721487617, 5.081834792965056 ], [ -73.808292389430122, 5.0818157201829 ], [ -73.808212280618122, 5.081769943172916 ], [ -73.808176039843161, 5.081750870060185 ], [ -73.808140638446488, 5.081728239506627 ], [ -73.808110237235681, 5.081708909311894 ], [ -73.808084487913078, 5.081693649106279 ], [ -73.807995529872002, 5.081637294528301 ], [ -73.80795478807795, 5.081613540390371 ], [ -73.807888030683145, 5.081571579000784 ], [ -73.807729720759127, 5.081476210882213 ], [ -73.807706833423183, 5.081464766797707 ], [ -73.80760383588526, 5.081405639824802 ], [ -73.807537079099845, 5.081365585085093 ], [ -73.807514189729133, 5.081350326701727 ], [ -73.807404586370836, 5.081281952303142 ], [ -73.807374238309691, 5.081263238259672 ], [ -73.807289936101455, 5.081213316337615 ], [ -73.807236824790493, 5.081183500093018 ], [ -73.807008444394768, 5.081055287107671 ], [ -73.806724562340634, 5.080906826772143 ], [ -73.806525249969624, 5.080779528320452 ], [ -73.806461334226341, 5.080743790048552 ], [ -73.806432724149786, 5.08072853062548 ], [ -73.806169510057273, 5.080575943008567 ], [ -73.806146620969443, 5.080564498861199 ], [ -73.806064605293287, 5.080514907812198 ], [ -73.806037903052655, 5.080499648699708 ], [ -73.806003570217612, 5.080480575774098 ], [ -73.805971146330521, 5.08046531656651 ], [ -73.805421829130054, 5.080156326076056 ], [ -73.805398940970775, 5.080144882801366 ], [ -73.805358250733676, 5.08012326495262 ], [ -73.805315971369353, 5.080101013820733 ], [ -73.805284500297063, 5.080081939993068 ], [ -73.805255889931857, 5.080068588109135 ], [ -73.805036544672447, 5.079959869774512 ], [ -73.804996489902038, 5.079942703380474 ], [ -73.804965972071841, 5.079927444451059 ], [ -73.804926018871583, 5.079910673381383 ], [ -73.804879188571292, 5.079889297534472 ], [ -73.804637909040196, 5.079790116352706 ], [ -73.804330826219157, 5.079660415846186 ], [ -73.804304123018142, 5.079650879453011 ], [ -73.80424849818337, 5.079622932930628 ], [ -73.804059981608205, 5.079538344767694 ], [ -73.804031371845355, 5.079526901326557 ], [ -73.803987502735694, 5.079507828393 ], [ -73.803948401920195, 5.079490661641314 ], [ -73.803917885246818, 5.079479217855312 ], [ -73.803868293253018, 5.079462052403317 ], [ -73.803838729587042, 5.079450608330927 ], [ -73.803398132181556, 5.079267502422477 ], [ -73.803365706595272, 5.079252243066266 ], [ -73.803139157912327, 5.079156289814876 ], [ -73.803095560952826, 5.079140508624395 ], [ -73.803062438796275, 5.07912826535842 ], [ -73.803021430761945, 5.079113006707622 ], [ -73.802988052740602, 5.079099655211303 ], [ -73.802734375119499, 5.079008102766204 ], [ -73.802694019817309, 5.078993764503397 ], [ -73.802647258982105, 5.078975920344143 ], [ -73.802592057991731, 5.078950547669109 ], [ -73.802455867870165, 5.078885075792229 ], [ -73.802070618371062, 5.078695296729325 ], [ -73.80203819283733, 5.078680038201596 ], [ -73.801914171104428, 5.078620678382698 ], [ -73.801867473549208, 5.078600696625221 ], [ -73.801773013359679, 5.078553285905676 ], [ -73.801719568643719, 5.078526463067748 ], [ -73.80162464747859, 5.078470418914921 ], [ -73.801597909557373, 5.0784546320555 ], [ -73.801570295258102, 5.078436584851582 ], [ -73.80154829251309, 5.078422204712109 ], [ -73.801495338166333, 5.07838759609112 ], [ -73.801372145088948, 5.078302003782136 ], [ -73.801337433134222, 5.078279026244787 ], [ -73.801295892253151, 5.078254613811832 ], [ -73.801247590366771, 5.078227494964276 ], [ -73.801223754769339, 5.078205108414837 ], [ -73.801205634381731, 5.078174591171909 ], [ -73.801191965508551, 5.078145981434842 ], [ -73.801180905719249, 5.078111566017843 ], [ -73.801170348613695, 5.078073502184862 ], [ -73.801162720418489, 5.078027725577844 ], [ -73.801151275579898, 5.077997208191205 ], [ -73.801134109264822, 5.07796096785855 ], [ -73.801118850805537, 5.077934265883768 ], [ -73.80109882300971, 5.077911376887414 ], [ -73.801061058427365, 5.077883591580618 ], [ -73.801021430444351, 5.077865465141619 ], [ -73.800987905754724, 5.077853852086351 ], [ -73.800948981040776, 5.077847625566228 ], [ -73.800900098093152, 5.077844709885781 ], [ -73.800872883220961, 5.07784534814652 ], [ -73.8008467360428, 5.077849706173227 ], [ -73.800816535649858, 5.077856063703361 ], [ -73.8007907936083, 5.077866217332469 ], [ -73.800759314714185, 5.077880860218964 ], [ -73.800733502859416, 5.077898068804172 ], [ -73.800703048258896, 5.077917099351463 ], [ -73.800682066894879, 5.077936173348423 ], [ -73.80066299369615, 5.077953339185474 ], [ -73.800643539491873, 5.077980614521191 ], [ -73.800627938289097, 5.078002341447184 ], [ -73.80060195856251, 5.078033447320244 ], [ -73.800581972575159, 5.07806200289218 ], [ -73.800556874733161, 5.078107155878227 ], [ -73.800515683609959, 5.078197999977204 ], [ -73.800471747340708, 5.078305808672695 ], [ -73.800438313903186, 5.078370394609829 ], [ -73.800402507661332, 5.078406269001472 ], [ -73.800368660239499, 5.078435939444341 ], [ -73.800313318169529, 5.078464395872204 ], [ -73.800256927560625, 5.078473199315856 ], [ -73.80020475622463, 5.078468293190281 ], [ -73.800148005978869, 5.078432079274873 ], [ -73.800126074897292, 5.078409194414998 ], [ -73.800094758222656, 5.078371716443889 ], [ -73.800070444658346, 5.078329086140263 ], [ -73.800062381157673, 5.078294709513468 ], [ -73.800056457847006, 5.078248976920345 ], [ -73.800053279075485, 5.078207016313695 ], [ -73.800051674147824, 5.078170133155879 ], [ -73.800056131602076, 5.07810438320474 ], [ -73.800047316874682, 5.078050662714345 ], [ -73.800039291302625, 5.078025818623695 ], [ -73.800025940148757, 5.077997208459469 ], [ -73.80000972710792, 5.07797431922045 ], [ -73.799986134435542, 5.077952758521496 ], [ -73.799949646051459, 5.077932357640021 ], [ -73.79991603057789, 5.07792030303088 ], [ -73.79987398349131, 5.077912012537693 ], [ -73.799799567304106, 5.077891719272677 ], [ -73.799722706429193, 5.077870033617204 ], [ -73.799598476059415, 5.077849846379935 ], [ -73.799486501830046, 5.077831650179596 ], [ -73.799171551014439, 5.077805196169426 ], [ -73.798845523244324, 5.077765472165478 ], [ -73.798797575494973, 5.077756161798836 ], [ -73.798755645637058, 5.07774925201492 ], [ -73.79871211642741, 5.077743660887691 ], [ -73.798686695419761, 5.077739715149384 ], [ -73.798497977959343, 5.077716186817359 ], [ -73.798391342271401, 5.077703475867378 ], [ -73.798342704944631, 5.077697753481558 ], [ -73.797974585797689, 5.077648162981162 ], [ -73.79792595027881, 5.077642440560465 ], [ -73.797892570048774, 5.07763671918967 ], [ -73.797855376535111, 5.077632903799237 ], [ -73.797822965610891, 5.077628696993515 ], [ -73.797189713388263, 5.077512740797028 ], [ -73.797156333165617, 5.077507019386064 ], [ -73.797101974945747, 5.077497482423878 ], [ -73.797070503439073, 5.077491760461402 ], [ -73.79687652881185, 5.077441473749336 ], [ -73.796836852770184, 5.077432632634473 ], [ -73.796743393436515, 5.077413558822504 ], [ -73.796716690198451, 5.077409743990907 ], [ -73.796506881961008, 5.077363967895191 ], [ -73.796112238944033, 5.077282275638455 ], [ -73.796068592557134, 5.077273835730971 ], [ -73.795862317314814, 5.077236715291295 ], [ -73.795784374888257, 5.077219008564994 ], [ -73.795665654919048, 5.077192040294334 ], [ -73.795361318237696, 5.077122906254496 ], [ -73.795313576233283, 5.077112060588749 ], [ -73.795206239064512, 5.077093172858011 ], [ -73.794776917431889, 5.077016829894352 ], [ -73.794740676792117, 5.077009200647176 ], [ -73.794271468997934, 5.076932907330175 ], [ -73.794234275887504, 5.076927184115337 ], [ -73.794204712227213, 5.076921463277603 ], [ -73.793994572575343, 5.07689009873496 ], [ -73.793942450482874, 5.07688331608216 ], [ -73.79390621218613, 5.076877594388217 ], [ -73.793846130433323, 5.076864241722725 ], [ -73.793821333975913, 5.076856612828967 ], [ -73.793790817689768, 5.076848983726797 ], [ -73.793650902074958, 5.076815759956626 ], [ -73.793611525831281, 5.076807022329692 ], [ -73.793576239640103, 5.076801300350763 ], [ -73.793548583949104, 5.076799393252757 ], [ -73.793512343475356, 5.076795578239031 ], [ -73.793477057961056, 5.07679557816636 ], [ -73.793449401892872, 5.076795577765452 ], [ -73.793390273981089, 5.076791762817308 ], [ -73.793364524674487, 5.076787948477581 ], [ -73.793336868606971, 5.076787948976751 ], [ -73.79321384354806, 5.076787949002451 ], [ -73.793178111533891, 5.07678517673664 ], [ -73.793122697172166, 5.076773896000505 ], [ -73.793080329811943, 5.076770782574247 ], [ -73.793031692835655, 5.076772689288859 ], [ -73.792990465901752, 5.076775987740795 ], [ -73.79295668447817, 5.076776467218442 ], [ -73.792908219137075, 5.076767428506066 ], [ -73.792880218575718, 5.07675581092869 ], [ -73.792837142121741, 5.076730728307986 ], [ -73.792791303486041, 5.076709556591354 ], [ -73.792755963261982, 5.076698750698466 ], [ -73.792724410783208, 5.076690978930057 ], [ -73.792694092300479, 5.076684951267643 ], [ -73.79266548218088, 5.076681136791157 ], [ -73.792638778972361, 5.076677322687237 ], [ -73.792593955294578, 5.076677322510096 ], [ -73.792567253655562, 5.076679229410279 ], [ -73.792525290560349, 5.076684952155778 ], [ -73.792498110265129, 5.076688052347127 ], [ -73.792467117369043, 5.076690673980594 ], [ -73.792429923660123, 5.076692581988275 ], [ -73.792395591668225, 5.076694488291763 ], [ -73.792361259676966, 5.07669639549839 ], [ -73.792306415004191, 5.076700086166336 ], [ -73.792229651394891, 5.07670021022057 ], [ -73.792193191877445, 5.076698082201402 ], [ -73.792158126925358, 5.076688767272044 ], [ -73.792121887072199, 5.076677322656108 ], [ -73.792088695514025, 5.076659766880776 ], [ -73.792047579596471, 5.076629053995191 ], [ -73.792021009016722, 5.076609675695774 ], [ -73.791995554786595, 5.076593994502058 ], [ -73.791950225960036, 5.076570510886145 ], [ -73.791928290441248, 5.076553344897038 ], [ -73.791904449957784, 5.076539992836805 ], [ -73.791870753352526, 5.076514562003163 ], [ -73.791847228607452, 5.07650184572373 ], [ -73.791811625121326, 5.076485315467832 ], [ -73.791787556163243, 5.076474796134722 ], [ -73.791760607035243, 5.076466167125374 ], [ -73.791715621761782, 5.076457977405322 ], [ -73.7916666797489, 5.07644729671745 ], [ -73.791633606257278, 5.076436996553288 ], [ -73.79160769931903, 5.076411951610726 ], [ -73.791592329596455, 5.076365460321053 ], [ -73.791578292851185, 5.076339722122209 ], [ -73.791556357592853, 5.076316834201826 ], [ -73.79153442375808, 5.076295852980585 ], [ -73.791511534734568, 5.076276779631073 ], [ -73.791487693887447, 5.076265336064656 ], [ -73.791460036757982, 5.076248169829515 ], [ -73.79142213471782, 5.076227941173913 ], [ -73.791379594471806, 5.076203651413797 ], [ -73.791339238086081, 5.076167424666787 ], [ -73.791305541019398, 5.076148988054552 ], [ -73.791272163059617, 5.076141357805419 ], [ -73.791243552553169, 5.076126098524532 ], [ -73.79121303525055, 5.07610130354367 ], [ -73.791189193237088, 5.076082228632917 ], [ -73.791158675827205, 5.076066970778968 ], [ -73.791131972235988, 5.076051711870726 ], [ -73.791094780578021, 5.076034546438514 ], [ -73.791067154448555, 5.076017624478284 ], [ -73.791042327556141, 5.075998306434435 ], [ -73.791015393113867, 5.07596467124888 ], [ -73.790993690506866, 5.075933456694308 ], [ -73.790972709572159, 5.075908661782353 ], [ -73.790953635815299, 5.075891494961946 ], [ -73.790927886908378, 5.07587242056473 ], [ -73.790889866542656, 5.075850596612714 ], [ -73.79084968450735, 5.075828552690799 ], [ -73.790828705268538, 5.075813293996547 ], [ -73.790768623739964, 5.075777053352305 ], [ -73.790739059221437, 5.075757979998344 ], [ -73.790700912129296, 5.075735091982333 ], [ -73.790672362319512, 5.07572074024861 ], [ -73.79061826963698, 5.075694194990165 ], [ -73.790576299580579, 5.075677871534284 ], [ -73.790549278613412, 5.075670242509918 ], [ -73.790523529351347, 5.07566642804719 ], [ -73.790485066381592, 5.075658345173333 ], [ -73.790437698089519, 5.075651169084422 ], [ -73.790403366385931, 5.075647354261812 ], [ -73.790374884542388, 5.075642865339383 ], [ -73.790344246969894, 5.0756348823769 ], [ -73.790301433546077, 5.075614462378387 ], [ -73.790206908634175, 5.075563430997882 ], [ -73.790185928514319, 5.075548172280048 ], [ -73.790138430265642, 5.075526154452387 ], [ -73.790105819024419, 5.075510024932944 ], [ -73.790080070413154, 5.075498580925196 ], [ -73.790033340400313, 5.075460434358718 ], [ -73.79000425362706, 5.075437164187275 ], [ -73.789981287535042, 5.075422930469647 ], [ -73.789949416858732, 5.075401306161357 ], [ -73.789915084656712, 5.075382233164896 ], [ -73.789871215726905, 5.075356165805977 ], [ -73.789810546087551, 5.07532751819971 ], [ -73.789754007532125, 5.075305959338331 ], [ -73.789725867078644, 5.075297959715238 ], [ -73.789695613260236, 5.075290130088222 ], [ -73.789653777735424, 5.075284957941792 ], [ -73.78962802848875, 5.075281143440105 ], [ -73.789589753965956, 5.075271416006146 ], [ -73.789555391804072, 5.075255152854655 ], [ -73.789531421828784, 5.075237656236875 ], [ -73.789503097024749, 5.075208664093405 ], [ -73.789478937681906, 5.075188318962077 ], [ -73.789448737502624, 5.075166702536915 ], [ -73.789422988009861, 5.075155257595101 ], [ -73.789391834956774, 5.075137456642153 ], [ -73.789357470989728, 5.07511672942461 ], [ -73.789330309173465, 5.075100111772954 ], [ -73.78922883845334, 5.075037465698105 ], [ -73.78919982858072, 5.07502174256631 ], [ -73.789101600837242, 5.074968338250168 ], [ -73.789047241847001, 5.074941634801154 ], [ -73.789005157700331, 5.074918994000521 ], [ -73.788963318425971, 5.074895858801741 ], [ -73.788933753211595, 5.074880600567189 ], [ -73.788889884330231, 5.074863434094309 ], [ -73.788853645004508, 5.074850082565749 ], [ -73.78882217390985, 5.074838638249495 ], [ -73.788792292818471, 5.074832280453076 ], [ -73.788744926103732, 5.074823380319798 ], [ -73.788702010200865, 5.074819565021399 ], [ -73.788673400552028, 5.074813842742643 ], [ -73.788631909027288, 5.074799117583799 ], [ -73.788573111429898, 5.074775126176855 ], [ -73.788539249570704, 5.074763563502589 ], [ -73.788507461640165, 5.074757257791443 ], [ -73.788471221910129, 5.074754714813471 ], [ -73.788439750278371, 5.074754715222332 ], [ -73.788402198695039, 5.074754674184127 ], [ -73.788357749851741, 5.074753371934582 ], [ -73.788306127959501, 5.074742930422468 ], [ -73.788270953841334, 5.0747335321354 ], [ -73.788236617955974, 5.074716568450197 ], [ -73.788213729976519, 5.074697494957966 ], [ -73.78818321166473, 5.074678421726079 ], [ -73.788148715327438, 5.07465194009757 ], [ -73.788126084076481, 5.074635447170221 ], [ -73.788101196334267, 5.074609755589457 ], [ -73.78806686375242, 5.074575424326809 ], [ -73.788047789595169, 5.074556350698828 ], [ -73.788023426704996, 5.074534058324403 ], [ -73.78799318105817, 5.074512098902655 ], [ -73.787964821085524, 5.074495697115786 ], [ -73.787932396159917, 5.074485778734402 ], [ -73.787895203078534, 5.074476241716236 ], [ -73.787865639034919, 5.07446861295372 ], [ -73.787837982011681, 5.074464797985994 ], [ -73.787746429924212, 5.074455262099216 ], [ -73.787719726410543, 5.074453353572071 ], [ -73.787692069783986, 5.074447632798591 ], [ -73.787664413267777, 5.074445723621309 ], [ -73.787629397023778, 5.074439238097277 ], [ -73.787527439025027, 5.074426308680708 ], [ -73.787501907049773, 5.074423026830386 ], [ -73.787437438577811, 5.074413299515676 ], [ -73.787403107328501, 5.074407576911205 ], [ -73.787328720110352, 5.074398041758148 ], [ -73.787272592257523, 5.074383884544168 ], [ -73.787220516432413, 5.074373419962752 ], [ -73.787169456793407, 5.074363708856707 ], [ -73.787137031044281, 5.074356079021205 ], [ -73.786930084655992, 5.074319840443315 ], [ -73.786866506120745, 5.074310938192834 ], [ -73.786828040317943, 5.074302673192276 ], [ -73.786789893855655, 5.074295043971662 ], [ -73.786760330330367, 5.074289321858749 ], [ -73.786730765904039, 5.074283600650432 ], [ -73.786618232922223, 5.074258803937482 ], [ -73.78658562595615, 5.074253550660165 ], [ -73.7864933004157, 5.074245453476427 ], [ -73.786449432839134, 5.074239729759875 ], [ -73.786410332186719, 5.074237823600065 ], [ -73.786353111147335, 5.074226379730854 ], [ -73.786325455434024, 5.074220657084472 ], [ -73.786247870884139, 5.074205968451271 ], [ -73.786198298441548, 5.074193954196635 ], [ -73.78616142225836, 5.074188232810031 ], [ -73.78612899803268, 5.07418632484205 ], [ -73.786098480209816, 5.074182509657986 ], [ -73.786060968664756, 5.074181239523921 ], [ -73.786024093012784, 5.074172973442692 ], [ -73.785985495940054, 5.074166595344613 ], [ -73.785928726431791, 5.074153900261831 ], [ -73.785898209113313, 5.074151992676756 ], [ -73.785862638785858, 5.074149245120124 ], [ -73.785805650140418, 5.07415160122313 ], [ -73.785776774108612, 5.074149450017286 ], [ -73.785751342839447, 5.074144362620634 ], [ -73.785719416891013, 5.074131360388997 ], [ -73.785671233814341, 5.074110030778304 ], [ -73.78563292110222, 5.07409401924561 ], [ -73.785589453340449, 5.074082337773739 ], [ -73.785558700975145, 5.074071884221759 ], [ -73.785526276049595, 5.074060439984761 ], [ -73.785467148222708, 5.074035644177953 ], [ -73.785434722397497, 5.074024199936894 ], [ -73.78539276064032, 5.074010848818388 ], [ -73.785345882875518, 5.073994273043697 ], [ -73.785308836628658, 5.073982238963189 ], [ -73.785258641087609, 5.073969875177386 ], [ -73.785197403452116, 5.073955644346675 ], [ -73.785164752874294, 5.07395013494893 ], [ -73.785103337726355, 5.073943594489814 ], [ -73.785059928320422, 5.073938369642912 ], [ -73.785031317817371, 5.073932648097685 ], [ -73.784982881156878, 5.073921755391246 ], [ -73.784949302229833, 5.073909759607414 ], [ -73.784919635163661, 5.073896751872457 ], [ -73.784886373210668, 5.073884927638121 ], [ -73.784844929366841, 5.073868492726745 ], [ -73.784806252253887, 5.073856353813373 ], [ -73.784778595159167, 5.073848724392761 ], [ -73.784749984660749, 5.073843002834043 ], [ -73.784708976826849, 5.073829651413268 ], [ -73.7846717834001, 5.073822021806656 ], [ -73.784612200653029, 5.073811320880766 ], [ -73.784537314247331, 5.073793411695555 ], [ -73.784509658558136, 5.073787689870942 ], [ -73.784461975299706, 5.073778151805215 ], [ -73.784424503464336, 5.073773135983664 ], [ -73.78438617177531, 5.073770522910401 ], [ -73.784354209625022, 5.073768616098147 ], [ -73.784328460935527, 5.073766708075508 ], [ -73.784271291751281, 5.073757060249489 ], [ -73.784238814958414, 5.073740005386371 ], [ -73.784211158125402, 5.073705673920084 ], [ -73.784177780299942, 5.073659897399854 ], [ -73.784142494266391, 5.073616028088616 ], [ -73.784092903143474, 5.073547363627353 ], [ -73.78406025614278, 5.073506665631169 ], [ -73.784036636011905, 5.073476790602265 ], [ -73.784009934007429, 5.073442458869978 ], [ -73.783992766804843, 5.073419572087969 ], [ -73.783973693913168, 5.073390961166717 ], [ -73.783826673261771, 5.073178228315935 ], [ -73.783777236764237, 5.073106765561609 ], [ -73.783760071382318, 5.073083876958475 ], [ -73.783740042895388, 5.073059082407122 ], [ -73.783718745457065, 5.073030472363065 ], [ -73.78369998912649, 5.07301139819364 ], [ -73.783681869034467, 5.072992325061683 ], [ -73.783643722939289, 5.072957991803665 ], [ -73.783624648541107, 5.072940826532618 ], [ -73.78359127016256, 5.072906493823057 ], [ -73.783461569853287, 5.072780609432077 ], [ -73.783436775482613, 5.072755814311757 ], [ -73.783197403116986, 5.072492599908726 ], [ -73.783180236052971, 5.072473525602853 ], [ -73.78316020949778, 5.07245254534114 ], [ -73.782897949041057, 5.072185517061902 ], [ -73.782874610748379, 5.072160274013966 ], [ -73.782719237889012, 5.071982266186025 ], [ -73.782693862697059, 5.071954727051493 ], [ -73.782583237336922, 5.071836470581755 ], [ -73.782560347641322, 5.071809769118684 ], [ -73.782510757078228, 5.071752549246673 ], [ -73.782484054406467, 5.071722030839523 ], [ -73.782456397917429, 5.071695327903044 ], [ -73.782413415565713, 5.071647412746711 ], [ -73.782274247328928, 5.071496963168505 ], [ -73.782241821195058, 5.071462631927664 ], [ -73.782222748190279, 5.071443558084093 ], [ -73.782196775222801, 5.071415695678435 ], [ -73.782161712519482, 5.071378708007326 ], [ -73.782021521944799, 5.071243286104901 ], [ -73.781990928927982, 5.071214365974523 ], [ -73.781955719026556, 5.071176528728904 ], [ -73.781936645961835, 5.071153640556237 ], [ -73.781766890794231, 5.070968627488154 ], [ -73.781742095580171, 5.070940017963722 ], [ -73.781715393054057, 5.070913313831423 ], [ -73.781449602658896, 5.070634411707807 ], [ -73.781415938952591, 5.070600509038639 ], [ -73.781386727008183, 5.070570296757678 ], [ -73.781358719264219, 5.070547104442425 ], [ -73.781339645408806, 5.070528029660235 ], [ -73.781278611106913, 5.070478438554346 ], [ -73.781259537256886, 5.070459364674013 ], [ -73.781238555610955, 5.07044029309847 ], [ -73.781181336020282, 5.070390700990633 ], [ -73.781161307862263, 5.070373535871515 ], [ -73.781133651971103, 5.070348739566391 ], [ -73.781090309993303, 5.070314565323183 ], [ -73.781034470308953, 5.07027625974355 ], [ -73.780925260801325, 5.070202496141937 ], [ -73.780883929372166, 5.070175709187071 ], [ -73.780780852768302, 5.07011677191293 ], [ -73.780746284055425, 5.070094974759972 ], [ -73.78059479533519, 5.069999450395017 ], [ -73.780289477093262, 5.069791152597396 ], [ -73.780226984169104, 5.069753266710101 ], [ -73.780126595603392, 5.069692405786244 ], [ -73.780048553752735, 5.069645093786079 ], [ -73.779961868442086, 5.069594253887951 ], [ -73.779836254369755, 5.069520581343113 ], [ -73.779735943751376, 5.06946671724555 ], [ -73.779627244801986, 5.069404580332138 ], [ -73.779566701279975, 5.069369723566084 ], [ -73.779482481385415, 5.069331539819475 ], [ -73.779449462627795, 5.069313050079241 ], [ -73.779399871686309, 5.069288253879807 ], [ -73.7793653589423, 5.069273176652764 ], [ -73.779324531743811, 5.069259643621546 ], [ -73.779289697645027, 5.069251274189845 ], [ -73.779252052357961, 5.069244385005444 ], [ -73.779221187084957, 5.069247907123538 ], [ -73.779169352950404, 5.06925348971713 ], [ -73.779139518249295, 5.069257736351239 ], [ -73.779113768823677, 5.069255829901534 ], [ -73.779079625313884, 5.069239348651613 ], [ -73.779048919913379, 5.069223404411328 ], [ -73.779003142780226, 5.0691986090128 ], [ -73.778964153143832, 5.069176160087027 ], [ -73.778930663478505, 5.069158554105203 ], [ -73.778905869163694, 5.069147110241214 ], [ -73.778870010423887, 5.069131660865972 ], [ -73.778837619000967, 5.06911551684328 ], [ -73.778796150944444, 5.069091327976861 ], [ -73.778762489098426, 5.069061063894987 ], [ -73.778713642011681, 5.069016081153541 ], [ -73.778676031994422, 5.068996430429365 ], [ -73.778644562175842, 5.068993251262595 ], [ -73.778615951003758, 5.069007874247474 ], [ -73.778598786102407, 5.069028855130529 ], [ -73.778575896425977, 5.06904792714852 ], [ -73.778531092764283, 5.069046239987466 ], [ -73.77849864884854, 5.069026946818474 ], [ -73.778481482859476, 5.069004058932954 ], [ -73.778465270291889, 5.068979264095772 ], [ -73.77843335514082, 5.068956888061055 ], [ -73.778398512843026, 5.068954467661371 ], [ -73.778369904177993, 5.068965912484212 ], [ -73.778347015344295, 5.06898117017237 ], [ -73.778322218823547, 5.06900405970388 ], [ -73.778299331529652, 5.06903266887146 ], [ -73.778269767531114, 5.069070815995965 ], [ -73.77824747870423, 5.069101805338832 ], [ -73.778209685395524, 5.069152196247781 ], [ -73.778188704792299, 5.069177626779219 ], [ -73.778169631597734, 5.069196701431904 ], [ -73.778140892046906, 5.069210396989789 ], [ -73.778105735137487, 5.069219590048447 ], [ -73.778071866163543, 5.069222103099154 ], [ -73.778025626587677, 5.069219589612514 ], [ -73.77796840614279, 5.069215775361201 ], [ -73.777917271258247, 5.069210687772582 ], [ -73.777884506495113, 5.069206080322624 ], [ -73.777837467997401, 5.069195817877632 ], [ -73.777792616340577, 5.069178163963804 ], [ -73.777755736947569, 5.069160461545234 ], [ -73.77771928208125, 5.06914533135798 ], [ -73.777688980449497, 5.069139481167147 ], [ -73.777661005651623, 5.069133123219978 ], [ -73.777616501137302, 5.069128036681698 ], [ -73.777571677771391, 5.069124221964365 ], [ -73.777540842798459, 5.069119135271998 ], [ -73.777499549068466, 5.069099572158825 ], [ -73.777465820733156, 5.069089889131326 ], [ -73.777430534077425, 5.069084167993018 ], [ -73.77735392208335, 5.069082260178595 ], [ -73.777313388620215, 5.069080385906679 ], [ -73.777277808726652, 5.069072450723896 ], [ -73.777235030945562, 5.069055558044285 ], [ -73.777191161860543, 5.069046020216288 ], [ -73.777154922779658, 5.069037754610396 ], [ -73.777122498249497, 5.06904220606611 ], [ -73.777093887697319, 5.069049835611266 ], [ -73.777055740481828, 5.069063186787409 ], [ -73.777011870820431, 5.069080352825788 ], [ -73.776984214683651, 5.06909370406107 ], [ -73.776946067509144, 5.06911087045906 ], [ -73.776924133003988, 5.069128036379696 ], [ -73.776900291220045, 5.069150924717951 ], [ -73.776883124968052, 5.06917762750257 ], [ -73.776875495518055, 5.069210052529988 ], [ -73.776871680333429, 5.06924438511335 ], [ -73.776862143939852, 5.069272994489325 ], [ -73.776839918728044, 5.069305932054504 ], [ -73.776811313727663, 5.069320487994693 ], [ -73.776781082049666, 5.069322585766771 ], [ -73.77674905681323, 5.069317573767198 ], [ -73.776713179122964, 5.069305127785238 ], [ -73.776659012323989, 5.069288254177758 ], [ -73.776615143137647, 5.069271087666022 ], [ -73.776589394087651, 5.06926345827237 ], [ -73.776527404473583, 5.069250107025908 ], [ -73.776493706866589, 5.069246507822998 ], [ -73.776448249747318, 5.069246292736389 ], [ -73.776372221223255, 5.069250106949672 ], [ -73.776344013060253, 5.06925010733476 ], [ -73.776291322900633, 5.069253814787929 ], [ -73.77624988571695, 5.069253922449733 ], [ -73.776200195755692, 5.069248159713545 ], [ -73.776117325051871, 5.069231032742176 ], [ -73.776089667347676, 5.069227219036869 ], [ -73.776038169339529, 5.069219589755951 ], [ -73.775995254619019, 5.069211959219635 ], [ -73.775964100747615, 5.069204329951162 ], [ -73.77593803356838, 5.069194794202429 ], [ -73.775913238814553, 5.069181441697145 ], [ -73.775883992233133, 5.069168090912709 ], [ -73.775853740530692, 5.0691488718895 ], [ -73.775810241430861, 5.069120406693732 ], [ -73.775785446212993, 5.069105148378808 ], [ -73.775762557930108, 5.069093703908651 ], [ -73.775741576505766, 5.069078445541042 ], [ -73.775532722167455, 5.06893539421535 ], [ -73.775498390172501, 5.068914413621831 ], [ -73.775468825399884, 5.068891526029481 ], [ -73.775438689856202, 5.068872070654102 ], [ -73.775414020207705, 5.068857661910565 ], [ -73.775066376114296, 5.068639755431868 ], [ -73.77503585750344, 5.068620682378001 ], [ -73.77498912793024, 5.068590164962241 ], [ -73.774955750334016, 5.068571090805253 ], [ -73.774883773475821, 5.068523815176368 ], [ -73.774854659949725, 5.06850242559062 ], [ -73.77482652717066, 5.068477058519204 ], [ -73.774807965102468, 5.068454079882525 ], [ -73.774792753544659, 5.06842325954044 ], [ -73.774776290488347, 5.068375193433794 ], [ -73.774757610583947, 5.068323750028728 ], [ -73.774742126521247, 5.068286895866842 ], [ -73.774724228306681, 5.06825830851401 ], [ -73.774699211450468, 5.068229675390982 ], [ -73.774669075460224, 5.068204498936948 ], [ -73.774638087042561, 5.068184955852749 ], [ -73.774577140275468, 5.068151474552788 ], [ -73.774547576531376, 5.068136215556219 ], [ -73.774506014199176, 5.068113791127269 ], [ -73.774477004917145, 5.068098068133331 ], [ -73.77444229460481, 5.068082172786083 ], [ -73.774396247757309, 5.068057299519511 ], [ -73.774338308361919, 5.068031700245847 ], [ -73.774297713859454, 5.068014145033622 ], [ -73.774240528318103, 5.067993341938372 ], [ -73.774209975748846, 5.06797981344946 ], [ -73.774183273741357, 5.067968368953135 ], [ -73.774155934250473, 5.067950566199869 ], [ -73.774133681625059, 5.067934036038084 ], [ -73.774109840355877, 5.067914963083285 ], [ -73.774007796637477, 5.067836760770786 ], [ -73.773975485322993, 5.067811211329993 ], [ -73.773950576833954, 5.067783356289419 ], [ -73.773934364020917, 5.067760468017307 ], [ -73.773923541411691, 5.067728331134567 ], [ -73.773916244948396, 5.067699432435382 ], [ -73.773910522277603, 5.067672729954217 ], [ -73.773905436540957, 5.067639032423211 ], [ -73.773897734443509, 5.067601426868174 ], [ -73.773892171469967, 5.06756710640356 ], [ -73.773890494828805, 5.067527771536668 ], [ -73.773886309634804, 5.067481085216798 ], [ -73.773886680020269, 5.067445754978657 ], [ -73.77389144929424, 5.067415238287606 ], [ -73.773887455962992, 5.067384933881863 ], [ -73.773870761602623, 5.067344894838447 ], [ -73.773850440470952, 5.067310334120139 ], [ -73.77383041386588, 5.067283630649905 ], [ -73.773808816714222, 5.067256697392649 ], [ -73.773788928529939, 5.06724014266671 ], [ -73.773757935286341, 5.067214966277631 ], [ -73.7737331387913, 5.067193985020198 ], [ -73.773700879694246, 5.067165258248816 ], [ -73.773664474038313, 5.067129134923065 ], [ -73.773642539704852, 5.067110062378164 ], [ -73.773624420054745, 5.067090987985145 ], [ -73.773602486137094, 5.067066192591719 ], [ -73.77352142290367, 5.066984176998375 ], [ -73.773501395907132, 5.06696319545605 ], [ -73.773481368912954, 5.06694221481783 ], [ -73.773451061957346, 5.066908263281953 ], [ -73.773433684981512, 5.066879272555899 ], [ -73.773402123639457, 5.066822568681229 ], [ -73.773388418134758, 5.066792290357697 ], [ -73.773372650585969, 5.06674385052377 ], [ -73.773346901204036, 5.066659927216746 ], [ -73.773336410410195, 5.066627502148045 ], [ -73.773316383625556, 5.06656265267816 ], [ -73.773303985021158, 5.066526412847713 ], [ -73.773290248165523, 5.066492525653008 ], [ -73.773274421531212, 5.06645965629931 ], [ -73.773261070004608, 5.066434860585065 ], [ -73.773238182185452, 5.066402435850942 ], [ -73.773213386135595, 5.066371917392026 ], [ -73.773195266500068, 5.066349029560084 ], [ -73.773169517044337, 5.066324235085185 ], [ -73.773136139067546, 5.066287994981382 ], [ -73.773110389614317, 5.066263198693492 ], [ -73.773088455305839, 5.066240310890976 ], [ -73.773061752381437, 5.066209792892687 ], [ -73.773041724523821, 5.066188812235732 ], [ -73.7730195052456, 5.066161536711407 ], [ -73.773001283894644, 5.066130503619043 ], [ -73.772980690051497, 5.066093445547852 ], [ -73.772966384648683, 5.066068649154101 ], [ -73.772874832308943, 5.06588172891692 ], [ -73.772862433804903, 5.065856933861445 ], [ -73.772842407252412, 5.065822601692953 ], [ -73.772777271319001, 5.065707587267688 ], [ -73.772761432394404, 5.065680285106258 ], [ -73.772710799739741, 5.065584182002882 ], [ -73.772692482404651, 5.065552847665796 ], [ -73.772673606145574, 5.065525055029995 ], [ -73.772630692357566, 5.065467834355225 ], [ -73.772570610674293, 5.065397262762469 ], [ -73.772542156522988, 5.06537086159128 ], [ -73.77250666338621, 5.065341552196034 ], [ -73.772482871449199, 5.065319061136323 ], [ -73.772455617818878, 5.065292110132755 ], [ -73.772429466249648, 5.065271377473068 ], [ -73.772398728725634, 5.065246350005193 ], [ -73.772369189617393, 5.065188591191301 ], [ -73.772344589473022, 5.065151214806367 ], [ -73.772319793089224, 5.065126419147163 ], [ -73.772296905398406, 5.065101623923721 ], [ -73.772283758688843, 5.065066089901269 ], [ -73.772266436116468, 5.065034181531392 ], [ -73.772244453029643, 5.065004349227697 ], [ -73.772205353144201, 5.06496238670104 ], [ -73.772186279263295, 5.06494522100579 ], [ -73.772151947078612, 5.06491088868043 ], [ -73.772086143055049, 5.064844131846066 ], [ -73.772058719332719, 5.064812222849463 ], [ -73.77203742721106, 5.064776025259518 ], [ -73.772023024720596, 5.064743120675858 ], [ -73.772006034444175, 5.064702987792485 ], [ -73.771991730435573, 5.064668655092692 ], [ -73.771972656021006, 5.064622878764905 ], [ -73.771961212375601, 5.064598083448348 ], [ -73.771944046224164, 5.064558030406648 ], [ -73.771923064931443, 5.064512252730821 ], [ -73.771906203901253, 5.064473033679294 ], [ -73.771882979904404, 5.064423355663959 ], [ -73.771860790512946, 5.064387703004186 ], [ -73.771841261711046, 5.064356746530891 ], [ -73.771825789799465, 5.06432533365319 ], [ -73.771815300045603, 5.064296721961959 ], [ -73.771794318717411, 5.064231872639784 ], [ -73.771784782404495, 5.064201354909059 ], [ -73.771771430498703, 5.064163207642236 ], [ -73.771755183408658, 5.064119634178617 ], [ -73.77170700038522, 5.063996198800589 ], [ -73.771695326246359, 5.063961177912751 ], [ -73.771688187447594, 5.063920501163505 ], [ -73.771681046199404, 5.063884607937132 ], [ -73.771676287818252, 5.063855895294608 ], [ -73.771676307483148, 5.063813870697587 ], [ -73.771676321714466, 5.063781725352257 ], [ -73.771662022341275, 5.06374822065436 ], [ -73.771645335211133, 5.063717109657468 ], [ -73.771621494596161, 5.063674032097272 ], [ -73.771566651252456, 5.063599836165777 ], [ -73.771540417339978, 5.063573504679987 ], [ -73.771517617030696, 5.06353327462968 ], [ -73.771498096675259, 5.063506359597285 ], [ -73.771463229804311, 5.063457854661051 ], [ -73.771437897855719, 5.063405973787328 ], [ -73.771416436900992, 5.063377252990784 ], [ -73.771399749018386, 5.063348533745171 ], [ -73.771383057784661, 5.063324600738338 ], [ -73.771363983693533, 5.063293488049608 ], [ -73.771347291685927, 5.063271945897719 ], [ -73.771317483575885, 5.063236043472013 ], [ -73.77128051734455, 5.063202529568602 ], [ -73.771247119025546, 5.063171737095758 ], [ -73.771216618718412, 5.063135811959898 ], [ -73.771201133176035, 5.063114167012123 ], [ -73.77116499073901, 5.063088138699944 ], [ -73.771124685221281, 5.063063571394926 ], [ -73.771097001006552, 5.06304781947388 ], [ -73.771065723826567, 5.06303257045349 ], [ -73.771032142866105, 5.063022804501136 ], [ -73.770992278641117, 5.063018798743124 ], [ -73.770966529887801, 5.063014984309851 ], [ -73.770940780227249, 5.063007355547856 ], [ -73.770911216346974, 5.062994003951314 ], [ -73.770883559782035, 5.062967301288797 ], [ -73.770866394225862, 5.062948226555245 ], [ -73.770837783319919, 5.062919616504644 ], [ -73.770806312098955, 5.062892913854922 ], [ -73.770780563316592, 5.062858582067348 ], [ -73.770754813179934, 5.062822341758025 ], [ -73.77073383251026, 5.062793731666908 ], [ -73.770718574289972, 5.062768936331282 ], [ -73.77070426950489, 5.062738418819125 ], [ -73.770663260688721, 5.062652587767144 ], [ -73.770641327027761, 5.06260871877476 ], [ -73.770625113563554, 5.062574386487535 ], [ -73.770591734558991, 5.062509537373204 ], [ -73.770566581458155, 5.06246456093984 ], [ -73.770536842359746, 5.062417511311466 ], [ -73.770506665688643, 5.062378181354285 ], [ -73.770458221349557, 5.062314987196136 ], [ -73.770430564829695, 5.062280654942979 ], [ -73.770381926779848, 5.062225342144608 ], [ -73.770290374498245, 5.06212425233446 ], [ -73.770252227008086, 5.062082290317764 ], [ -73.770234108058204, 5.062061309982417 ], [ -73.770219803315698, 5.062034607687499 ], [ -73.770208358587624, 5.062007267626083 ], [ -73.7701997752323, 5.061977386704196 ], [ -73.770196914464478, 5.06193542524258 ], [ -73.770191193379659, 5.061902998934479 ], [ -73.770186106269406, 5.061864852640218 ], [ -73.770179136871818, 5.06181010923764 ], [ -73.770173390450822, 5.06177075653479 ], [ -73.770165887785225, 5.061743545714356 ], [ -73.770154953477956, 5.061718940682567 ], [ -73.770121455998307, 5.061653792133748 ], [ -73.770099639859254, 5.061620712592249 ], [ -73.770074177244553, 5.061591720483244 ], [ -73.770046188020544, 5.061572858580936 ], [ -73.770015716559698, 5.061555861998922 ], [ -73.769987218495871, 5.061543223078531 ], [ -73.769949406887235, 5.061529597079141 ], [ -73.769903777618978, 5.061518481630683 ], [ -73.769854592388228, 5.061510155817055 ], [ -73.769828796235728, 5.061504364086717 ], [ -73.76979827854926, 5.061498642218636 ], [ -73.769761309873914, 5.061492684587577 ], [ -73.769730249795188, 5.061484654854099 ], [ -73.769695508698646, 5.061469816186625 ], [ -73.769662221664873, 5.061449051134374 ], [ -73.769635200535845, 5.061429978114434 ], [ -73.769613265616869, 5.061407089243333 ], [ -73.769594193278678, 5.061376571929021 ], [ -73.769575665444862, 5.061346329974088 ], [ -73.769556998429351, 5.06132125902183 ], [ -73.769512176074059, 5.061273574785475 ], [ -73.769484520095574, 5.061244965328686 ], [ -73.769456863216035, 5.061216354966454 ], [ -73.769429320896364, 5.061187699219455 ], [ -73.769392013314473, 5.061136246010065 ], [ -73.769349800715858, 5.061080030485074 ], [ -73.769320170083617, 5.061034520858341 ], [ -73.76930713635511, 5.061006546485047 ], [ -73.769283295230537, 5.060958226468443 ], [ -73.76926803607958, 5.060922623361352 ], [ -73.769253961071769, 5.060894004999356 ], [ -73.769228334869609, 5.06084870508103 ], [ -73.769199370760461, 5.060796737892804 ], [ -73.769184111748999, 5.06077194250451 ], [ -73.769165992885775, 5.060743332561517 ], [ -73.769141196805634, 5.0607147224025 ], [ -73.769120888935973, 5.060694034204738 ], [ -73.769100028021796, 5.060675770097577 ], [ -73.76907539261525, 5.060655593804091 ], [ -73.769031417698258, 5.06061780767602 ], [ -73.768995285091421, 5.060590744846198 ], [ -73.768978118753751, 5.060571670044296 ], [ -73.768956184328559, 5.060554504900422 ], [ -73.768931388720077, 5.060523987112293 ], [ -73.768903731914108, 5.060487747150799 ], [ -73.768877506077928, 5.06045276788323 ], [ -73.768852668713066, 5.060400631073962 ], [ -73.7688388831548, 5.060369492090738 ], [ -73.768831252116968, 5.060342789067689 ], [ -73.768824577237865, 5.060310363865623 ], [ -73.768816630259096, 5.0602575934551 ], [ -73.76881408695003, 5.0602214811395 ], [ -73.768814087019024, 5.060194015241755 ], [ -73.768815041041847, 5.060140609856334 ], [ -73.768816173792089, 5.060092592284004 ], [ -73.768817902034215, 5.060049057088055 ], [ -73.768817901238222, 5.060007094923649 ], [ -73.768816629199719, 5.059963862824276 ], [ -73.76881122562132, 5.059913634995999 ], [ -73.768806457157055, 5.059886932193776 ], [ -73.768797673522187, 5.059855487735152 ], [ -73.768782615127506, 5.059816360524663 ], [ -73.768763542415655, 5.059791565120968 ], [ -73.768738745937313, 5.059764862556036 ], [ -73.768698692237464, 5.059736252377169 ], [ -73.768658368576425, 5.059711353683321 ], [ -73.768634107348831, 5.059689318169736 ], [ -73.768613210760819, 5.059657605736348 ], [ -73.768589830281357, 5.059604937788317 ], [ -73.768572807199291, 5.059562683610743 ], [ -73.768557547811909, 5.059532166249867 ], [ -73.768541336764656, 5.05951118448812 ], [ -73.768515586443911, 5.059476852570477 ], [ -73.768504142151173, 5.059448242824783 ], [ -73.768487930266531, 5.059408187595518 ], [ -73.768463134384263, 5.059345245699909 ], [ -73.768446562699438, 5.059307714779294 ], [ -73.768427848057343, 5.059268952058424 ], [ -73.76841258957441, 5.059242249022151 ], [ -73.768391341835553, 5.059198187247427 ], [ -73.768372536077223, 5.059167861408258 ], [ -73.768344851060917, 5.059138227519726 ], [ -73.76832131024544, 5.05911867972602 ], [ -73.768291987847263, 5.05910711675791 ], [ -73.768258847010131, 5.059095394521532 ], [ -73.768231236672094, 5.059086226712282 ], [ -73.768202782106997, 5.059078216418907 ], [ -73.768163191361239, 5.059061796124761 ], [ -73.768106460065951, 5.059038162944822 ], [ -73.768062592254026, 5.059007645093608 ], [ -73.768028258747563, 5.058988570696727 ], [ -73.767991065422379, 5.058961868309024 ], [ -73.767965316879824, 5.058946609828283 ], [ -73.767915724877497, 5.058912277178333 ], [ -73.767856597663652, 5.058870315395744 ], [ -73.767833708980476, 5.058855057139308 ], [ -73.767795785075947, 5.058834044071326 ], [ -73.767757415440343, 5.058813094874854 ], [ -73.767728804790963, 5.058799743773018 ], [ -73.767700195486839, 5.058788299381717 ], [ -73.767671585282187, 5.058776855895003 ], [ -73.767640113402479, 5.058769226509582 ], [ -73.767600059275892, 5.058757782098159 ], [ -73.767568587397449, 5.058750152708976 ], [ -73.767540931504044, 5.058744430036232 ], [ -73.767456939368827, 5.058730173518709 ], [ -73.767429351767575, 5.058727265131001 ], [ -73.767386128333484, 5.058725082925178 ], [ -73.767353057625783, 5.058721542138524 ], [ -73.767322547814857, 5.058722390003182 ], [ -73.76725744977675, 5.058736126292388 ], [ -73.767223358311654, 5.058753967783625 ], [ -73.76719284019795, 5.058769225956294 ], [ -73.767170906154576, 5.058784484823494 ], [ -73.767146277955817, 5.058809408950858 ], [ -73.767114404161489, 5.058840592093691 ], [ -73.767083167599253, 5.058866501381039 ], [ -73.767051695989579, 5.058891296961258 ], [ -73.767024994312848, 5.058906556039069 ], [ -73.766987565300994, 5.058919558218786 ], [ -73.766956776502767, 5.058937170458204 ], [ -73.76692897027047, 5.058958599833364 ], [ -73.766890804188293, 5.058971801063076 ], [ -73.766843795708951, 5.058973313659002 ], [ -73.766815185413677, 5.058977127465019 ], [ -73.76677799150697, 5.058979034759804 ], [ -73.766743660139255, 5.058984757522619 ], [ -73.766711107075423, 5.058984757132397 ], [ -73.76667149868085, 5.058984756039605 ], [ -73.766636878143785, 5.058980949188694 ], [ -73.766575103627716, 5.058966954946404 ], [ -73.766539891124268, 5.058955510169871 ], [ -73.766487757638544, 5.058938606886183 ], [ -73.766459464734808, 5.058912276662165 ], [ -73.766426095199606, 5.058897905828911 ], [ -73.766391730154666, 5.058891111446091 ], [ -73.76636600529929, 5.058879852714172 ], [ -73.766337093001354, 5.058853248113673 ], [ -73.766303062208365, 5.058832167905417 ], [ -73.766278266685333, 5.058816910033598 ], [ -73.766254425048231, 5.058801651032568 ], [ -73.766230582509721, 5.058786392031569 ], [ -73.766202353873567, 5.058768654148449 ], [ -73.766178207196575, 5.058743404937443 ], [ -73.766145569149543, 5.058692615613389 ], [ -73.766120910926944, 5.058649062728151 ], [ -73.766088965435031, 5.058590911776829 ], [ -73.766073227178822, 5.058561326087771 ], [ -73.766056060156941, 5.058530807281371 ], [ -73.766030311914037, 5.058481216996457 ], [ -73.766009193322049, 5.058441688724954 ], [ -73.765975865376802, 5.0583835991251 ], [ -73.765959741094193, 5.058353423865201 ], [ -73.765939712838303, 5.058328628579119 ], [ -73.765917778179897, 5.058301925211296 ], [ -73.765893935696283, 5.058282851859903 ], [ -73.765868505248548, 5.058258692795933 ], [ -73.765828450002516, 5.058232434353386 ], [ -73.765790939174764, 5.058210372740481 ], [ -73.765760421340431, 5.058186721926418 ], [ -73.765741348280969, 5.058169175000178 ], [ -73.765724958996302, 5.058139255238816 ], [ -73.765708438414876, 5.05809897403676 ], [ -73.765697234734446, 5.058045371223161 ], [ -73.76569611482654, 5.058004689937303 ], [ -73.765700069244403, 5.0579723489434 ], [ -73.765708923410244, 5.05793571544609 ], [ -73.765715319210457, 5.057910514281189 ], [ -73.765717184227839, 5.057881042614882 ], [ -73.765704972887335, 5.057855400104452 ], [ -73.765682220824274, 5.057836533590097 ], [ -73.765650749120866, 5.057813644951257 ], [ -73.765628388861629, 5.057790288550254 ], [ -73.76561597102112, 5.057744038018002 ], [ -73.76561260220555, 5.057712555416682 ], [ -73.76559448221974, 5.057685852050509 ], [ -73.765567440460487, 5.057660513922166 ], [ -73.765542983150013, 5.057645797673588 ], [ -73.765517713192025, 5.057626090718985 ], [ -73.765500097760452, 5.057594078358333 ], [ -73.765488426470327, 5.05754877803462 ], [ -73.765476226797603, 5.057508469094389 ], [ -73.765469550294782, 5.057479859066481 ], [ -73.765464398568227, 5.057440188835564 ], [ -73.765460013951994, 5.057395935067742 ], [ -73.765453668221568, 5.057363887675562 ], [ -73.765445708904466, 5.057334899990879 ], [ -73.765433624481389, 5.057298969931103 ], [ -73.765417735253322, 5.057241439757571 ], [ -73.765406163617044, 5.057192611844959 ], [ -73.765393065748214, 5.057167434606934 ], [ -73.765357577147199, 5.057138261337278 ], [ -73.765311256683205, 5.057096172840454 ], [ -73.765289957088996, 5.057077643944782 ], [ -73.765239706385657, 5.057033931184606 ], [ -73.765194396999533, 5.056983664418879 ], [ -73.765156244911623, 5.056933401869112 ], [ -73.765120475587949, 5.056890318130868 ], [ -73.765089475992724, 5.056854414007174 ], [ -73.765065093187388, 5.056820872117319 ], [ -73.765034638109412, 5.056770646624537 ], [ -73.76501556794048, 5.056734748324692 ], [ -73.765007123355005, 5.056695948905798 ], [ -73.764998901978345, 5.056658177238442 ], [ -73.764991757119915, 5.056631855449033 ], [ -73.76497746399582, 5.056583996307346 ], [ -73.764965547013347, 5.056557672004467 ], [ -73.76494409560587, 5.056507417780067 ], [ -73.7649297950706, 5.056476307330293 ], [ -73.764913115192243, 5.056433232721062 ], [ -73.764901203930947, 5.056392552393178 ], [ -73.764891678834658, 5.0563542664434 ], [ -73.764884538899068, 5.056315981298773 ], [ -73.764875016312502, 5.056272910006617 ], [ -73.764867881394721, 5.056225055082902 ], [ -73.76486313915882, 5.056162844939323 ], [ -73.764853620589577, 5.056107810294371 ], [ -73.76483932177598, 5.056074308073739 ], [ -73.764825023564825, 5.056033626033697 ], [ -73.764810722245997, 5.056004908248786 ], [ -73.764791652920977, 5.055966618170793 ], [ -73.764770193422152, 5.0559378961596 ], [ -73.764748738041632, 5.055899605274504 ], [ -73.764734435023215, 5.055873279253392 ], [ -73.764724902422842, 5.055849349323756 ], [ -73.764698042682582, 5.055799829037404 ], [ -73.764662240548887, 5.055762540552741 ], [ -73.764617972819849, 5.055734669837968 ], [ -73.764588356169128, 5.055713653074574 ], [ -73.764565467234789, 5.055696487053179 ], [ -73.764543533201788, 5.05566787689901 ], [ -73.764529227990295, 5.055637360082164 ], [ -73.764525095776733, 5.055585861021941 ], [ -73.76452445970483, 5.055526732788173 ], [ -73.764522551389959, 5.055492401496145 ], [ -73.764518737704051, 5.055444718205012 ], [ -73.764514922960046, 5.055412293161099 ], [ -73.764510951743134, 5.055372642330656 ], [ -73.764502525634256, 5.055326461253483 ], [ -73.764499664735226, 5.055297851229676 ], [ -73.764498241499794, 5.055266994346762 ], [ -73.764500713812751, 5.055211257793677 ], [ -73.764504351718713, 5.055182149628045 ], [ -73.764507294177903, 5.055147171011291 ], [ -73.76451063756997, 5.055104708042045 ], [ -73.764520645180113, 5.05503272973437 ], [ -73.764525277061807, 5.054999334586091 ], [ -73.764526366506118, 5.054960250617213 ], [ -73.764525768820974, 5.054923078067515 ], [ -73.764524459964392, 5.054885864728885 ], [ -73.764513015044869, 5.054857254870882 ], [ -73.76448983687537, 5.054821968600877 ], [ -73.764476966594898, 5.054789161485984 ], [ -73.764469146156117, 5.054756164713843 ], [ -73.764457416400887, 5.054713981042414 ], [ -73.764444350963586, 5.054685592993723 ], [ -73.764415823481627, 5.054648295002131 ], [ -73.764390944266779, 5.054620743471094 ], [ -73.764375686502703, 5.054595947009092 ], [ -73.764349965296432, 5.054556832199351 ], [ -73.764335059531092, 5.054529763008652 ], [ -73.764323836127531, 5.054493026493819 ], [ -73.764314842366517, 5.054466820889551 ], [ -73.764296531452501, 5.054439544858872 ], [ -73.764271736311287, 5.054409026818203 ], [ -73.764245986780068, 5.054384231856894 ], [ -73.76422977514909, 5.054359436513741 ], [ -73.76421356171349, 5.054334640267144 ], [ -73.76418813582896, 5.0542956979438 ], [ -73.764175415387413, 5.054265975593456 ], [ -73.764161323093902, 5.054231510241742 ], [ -73.764152778020204, 5.054183109466887 ], [ -73.764143944073311, 5.054147721210936 ], [ -73.764131545736007, 5.054121017370007 ], [ -73.764112975002902, 5.054093796838918 ], [ -73.764070154636698, 5.054051810864353 ], [ -73.764055042163434, 5.054009272806648 ], [ -73.764058113232622, 5.053960800427322 ], [ -73.764054742994745, 5.053927230097583 ], [ -73.764041463351134, 5.053904692745695 ], [ -73.764021550316471, 5.053885618281098 ], [ -73.763988495548418, 5.053865433546825 ], [ -73.763961221486682, 5.053838035033053 ], [ -73.76394081215912, 5.05380821313834 ], [ -73.763928412892398, 5.053785324533078 ], [ -73.763912113973262, 5.053753011916267 ], [ -73.763899921499657, 5.053713285691396 ], [ -73.763894081128683, 5.053688049176512 ], [ -73.763893126858306, 5.05365689581715 ], [ -73.763893127053848, 5.053627013683886 ], [ -73.763886611613373, 5.053593262447232 ], [ -73.76387468939987, 5.053553898784995 ], [ -73.763861655613582, 5.053527831858592 ], [ -73.763839721785359, 5.053491592990641 ], [ -73.763833045846624, 5.053464888735384 ], [ -73.763830294959092, 5.053429998265131 ], [ -73.763817214402508, 5.053402519680581 ], [ -73.763788223599789, 5.053377152059718 ], [ -73.76375865247303, 5.053345569969617 ], [ -73.763742443369182, 5.053303624117473 ], [ -73.763735771035726, 5.053268432392232 ], [ -73.763726799629865, 5.053217348043678 ], [ -73.763712400862076, 5.053179286790078 ], [ -73.763697988392138, 5.053151873115614 ], [ -73.763677596490794, 5.053129195714336 ], [ -73.763649940611089, 5.053106308772498 ], [ -73.763615807502205, 5.053076122036432 ], [ -73.763567923721595, 5.053035736483418 ], [ -73.763525962521811, 5.053001404360772 ], [ -73.763493774204392, 5.052978177057046 ], [ -73.763456343986178, 5.05295372067298 ], [ -73.76343345603793, 5.052940368926519 ], [ -73.763360978443146, 5.05290412888615 ], [ -73.763332981224423, 5.052890293573565 ], [ -73.76330184826044, 5.052877425714138 ], [ -73.763269423866561, 5.05285835327029 ], [ -73.76323699942418, 5.05284309425635 ], [ -73.763206481738706, 5.052835464385566 ], [ -73.763164512565922, 5.052825145824205 ], [ -73.763129168020413, 5.052824702354656 ], [ -73.763095855866169, 5.052829743164814 ], [ -73.76306406606875, 5.052831649268176 ], [ -73.76302610985546, 5.052826570124706 ], [ -73.762983831394763, 5.052801803586662 ], [ -73.762939452719976, 5.052766800079339 ], [ -73.762877184791236, 5.052726987017342 ], [ -73.762847899819391, 5.052700043278178 ], [ -73.762827872775929, 5.052675247846341 ], [ -73.762804985053208, 5.052646636915549 ], [ -73.762783869080238, 5.052619020243238 ], [ -73.762761784987219, 5.052591570312918 ], [ -73.762743034779959, 5.052572073630656 ], [ -73.762705152230311, 5.052543538241332 ], [ -73.762671470515755, 5.052518844825915 ], [ -73.762645721015389, 5.052501678453799 ], [ -73.762613564087403, 5.052485186555997 ], [ -73.762584686320849, 5.05247306801406 ], [ -73.762560844050341, 5.052461624974319 ], [ -73.762517336835927, 5.052440228043876 ], [ -73.762491226004101, 5.052419663120904 ], [ -73.762454824313295, 5.052385670068138 ], [ -73.762428875033436, 5.052356621105432 ], [ -73.762398150622957, 5.052321883847341 ], [ -73.762375830839702, 5.052284240891242 ], [ -73.762358175018221, 5.052247504636676 ], [ -73.762341880839486, 5.052223778061415 ], [ -73.76231193536394, 5.052198410573975 ], [ -73.762273788131139, 5.052185058609224 ], [ -73.762242240474393, 5.052160930058363 ], [ -73.762219428467034, 5.052118301433023 ], [ -73.762204169949328, 5.052093505802669 ], [ -73.762172698338688, 5.052061080634028 ], [ -73.762146104717317, 5.052032008884284 ], [ -73.762112249164375, 5.052006015232374 ], [ -73.762084961175447, 5.051990509401501 ], [ -73.762062073284753, 5.051977157596893 ], [ -73.762033461709549, 5.05196189855786 ], [ -73.762007497335233, 5.051948483398505 ], [ -73.761984824782729, 5.0519332888723 ], [ -73.761960027720519, 5.051911765853593 ], [ -73.761936186877008, 5.051879882819466 ], [ -73.761921881773162, 5.051856994586616 ], [ -73.76190662333012, 5.051828383703424 ], [ -73.761894225675022, 5.051795958742112 ], [ -73.761870384092362, 5.051771164129847 ], [ -73.761844634525261, 5.051761627299101 ], [ -73.761812210047992, 5.051753997781428 ], [ -73.761781692000596, 5.051744461117019 ], [ -73.761721928344599, 5.051725387194615 ], [ -73.761673793457859, 5.051709364660068 ], [ -73.761632918723819, 5.05169105585581 ], [ -73.761608123697329, 5.051668167257717 ], [ -73.761588096614133, 5.051651001356594 ], [ -73.761569977343825, 5.051630019782063 ], [ -73.761548995604173, 5.05160522541825 ], [ -73.761523245865348, 5.051578522693139 ], [ -73.761501311934666, 5.051561355406686 ], [ -73.761461761030432, 5.051545315539989 ], [ -73.7614021306089, 5.051521301338849 ], [ -73.761371612637248, 5.051507950313955 ], [ -73.76133606376267, 5.051495531852891 ], [ -73.761302948329259, 5.051485061593657 ], [ -73.761251840298968, 5.051472445100891 ], [ -73.761210441685932, 5.051458358443919 ], [ -73.761170356857662, 5.051447223979884 ], [ -73.761096000822391, 5.051433564196137 ], [ -73.761061790682064, 5.051424593794746 ], [ -73.761017694982698, 5.051404569330564 ], [ -73.760992049793103, 5.051387787357949 ], [ -73.760970115042156, 5.051366805712471 ], [ -73.760940933403518, 5.05133781476064 ], [ -73.760918951015825, 5.05132163842136 ], [ -73.760881872373488, 5.0513044463369 ], [ -73.760845183775317, 5.051290512496052 ], [ -73.760822296349545, 5.051279068261359 ], [ -73.760790823747897, 5.051258087836869 ], [ -73.760758502964379, 5.051237973531412 ], [ -73.760720252888106, 5.051219940306781 ], [ -73.760695139895105, 5.051209132136766 ], [ -73.7606535717035, 5.051201286132791 ], [ -73.760614394801067, 5.051189422991228 ], [ -73.760566711298779, 5.051175816940779 ], [ -73.760535336955513, 5.051164799820968 ], [ -73.760517120618616, 5.051137925327544 ], [ -73.760564804257257, 5.051099776725667 ], [ -73.76061555218827, 5.051056658196351 ], [ -73.760674204442921, 5.051008021099282 ], [ -73.760810851770458, 5.050897598907859 ], [ -73.760898568723391, 5.050824148542533 ], [ -73.760922934222464, 5.050792939222906 ], [ -73.760948180726842, 5.050752639612115 ], [ -73.760969728389455, 5.050724935728747 ], [ -73.760989646353892, 5.050694999449207 ], [ -73.76101112360216, 5.050661086826818 ], [ -73.761043644247849, 5.050616584268461 ], [ -73.761059798633624, 5.050591711037958 ], [ -73.761075020043677, 5.050559997524811 ], [ -73.761089324294133, 5.050521850935409 ], [ -73.761101551635747, 5.050495740726556 ], [ -73.761122703780032, 5.050457000607275 ], [ -73.761143684059789, 5.050430298253889 ], [ -73.76116657208739, 5.050403595472527 ], [ -73.761203130412824, 5.050373967262516 ], [ -73.761229730233197, 5.05035429425549 ], [ -73.761280289941595, 5.05031855753701 ], [ -73.761315344998565, 5.050292968945234 ], [ -73.761338233309644, 5.050275802458311 ], [ -73.761369882148756, 5.050244438887938 ], [ -73.761390685618096, 5.050218581953987 ], [ -73.761432647398991, 5.050170898288664 ], [ -73.761458396670918, 5.050138473802644 ], [ -73.761480330801263, 5.050111771227598 ], [ -73.761500673998114, 5.050087442376623 ], [ -73.761530039116749, 5.050048653700632 ], [ -73.761560439978538, 5.050001143769162 ], [ -73.761576652178618, 5.049976349192838 ], [ -73.761592865278942, 5.049951553710277 ], [ -73.761622506124866, 5.049895402454776 ], [ -73.761664608726335, 5.049799065211735 ], [ -73.76168059529239, 5.049764976220233 ], [ -73.761702536884229, 5.049724579116239 ], [ -73.761721610754719, 5.049695969556234 ], [ -73.761741637954373, 5.049673080837211 ], [ -73.761779150011165, 5.04963874849168 ], [ -73.761805534802576, 5.049619675697834 ], [ -73.761857032668075, 5.049592971900274 ], [ -73.761884414955702, 5.049578803633628 ], [ -73.761919823836024, 5.049564925480967 ], [ -73.761959236435004, 5.049548400190918 ], [ -73.762018204022311, 5.049528122669512 ], [ -73.762069701753092, 5.049509048438754 ], [ -73.762104987547175, 5.049499511437018 ], [ -73.762146188311291, 5.049481054697321 ], [ -73.762193217463292, 5.0494583614046 ], [ -73.762230873231886, 5.04943275524221 ], [ -73.762254714880697, 5.049417496137636 ], [ -73.762290319351891, 5.049389521428577 ], [ -73.762313842232771, 5.04936790456176 ], [ -73.762336078912497, 5.049340681268363 ], [ -73.762361526033501, 5.049303054590569 ], [ -73.762380599552117, 5.04926490691037 ], [ -73.762397766114304, 5.049234391050184 ], [ -73.762413024447127, 5.049205780527603 ], [ -73.762432098326585, 5.04917335480547 ], [ -73.76245354219256, 5.049136461307103 ], [ -73.762468337011555, 5.049106597981166 ], [ -73.762487411478759, 5.049064635960465 ], [ -73.762501716525847, 5.049026490259524 ], [ -73.76251125336286, 5.049001694459195 ], [ -73.762531527544539, 5.048956199033465 ], [ -73.762560844045325, 5.048900604673701 ], [ -73.762590522302659, 5.048854182397791 ], [ -73.762634142729866, 5.048781903075781 ], [ -73.762657165255973, 5.048749923373633 ], [ -73.762681960597348, 5.048713683828238 ], [ -73.762706755880203, 5.048681258620029 ], [ -73.762730598670942, 5.048646926908894 ], [ -73.762752532756508, 5.048616409062477 ], [ -73.762767791855367, 5.048595429019757 ], [ -73.762788772544397, 5.048563003766482 ], [ -73.762815474823938, 5.048519135112241 ], [ -73.762865066537046, 5.048435211189823 ], [ -73.762877464491353, 5.048412323266311 ], [ -73.762917199977394, 5.048327763888069 ], [ -73.762937545179724, 5.048295974649291 ], [ -73.762957571818475, 5.048274994431449 ], [ -73.762977034577133, 5.048257996627838 ], [ -73.763001981778828, 5.048237445904665 ], [ -73.763032912709505, 5.048215865562477 ], [ -73.763077294064203, 5.048189367332005 ], [ -73.763109206767751, 5.048173905061808 ], [ -73.763144493424136, 5.048160552773016 ], [ -73.7631793000009, 5.048148758454734 ], [ -73.763215628838921, 5.048139159548506 ], [ -73.76326847051746, 5.048128128612343 ], [ -73.763304677969415, 5.048124314243571 ], [ -73.763356208298703, 5.048118591431363 ], [ -73.763393401630438, 5.048116684424709 ], [ -73.763427097927774, 5.048111597936251 ], [ -73.763462066546921, 5.048103332693281 ], [ -73.76349639926795, 5.048093795845674 ], [ -73.763522606228634, 5.048074778408714 ], [ -73.763556480003359, 5.04803085333877 ], [ -73.763582229939672, 5.048002243131115 ], [ -73.763603210842831, 5.047983169396391 ], [ -73.763628006325945, 5.047964095699784 ], [ -73.763661384891336, 5.047941207525457 ], [ -73.763686490390626, 5.047922548831555 ], [ -73.763722419742507, 5.047891616326698 ], [ -73.763745307528012, 5.04786872872364 ], [ -73.763774872556311, 5.047834396590116 ], [ -73.763793945806057, 5.047807692801252 ], [ -73.763819012471956, 5.047772816656964 ], [ -73.763851165599704, 5.047723769810593 ], [ -73.763863562604413, 5.047700881876105 ], [ -73.763876094157155, 5.047654153952307 ], [ -73.763884700823908, 5.047604933001538 ], [ -73.763893182811827, 5.047572561340032 ], [ -73.763913154459303, 5.047521591338223 ], [ -73.763930320531088, 5.047485351686716 ], [ -73.763946533009957, 5.047462463787808 ], [ -73.763963699784441, 5.047441483291724 ], [ -73.763997396113368, 5.047407149911819 ], [ -73.764019011921178, 5.047382355273502 ], [ -73.764040946430001, 5.047346114534956 ], [ -73.76406383485751, 5.047306061051853 ], [ -73.764078139587539, 5.047283172680645 ], [ -73.76409339861334, 5.047262191712164 ], [ -73.764111518345288, 5.047241210997245 ], [ -73.764142990068152, 5.047214507998007 ], [ -73.764177322067766, 5.047185897630923 ], [ -73.764207839868362, 5.0471630100883 ], [ -73.76423740422284, 5.047142028572451 ], [ -73.764270781870209, 5.047115326040389 ], [ -73.764292716167887, 5.047094345357395 ], [ -73.764311630978298, 5.04706955027126 ], [ -73.764329127506016, 5.047042732495588 ], [ -73.764349936411293, 5.047000885141068 ], [ -73.764364242075445, 5.046974182428351 ], [ -73.764386176507514, 5.046941757829019 ], [ -73.76440715744792, 5.046915054498642 ], [ -73.764432906877218, 5.046884536648478 ], [ -73.764470338194087, 5.046841620897045 ], [ -73.764494003959712, 5.046821171183002 ], [ -73.764524861747304, 5.046797341183224 ], [ -73.7645467219469, 5.046782458994826 ], [ -73.764583587190756, 5.046762467025214 ], [ -73.764611243256653, 5.046747207890035 ], [ -73.764645575546439, 5.046728133797171 ], [ -73.764675140204687, 5.046716690368595 ], [ -73.764715194755667, 5.046701431111009 ], [ -73.764751254202579, 5.046688447058185 ], [ -73.764791488378151, 5.046670914367303 ], [ -73.764815648374849, 5.046659470057698 ], [ -73.764842986820113, 5.046640396952083 ], [ -73.764871596921338, 5.046609879339994 ], [ -73.764892577830921, 5.0465831759983 ], [ -73.764910697991425, 5.046560287646416 ], [ -73.764932631953428, 5.046525955414499 ], [ -73.764947891496291, 5.046495437234384 ], [ -73.764961979549085, 5.046462492470974 ], [ -73.764982222665182, 5.046415329228926 ], [ -73.76499557498525, 5.046379089528351 ], [ -73.765012741918099, 5.046339034618686 ], [ -73.765025809328179, 5.046302246857829 ], [ -73.765043259361207, 5.046262740914987 ], [ -73.765060424870356, 5.046228408867734 ], [ -73.765076636421597, 5.046201705710692 ], [ -73.76509284973227, 5.046178816887196 ], [ -73.765113830192959, 5.046150207731485 ], [ -73.765154757065972, 5.046102354084696 ], [ -73.765196410231368, 5.046065150762573 ], [ -73.765229297270167, 5.046038026164028 ], [ -73.765257326731842, 5.046009533583132 ], [ -73.765275954511779, 5.045974731954278 ], [ -73.765282312038067, 5.045942306682995 ], [ -73.765280639250861, 5.045906374262999 ], [ -73.765276193268505, 5.045878888230416 ], [ -73.765269113026775, 5.045836707213075 ], [ -73.765262218587395, 5.045795982030253 ], [ -73.765254020936865, 5.045738220111075 ], [ -73.765246709548393, 5.045690536405286 ], [ -73.765236854601255, 5.045648574936803 ], [ -73.765226363829228, 5.045612335268141 ], [ -73.765220900668481, 5.045583182622053 ], [ -73.765217140240168, 5.04555698260984 ], [ -73.765213012971188, 5.045522690122127 ], [ -73.765207954258045, 5.045488279278914 ], [ -73.765205382667972, 5.045456204784328 ], [ -73.765205609177073, 5.045406897779064 ], [ -73.765207290573656, 5.045373916951343 ], [ -73.765211105619755, 5.045331954763379 ], [ -73.765220646170548, 5.045296582867868 ], [ -73.765233039454657, 5.045265198411877 ], [ -73.765247345208635, 5.045237858609349 ], [ -73.76526260361203, 5.045211791844591 ], [ -73.765277862557241, 5.045190810860096 ], [ -73.765296935636172, 5.045167923191727 ], [ -73.765318186119657, 5.045143364242686 ], [ -73.765363692623566, 5.045099257997897 ], [ -73.76539039513672, 5.045075098038938 ], [ -73.765421866951698, 5.045040131057942 ], [ -73.765445708491782, 5.045013427957712 ], [ -73.765476227565486, 5.044984817513598 ], [ -73.765493391996515, 5.044961929375228 ], [ -73.765507697578059, 5.044935226649565 ], [ -73.765522003243149, 5.044900894347475 ], [ -73.765531699882786, 5.044876295615378 ], [ -73.765544891374589, 5.044832230151835 ], [ -73.76555252087627, 5.044797896666426 ], [ -73.765563328959502, 5.044769922996342 ], [ -73.765577912003053, 5.044740500588802 ], [ -73.765592345711113, 5.04471763919527 ], [ -73.765606880634181, 5.044694900754558 ], [ -73.765635490193674, 5.044662476410611 ], [ -73.765658855015118, 5.044634819152326 ], [ -73.765681203054683, 5.044616620652899 ], [ -73.765708923683846, 5.044595719090785 ], [ -73.765734931206069, 5.044577642969341 ], [ -73.765760421963662, 5.044561386391871 ], [ -73.765786170650216, 5.044544220041712 ], [ -73.765816687329675, 5.044525146785505 ], [ -73.76584498093851, 5.044500350573073 ], [ -73.765872954738683, 5.044466019350723 ], [ -73.765922628747205, 5.044402821105825 ], [ -73.765947342328857, 5.044372558728945 ], [ -73.765966415832878, 5.044347763426886 ], [ -73.765983581564186, 5.044326781993878 ], [ -73.765998840077501, 5.044300079948574 ], [ -73.766022836865517, 5.044253430799856 ], [ -73.766036986923481, 5.044221877755819 ], [ -73.766059875727166, 5.04416847179748 ], [ -73.766070365381537, 5.044139862323674 ], [ -73.766091346530999, 5.04407882722862 ], [ -73.766100883299401, 5.044042587492813 ], [ -73.766115188607728, 5.043994904559129 ], [ -73.766124726195329, 5.043966292587757 ], [ -73.766132990070204, 5.043931961067692 ], [ -73.766143163007513, 5.043884912846234 ], [ -73.766147613854699, 5.043848036596911 ], [ -73.766156196874718, 5.043800354074937 ], [ -73.766161918691651, 5.043758392356811 ], [ -73.766169229992585, 5.043729782105174 ], [ -73.766189574874574, 5.043672561189958 ], [ -73.766214369969106, 5.043624878557573 ], [ -73.766236623041578, 5.043594995532776 ], [ -73.766262054221286, 5.043573379035135 ], [ -73.766284306388869, 5.04355811989058 ], [ -73.766312599393444, 5.043542861766838 ], [ -73.766344069836833, 5.043527603514988 ], [ -73.766405104678697, 5.043508529545321 ], [ -73.766453425205498, 5.043493270421219 ], [ -73.766504616112783, 5.043477813345669 ], [ -73.766545296032419, 5.04346275416994 ], [ -73.766572951949797, 5.043443680643046 ], [ -73.766598007982367, 5.043414609656604 ], [ -73.766623496094709, 5.043376923102294 ], [ -73.766646385074964, 5.043344498237249 ], [ -73.766672134740148, 5.04331207271193 ], [ -73.766698836895259, 5.043281555492021 ], [ -73.766727448072359, 5.043256759783738 ], [ -73.766773223987769, 5.043214797868994 ], [ -73.766794203712294, 5.043199540211672 ], [ -73.766830444523194, 5.043165206448692 ], [ -73.766866547364415, 5.043130193234858 ], [ -73.76689052627863, 5.043106078979272 ], [ -73.766914367691939, 5.043079375843455 ], [ -73.766946791704939, 5.043043137149875 ], [ -73.766972542176291, 5.043018342094443 ], [ -73.767018635590915, 5.042973200727785 ], [ -73.767048518378829, 5.042951583477864 ], [ -73.767072678266629, 5.042932510440959 ], [ -73.767095565699677, 5.042917252334644 ], [ -73.767128944423135, 5.042884826842205 ], [ -73.767148970765959, 5.042863844727502 ], [ -73.767169951875502, 5.042842865105204 ], [ -73.767194747599405, 5.042814255025927 ], [ -73.767213821447285, 5.042791366414425 ], [ -73.767231142894559, 5.042767032867374 ], [ -73.767259597070321, 5.042724609944242 ], [ -73.767282833003989, 5.042692590069244 ], [ -73.767312457362934, 5.042668399457728 ], [ -73.767346382113089, 5.042644500589693 ], [ -73.767385119491394, 5.042614455096118 ], [ -73.767410277785018, 5.042594909395888 ], [ -73.767435073456582, 5.042570114549441 ], [ -73.767461777351102, 5.04253959730544 ], [ -73.767483711398583, 5.042518616550779 ], [ -73.767501831366204, 5.04249572815478 ], [ -73.767518997938183, 5.042470932359711 ], [ -73.767536162268954, 5.042444228947484 ], [ -73.767558098182079, 5.04241561952069 ], [ -73.767580759597394, 5.042373139177707 ], [ -73.767604828204114, 5.042331696047011 ], [ -73.767626761498946, 5.042291640904898 ], [ -73.767644882391039, 5.042264938171329 ], [ -73.767673906966664, 5.042224149794903 ], [ -73.767697333789684, 5.042177199938184 ], [ -73.767720938182393, 5.0421185498656 ], [ -73.767732745656929, 5.042093335978202 ], [ -73.767760373791788, 5.042045308801396 ], [ -73.767790794383714, 5.042002201214764 ], [ -73.767807923398237, 5.041981559147175 ], [ -73.767825841329241, 5.041962623774555 ], [ -73.767875671017947, 5.041917801017483 ], [ -73.767898558862484, 5.041900635270753 ], [ -73.767925262150044, 5.041883469541101 ], [ -73.767958324972028, 5.041861063918911 ], [ -73.76799392697734, 5.0418376924366 ], [ -73.768022536642206, 5.041818618642125 ], [ -73.768051147207728, 5.041799544845572 ], [ -73.768072763994994, 5.041780471166414 ], [ -73.768095016087855, 5.041761398545981 ], [ -73.768116523470667, 5.041732162487891 ], [ -73.768140404049547, 5.041685881743522 ], [ -73.76815509795982, 5.041656494465155 ], [ -73.768169402904974, 5.041631698420756 ], [ -73.768187409260932, 5.041596641381622 ], [ -73.768201238528562, 5.041566385474428 ], [ -73.768222173010884, 5.041509628067931 ], [ -73.768226622627438, 5.041481018475255 ], [ -73.768228531021848, 5.041452408265583 ], [ -73.768228531259467, 5.041421890881448 ], [ -73.768226622644164, 5.041351241542366 ], [ -73.768226622595705, 5.04131126388706 ], [ -73.768227576724513, 5.041276931946967 ], [ -73.768239020687744, 5.041116713696902 ], [ -73.768243153297178, 5.041063309047717 ], [ -73.768241882024313, 5.041032791355791 ], [ -73.768237431639989, 5.040987014655682 ], [ -73.76823425267979, 5.040952683074003 ], [ -73.768222808772265, 5.040876389107453 ], [ -73.768217086789846, 5.040842056910114 ], [ -73.768212318636714, 5.040811538824335 ], [ -73.768201192426076, 5.040768305659782 ], [ -73.768183092407796, 5.040712101139458 ], [ -73.768177033255938, 5.04067421019946 ], [ -73.768177254595429, 5.040643693457988 ], [ -73.768179373829724, 5.040614800656554 ], [ -73.768186569004229, 5.040578842400124 ], [ -73.768201500844995, 5.0405315415007 ], [ -73.76821446556815, 5.04050588644118 ], [ -73.768231392149801, 5.040479660206842 ], [ -73.768252436582131, 5.040458900391229 ], [ -73.768289406695729, 5.040431022483594 ], [ -73.76832020635527, 5.040417227344296 ], [ -73.76835727595541, 5.040403365974055 ], [ -73.768390655193087, 5.040397644397705 ], [ -73.768420218499216, 5.040397644757049 ], [ -73.768458331047029, 5.040408146826789 ], [ -73.768490924185869, 5.040421546708829 ], [ -73.768520354925414, 5.040430069065544 ], [ -73.768555323760808, 5.040426254126253 ], [ -73.768585204861296, 5.040407180625266 ], [ -73.768602370851056, 5.040388106767846 ], [ -73.76861953736244, 5.040359496623527 ], [ -73.768646213112731, 5.040328952235883 ], [ -73.768666274923987, 5.040308306688813 ], [ -73.768697738090395, 5.040283203490732 ], [ -73.768732071312542, 5.040258407294066 ], [ -73.768754958640841, 5.040239333910019 ], [ -73.768778800728356, 5.040220260301622 ], [ -73.768804550067244, 5.040203094771687 ], [ -73.768835150733366, 5.040178950017416 ], [ -73.768876394124973, 5.040145239199671 ], [ -73.76890036515772, 5.040125318409053 ], [ -73.768921670101733, 5.040110482927881 ], [ -73.768956502687885, 5.040086746724217 ], [ -73.768997192510923, 5.040065765477856 ], [ -73.76903355870887, 5.040050047963646 ], [ -73.76909255963507, 5.040027617963896 ], [ -73.769126891823404, 5.040018081798543 ], [ -73.769159952421674, 5.039997736691404 ], [ -73.769189834100345, 5.039976119373764 ], [ -73.769227027983916, 5.039947509964367 ], [ -73.769250869606708, 5.039926528723811 ], [ -73.769280433937766, 5.039903641238933 ], [ -73.769307136667692, 5.039884567851126 ], [ -73.769329071625776, 5.039862949974384 ], [ -73.769353866093013, 5.039834976017731 ], [ -73.769375800456686, 5.039812088506187 ], [ -73.769397735695463, 5.039793014420918 ], [ -73.769434611752615, 5.039765040648087 ], [ -73.769472122181213, 5.039740879550865 ], [ -73.769498825231508, 5.03971672037963 ], [ -73.769535845741103, 5.039690343654918 ], [ -73.769571304271267, 5.039667129740945 ], [ -73.769612623056986, 5.039642336100752 ], [ -73.769645461825391, 5.039612959910372 ], [ -73.769695282012137, 5.039560318364985 ], [ -73.76972737205071, 5.039534252432268 ], [ -73.769792556971097, 5.0394802099453 ], [ -73.769813538307503, 5.039464951310802 ], [ -73.769842146955256, 5.039438247890121 ], [ -73.769869486535356, 5.039405186940087 ], [ -73.769886332040187, 5.039374560941998 ], [ -73.769906043793227, 5.039333343724351 ], [ -73.769918441817879, 5.039308548104871 ], [ -73.769941330128532, 5.039262770741372 ], [ -73.769955952481908, 5.039234797045487 ], [ -73.769976616857306, 5.03920173675516 ], [ -73.770015081547214, 5.039149602734263 ], [ -73.770045280145368, 5.039112091508093 ], [ -73.770090103574134, 5.039058685751815 ], [ -73.770127295641061, 5.039014816262452 ], [ -73.770151137703792, 5.038984298714344 ], [ -73.770170211785967, 5.038963318569357 ], [ -73.770195007525686, 5.038937250397693 ], [ -73.770211218866478, 5.038909911896554 ], [ -73.77022480946961, 5.03887557948388 ], [ -73.770230055141369, 5.038842551924874 ], [ -73.770228704232522, 5.038805008369812 ], [ -73.770225525176485, 5.038774491142155 ], [ -73.770218999935551, 5.038723264650108 ], [ -73.770212808769685, 5.038686752125507 ], [ -73.770198809477876, 5.038641463664785 ], [ -73.770176643538946, 5.038594073641772 ], [ -73.770148277188582, 5.038543701028396 ], [ -73.770124565366316, 5.038500868312665 ], [ -73.770112753010437, 5.038471221903884 ], [ -73.770094871397717, 5.038427353364774 ], [ -73.770068201304994, 5.038365224440343 ], [ -73.770053863414859, 5.038324356113169 ], [ -73.770039239956645, 5.038286209285288 ], [ -73.770025253628759, 5.038244247370232 ], [ -73.770017623403746, 5.038215637596743 ], [ -73.770001895368054, 5.038165202956096 ], [ -73.769968829671996, 5.038065337348655 ], [ -73.769961158710672, 5.038029713412829 ], [ -73.769959980589306, 5.037996345053736 ], [ -73.769967802448477, 5.037964658285706 ], [ -73.769984563016067, 5.037937799666098 ], [ -73.77000427251258, 5.037919998744922 ], [ -73.770029198780023, 5.037904412377717 ], [ -73.770053708471806, 5.037892950325533 ], [ -73.770088833500637, 5.037877064113366 ], [ -73.77012729574453, 5.037862778412216 ], [ -73.770158767600378, 5.037851334358696 ], [ -73.770183563352475, 5.037843704394779 ], [ -73.770219429525397, 5.037837243179254 ], [ -73.770257950103343, 5.037830353496399 ], [ -73.770288466693785, 5.03782844594619 ], [ -73.770318984627423, 5.037828446011567 ], [ -73.770353317076896, 5.037828446083663 ], [ -73.770393574755275, 5.037830711448172 ], [ -73.770442962684797, 5.037834167761765 ], [ -73.770496655256366, 5.037842318339352 ], [ -73.770529429058172, 5.037843703904761 ], [ -73.770626544451034, 5.037843704714343 ], [ -73.770661972953377, 5.037841848340022 ], [ -73.770700455149921, 5.037832260139108 ], [ -73.770732879500613, 5.037818909122745 ], [ -73.770760535921426, 5.037807465037171 ], [ -73.770792960728102, 5.03779220549434 ], [ -73.770818710818489, 5.037775039905075 ], [ -73.770847321107723, 5.037759781259428 ], [ -73.770878791170915, 5.037740707607475 ], [ -73.770908356231246, 5.037721634401595 ], [ -73.770936965612151, 5.037706374848777 ], [ -73.770975112667344, 5.037683487094113 ], [ -73.771002769996656, 5.037668228667036 ], [ -73.771023750344796, 5.037652970006971 ], [ -73.771046637514374, 5.037633896565 ], [ -73.771074234673634, 5.03760357453818 ], [ -73.771093369393768, 5.037576675076848 ], [ -73.771114349801479, 5.037546157278579 ], [ -73.771140785840601, 5.037514555227796 ], [ -73.771159172023971, 5.037494183095745 ], [ -73.77119332978188, 5.037466960861377 ], [ -73.771230697380375, 5.037448882881807 ], [ -73.771276236022416, 5.037445068868097 ], [ -73.771303924583862, 5.037440244377216 ], [ -73.771330357231648, 5.037434101063394 ], [ -73.771360396786505, 5.037424088464523 ], [ -73.771390106782533, 5.037412395777471 ], [ -73.771447181396155, 5.037382125665667 ], [ -73.771474838699717, 5.037366867222029 ], [ -73.771505355299254, 5.03735351572001 ], [ -73.771542170990699, 5.037335002197084 ], [ -73.771577835210479, 5.037321091668593 ], [ -73.771606445416495, 5.037317275988489 ], [ -73.771641730793547, 5.037313461440503 ], [ -73.771697998228035, 5.037313461675824 ], [ -73.771727561829209, 5.037311554287696 ], [ -73.771755218180701, 5.037307739732551 ], [ -73.771785100371446, 5.037294388066194 ], [ -73.771813392974252, 5.037275314525408 ], [ -73.771839142135462, 5.037250519337 ], [ -73.771856308405447, 5.037229537800661 ], [ -73.771874427181743, 5.037206650231054 ], [ -73.771893501650112, 5.03717231762986 ], [ -73.771930284916692, 5.037108744345884 ], [ -73.7719612550016, 5.037059096871165 ], [ -73.771988809777326, 5.037019679292781 ], [ -73.772008657068426, 5.036996365252397 ], [ -73.772033691614482, 5.036970138383412 ], [ -73.772058851111737, 5.036938913370573 ], [ -73.772080421097925, 5.036914825369224 ], [ -73.772104263454551, 5.036882401059894 ], [ -73.772138871634183, 5.036843869191164 ], [ -73.772176027428742, 5.03681230597154 ], [ -73.772214888998235, 5.036783218457398 ], [ -73.77224350012871, 5.036760330194314 ], [ -73.772282600046509, 5.036729812585787 ], [ -73.772304535096964, 5.036710739334533 ], [ -73.77232551583694, 5.036693573023152 ], [ -73.772346496899573, 5.03666750570139 ], [ -73.772365570113863, 5.036638259772405 ], [ -73.772380829104335, 5.03661537196789 ], [ -73.772395133348354, 5.036588669155952 ], [ -73.772407608364048, 5.036555057473031 ], [ -73.772423440314981, 5.036498469853284 ], [ -73.772438049541492, 5.036444982206129 ], [ -73.772442567169293, 5.036414519211625 ], [ -73.772441864067474, 5.0363769531895 ], [ -73.7724361419356, 5.036346436287928 ], [ -73.772432532126061, 5.03630884294757 ], [ -73.772434233968383, 5.036272048701171 ], [ -73.77244091055293, 5.036243438275338 ], [ -73.772459030215813, 5.03620910679864 ], [ -73.772479908321486, 5.036175340351163 ], [ -73.772522925446353, 5.036108016809898 ], [ -73.772554398148813, 5.03606224096965 ], [ -73.772579192955476, 5.036027907902179 ], [ -73.7726068488777, 5.03598785401442 ], [ -73.772626191574446, 5.035949171027373 ], [ -73.772639723294759, 5.035922437457384 ], [ -73.772653793072536, 5.035897419018449 ], [ -73.772672653161905, 5.035869597716951 ], [ -73.772689819382464, 5.035844802742064 ], [ -73.77271207205132, 5.035821914775528 ], [ -73.772741317521096, 5.035799026650795 ], [ -73.772774696034645, 5.035779953377851 ], [ -73.772811894798892, 5.035761165148955 ], [ -73.772851807276012, 5.035744803465039 ], [ -73.772892951553587, 5.035732270030417 ], [ -73.77293078210289, 5.035718917936354 ], [ -73.772970199080035, 5.035713196236248 ], [ -73.773013114705904, 5.035711289233483 ], [ -73.773061752539633, 5.035705566531248 ], [ -73.77308845541063, 5.035699843635899 ], [ -73.773118599802459, 5.035688533160421 ], [ -73.773147582478913, 5.03567314187091 ], [ -73.773169517020492, 5.035652160982329 ], [ -73.773191588535028, 5.035630253270019 ], [ -73.773218154910367, 5.035604477020894 ], [ -73.773238181746478, 5.035583496586965 ], [ -73.773268964606586, 5.035563418270733 ], [ -73.773310657691894, 5.035544148678601 ], [ -73.773356437199681, 5.035524368366517 ], [ -73.773384094364872, 5.035516739424212 ], [ -73.773414611879247, 5.035506566005535 ], [ -73.773458799786411, 5.035499990679062 ], [ -73.773497580939946, 5.035501480281372 ], [ -73.773530960293854, 5.035501480432051 ], [ -73.773563384894857, 5.035501480810742 ], [ -73.773591995296073, 5.035500207943156 ], [ -73.773620605555408, 5.03549194349446 ], [ -73.77364730841991, 5.035474776684785 ], [ -73.773660659639773, 5.035451889318035 ], [ -73.773668288661057, 5.035425186278503 ], [ -73.773674963831795, 5.035398483467747 ], [ -73.77368291232591, 5.035348892261674 ], [ -73.773694991145462, 5.035318374128345 ], [ -73.773712158214295, 5.035293579133178 ], [ -73.7737274166752, 5.035272598021007 ], [ -73.773749351637164, 5.035249710404758 ], [ -73.773776054050529, 5.035215377752452 ], [ -73.773796081316931, 5.035181045794835 ], [ -73.773816108136401, 5.035137176656518 ], [ -73.773829460247157, 5.035114289286969 ], [ -73.773845672102894, 5.035087585998202 ], [ -73.773872376311914, 5.035049438107123 ], [ -73.773894310363858, 5.035018920925244 ], [ -73.773918152112671, 5.034988403284783 ], [ -73.773936271209976, 5.034963608059186 ], [ -73.773952483958084, 5.034940719097098 ], [ -73.773975372302829, 5.034912109301001 ], [ -73.774002544569839, 5.034879067436151 ], [ -73.774023066712843, 5.034857264708886 ], [ -73.774046083754669, 5.034835234589149 ], [ -73.7740859985838, 5.034807205426528 ], [ -73.774124601797737, 5.034791805377752 ], [ -73.774167060444711, 5.034788132405863 ], [ -73.774205207649672, 5.034790039904251 ], [ -73.774241447154395, 5.034795761283448 ], [ -73.774271011069203, 5.034795761414716 ], [ -73.774303436532009, 5.034795761760857 ], [ -73.774333000445722, 5.034791946655393 ], [ -73.774364371020141, 5.034788159262687 ], [ -73.774405752283457, 5.034776179288037 ], [ -73.774442673256175, 5.034761429161138 ], [ -73.774466514069786, 5.034746170632125 ], [ -73.774487495587763, 5.034721374704779 ], [ -73.774504661257296, 5.034698486408853 ], [ -73.774517695232063, 5.034669875652834 ], [ -73.774524688011155, 5.034635543803741 ], [ -73.774519919659795, 5.034601211467876 ], [ -73.774501164830482, 5.034551620356944 ], [ -73.774493217287983, 5.034524917745509 ], [ -73.774490991936361, 5.034498214661182 ], [ -73.774502753961727, 5.034471512130916 ], [ -73.774531681958592, 5.034462611098598 ], [ -73.774582330249331, 5.034476724941298 ], [ -73.774635416625657, 5.034490643126238 ], [ -73.774664879386719, 5.03449439977452 ], [ -73.774705626679747, 5.034486614037932 ], [ -73.774743679972687, 5.034462559750795 ], [ -73.774786630875226, 5.034421921104305 ], [ -73.774812698807338, 5.034391402600811 ], [ -73.774831772157086, 5.034372329072182 ], [ -73.774847983958708, 5.034349441905438 ], [ -73.774860381712827, 5.034320830997864 ], [ -73.774867057279337, 5.034292221470872 ], [ -73.774865150013767, 5.034263611299494 ], [ -73.774856566714249, 5.034238815257512 ], [ -73.774824142146642, 5.034173965917806 ], [ -73.77481157387173, 5.034144651719254 ], [ -73.774803161053526, 5.03410530039318 ], [ -73.774808259913769, 5.034072711904981 ], [ -73.774825319182185, 5.034038477573998 ], [ -73.774863822733323, 5.033997634272925 ], [ -73.774899164536777, 5.033976872670944 ], [ -73.77492332371574, 5.033966065159326 ], [ -73.774953841430033, 5.033958435473109 ], [ -73.774986266839804, 5.033950806229737 ], [ -73.775027149566242, 5.033950738563565 ], [ -73.77507264621741, 5.033958209899703 ], [ -73.775114058567056, 5.033971786305298 ], [ -73.775148391241999, 5.033985138566523 ], [ -73.775174981931301, 5.03399069401794 ], [ -73.775203704051464, 5.033990860718912 ], [ -73.77523167907674, 5.03398958854626 ], [ -73.775273329093324, 5.033981341089842 ], [ -73.775303507442601, 5.033972142623353 ], [ -73.775350614914458, 5.033949907318598 ], [ -73.775373224145113, 5.033933344399863 ], [ -73.775399525817718, 5.033912023425934 ], [ -73.775422095820204, 5.033889770280926 ], [ -73.775438308041771, 5.033868788910253 ], [ -73.775453567462122, 5.033843358172179 ], [ -73.775465964584825, 5.033817291049245 ], [ -73.775472641023498, 5.033788680614471 ], [ -73.775475820163294, 5.033754348780553 ], [ -73.775472975583853, 5.033713047927235 ], [ -73.775473133595284, 5.033681882461549 ], [ -73.775475078055877, 5.033648920369443 ], [ -73.775481542134088, 5.033613204587665 ], [ -73.775497606929065, 5.033566802682935 ], [ -73.775507392531836, 5.033528594356456 ], [ -73.775513711938999, 5.033475875802718 ], [ -73.775512095028603, 5.033441000381262 ], [ -73.775508880268561, 5.033361435425749 ], [ -73.77550697386512, 5.033317567040982 ], [ -73.775507647726343, 5.033284599222489 ], [ -73.775513648882082, 5.033245086857908 ], [ -73.775530576764439, 5.03319215748823 ], [ -73.775552426779129, 5.033159372587001 ], [ -73.775582313040445, 5.033130645826016 ], [ -73.775613784085593, 5.03311347961282 ], [ -73.775650023926062, 5.033105850325398 ], [ -73.775686263758374, 5.03309440580319 ], [ -73.775716782322689, 5.033086776992525 ], [ -73.775759575725445, 5.033074805223707 ], [ -73.775792377312357, 5.033068640600088 ], [ -73.775828772989172, 5.033058494475831 ], [ -73.775855034236997, 5.033046509818705 ], [ -73.775881290200573, 5.033030827576614 ], [ -73.775906324741882, 5.033003330969775 ], [ -73.775919291352409, 5.032979631395723 ], [ -73.775931676331922, 5.032941818144431 ], [ -73.775936126503623, 5.032913207646364 ], [ -73.775940895211605, 5.032876969018187 ], [ -73.775947570723105, 5.032848358583509 ], [ -73.77595519962567, 5.0328178412064 ], [ -73.775962829436367, 5.032791137251014 ], [ -73.775974272813173, 5.032756806430858 ], [ -73.775981902622732, 5.032730102475431 ], [ -73.775991440125182, 5.032703399866708 ], [ -73.77600351956292, 5.032677333117745 ], [ -73.776032446769563, 5.032629013695171 ], [ -73.776057561642034, 5.032602309718397 ], [ -73.776102065662045, 5.032575607974457 ], [ -73.776136397300036, 5.032558441952842 ], [ -73.776165962423718, 5.032545090508108 ], [ -73.776192346723221, 5.032538732619653 ], [ -73.776222228467731, 5.032537460856613 ], [ -73.776253606032128, 5.032541204303874 ], [ -73.77629184614311, 5.032550811733824 ], [ -73.77632081617287, 5.032559960546704 ], [ -73.776354859256614, 5.032569629081765 ], [ -73.776394614221743, 5.032575184182368 ], [ -73.776424350670865, 5.032574667304063 ], [ -73.776453994082587, 5.032569508186776 ], [ -73.776480453680009, 5.032541415318549 ], [ -73.776490529103853, 5.032505670796713 ], [ -73.776500701580659, 5.032480239774374 ], [ -73.776515960326876, 5.032453537580009 ], [ -73.77653261529305, 5.032406449919593 ], [ -73.776542663259548, 5.032373428398461 ], [ -73.776549339644447, 5.032344817960944 ], [ -73.776556968495015, 5.032306671927066 ], [ -73.776564597364597, 5.032276153642748 ], [ -73.776574134370932, 5.032243729087013 ], [ -73.776584231363074, 5.032201826414149 ], [ -73.77660560614234, 5.032138188085518 ], [ -73.776619910885344, 5.032112122296515 ], [ -73.776648988131683, 5.032086133911966 ], [ -73.776679992593699, 5.032064438079361 ], [ -73.776718375320584, 5.032046701614391 ], [ -73.776758193756734, 5.032024383527983 ], [ -73.776792525642534, 5.032005946035909 ], [ -73.77681922932716, 5.031988143859166 ], [ -73.776855467674935, 5.031963348688778 ], [ -73.776905058903679, 5.031927109088519 ], [ -73.776930808131766, 5.031908035699264 ], [ -73.776950835193261, 5.031888961895077 ], [ -73.776972770362846, 5.031860352259387 ], [ -73.77699851997977, 5.031824113039074 ], [ -73.777018864940487, 5.031792322621318 ], [ -73.777043268014978, 5.031758242385876 ], [ -73.777075422320266, 5.031720745799754 ], [ -73.777112960951357, 5.031682968591962 ], [ -73.777140937963495, 5.031653041389959 ], [ -73.777162551602999, 5.031621932686393 ], [ -73.777175903533447, 5.031599045274929 ], [ -73.777188300715835, 5.031576157192535 ], [ -73.777204513272125, 5.031553268177649 ], [ -73.777224540301603, 5.031530380041018 ], [ -73.777242660099986, 5.031509399080612 ], [ -73.777272363641245, 5.031481193727646 ], [ -73.777307510408832, 5.031444548732618 ], [ -73.777338943186038, 5.031408172410897 ], [ -73.777359008241376, 5.031377792218831 ], [ -73.777368545214571, 5.031349181985341 ], [ -73.777379542750424, 5.031304997782827 ], [ -73.777385415984128, 5.031272611982406 ], [ -73.777390322392947, 5.031233089160486 ], [ -73.777393341365794, 5.031187057539813 ], [ -73.777397155704875, 5.031152724953244 ], [ -73.777403831145534, 5.03112411541963 ], [ -73.77741667558881, 5.031088031855609 ], [ -73.777428203914894, 5.031057688093449 ], [ -73.777440070516903, 5.031032561817756 ], [ -73.777458191185232, 5.0310077674315 ], [ -73.777481079082719, 5.030975977590967 ], [ -73.777499198534059, 5.030948639416136 ], [ -73.777513504283192, 5.030925750862908 ], [ -73.777538298847702, 5.030884742825951 ], [ -73.777555412160069, 5.03086276762677 ], [ -73.77758121500068, 5.030826569052141 ], [ -73.777605056434325, 5.030796051322964 ], [ -73.777626037714356, 5.030771255329471 ], [ -73.777651786830944, 5.030740738941979 ], [ -73.777671814248734, 5.030712127949698 ], [ -73.777686119513533, 5.03068351835763 ], [ -73.777692795395751, 5.030656813723671 ], [ -73.777700424206188, 5.030626298150526 ], [ -73.777715379705427, 5.030589751449266 ], [ -73.777737583576624, 5.030559500819717 ], [ -73.777758359847994, 5.030541419730789 ], [ -73.777791976806782, 5.030513763515869 ], [ -73.777821779312148, 5.030489921654968 ], [ -73.777840210622301, 5.030471412611585 ], [ -73.77786412368944, 5.030443484732083 ], [ -73.777884483253587, 5.030408859101443 ], [ -73.777902097444013, 5.030364136701741 ], [ -73.777914047050302, 5.030330658622104 ], [ -73.77792803395802, 5.030281702714169 ], [ -73.777942021965416, 5.03024355542003 ], [ -73.777959824124423, 5.030202865212458 ], [ -73.777973175526498, 5.030174255851191 ], [ -73.777989905036435, 5.03013534965771 ], [ -73.778002977040984, 5.03011083548772 ], [ -73.778022765856136, 5.03008270167821 ], [ -73.778056144247415, 5.030038833722001 ], [ -73.778067586601921, 5.030008320833642 ], [ -73.778066633977474, 5.029979705927835 ], [ -73.77805423706657, 5.029951095637563 ], [ -73.778032302202746, 5.029924392586516 ], [ -73.777996105124558, 5.029881966924139 ], [ -73.77797034715185, 5.029841896121657 ], [ -73.777942657692194, 5.029794693068662 ], [ -73.777929305621143, 5.029771804951784 ], [ -73.777902603254162, 5.029718399156929 ], [ -73.777888297329838, 5.029691696946032 ], [ -73.777872085068367, 5.029663085774772 ], [ -73.777853012188686, 5.029634475302614 ], [ -73.777827944423493, 5.029599598933959 ], [ -73.777805328866776, 5.029561996669465 ], [ -73.77779483877211, 5.029537201136324 ], [ -73.777785301157309, 5.029510497755298 ], [ -73.777771949528045, 5.029481888595441 ], [ -73.777720451720825, 5.029397964285928 ], [ -73.777694989422216, 5.029369763225557 ], [ -73.777647019248093, 5.029325484690697 ], [ -73.777624765594339, 5.029303868673873 ], [ -73.777603149171952, 5.029277801395457 ], [ -73.777568817506449, 5.029230117575093 ], [ -73.777540013639793, 5.029201932257606 ], [ -73.777506827598714, 5.029172896997091 ], [ -73.777482032652401, 5.029155731791134 ], [ -73.777440807654116, 5.029130202809085 ], [ -73.777409553248376, 5.02910614060442 ], [ -73.777375415905695, 5.029074672178581 ], [ -73.777343750146159, 5.029048443126557 ], [ -73.777311924232805, 5.029030981333496 ], [ -73.777271270682434, 5.029033025214116 ], [ -73.777235030557534, 5.029062270885271 ], [ -73.777208327611461, 5.029085159734032 ], [ -73.777187346778447, 5.029100417628892 ], [ -73.777154922602875, 5.029127121291022 ], [ -73.77711391387038, 5.029157638656087 ], [ -73.777082443506814, 5.029176712523806 ], [ -73.777050017951012, 5.029197692430424 ], [ -73.777021407300566, 5.029216766505828 ], [ -73.776977539296041, 5.029249192174352 ], [ -73.776937484812265, 5.029270172122308 ], [ -73.776905059524879, 5.029282251925699 ], [ -73.776857093200434, 5.02928609356952 ], [ -73.776801712296148, 5.029285765933999 ], [ -73.776751514609401, 5.029289847324458 ], [ -73.776717185520567, 5.029273987516562 ], [ -73.776690482929183, 5.029268264819174 ], [ -73.776659011606966, 5.02927207864531 ], [ -73.776621500796125, 5.02927462279497 ], [ -73.776582438852486, 5.029282582149756 ], [ -73.776556730046067, 5.029289246004114 ], [ -73.776517327762974, 5.029297856413586 ], [ -73.776470183250964, 5.029312133738537 ], [ -73.776440620516425, 5.029319763228144 ], [ -73.776399484759722, 5.02933450848374 ], [ -73.776375770215921, 5.029346466577371 ], [ -73.776348113836491, 5.02937126143446 ], [ -73.776316324866485, 5.029378890856272 ], [ -73.776281355804798, 5.029375076556453 ], [ -73.776252587160641, 5.029371262108739 ], [ -73.776221190820578, 5.029376678476739 ], [ -73.776183128261039, 5.029394150267668 ], [ -73.776161193566836, 5.029420852254471 ], [ -73.776139130324665, 5.029438830758863 ], [ -73.776101753629518, 5.029447957264391 ], [ -73.776054354418676, 5.029424727758914 ], [ -73.776013135423682, 5.029395103813703 ], [ -73.775988935917752, 5.029379321492732 ], [ -73.775956147446465, 5.02936744698015 ], [ -73.775923729031618, 5.029365539955108 ], [ -73.775898933214677, 5.029356003341177 ], [ -73.775871424685505, 5.029337246792521 ], [ -73.775823593270275, 5.029317856543936 ], [ -73.775796254035171, 5.029314041278552 ], [ -73.775762558271097, 5.029314041572337 ], [ -73.77573203986428, 5.029306412140432 ], [ -73.775703430482167, 5.029285430737885 ], [ -73.775687217422785, 5.029260635634931 ], [ -73.775666237422897, 5.02924537704884 ], [ -73.775634856464549, 5.029223380882045 ], [ -73.775607427436725, 5.029212315323424 ], [ -73.775579636348553, 5.029206421030223 ], [ -73.77555228321873, 5.029199248437146 ], [ -73.7755152381459, 5.029188156309886 ], [ -73.775482177224944, 5.02918243479234 ], [ -73.77544267789736, 5.029180733444576 ], [ -73.775405883489498, 5.029182434171179 ], [ -73.775377272775913, 5.02918624905711 ], [ -73.775346755734319, 5.0291957854405 ], [ -73.775321961287318, 5.029207229871027 ], [ -73.775295258254474, 5.02921867385641 ], [ -73.775265965857955, 5.029234385910803 ], [ -73.775237082981505, 5.029253005959207 ], [ -73.77520847361707, 5.029270172345019 ], [ -73.775182723969095, 5.029283523714251 ], [ -73.775140762179277, 5.029302597307697 ], [ -73.775109609382852, 5.029317855478372 ], [ -73.77506637610243, 5.029333115346067 ], [ -73.775035858143966, 5.029346466046645 ], [ -73.774993896796047, 5.029363632014374 ], [ -73.774955749008612, 5.029376984545478 ], [ -73.774897575510877, 5.029396057494363 ], [ -73.774868011388207, 5.029405593629696 ], [ -73.774841308338097, 5.029417038503825 ], [ -73.77480220760097, 5.029434204679203 ], [ -73.77476583137377, 5.029448447366633 ], [ -73.774742607959297, 5.029459865476855 ], [ -73.774714470406948, 5.029476166159072 ], [ -73.774681090453484, 5.029495239478985 ], [ -73.774644305732437, 5.029515845291284 ], [ -73.774597373031739, 5.029533789966274 ], [ -73.774551688007222, 5.029559076757447 ], [ -73.77451324405132, 5.029571533725393 ], [ -73.774489518522287, 5.029584167761425 ], [ -73.774462206354812, 5.029600976030771 ], [ -73.774428049636668, 5.029617945368376 ], [ -73.774400075079441, 5.029629389928018 ], [ -73.774365107470175, 5.029653549083783 ], [ -73.774334907121627, 5.029670715517903 ], [ -73.774306599169094, 5.02968410971486 ], [ -73.774266241745607, 5.029703139725921 ], [ -73.774239221618075, 5.029719670728331 ], [ -73.774204253705918, 5.029737472661274 ], [ -73.774156570604219, 5.029756546662655 ], [ -73.774106947810623, 5.029779084367613 ], [ -73.774068727382584, 5.029794390708772 ], [ -73.774035706968135, 5.029804652155143 ], [ -73.773999214554735, 5.029809952308088 ], [ -73.773972511487344, 5.029809952351873 ], [ -73.773930550107167, 5.029808044800355 ], [ -73.773881776494505, 5.02980615710055 ], [ -73.773834228756684, 5.02980232322122 ], [ -73.773800849694581, 5.029802322136359 ], [ -73.773775100469209, 5.029802322849226 ], [ -73.773749351242628, 5.029802322656135 ], [ -73.773709615757681, 5.029808537015538 ], [ -73.773677110734553, 5.029824256442299 ], [ -73.773653030243935, 5.02984046901338 ], [ -73.773624419437539, 5.02986335728907 ], [ -73.773596763821786, 5.02988815385724 ], [ -73.773561477015733, 5.029911041006931 ], [ -73.773526078050025, 5.029939060213895 ], [ -73.773493448941153, 5.029953638648626 ], [ -73.773464202555502, 5.029966355220856 ], [ -73.77344131434414, 5.029987335414477 ], [ -73.773409842897806, 5.030010223458458 ], [ -73.773365974718615, 5.030008316325628 ], [ -73.773337045698653, 5.030010859158584 ], [ -73.773302077619562, 5.030017853327239 ], [ -73.773277282638858, 5.030031204403289 ], [ -73.773246129732414, 5.030054092062509 ], [ -73.773219108473114, 5.030082703100597 ], [ -73.773187319750178, 5.030106681062317 ], [ -73.773148219695116, 5.030136744383668 ], [ -73.773118337704886, 5.030146916999799 ], [ -73.773080691525351, 5.030152594025195 ], [ -73.773041452189219, 5.030154099345972 ], [ -73.772989308292026, 5.030159294942944 ], [ -73.772939681485383, 5.030160904884453 ], [ -73.772908528926365, 5.030163447622446 ], [ -73.772879600632095, 5.030170440940591 ], [ -73.772842838937606, 5.0301815863735 ], [ -73.772818564979886, 5.030195236352246 ], [ -73.772793176244932, 5.030213218705171 ], [ -73.772748281462313, 5.030247574684567 ], [ -73.772725165492503, 5.030262164426927 ], [ -73.772701263224519, 5.030273437583344 ], [ -73.77266788500576, 5.030281066914925 ], [ -73.77263993021198, 5.030289432771299 ], [ -73.772613409592992, 5.030294186206946 ], [ -73.772575378409627, 5.030296325337889 ], [ -73.772545814229133, 5.030298233621838 ], [ -73.772513707539503, 5.030294418445049 ], [ -73.772481917595172, 5.030290603796056 ], [ -73.772447586017577, 5.030288697061813 ], [ -73.772417704203164, 5.030286789575424 ], [ -73.772373200260148, 5.030282974608773 ], [ -73.772304535281393, 5.030282973650333 ], [ -73.772255896498578, 5.030282974288046 ], [ -73.772224425973292, 5.030286788815266 ], [ -73.772192001128417, 5.030296325516609 ], [ -73.772138505498333, 5.030319218795205 ], [ -73.77209949485048, 5.030336380195489 ], [ -73.772039413394623, 5.030370712501306 ], [ -73.77200508037788, 5.030385971595279 ], [ -73.771980285827084, 5.030393599772701 ], [ -73.771943091737612, 5.030406951920526 ], [ -73.771911620742443, 5.030412674052645 ], [ -73.771867751567655, 5.030422210723509 ], [ -73.771837233530263, 5.030424118296574 ], [ -73.771802902364385, 5.030427932573756 ], [ -73.771727203969405, 5.030435562217154 ], [ -73.771675109854115, 5.030435562381139 ], [ -73.771642049601425, 5.030434291178914 ], [ -73.771597543860111, 5.030426661830357 ], [ -73.771561940932017, 5.030424117666432 ], [ -73.771520614349427, 5.030420303404343 ], [ -73.771468162880382, 5.030420303974739 ], [ -73.771418571134774, 5.030420302965005 ], [ -73.771380424170488, 5.030418396167613 ], [ -73.771331450652411, 5.030419229681137 ], [ -73.771259039449603, 5.030437369905046 ], [ -73.771225928402444, 5.030448913631115 ], [ -73.771199226567916, 5.030462265084054 ], [ -73.771165848244578, 5.030481339149616 ], [ -73.771138929545984, 5.030501350328411 ], [ -73.771106720027845, 5.03052902267604 ], [ -73.771079062447185, 5.03055763258542 ], [ -73.771059989505503, 5.030578613624195 ], [ -73.771032333726595, 5.030607224434988 ], [ -73.771000557498169, 5.030640387456756 ], [ -73.770979881423472, 5.030666351194234 ], [ -73.770961762296693, 5.030691147244668 ], [ -73.770921706786055, 5.030752182334157 ], [ -73.770906448129494, 5.030777612983377 ], [ -73.770881653121421, 5.030805588755009 ], [ -73.770858129006513, 5.030832290673173 ], [ -73.770823797069468, 5.030857722169668 ], [ -73.770801545108242, 5.030874251932684 ], [ -73.770755767935825, 5.030899683393123 ], [ -73.770719527709119, 5.030923843888742 ], [ -73.77067756650078, 5.030950546799255 ], [ -73.770643234753436, 5.030967712543005 ], [ -73.770607948282859, 5.030981064176864 ], [ -73.770574569473609, 5.030998229695278 ], [ -73.770540236355473, 5.0310173039598 ], [ -73.770495011873578, 5.031038505049722 ], [ -73.770460128022009, 5.031057358251102 ], [ -73.770424951642767, 5.031074553037147 ], [ -73.770391463934033, 5.031086603940994 ], [ -73.770357537286657, 5.031092203121844 ], [ -73.770235605180048, 5.031102439213289 ], [ -73.770177841052515, 5.031106948058702 ], [ -73.770126979528072, 5.031110764602725 ], [ -73.770097731593083, 5.031110763884352 ], [ -73.770053863752665, 5.03111076415696 ], [ -73.770024299974935, 5.031110763808623 ], [ -73.769919395112339, 5.03110694948507 ], [ -73.769887299580347, 5.03110575578834 ], [ -73.769846915124447, 5.031101227217013 ], [ -73.769809722013392, 5.03109168963408 ], [ -73.769784291544397, 5.03109423361416 ], [ -73.769753456338634, 5.031105041581422 ], [ -73.769721030994432, 5.03110885621907 ], [ -73.769692421496629, 5.031110764157287 ], [ -73.769659996182241, 5.031110764458401 ], [ -73.769603729253973, 5.031110763965063 ], [ -73.769574165474211, 5.031110764501253 ], [ -73.76953411120256, 5.031110763853682 ], [ -73.769471358365493, 5.031111274158378 ], [ -73.76944160534913, 5.031114577953135 ], [ -73.769415855578984, 5.031116486121554 ], [ -73.769383748343728, 5.031118392747714 ], [ -73.769351959255943, 5.031114577948355 ], [ -73.76931826278944, 5.03110949124035 ], [ -73.769282340864223, 5.031101227189457 ], [ -73.76924228668949, 5.03108978261704 ], [ -73.769209667716694, 5.031080099331219 ], [ -73.769182841142609, 5.031076430694192 ], [ -73.769141755130192, 5.031079260091595 ], [ -73.769104004023617, 5.031084061039635 ], [ -73.769067764627252, 5.03108978233773 ], [ -73.769036292218075, 5.031093597626719 ], [ -73.768992423866067, 5.031099320686869 ], [ -73.768957137877607, 5.031103134139073 ], [ -73.768927574093695, 5.031103134645866 ], [ -73.768895466419963, 5.031103133629009 ], [ -73.768852233898656, 5.031099319641451 ], [ -73.768824004626495, 5.031094579382605 ], [ -73.768787383436006, 5.031080246676543 ], [ -73.768761633839091, 5.031063080432401 ], [ -73.768731434950496, 5.031058628455365 ], [ -73.768692109424961, 5.031066751473161 ], [ -73.76865863751695, 5.031063080700591 ], [ -73.768625307469264, 5.031054180998612 ], [ -73.768589019675275, 5.031040191765316 ], [ -73.768565177268101, 5.03102874793143 ], [ -73.768541336233511, 5.031015396475178 ], [ -73.76851272554174, 5.031000137594942 ], [ -73.768468221481882, 5.03097089165828 ], [ -73.768441200678595, 5.030956267978819 ], [ -73.768408774573942, 5.030944824308448 ], [ -73.768379211300783, 5.030939101929191 ], [ -73.76835250854586, 5.030944823703782 ], [ -73.768318754193885, 5.030958854835665 ], [ -73.768272399615739, 5.030982971935815 ], [ -73.768243789051013, 5.031000138055673 ], [ -73.768207549959058, 5.031019210835373 ], [ -73.768183787801249, 5.031036183007783 ], [ -73.768154144240484, 5.031049727855467 ], [ -73.768124580806443, 5.031059265519708 ], [ -73.76808547974025, 5.031076431333259 ], [ -73.768057584727316, 5.031087398647644 ], [ -73.768024422438941, 5.031098435516624 ], [ -73.767986297556249, 5.031106948918395 ], [ -73.767945289385025, 5.031110763632636 ], [ -73.767911911346985, 5.031117121289997 ], [ -73.767877578013966, 5.031118393386623 ], [ -73.767819403371305, 5.031118393177936 ], [ -73.767753744198714, 5.031116120422978 ], [ -73.767718632754665, 5.031109492369858 ], [ -73.767679214391151, 5.031106948873561 ], [ -73.767638206216262, 5.031110764473699 ], [ -73.767611185407716, 5.031110763734222 ], [ -73.767570495823222, 5.031110763714474 ], [ -73.767537163936538, 5.031110304361953 ], [ -73.767504767202979, 5.031106214178971 ], [ -73.767468711188485, 5.031101340099656 ], [ -73.767427492897227, 5.031105281721279 ], [ -73.767392476181868, 5.031117121619055 ], [ -73.767364501666847, 5.031131108794858 ], [ -73.767338937764634, 5.031147647784934 ], [ -73.767315535383744, 5.031158240561304 ], [ -73.767280579148249, 5.031161625498099 ], [ -73.767231519079161, 5.031178030172547 ], [ -73.767194747576312, 5.031179428177596 ], [ -73.767156772886125, 5.031170571875717 ], [ -73.767120997937667, 5.031155267975381 ], [ -73.767071231491514, 5.031131778141605 ], [ -73.767029408429224, 5.031110927720075 ], [ -73.766983031426236, 5.031093597456526 ], [ -73.766949414920859, 5.031083583112678 ], [ -73.766915984798544, 5.031069358751314 ], [ -73.766872406230533, 5.031045914102534 ], [ -73.766851425426623, 5.031030655211715 ], [ -73.766820415467393, 5.031008635529068 ], [ -73.766794206972747, 5.030984088116318 ], [ -73.76676750098585, 5.030960083348776 ], [ -73.766730626421676, 5.030928929730502 ], [ -73.766704558640143, 5.030910492324938 ], [ -73.766679763365204, 5.030895233391533 ], [ -73.766643524276006, 5.03087425239246 ], [ -73.766610145725906, 5.030860901222355 ], [ -73.766576119120728, 5.030855925158777 ], [ -73.766529560576757, 5.030857721050181 ], [ -73.76650852296784, 5.030838634302418 ], [ -73.766472319912552, 5.030829164130053 ], [ -73.766436577057164, 5.030822754837646 ], [ -73.76640319755991, 5.030813217993432 ], [ -73.766376495455305, 5.030801772911578 ], [ -73.766349791698147, 5.030778884820877 ], [ -73.766307980162892, 5.03074856681419 ], [ -73.766274452168503, 5.03072547951415 ], [ -73.766250610702514, 5.0307140346815 ], [ -73.766223935317868, 5.030698425011146 ], [ -73.76617240901588, 5.030663171997981 ], [ -73.766145705804547, 5.030645370583451 ], [ -73.766118049066861, 5.030626297033376 ], [ -73.76607839874778, 5.030601321968543 ], [ -73.766051292320114, 5.030576706798993 ], [ -73.766024589163735, 5.030544281491506 ], [ -73.766004562396134, 5.030517579340485 ], [ -73.765985488995639, 5.03049278278373 ], [ -73.765972136861592, 5.030467986739763 ], [ -73.765939711706352, 5.030424117903899 ], [ -73.765921514589138, 5.030398583690284 ], [ -73.765900611128799, 5.030370712473204 ], [ -73.765878041333437, 5.03034782402304 ], [ -73.765851974658602, 5.030328751304225 ], [ -73.765825271466895, 5.030310948063086 ], [ -73.765796661543959, 5.03030014046537 ], [ -73.765769004136288, 5.030298232771583 ], [ -73.765733718255007, 5.030294418276152 ], [ -73.765700340487058, 5.030292510967334 ], [ -73.765653609850347, 5.030286788721447 ], [ -73.765626271362208, 5.030290603509927 ], [ -73.765584945448381, 5.030302048022792 ], [ -73.765554427832882, 5.030302048586761 ], [ -73.76552581833478, 5.030293146787142 ], [ -73.765484008628832, 5.030287512861455 ], [ -73.765453337715996, 5.030282974403488 ], [ -73.76541199596798, 5.030278549832876 ], [ -73.765361785937998, 5.030271530343817 ], [ -73.765335082431321, 5.030265808078233 ], [ -73.76529979666384, 5.030254363978568 ], [ -73.765255610612556, 5.03024228420008 ], [ -73.765220641375777, 5.030235291141871 ], [ -73.765193938350507, 5.030227661248253 ], [ -73.765160560698121, 5.030218124330704 ], [ -73.765129089776892, 5.030212403129741 ], [ -73.765097617894256, 5.030210495361035 ], [ -73.765064240434128, 5.030218125220038 ], [ -73.765034675104971, 5.030231476180432 ], [ -73.764985215361634, 5.030254156938075 ], [ -73.764950990778516, 5.030261994113517 ], [ -73.76488431276816, 5.030272801402719 ], [ -73.76484683377538, 5.030284998792547 ], [ -73.764821072790909, 5.030292769015228 ], [ -73.764783858945449, 5.030296326592494 ], [ -73.764748174014755, 5.030290035680059 ], [ -73.764710330381348, 5.030272022847546 ], [ -73.764678319383776, 5.030247370834491 ], [ -73.764646495658212, 5.030210749813151 ], [ -73.764605875651228, 5.030173683924952 ], [ -73.764580965106674, 5.030154704810958 ], [ -73.764543532844016, 5.030130385835593 ], [ -73.76452064474806, 5.030113855838541 ], [ -73.76449394333892, 5.030099868681939 ], [ -73.764464060685384, 5.030083338744394 ], [ -73.764405374578871, 5.030054849374761 ], [ -73.76437568558103, 5.030042647551753 ], [ -73.764334678636757, 5.030027390338568 ], [ -73.764295577575737, 5.03001213088706 ], [ -73.764268013789817, 5.029994546674445 ], [ -73.764231681995028, 5.029968261754013 ], [ -73.764206950475, 5.02993486394181 ], [ -73.764183044641626, 5.02990531931601 ], [ -73.764156982238688, 5.02989218113608 ], [ -73.764129003464433, 5.029882430597329 ], [ -73.764089583867261, 5.02986717240981 ], [ -73.764062410261062, 5.029846000531443 ], [ -73.764045725578839, 5.029811106452952 ], [ -73.76404444378008, 5.029770532984942 ], [ -73.76404883465861, 5.029735502886852 ], [ -73.764051198512831, 5.029706477658507 ], [ -73.764024192152249, 5.029676267906068 ], [ -73.763980573099985, 5.029672905596631 ], [ -73.763935888059436, 5.029666236058776 ], [ -73.763904571193379, 5.029644012959197 ], [ -73.763877089977939, 5.02959969839419 ], [ -73.763855933477799, 5.029579162866285 ], [ -73.763832092086432, 5.029567718836867 ], [ -73.763803830918974, 5.0295603278012 ], [ -73.763763426762509, 5.029558182477226 ], [ -73.763731003350671, 5.029554367225416 ], [ -73.763691902262138, 5.029542922975027 ], [ -73.763664246267098, 5.029539108467382 ], [ -73.763614434018123, 5.029536532546034 ], [ -73.763563945719667, 5.029522987681352 ], [ -73.763522797930108, 5.029511504190757 ], [ -73.763484000619471, 5.029502868517366 ], [ -73.763445853381015, 5.02949142494348 ], [ -73.763416261598721, 5.029481304327438 ], [ -73.763313292657216, 5.029434204055614 ], [ -73.763272164253991, 5.029415339800867 ], [ -73.763228186498083, 5.029399182853189 ], [ -73.763191222639009, 5.029390335066461 ], [ -73.763154983860019, 5.029386520632551 ], [ -73.763120651450649, 5.02938079905684 ], [ -73.763092041130463, 5.029378890548275 ], [ -73.763052942777406, 5.029375207054008 ], [ -73.763011900111394, 5.029376494882116 ], [ -73.762976645870424, 5.029378891726977 ], [ -73.762935654632841, 5.029381723324891 ], [ -73.762903213280538, 5.029386521309484 ], [ -73.762874603303075, 5.029390334752973 ], [ -73.762831687816231, 5.029399872423642 ], [ -73.762671470316533, 5.029430389151115 ], [ -73.762623516463933, 5.029441288311762 ], [ -73.762586593656394, 5.029447555725499 ], [ -73.762557982698354, 5.029455185306804 ], [ -73.762521743767252, 5.02945900042286 ], [ -73.762474625994301, 5.02946951670846 ], [ -73.762437819623685, 5.029474259146895 ], [ -73.762412389143137, 5.029476801929187 ], [ -73.762373607150295, 5.029484430732862 ], [ -73.762340544435745, 5.029485701944875 ], [ -73.762303351806253, 5.029481888579492 ], [ -73.762277604326997, 5.029481887024078 ], [ -73.762233577296101, 5.029473787688064 ], [ -73.762198924878803, 5.029461384328696 ], [ -73.762160515419623, 5.029451031440375 ], [ -73.762123262183621, 5.029444763926076 ], [ -73.762091191654918, 5.029438654143754 ], [ -73.762056226868182, 5.029426906321097 ], [ -73.762023289345464, 5.029413223164724 ], [ -73.761993408998691, 5.02940559412944 ], [ -73.761966705538029, 5.029399872620764 ], [ -73.761940955920537, 5.029394149995695 ], [ -73.76188754982438, 5.029386520407257 ], [ -73.761853217828758, 5.029382706385388 ], [ -73.76180936297952, 5.029382986602805 ], [ -73.761779149133375, 5.02938423183187 ], [ -73.761726109164329, 5.029392690808705 ], [ -73.761697768805249, 5.029401778807524 ], [ -73.761672973210011, 5.02940940841652 ], [ -73.761646269846921, 5.029420852785239 ], [ -73.761606822804723, 5.029442490861421 ], [ -73.761573791739067, 5.029460906170104 ], [ -73.761534690944657, 5.029479981035275 ], [ -73.761501311818776, 5.029500961360195 ], [ -73.761449814329353, 5.029535292686522 ], [ -73.761421203108156, 5.029554367053619 ], [ -73.76137161337904, 5.029584883614765 ], [ -73.761327743596937, 5.029613494916734 ], [ -73.761295317890898, 5.029632568306041 ], [ -73.761256955231758, 5.029653961667679 ], [ -73.761218891464665, 5.029664649184595 ], [ -73.761183977637089, 5.029668808370051 ], [ -73.761152812993501, 5.029668808574197 ], [ -73.761096954048369, 5.029664993414417 ], [ -73.761067390275258, 5.02966499355461 ], [ -73.761001119505849, 5.029665196735928 ], [ -73.760962871355673, 5.02966786754995 ], [ -73.760931014670149, 5.029672622225478 ], [ -73.760893820957094, 5.02967643746414 ], [ -73.760868072643788, 5.029672622418631 ], [ -73.760833208321586, 5.02967123602737 ], [ -73.760789234873698, 5.029664993476816 ], [ -73.760716179466769, 5.029640033515217 ], [ -73.760657309883712, 5.029613495051786 ], [ -73.760625838758102, 5.029598236411464 ], [ -73.760588510426828, 5.029581698679255 ], [ -73.760556220907617, 5.029569625490511 ], [ -73.760517120339273, 5.029556274322332 ], [ -73.760485152161422, 5.029547382540144 ], [ -73.760445913187169, 5.029535293926614 ], [ -73.760395050814793, 5.029514313312408 ], [ -73.760360717669144, 5.029500961095771 ], [ -73.760335923380538, 5.029489517135617 ], [ -73.760310741580142, 5.029470745384185 ], [ -73.760286330553342, 5.029455185286092 ], [ -73.7602425697917, 5.029432351190827 ], [ -73.760206858866155, 5.029414494852367 ], [ -73.760165569625741, 5.029405511667139 ], [ -73.760128106210232, 5.029402422446617 ], [ -73.760092735024656, 5.029407501529911 ], [ -73.760063170760404, 5.029409408341995 ], [ -73.76003170020644, 5.029409409752376 ], [ -73.759978533434818, 5.029408168635372 ], [ -73.759924286114128, 5.02940349812828 ], [ -73.75988099623882, 5.029397628457458 ], [ -73.759812885169836, 5.029381227922241 ], [ -73.759723664096427, 5.029361721784842 ], [ -73.759691237668662, 5.029352187983966 ], [ -73.75966167448675, 5.02934646609126 ], [ -73.759630202398583, 5.029335022645947 ], [ -73.75956732155241, 5.02931305148065 ], [ -73.759532927310588, 5.029300690202058 ], [ -73.759481429903346, 5.02928924565366 ], [ -73.759415626817415, 5.029270171891583 ], [ -73.759382248352864, 5.029260634658606 ], [ -73.759352683463533, 5.02925109841 ], [ -73.759321212690054, 5.029241561665654 ], [ -73.759284972695852, 5.029232025951385 ], [ -73.759254487386499, 5.029227971116788 ], [ -73.759176254199673, 5.02921949966565 ], [ -73.759146101625817, 5.029213668031245 ], [ -73.759105494103224, 5.029206573505693 ], [ -73.759062766563005, 5.029197693275412 ], [ -73.759032690820689, 5.029191970139364 ], [ -73.759000777873553, 5.029182433893382 ], [ -73.758969306607966, 5.029174804755404 ], [ -73.75894037882459, 5.029165267744609 ], [ -73.758899183895224, 5.029147311834426 ], [ -73.758872689984969, 5.029129270027686 ], [ -73.758849144167428, 5.029108047524986 ], [ -73.758820532920382, 5.02908897382881 ], [ -73.758791923575686, 5.029066085785562 ], [ -73.758762359890028, 5.029045105571017 ], [ -73.758728218781556, 5.029022986833152 ], [ -73.758685686871644, 5.029010810537861 ], [ -73.758636474361097, 5.029016494772325 ], [ -73.758607864251374, 5.029024124183366 ], [ -73.758581160830516, 5.029035568432346 ], [ -73.758537133957191, 5.029054861522884 ], [ -73.758496284045492, 5.029069900386297 ], [ -73.75846728312149, 5.029075912204728 ], [ -73.758437156225128, 5.029081345262447 ], [ -73.758404731426126, 5.029079437363195 ], [ -73.758363941169833, 5.029064928786157 ], [ -73.758330027023646, 5.029043197982942 ], [ -73.758307457104578, 5.029018402503524 ], [ -73.758284569137075, 5.028991698863778 ], [ -73.758264013368859, 5.028956741219669 ], [ -73.758240698884052, 5.028911590766893 ], [ -73.758220672153897, 5.028879165446646 ], [ -73.758205414047737, 5.028852462880965 ], [ -73.758184432976932, 5.028821945388685 ], [ -73.758165359497156, 5.028795242735174 ], [ -73.758144378330215, 5.028768539585066 ], [ -73.758113861329889, 5.02872848510501 ], [ -73.75809288006802, 5.028705597201588 ], [ -73.758054962444604, 5.028666330483255 ], [ -73.758022308746902, 5.028635024777778 ], [ -73.757993697643258, 5.028612137599 ], [ -73.757954597165991, 5.028581619449154 ], [ -73.757914543249598, 5.02855300912466 ], [ -73.757890700868316, 5.028532027639483 ], [ -73.757858433905696, 5.028505048921988 ], [ -73.757823758245337, 5.02847557535403 ], [ -73.757779121236752, 5.02843856793096 ], [ -73.757753407528284, 5.028421710640663 ], [ -73.757704734788959, 5.028394699403762 ], [ -73.757659911367284, 5.028377533112871 ], [ -73.75762430886536, 5.028366724201081 ], [ -73.757591247967198, 5.028367996067875 ], [ -73.757548828537793, 5.028371893196595 ], [ -73.757501601990413, 5.028385162998217 ], [ -73.757474879970388, 5.028393008255095 ], [ -73.757436022796753, 5.028397303937817 ], [ -73.757407665165999, 5.028398513318649 ], [ -73.757377637759305, 5.028392413584965 ], [ -73.757346495425153, 5.028379671036405 ], [ -73.757314966369847, 5.028361815994166 ], [ -73.757261276168563, 5.0283222200451 ], [ -73.757230797088113, 5.02829696132494 ], [ -73.757201791998568, 5.028271232129021 ], [ -73.757171630726177, 5.028238296384351 ], [ -73.757150649908439, 5.02821731516243 ], [ -73.757115887534084, 5.02818773215184 ], [ -73.757076094265344, 5.028162852553604 ], [ -73.757041931437925, 5.028153101625759 ], [ -73.75701046069193, 5.028150559079775 ], [ -73.756966273005474, 5.028145472114257 ], [ -73.756933211531532, 5.028135300006693 ], [ -73.75689710131536, 5.028123205713395 ], [ -73.756849222984115, 5.028105782283527 ], [ -73.756799698421716, 5.02808189402058 ], [ -73.756759478859053, 5.028061380352132 ], [ -73.756713867354819, 5.028036118356384 ], [ -73.756689072373987, 5.028020858989621 ], [ -73.756664276382494, 5.028009413968245 ], [ -73.756636619261613, 5.027999878986956 ], [ -73.756591822114714, 5.027982764165552 ], [ -73.75654983483382, 5.02796936088107 ], [ -73.756520270642383, 5.027954101612237 ], [ -73.756477338508333, 5.027932064428659 ], [ -73.756444931376521, 5.027910233120544 ], [ -73.756406783944755, 5.027879714659132 ], [ -73.756385167699648, 5.027859370320996 ], [ -73.756356238631511, 5.02782440240161 ], [ -73.75633430502107, 5.027799606097184 ], [ -73.756313324243308, 5.027778625746809 ], [ -73.75628789268896, 5.027761459475031 ], [ -73.756263230000428, 5.027751346361061 ], [ -73.756237424987376, 5.027744467036896 ], [ -73.756189584363355, 5.027745617516612 ], [ -73.756138466063973, 5.027756038437834 ], [ -73.756093978572309, 5.027767181955811 ], [ -73.756044077906239, 5.027780985954561 ], [ -73.755992889081014, 5.027788162716714 ], [ -73.755964279087081, 5.027791976757493 ], [ -73.755910872666718, 5.027799605843079 ], [ -73.75587749396523, 5.027801514164485 ], [ -73.755835575365609, 5.027809311817924 ], [ -73.755808592451999, 5.027816295800287 ], [ -73.755771141863335, 5.027830529673079 ], [ -73.755730424497855, 5.027851752607027 ], [ -73.755657196346561, 5.027891159197235 ], [ -73.755620956826348, 5.027914046559579 ], [ -73.755586611782746, 5.027930955462776 ], [ -73.755540848051012, 5.027956009441503 ], [ -73.755512236910832, 5.027967453062853 ], [ -73.755481719887712, 5.027978897081993 ], [ -73.755455018237697, 5.027990341202986 ], [ -73.755412163540839, 5.028005726076921 ], [ -73.755369186333681, 5.028018951889681 ], [ -73.755332947145689, 5.028030396198655 ], [ -73.755302905800207, 5.028038025312624 ], [ -73.755276728097726, 5.0280421215651 ], [ -73.75523853239811, 5.028045654385098 ], [ -73.755190849120964, 5.028049469678165 ], [ -73.755159378084116, 5.028051375754943 ], [ -73.755125045910034, 5.028055190960529 ], [ -73.755092620519903, 5.028059005765497 ], [ -73.755045950948443, 5.028067788026681 ], [ -73.755011932148179, 5.028078864149044 ], [ -73.754982947784356, 5.028091430314439 ], [ -73.754954020716795, 5.028109868606044 ], [ -73.754921913106472, 5.028133392756024 ], [ -73.754896163118829, 5.028156280604762 ], [ -73.754861832058779, 5.028196335258842 ], [ -73.754844665760388, 5.028219223120253 ], [ -73.754803657698147, 5.028276443278306 ], [ -73.754774980744244, 5.028306776787956 ], [ -73.754735945992678, 5.028335571212599 ], [ -73.75469779989578, 5.028364180902456 ], [ -73.754665198540806, 5.028378207302198 ], [ -73.75462532030528, 5.028394699958282 ], [ -73.75458463028491, 5.028409958300788 ], [ -73.754547119172912, 5.028419494607743 ], [ -73.754509925317507, 5.028427124729284 ], [ -73.754465738413472, 5.028439203513011 ], [ -73.754433632229166, 5.0284404759259 ], [ -73.754407882379397, 5.028439203511963 ], [ -73.754379271973519, 5.028430939175305 ], [ -73.754344878739673, 5.028418577599764 ], [ -73.754299176089248, 5.028407392870336 ], [ -73.754243552896739, 5.028401366949793 ], [ -73.75419201609769, 5.028408144902007 ], [ -73.754152297847526, 5.028423309790255 ], [ -73.754128455754525, 5.028438568521644 ], [ -73.754102857105977, 5.028462831687607 ], [ -73.754074097273644, 5.028499603054278 ], [ -73.754060159963913, 5.028525812841126 ], [ -73.754045485884191, 5.028558730940203 ], [ -73.754033089036582, 5.028587341576407 ], [ -73.754013061199245, 5.028636932259884 ], [ -73.754000663446774, 5.028665542896865 ], [ -73.753986099000613, 5.028692574194535 ], [ -73.75394217795268, 5.028735753825171 ], [ -73.753909110679274, 5.028745651462207 ], [ -73.75387073918688, 5.028742328541111 ], [ -73.753829002122416, 5.028732299335085 ], [ -73.753792285331883, 5.028720856224089 ], [ -73.753753687602455, 5.028714625965631 ], [ -73.753702162634582, 5.028711319150427 ], [ -73.753671645523085, 5.028709411519658 ], [ -73.753645895832634, 5.028707504709566 ], [ -73.753424644396517, 5.028707504402728 ], [ -73.753386497813679, 5.02870750415476 ], [ -73.753327370376695, 5.028703689372847 ], [ -73.753299713382305, 5.028703689665067 ], [ -73.753261565897233, 5.02870369031574 ], [ -73.753231684680941, 5.028706232454637 ], [ -73.753194809117915, 5.028711319239086 ], [ -73.753133772829486, 5.028715134437038 ], [ -73.753059347485106, 5.02872442282987 ], [ -73.753031492113735, 5.028728485643707 ], [ -73.752985957609567, 5.028734068376951 ], [ -73.752948760858587, 5.028732935823442 ], [ -73.752907711747511, 5.028725535535314 ], [ -73.752882235826277, 5.028719213145703 ], [ -73.752850850165672, 5.028707504101385 ], [ -73.752817789858241, 5.028689702176404 ], [ -73.752790450604778, 5.028669357077414 ], [ -73.752770423481607, 5.028642654428807 ], [ -73.752756118913737, 5.028617859131798 ], [ -73.752743266235697, 5.028586703099866 ], [ -73.752724647754775, 5.028530121115008 ], [ -73.75271415779973, 5.028501510682198 ], [ -73.752706527444985, 5.02847671582028 ], [ -73.752702712600282, 5.028448104918199 ], [ -73.752697535843112, 5.028415407946196 ], [ -73.752687209186178, 5.028380474463898 ], [ -73.752662658165804, 5.028335571323518 ], [ -73.752652168218731, 5.028306961793628 ], [ -73.752649863797913, 5.02826637851649 ], [ -73.752635001272068, 5.028228759864361 ], [ -73.752596854999823, 5.028194427711248 ], [ -73.752583502873875, 5.028171538934927 ], [ -73.752570577759386, 5.028130720868078 ], [ -73.752549648068992, 5.028106212840449 ], [ -73.752510070605538, 5.028087615730185 ], [ -73.752481459935183, 5.028070449347111 ], [ -73.752460479637065, 5.028051376482167 ], [ -73.752441854894741, 5.02803254070814 ], [ -73.75241851815727, 5.027999878266745 ], [ -73.752396583517282, 5.027969360738668 ], [ -73.752375571568663, 5.027942362386051 ], [ -73.752351974317477, 5.027913871139852 ], [ -73.752325057947928, 5.027889252368883 ], [ -73.752297737621603, 5.027868843873379 ], [ -73.752256393098904, 5.027845382886675 ], [ -73.752227782693865, 5.027833938465752 ], [ -73.752199173057662, 5.027826309296715 ], [ -73.752171516747268, 5.027820587558392 ], [ -73.752140045060955, 5.027814865696196 ], [ -73.752106984273141, 5.027812322027837 ], [ -73.752066611840263, 5.027811051003169 ], [ -73.75202814653764, 5.027808507231065 ], [ -73.751996993994467, 5.027807235520291 ], [ -73.751960754237814, 5.027807235696261 ], [ -73.751929282661621, 5.027811050149519 ], [ -73.751901625558858, 5.027814864726398 ], [ -73.751872061671335, 5.027818680596427 ], [ -73.751844406371347, 5.027822494263948 ], [ -73.751750946106611, 5.027841567916491 ], [ -73.751718520683184, 5.027845383459956 ], [ -73.751686319167092, 5.027852443881955 ], [ -73.751649589869757, 5.027857577462294 ], [ -73.751585960014395, 5.027864456024613 ], [ -73.7515573501028, 5.027864456431317 ], [ -73.751523970968947, 5.02786445600031 ], [ -73.751497268503542, 5.027858734943001 ], [ -73.751456578659457, 5.027846654659719 ], [ -73.751426696737951, 5.027832031684949 ], [ -73.751399040605833, 5.02780914307566 ], [ -73.751372916184593, 5.027791261578932 ], [ -73.751346271102491, 5.027773403304681 ], [ -73.751316995246384, 5.027750594383297 ], [ -73.751277287790259, 5.027716954411566 ], [ -73.751249487237729, 5.027696388958796 ], [ -73.75122178714841, 5.027679230512915 ], [ -73.751180047492483, 5.027655051377959 ], [ -73.751152038550089, 5.027643202606471 ], [ -73.751126289178174, 5.027633666988701 ], [ -73.751092909956199, 5.027624130205976 ], [ -73.751052317431146, 5.027611910420185 ], [ -73.750974742014265, 5.027592987762046 ], [ -73.750932693708791, 5.027582167787795 ], [ -73.750904082809114, 5.027572631836696 ], [ -73.75087547243146, 5.027561187351016 ], [ -73.750832017121397, 5.027539988346375 ], [ -73.75079250274463, 5.027517318786184 ], [ -73.750771522886325, 5.027500152578857 ], [ -73.750734330064276, 5.027467727729852 ], [ -73.750710487540772, 5.027444840123388 ], [ -73.750663756484954, 5.027395248553058 ], [ -73.750627676693057, 5.027359189958294 ], [ -73.750572838769429, 5.027306741746724 ], [ -73.75053596516419, 5.02726936374181 ], [ -73.750504493477905, 5.027240753880021 ], [ -73.750471872392211, 5.027208432342581 ], [ -73.750446319562144, 5.027189255164246 ], [ -73.750421524349036, 5.027172088809428 ], [ -73.750387301451738, 5.027150764214176 ], [ -73.750347137082599, 5.027139663304422 ], [ -73.750315348163269, 5.027135848434853 ], [ -73.750279457378596, 5.027137967495741 ], [ -73.750237464268778, 5.02714538570588 ], [ -73.750188828260832, 5.027154921893132 ], [ -73.750164031645696, 5.027162551978162 ], [ -73.750105857052361, 5.027175903531266 ], [ -73.750061987927879, 5.027187348187954 ], [ -73.750019094730376, 5.027199955480932 ], [ -73.749977111578474, 5.027212142734088 ], [ -73.749948502141066, 5.027223587024068 ], [ -73.749920844365064, 5.027233124400088 ], [ -73.749887466083123, 5.02724647546645 ], [ -73.749857901896291, 5.027257919946098 ], [ -73.749807707460761, 5.027282489068066 ], [ -73.749772072213943, 5.027303695854526 ], [ -73.749738693248474, 5.02732276889461 ], [ -73.749715805059836, 5.027334213835894 ], [ -73.749692916718843, 5.02734947222316 ], [ -73.74966144596273, 5.02736663815229 ], [ -73.749628067366586, 5.027387618815437 ], [ -73.749585151306107, 5.027418136819958 ], [ -73.74955177292847, 5.027444838554525 ], [ -73.749517440354978, 5.02747281374027 ], [ -73.749498367581467, 5.027490616066114 ], [ -73.749473875845652, 5.027513937558425 ], [ -73.74942970251746, 5.027559280937285 ], [ -73.749384997948923, 5.027608030240269 ], [ -73.749343706234356, 5.027648846472382 ], [ -73.74928092943567, 5.027717590534018 ], [ -73.749237060158748, 5.027765273747133 ], [ -73.749212264699494, 5.027788162111772 ], [ -73.749193191029519, 5.027809143511127 ], [ -73.749162673774691, 5.027833937934002 ], [ -73.749134062778879, 5.027860641413325 ], [ -73.749107996323986, 5.027878442718228 ], [ -73.749082565515721, 5.027894973651123 ], [ -73.749058723073176, 5.027904510232006 ], [ -73.749033609490226, 5.027912775917088 ], [ -73.7489929198005, 5.027919769948367 ], [ -73.748954772542803, 5.027925491415423 ], [ -73.748925924376067, 5.027925491980739 ], [ -73.748864173522534, 5.027925491430643 ], [ -73.748821257347799, 5.027923584234548 ], [ -73.74878692667852, 5.027921676223318 ], [ -73.748716354042784, 5.027917862390595 ], [ -73.748653437982369, 5.027915319352239 ], [ -73.748614310311211, 5.027915955217699 ], [ -73.748559952351144, 5.027917861921863 ], [ -73.748533249204513, 5.027917861816494 ], [ -73.748491411037037, 5.027915632104358 ], [ -73.748456955300895, 5.027914047285302 ], [ -73.74838429161413, 5.027906922805283 ], [ -73.748332976839279, 5.027898788322172 ], [ -73.748237108720502, 5.027885408318658 ], [ -73.748197556556875, 5.027880985990953 ], [ -73.748171806706694, 5.027879715135406 ], [ -73.748131752119605, 5.027887344563017 ], [ -73.748085022261094, 5.027898787856915 ], [ -73.7480278800912, 5.02792101558833 ], [ -73.74798393257548, 5.027935028448045 ], [ -73.747939498755287, 5.027948334194246 ], [ -73.74790700203674, 5.027952193976344 ], [ -73.747876166759255, 5.027952194060343 ], [ -73.74784215245927, 5.02794837981715 ], [ -73.747814177764354, 5.027938842996366 ], [ -73.747780322757933, 5.027921200066762 ], [ -73.747756990148417, 5.027910166564983 ], [ -73.747708320193311, 5.027889252046088 ], [ -73.747667294178527, 5.02787514391468 ], [ -73.747626808017969, 5.027865178915309 ], [ -73.747589929276998, 5.027861186953699 ], [ -73.747502769736911, 5.027862349311104 ], [ -73.747458139594571, 5.027865727977294 ], [ -73.747426986862862, 5.027868271305673 ], [ -73.747396468700785, 5.027870178631973 ], [ -73.747366905285631, 5.027872085767214 ], [ -73.747338294976302, 5.027870178360028 ], [ -73.747310638143134, 5.0278663640392 ], [ -73.747271983486812, 5.027863184928087 ], [ -73.747239915441881, 5.027856782986347 ], [ -73.747199058195406, 5.027843475508727 ], [ -73.74717044768208, 5.027835846111299 ], [ -73.747096061219295, 5.027816772722403 ], [ -73.747057918000792, 5.027802305601829 ], [ -73.747027397423295, 5.027786255135202 ], [ -73.747003554627, 5.027761459746861 ], [ -73.746994971712454, 5.027732848807092 ], [ -73.746987343013402, 5.027706146212943 ], [ -73.746972083389281, 5.027683257666564 ], [ -73.746944336206113, 5.027661123674692 ], [ -73.746920584900153, 5.027618408406397 ], [ -73.746910848816768, 5.027583550123139 ], [ -73.746895789692559, 5.027540206815335 ], [ -73.74688275664883, 5.02750968972192 ], [ -73.746843576350699, 5.027430057595963 ], [ -73.746831894241339, 5.027406692563534 ], [ -73.746804236855851, 5.027343750755231 ], [ -73.746789931793771, 5.027315140030245 ], [ -73.746765710665485, 5.027272694060119 ], [ -73.746718029682299, 5.02719777919566 ], [ -73.746702193661861, 5.027166366693426 ], [ -73.746684391414504, 5.027135848720683 ], [ -73.746664046858442, 5.02709007262253 ], [ -73.746650696021632, 5.027063370239196 ], [ -73.746635436763384, 5.027032852971879 ], [ -73.746594338809004, 5.026969769984091 ], [ -73.746568679476908, 5.026939392220756 ], [ -73.746531486834385, 5.026897430757612 ], [ -73.746509551609407, 5.026876449323025 ], [ -73.74648094139711, 5.02683258035441 ], [ -73.746459959993146, 5.026802063297245 ], [ -73.746437073243612, 5.026769638075812 ], [ -73.74640846233558, 5.026731491087272 ], [ -73.746392806077139, 5.026708142355993 ], [ -73.746370315282718, 5.026672362941883 ], [ -73.746338936893309, 5.02661852641928 ], [ -73.746318817426513, 5.026586533304084 ], [ -73.74629020670406, 5.026544571048322 ], [ -73.746271133541867, 5.0265121459783 ], [ -73.746254921033469, 5.026489257592107 ], [ -73.746232032331108, 5.026460647621783 ], [ -73.746208191055061, 5.026433944560281 ], [ -73.746189116850204, 5.026414871086303 ], [ -73.746164322122652, 5.026399612177524 ], [ -73.74612808013211, 5.026377001901476 ], [ -73.746096611262942, 5.026363374102576 ], [ -73.746064949707034, 5.026352501183298 ], [ -73.746008873157209, 5.026340484287131 ], [ -73.745969771883921, 5.026330948337396 ], [ -73.745941161981762, 5.026321410338292 ], [ -73.745913823572835, 5.026311874503155 ], [ -73.745890005583433, 5.026296108599281 ], [ -73.745868780620768, 5.026279912593091 ], [ -73.745838164286226, 5.026247024706384 ], [ -73.745815276702032, 5.026224135795918 ], [ -73.745798111104051, 5.026205063744696 ], [ -73.745779037090159, 5.026182174995727 ], [ -73.745759963980049, 5.026159286244956 ], [ -73.745722771418912, 5.026107788380409 ], [ -73.745688437874051, 5.026062011943458 ], [ -73.745667457624791, 5.026037216834716 ], [ -73.745639801189412, 5.026006698324043 ], [ -73.745617866024602, 5.025985718660097 ], [ -73.745581413801915, 5.025950398595156 ], [ -73.74555492405473, 5.025928497469099 ], [ -73.745525360496913, 5.025905609842717 ], [ -73.745494842381703, 5.025888442576343 ], [ -73.745471000452881, 5.025876998711581 ], [ -73.745446204506976, 5.025869370291601 ], [ -73.745407104166333, 5.025859832491685 ], [ -73.745365143378578, 5.025846480888362 ], [ -73.745338439209462, 5.025840759560233 ], [ -73.745270410631122, 5.025821050620271 ], [ -73.745225905608336, 5.025812148828767 ], [ -73.745178969463197, 5.025804003633594 ], [ -73.745145689732553, 5.025792161503126 ], [ -73.745118459485809, 5.025780105225919 ], [ -73.745080947851619, 5.025760650980027 ], [ -73.745054845979183, 5.025748121932742 ], [ -73.745026399602679, 5.025739515797193 ], [ -73.744991863936065, 5.025734211531887 ], [ -73.744959830589849, 5.025732040955991 ], [ -73.744927406260189, 5.025732040890332 ], [ -73.744899750061933, 5.02573585606732 ], [ -73.744873045899723, 5.025739670155806 ], [ -73.744836170352144, 5.025754280125422 ], [ -73.74481201153165, 5.025772095374855 ], [ -73.744799518589417, 5.025801460726186 ], [ -73.744790076768268, 5.025829314949505 ], [ -73.744763318828049, 5.025859679365252 ], [ -73.744732856315608, 5.025877952475607 ], [ -73.744698206645097, 5.02587954221973 ], [ -73.744668961120979, 5.025871277241786 ], [ -73.744645854540181, 5.025859724816132 ], [ -73.744622236442765, 5.025845122393752 ], [ -73.744599376834429, 5.025826162684457 ], [ -73.744578799422271, 5.025803238505946 ], [ -73.744546890197654, 5.025772094951369 ], [ -73.744521569281602, 5.025747967175342 ], [ -73.744485823220245, 5.025723347243011 ], [ -73.744449615956754, 5.025703430849934 ], [ -73.744423866180426, 5.025695801667213 ], [ -73.744387944670137, 5.025687536150694 ], [ -73.744348340064079, 5.025680526378961 ], [ -73.74431774789123, 5.025670432210209 ], [ -73.744293212685221, 5.025659561016531 ], [ -73.744271278105543, 5.025646210010947 ], [ -73.744241000061791, 5.025638580558383 ], [ -73.74421499347649, 5.025637641941233 ], [ -73.744181035960437, 5.025639233581213 ], [ -73.744143247160366, 5.025651455492098 ], [ -73.744105338356448, 5.025665283820883 ], [ -73.744051067147552, 5.025686283525807 ], [ -73.743997573220952, 5.025709151962877 ], [ -73.743957519209204, 5.025724410739492 ], [ -73.743916512440563, 5.025735855339173 ], [ -73.743879317975413, 5.025745392481984 ], [ -73.743849042722005, 5.025753751632842 ], [ -73.743805885231069, 5.025762558040319 ], [ -73.743778228300798, 5.025762557910058 ], [ -73.743744309084377, 5.025762123305636 ], [ -73.743717129201542, 5.025759449411686 ], [ -73.743684768676815, 5.025756836626122 ], [ -73.743558247633544, 5.025738397778514 ], [ -73.743522008660506, 5.025729497301302 ], [ -73.743484016170342, 5.025715694001327 ], [ -73.743451192626978, 5.025699472214369 ], [ -73.743416785357695, 5.025682449541672 ], [ -73.743386268386374, 5.0256614687134 ], [ -73.743349074894681, 5.025632858634603 ], [ -73.743324166175128, 5.025616475787456 ], [ -73.743296902272135, 5.025590620814532 ], [ -73.743268012868469, 5.025556564336118 ], [ -73.743244807582599, 5.0255247755134 ], [ -73.743232726970959, 5.025493621955055 ], [ -73.743222236595884, 5.025455474953286 ], [ -73.743211552258671, 5.025420560647603 ], [ -73.743202208934989, 5.02539444000635 ], [ -73.743181228125351, 5.025346755942241 ], [ -73.743165969780577, 5.025320052918676 ], [ -73.743148803586678, 5.02528762827006 ], [ -73.743125915243866, 5.025255203805728 ], [ -73.743105888238787, 5.02522659315244 ], [ -73.743081555647592, 5.025207352714253 ], [ -73.743041992288298, 5.025186539632134 ], [ -73.743012428455245, 5.025171279683698 ], [ -73.742986678744245, 5.025150935008634 ], [ -73.742962837629648, 5.02512741088444 ], [ -73.742944717035755, 5.025106430387693 ], [ -73.742925643338509, 5.025079727177221 ], [ -73.742905398797177, 5.025050257062333 ], [ -73.742874344465449, 5.024994594666912 ], [ -73.742848868835708, 5.024970035327692 ], [ -73.742825507444977, 5.024955749268802 ], [ -73.742798804770501, 5.024948121099828 ], [ -73.742768287954263, 5.024951934916388 ], [ -73.742734276995719, 5.024965285437327 ], [ -73.742704391346393, 5.024961471626785 ], [ -73.742678642157969, 5.024951934735675 ], [ -73.742647902978447, 5.024933104274474 ], [ -73.742606171111248, 5.024892313272875 ], [ -73.742567698258384, 5.024876610064268 ], [ -73.742545498298256, 5.024838432936569 ], [ -73.742544174798098, 5.024801254634525 ], [ -73.742546081811724, 5.024766383893342 ], [ -73.742544173775414, 5.024732589859027 ], [ -73.742540941167533, 5.02470371844238 ], [ -73.742530320126136, 5.02466966736642 ], [ -73.742509841941825, 5.024641037292572 ], [ -73.74248409190001, 5.024621963140081 ], [ -73.742457389984637, 5.024608612964165 ], [ -73.742427825617767, 5.024601618783491 ], [ -73.74238378853137, 5.024581903017261 ], [ -73.742342744345891, 5.024561854440431 ], [ -73.742321013670804, 5.024538040110467 ], [ -73.742292416802371, 5.024502439398347 ], [ -73.742271423090813, 5.024456024947262 ], [ -73.742259978718877, 5.02443122880479 ], [ -73.742245911991546, 5.024399281122465 ], [ -73.742230726575826, 5.024376364289237 ], [ -73.74221348808031, 5.024352551177484 ], [ -73.74218419770942, 5.024306962425019 ], [ -73.742157936158009, 5.024291992779914 ], [ -73.742132186465113, 5.02428118350485 ], [ -73.742158750773953, 5.024254276311065 ], [ -73.742191314397886, 5.024219512767075 ], [ -73.742206573264397, 5.024190902651607 ], [ -73.74221525296349, 5.024144176616208 ], [ -73.742215060581742, 5.024110525417369 ], [ -73.742208465491998, 5.024077535780715 ], [ -73.742188453438075, 5.024042128906176 ], [ -73.742156857352455, 5.024013211020954 ], [ -73.742135048181339, 5.023983002403249 ], [ -73.742137802723761, 5.023954642705527 ], [ -73.742157936089441, 5.023925782710376 ], [ -73.742185592129857, 5.023906708415455 ], [ -73.742208480222985, 5.023889542650775 ], [ -73.742235184394417, 5.023873011437623 ], [ -73.742264747196117, 5.023857116769835 ], [ -73.742302893866508, 5.023834228846238 ], [ -73.742325848925972, 5.023819627626246 ], [ -73.742348670196051, 5.023805618394185 ], [ -73.742366791079519, 5.023784637356606 ], [ -73.742388407752244, 5.023748397623088 ], [ -73.742394208541981, 5.023712634695237 ], [ -73.742387573450074, 5.023676194537401 ], [ -73.742380142052369, 5.023625056206078 ], [ -73.742373466214787, 5.023590087540486 ], [ -73.742375455483227, 5.023561704280342 ], [ -73.742379665220071, 5.023536206184501 ], [ -73.742402075952569, 5.023511887340304 ], [ -73.742428779542863, 5.023500442838478 ], [ -73.742456435994526, 5.023508071756778 ], [ -73.742483139119102, 5.023523330474867 ], [ -73.742507934919431, 5.023540497183891 ], [ -73.742527007839413, 5.023563385154788 ], [ -73.742539405845221, 5.023591995471604 ], [ -73.742546080971437, 5.023626327956191 ], [ -73.742551802806005, 5.023658752084159 ], [ -73.742563247718664, 5.023681640590345 ], [ -73.742588043686581, 5.023704529284306 ], [ -73.742617606572111, 5.023710251107677 ], [ -73.742650031914692, 5.023706436038877 ], [ -73.742680232320197, 5.023694992975571 ], [ -73.742701530743574, 5.023670196670491 ], [ -73.742705344753446, 5.023643493633475 ], [ -73.742702869576902, 5.023606923862847 ], [ -73.742713703711544, 5.023573339750655 ], [ -73.742733954869948, 5.02354812564619 ], [ -73.742752074671671, 5.02352142351752 ], [ -73.742764473043408, 5.023498535020238 ], [ -73.742774528018302, 5.023466207863139 ], [ -73.742787360948128, 5.02342224171594 ], [ -73.742803572871011, 5.023399353401541 ], [ -73.742828369187094, 5.02337074237398 ], [ -73.742856288513664, 5.023329996050969 ], [ -73.742881774336581, 5.023298263974718 ], [ -73.742915121265483, 5.023272358959787 ], [ -73.742950439187254, 5.02325375825301 ], [ -73.742977141478363, 5.023246765174466 ], [ -73.743003845207411, 5.023241042640902 ], [ -73.743042362638136, 5.02323164704161 ], [ -73.743079185066691, 5.023212433775204 ], [ -73.743103663525801, 5.023187637459398 ], [ -73.743134499024691, 5.023170471667455 ], [ -73.743171701209306, 5.023160688431532 ], [ -73.743187904012288, 5.023136139540398 ], [ -73.743182703741056, 5.023110883828677 ], [ -73.743184076257279, 5.02307419927679 ], [ -73.743213636251852, 5.023046320345818 ], [ -73.743249252391578, 5.023048829017322 ], [ -73.743294716155006, 5.023059844748276 ], [ -73.743318236857135, 5.023037975215472 ], [ -73.743342211194118, 5.022995153800421 ], [ -73.743357658624234, 5.022953033479453 ], [ -73.743370692473349, 5.022916794452594 ], [ -73.743389129736286, 5.022874831806083 ], [ -73.743398666021733, 5.022850672394643 ], [ -73.743408202861914, 5.022821427172696 ], [ -73.743416786391833, 5.022796631762949 ], [ -73.743425369208651, 5.02276802109166 ], [ -73.743435859892287, 5.022735595699304 ], [ -73.743443488323479, 5.022708892841488 ], [ -73.743450164364461, 5.022680282532593 ], [ -73.743459701233036, 5.022638320976008 ], [ -73.743473726293914, 5.022569763303343 ], [ -73.743482589136178, 5.02252388046846 ], [ -73.743489265174688, 5.022495270159538 ], [ -73.743506431369084, 5.022426605743978 ], [ -73.743514061078216, 5.022392273264969 ], [ -73.743520101111471, 5.022359847513412 ], [ -73.743518432340821, 5.022316630890928 ], [ -73.743509293251222, 5.022283553676195 ], [ -73.743491173115842, 5.022254944468582 ], [ -73.743465422989985, 5.022230148355423 ], [ -73.743452072210729, 5.022207260226202 ], [ -73.743443488651351, 5.022178650107015 ], [ -73.743439992828243, 5.022150039621552 ], [ -73.743437878979776, 5.02210345800173 ], [ -73.743432998061692, 5.022047042744884 ], [ -73.74343680475107, 5.0220099201407 ], [ -73.743455889973092, 5.021964821111279 ], [ -73.743485450599493, 5.021928786780627 ], [ -73.743508339659044, 5.021917343876876 ], [ -73.743556881433094, 5.021903668198057 ], [ -73.743583679176496, 5.021883011179442 ], [ -73.743596076592993, 5.021860123580091 ], [ -73.743603706104452, 5.021829605458653 ], [ -73.743602116519909, 5.021796544076563 ], [ -73.743598938513685, 5.021770477040097 ], [ -73.743593215018734, 5.021743774010084 ], [ -73.743592262159865, 5.021715165153248 ], [ -73.743605612887478, 5.021684646848382 ], [ -73.743625640994026, 5.021661757794901 ], [ -73.743646621655515, 5.021646499990091 ], [ -73.743697166055753, 5.021617889469776 ], [ -73.743717193968891, 5.021598816581563 ], [ -73.743735313137719, 5.02157402116472 ], [ -73.743749856488776, 5.021534442061459 ], [ -73.743755797655368, 5.021507157433888 ], [ -73.743761777690636, 5.021476745260602 ], [ -73.743775467042596, 5.021420154101699 ], [ -73.743785857531009, 5.021390915145353 ], [ -73.743812588352228, 5.021353430683313 ], [ -73.743841170818328, 5.021322249790364 ], [ -73.743863105322404, 5.021297455453374 ], [ -73.743885039822786, 5.021272659305983 ], [ -73.743907929228712, 5.02125358586785 ], [ -73.743964195218908, 5.02119827374205 ], [ -73.744012832124568, 5.021146773806119 ], [ -73.74403444913888, 5.021127700005053 ], [ -73.744063376885876, 5.02109146186061 ], [ -73.744097708681664, 5.021056448284837 ], [ -73.744129031577529, 5.021034705584371 ], [ -73.744161605514819, 5.021022796434254 ], [ -73.744187355116225, 5.021020889311325 ], [ -73.744217872261899, 5.021024704169475 ], [ -73.74424997998473, 5.021023432308472 ], [ -73.744279861511473, 5.021009445746567 ], [ -73.744303703827981, 5.020990371210953 ], [ -73.744324780711864, 5.020974056300264 ], [ -73.744345193861662, 5.020954939521223 ], [ -73.744364738223496, 5.020931244694359 ], [ -73.744380950579966, 5.020906447819935 ], [ -73.744405746040897, 5.020864486959138 ], [ -73.74442100600551, 5.020837782634411 ], [ -73.74444580110432, 5.020793915047295 ], [ -73.744467502122191, 5.020755039967683 ], [ -73.744480132431022, 5.020719528065364 ], [ -73.744487066435127, 5.020680512365131 ], [ -73.744490305487446, 5.02062670407057 ], [ -73.744497906894566, 5.020593727233575 ], [ -73.744500371374059, 5.020561922733099 ], [ -73.744480133087279, 5.020521163416862 ], [ -73.744490249523821, 5.020489818048329 ], [ -73.744528406956007, 5.02045279020459 ], [ -73.744546889760755, 5.020429611501264 ], [ -73.744537691183268, 5.020390238645999 ], [ -73.744507472013694, 5.020369848427404 ], [ -73.744502067412711, 5.020341873591987 ], [ -73.744507789404764, 5.020298004226834 ], [ -73.744527784206142, 5.020276842739705 ], [ -73.744565963452089, 5.0202598576636 ], [ -73.744600830387455, 5.0202567474092 ], [ -73.744626045148621, 5.020231247979252 ], [ -73.744618415425833, 5.020193100445603 ], [ -73.744600296046883, 5.020158768372353 ], [ -73.744596481292419, 5.020128249725188 ], [ -73.744588851560195, 5.020099639439763 ], [ -73.744571540403726, 5.020072177714999 ], [ -73.744546464016125, 5.020052585225078 ], [ -73.744501169795839, 5.020028558013844 ], [ -73.744472503222411, 5.02000617965898 ], [ -73.744448980289675, 5.019978205572494 ], [ -73.744431904019237, 5.019944599881182 ], [ -73.744420823686696, 5.019918516522229 ], [ -73.7444095611866, 5.01989173927533 ], [ -73.744404792611348, 5.019861221712739 ], [ -73.744401563433215, 5.019828233696117 ], [ -73.744399070101068, 5.019786835156388 ], [ -73.744395256076146, 5.019760131766992 ], [ -73.744376183059344, 5.019731521853687 ], [ -73.744355202018212, 5.019701003768935 ], [ -73.744359048770932, 5.019656277745493 ], [ -73.744376182012687, 5.019615173562359 ], [ -73.744390487954803, 5.019582748341216 ], [ -73.744412421841346, 5.019559860722774 ], [ -73.744438171043541, 5.019546509623356 ], [ -73.74446741739483, 5.019531885798411 ], [ -73.744512012751287, 5.019498280376262 ], [ -73.744540214036803, 5.019474029995972 ], [ -73.744569328977477, 5.019446976853215 ], [ -73.744588911855317, 5.019430231984795 ], [ -73.744611739736854, 5.019411087112667 ], [ -73.744632720849552, 5.01939392075283 ], [ -73.744658470054731, 5.019371033302058 ], [ -73.744684219800959, 5.019346237314147 ], [ -73.744705199463354, 5.019330978584986 ], [ -73.744729042071086, 5.019313812579119 ], [ -73.744749068853181, 5.01926040684454 ], [ -73.744769096136892, 5.019233703415403 ], [ -73.744793892041841, 5.01920890851236 ], [ -73.744819640676724, 5.01919746412741 ], [ -73.744848250625523, 5.019189835359107 ], [ -73.744891087241612, 5.019180957821868 ], [ -73.744936187804129, 5.019156024823979 ], [ -73.74496735280276, 5.019144744385226 ], [ -73.745000203415799, 5.019132614990634 ], [ -73.744995117364198, 5.019098281630751 ], [ -73.745021595043383, 5.019081195865445 ], [ -73.745059967207695, 5.01906013466549 ], [ -73.74508243219735, 5.019040900604793 ], [ -73.745091796795734, 5.018989582980817 ], [ -73.745114008738582, 5.018959680774746 ], [ -73.745147069115845, 5.018943150372405 ], [ -73.745163917420172, 5.018909454408177 ], [ -73.74518267249104, 5.018869400817323 ], [ -73.745181267931002, 5.018837207985889 ], [ -73.745180129593734, 5.018802642981589 ], [ -73.745203017266078, 5.018770217912411 ], [ -73.745218276801708, 5.018741607759109 ], [ -73.745231628496043, 5.018707275985907 ], [ -73.745236396600433, 5.018672943148264 ], [ -73.745231628547501, 5.018640517963732 ], [ -73.745206832545037, 5.018611908270178 ], [ -73.745196342220368, 5.018583297636194 ], [ -73.745203017991415, 5.018548965336627 ], [ -73.74522018374283, 5.018522263354245 ], [ -73.745232264309095, 5.018499374290945 ], [ -73.745242118315545, 5.018465042889438 ], [ -73.745246886603482, 5.01842689569529 ], [ -73.745239494379391, 5.018395258094808 ], [ -73.745215415449138, 5.018354416302997 ], [ -73.74520206453775, 5.018325806217446 ], [ -73.745200156900211, 5.018297195744187 ], [ -73.74521395892323, 5.018260511498106 ], [ -73.745229720685941, 5.018232346007345 ], [ -73.745250066284655, 5.018209457468213 ], [ -73.745290123317417, 5.018175806512061 ], [ -73.745319367198888, 5.01815032962034 ], [ -73.745357513625052, 5.018114090879818 ], [ -73.745387077001752, 5.018085479785953 ], [ -73.745435582410678, 5.018050389363427 ], [ -73.745473861787886, 5.018026351881026 ], [ -73.7455101003479, 5.018003464200317 ], [ -73.74555778469491, 5.017984389573516 ], [ -73.745588770495289, 5.017976682053989 ], [ -73.745618819969252, 5.017965316896993 ], [ -73.745645522909555, 5.017961501920889 ], [ -73.745681127069147, 5.017964045806065 ], [ -73.74571132624672, 5.017955779921224 ], [ -73.745742169229146, 5.017958198021389 ], [ -73.745767593615312, 5.017964044820361 ], [ -73.745802042645536, 5.017962558474344 ], [ -73.745836646300518, 5.017952607971264 ], [ -73.745861643116996, 5.017937142824305 ], [ -73.745884894801875, 5.017913819291108 ], [ -73.745903014879801, 5.017885207671715 ], [ -73.74592208824906, 5.017858506213527 ], [ -73.745947837526202, 5.017822265313817 ], [ -73.745953559606505, 5.017793656088005 ], [ -73.745982170012738, 5.01776504515626 ], [ -73.746011762552328, 5.017747849925591 ], [ -73.746013163996807, 5.017714500087093 ], [ -73.745986520402724, 5.017699045046317 ], [ -73.745923996077778, 5.017663955600163 ], [ -73.745901107933932, 5.017650604795573 ], [ -73.745848655554497, 5.017627716112931 ], [ -73.745597839859457, 5.017499923343698 ], [ -73.745553970890313, 5.017480850957161 ], [ -73.745529174736447, 5.017465591064738 ], [ -73.745445251048892, 5.017421722653121 ], [ -73.745420455259136, 5.017408370386028 ], [ -73.745388031177882, 5.017393112857062 ], [ -73.745358467141003, 5.017379760598468 ], [ -73.745122910167652, 5.01727104189905 ], [ -73.745098113846211, 5.017259598154168 ], [ -73.745072364955604, 5.017250061315542 ], [ -73.745037966940103, 5.017228869558011 ], [ -73.745014442657222, 5.017217126630773 ], [ -73.744974136588453, 5.017196655611301 ], [ -73.744949340815836, 5.017183304228502 ], [ -73.744873047103155, 5.017145157163252 ], [ -73.74484062214006, 5.017129897794283 ], [ -73.744774661622245, 5.017098008415455 ], [ -73.744734446250419, 5.017073949155709 ], [ -73.744689941691348, 5.017049789808397 ], [ -73.744606017197697, 5.017005920368205 ], [ -73.744583130001118, 5.016992569508731 ], [ -73.744548797580549, 5.016973496130157 ], [ -73.744520187048977, 5.016958236920311 ], [ -73.744489669048932, 5.016939163715729 ], [ -73.743785016697814, 5.016542693075157 ], [ -73.743743896774859, 5.016521453687897 ], [ -73.743705546452532, 5.016497958728257 ], [ -73.74366188060759, 5.016475677922433 ], [ -73.743635177224334, 5.016462325937914 ], [ -73.743057250761865, 5.01616096500928 ], [ -73.74303436326737, 5.0161457055499 ], [ -73.742986042970202, 5.016120274428901 ], [ -73.742929459299006, 5.016092299839274 ], [ -73.742897032618586, 5.016077041265905 ], [ -73.742282868292165, 5.015779495287797 ], [ -73.740683378061306, 5.015001569916926 ], [ -73.740649194897102, 5.014984245397772 ], [ -73.740604400560969, 5.014966963669541 ], [ -73.740581512256085, 5.014951705919987 ], [ -73.740524292420446, 5.014921187999935 ], [ -73.740499497150438, 5.014909744053614 ], [ -73.737403870009715, 5.013330458875899 ], [ -73.737373352118183, 5.013315200550133 ], [ -73.737281800253882, 5.013269423751046 ], [ -73.737245559646055, 5.013250351173784 ], [ -73.737207413191186, 5.01323127712346 ], [ -73.73716373841421, 5.013211949583432 ], [ -73.737135829456705, 5.013183915840328 ], [ -73.737128012666844, 5.013148241574142 ], [ -73.737134933646544, 5.013114928899638 ], [ -73.737152099115917, 5.013074874562117 ], [ -73.737160682820885, 5.013050079211177 ], [ -73.737165450790769, 5.013017654910105 ], [ -73.737159728717316, 5.012981415403429 ], [ -73.737136550995587, 5.012917156609232 ], [ -73.737127303724336, 5.012891768710793 ], [ -73.737113952092145, 5.012845993298001 ], [ -73.737108229788305, 5.012813568154214 ], [ -73.737109184027702, 5.012784957991791 ], [ -73.737120627874944, 5.012752533404133 ], [ -73.73713684061191, 5.012723923233566 ], [ -73.737159728319313, 5.012695312776854 ], [ -73.737179756589228, 5.01266288755984 ], [ -73.737197876402178, 5.012636183777595 ], [ -73.737218220551824, 5.012600580924651 ], [ -73.737232318647159, 5.012573279884645 ], [ -73.737241996993561, 5.012542090733393 ], [ -73.73725147491264, 5.012499547401749 ], [ -73.737263945959725, 5.012465773279528 ], [ -73.737284671600364, 5.012436420484377 ], [ -73.737307231210295, 5.012416203804804 ], [ -73.737329483392784, 5.012403487695926 ], [ -73.737354914690528, 5.012390772526223 ], [ -73.737389564166818, 5.012371064367113 ], [ -73.737413406777222, 5.012353896823782 ], [ -73.7374343873459, 5.012338638331907 ], [ -73.737459182309053, 5.012323379157415 ], [ -73.737479209285453, 5.01230430647125 ], [ -73.7375036876862, 5.012276332202073 ], [ -73.737545926863149, 5.01226039997626 ], [ -73.737580299213136, 5.012262343951122 ], [ -73.737606974483896, 5.01226615899339 ], [ -73.737638472816656, 5.012258529123097 ], [ -73.737674713375299, 5.012238184786385 ], [ -73.737716674781353, 5.01221275360569 ], [ -73.737737654434142, 5.012197494201791 ], [ -73.737764358503597, 5.012180328849237 ], [ -73.737798145665934, 5.012151320570664 ], [ -73.737831116196816, 5.0121199286695 ], [ -73.737866719593967, 5.012090683051988 ], [ -73.737887382397773, 5.012069702004379 ], [ -73.737905763574773, 5.012044353528488 ], [ -73.737934387481133, 5.011992220554847 ], [ -73.737948418182782, 5.011957168686429 ], [ -73.737957000609612, 5.011930465698072 ], [ -73.737966537195433, 5.011905670171982 ], [ -73.737974393057598, 5.011871603522281 ], [ -73.737978696429039, 5.011844157874204 ], [ -73.737983704256052, 5.011808394942827 ], [ -73.73798679827614, 5.011781618512432 ], [ -73.737988722336837, 5.011753623530035 ], [ -73.737989425870737, 5.011718750496835 ], [ -73.737987518270955, 5.011688233218587 ], [ -73.737983068077469, 5.011659621918859 ], [ -73.737973604309929, 5.011619027501943 ], [ -73.737958908141067, 5.011575698801015 ], [ -73.737943649516296, 5.011533737208233 ], [ -73.737922832731954, 5.011483412910575 ], [ -73.737903595174515, 5.011445998653545 ], [ -73.737881533998163, 5.011405320712544 ], [ -73.737846887024986, 5.011337912987909 ], [ -73.737813949404469, 5.011281967236208 ], [ -73.737802504925725, 5.011259079486703 ], [ -73.737773894399481, 5.011205672664338 ], [ -73.737760544083002, 5.011182785253593 ], [ -73.737728118507292, 5.011125564748126 ], [ -73.737697035763347, 5.011070019597611 ], [ -73.737675666234367, 5.011032104582237 ], [ -73.737653732221887, 5.010997771993896 ], [ -73.737631797878464, 5.010961532675485 ], [ -73.737614631045247, 5.01093673740517 ], [ -73.737587996839935, 5.010899481696318 ], [ -73.737559000329952, 5.010862350817951 ], [ -73.737533569346567, 5.010831832005946 ], [ -73.737511634978858, 5.010810851946592 ], [ -73.737482070168866, 5.010780334173169 ], [ -73.737456320750454, 5.010755539524252 ], [ -73.737439155831339, 5.01073646533857 ], [ -73.737399100592341, 5.010694503626326 ], [ -73.737374405372165, 5.010669891489569 ], [ -73.737339020215657, 5.010635376770454 ], [ -73.737311656908332, 5.010611805615757 ], [ -73.737282096552704, 5.010587661387862 ], [ -73.73724457888639, 5.010561037514512 ], [ -73.737215445281223, 5.010544871745645 ], [ -73.737182616818103, 5.010526657712772 ], [ -73.737154006712657, 5.010511398110595 ], [ -73.737128257268594, 5.010501861806754 ], [ -73.737076759283696, 5.01048278828973 ], [ -73.737045288048989, 5.010469436825798 ], [ -73.737020491858488, 5.010461807077736 ], [ -73.736983298264562, 5.010446548993642 ], [ -73.73694610557348, 5.01043129000119 ], [ -73.736909866135377, 5.010417938472077 ], [ -73.736878712926256, 5.0104033151861 ], [ -73.736839294723012, 5.010379791975256 ], [ -73.736813055400219, 5.010366324201429 ], [ -73.736766179821871, 5.010343551444296 ], [ -73.736740111994266, 5.010324478213288 ], [ -73.736716807312888, 5.01030705159307 ], [ -73.73667059152055, 5.010274729051706 ], [ -73.736648081907191, 5.010260581977164 ], [ -73.736616770677102, 5.010241825947603 ], [ -73.736583708846965, 5.010221481890138 ], [ -73.736473083337103, 5.010168075930584 ], [ -73.736450195048135, 5.01015663236035 ], [ -73.736425399115831, 5.010145188221855 ], [ -73.736295699726909, 5.010080337076712 ], [ -73.736262698405127, 5.010064053443539 ], [ -73.736213684654075, 5.010044097442114 ], [ -73.73617267548174, 5.010026932344741 ], [ -73.736145019896455, 5.010015486887415 ], [ -73.736006736087489, 5.009965896462587 ], [ -73.735960006127627, 5.009950638181965 ], [ -73.735935211439838, 5.009941100751163 ], [ -73.73591041527888, 5.009933472765957 ], [ -73.735784530190472, 5.009878158105439 ], [ -73.73575305875822, 5.009868621841555 ], [ -73.735710980522441, 5.009850867886512 ], [ -73.735668181285988, 5.009826660633759 ], [ -73.735631943295232, 5.009805680292316 ], [ -73.735606192828712, 5.009784699015794 ], [ -73.735577583279508, 5.009761810602536 ], [ -73.735548699772366, 5.009732791457364 ], [ -73.73551944490535, 5.009700919419675 ], [ -73.735490799273947, 5.009668349883565 ], [ -73.735460281030726, 5.009634017797713 ], [ -73.73544120765149, 5.009614943881664 ], [ -73.735416411596248, 5.009592056602236 ], [ -73.735382498306308, 5.009567161530279 ], [ -73.735339165164604, 5.009536743272172 ], [ -73.735317229752724, 5.009519576583835 ], [ -73.735271359206251, 5.00949166697965 ], [ -73.735211264372779, 5.00944841725294 ], [ -73.735174179078967, 5.00942420896985 ], [ -73.735134123960194, 5.00939750726296 ], [ -73.73511314360735, 5.009382248033576 ], [ -73.735065460633024, 5.009355545842501 ], [ -73.735042571989197, 5.009336471673429 ], [ -73.735018729602061, 5.00932312057637 ], [ -73.734986873873993, 5.009299928094638 ], [ -73.734916686954307, 5.009248734252666 ], [ -73.734874724716391, 5.009214402316594 ], [ -73.734853744374817, 5.009199143077062 ], [ -73.734792904323925, 5.00915598373067 ], [ -73.734758604933319, 5.009131965044991 ], [ -73.734732627659611, 5.009117125879412 ], [ -73.734710693505733, 5.009101868610314 ], [ -73.734672546650685, 5.009082158184072 ], [ -73.734651565224013, 5.009067536023069 ], [ -73.73462398407834, 5.009039460132111 ], [ -73.734598160163443, 5.009008406789489 ], [ -73.734575272307225, 5.008977890404763 ], [ -73.734535217207082, 5.008924483562942 ], [ -73.734512329356946, 5.008893967175076 ], [ -73.734483421973934, 5.008852374613539 ], [ -73.734463452858904, 5.008815765534676 ], [ -73.734423637793114, 5.00873565784716 ], [ -73.734411595803479, 5.008709267619814 ], [ -73.734398841968471, 5.008676529057779 ], [ -73.734388351085471, 5.008646011419158 ], [ -73.734378814601754, 5.00861358597824 ], [ -73.73435783433483, 5.008568445249725 ], [ -73.734338150483779, 5.008535963323954 ], [ -73.734323263309463, 5.008512020558146 ], [ -73.734303474870458, 5.00848770230748 ], [ -73.734283446444806, 5.008460998875495 ], [ -73.734263419570368, 5.008438110712643 ], [ -73.734244823372691, 5.008404254752219 ], [ -73.734232689485779, 5.008377173240221 ], [ -73.734215736405559, 5.008335114772374 ], [ -73.734202385304073, 5.008306503448606 ], [ -73.734173059575113, 5.008255482654749 ], [ -73.734155176837604, 5.008221325446129 ], [ -73.734135627892996, 5.008178711532262 ], [ -73.73412323036176, 5.008153915312924 ], [ -73.734110116806349, 5.008123874802452 ], [ -73.734098434659515, 5.008100510316703 ], [ -73.734072390807128, 5.008055053995542 ], [ -73.734054565023982, 5.008024216077552 ], [ -73.734025955861114, 5.007979711019191 ], [ -73.733998599676568, 5.007942097562955 ], [ -73.733968734324449, 5.007907231634491 ], [ -73.733942594157767, 5.007878969476522 ], [ -73.733908653146898, 5.007852554924724 ], [ -73.733878135199916, 5.007829666745059 ], [ -73.73383661082282, 5.007805100456904 ], [ -73.733799934440995, 5.007780075349761 ], [ -73.733771324200248, 5.007762908838437 ], [ -73.733745574775199, 5.007741928370837 ], [ -73.733719825351741, 5.007720947901972 ], [ -73.733663558898115, 5.007677078333947 ], [ -73.733616269422299, 5.007637316223772 ], [ -73.73358052491453, 5.007610398710025 ], [ -73.733558176975748, 5.007592200764138 ], [ -73.733536720299952, 5.00756645271906 ], [ -73.733495711999055, 5.007526397593731 ], [ -73.733474731364367, 5.007503510466806 ], [ -73.733448981577553, 5.007474899439795 ], [ -73.733425140391745, 5.00745201099152 ], [ -73.733394622623038, 5.007413863503146 ], [ -73.733066558136386, 5.007043839146906 ], [ -73.733045578432808, 5.007020950190531 ], [ -73.732966422408651, 5.006929397167525 ], [ -73.732932994446699, 5.006894434715659 ], [ -73.732893943291657, 5.006855010814624 ], [ -73.732865333962721, 5.0068321231531 ], [ -73.732831955227653, 5.006807326858177 ], [ -73.732801437683179, 5.006786346251209 ], [ -73.732755661395458, 5.006757735887436 ], [ -73.732732772960986, 5.006744384522761 ], [ -73.732684308691177, 5.006711095850491 ], [ -73.732650946467061, 5.00668571854736 ], [ -73.732622146502592, 5.00665855338285 ], [ -73.73258972155341, 5.006628036715147 ], [ -73.732564925709269, 5.00660514929446 ], [ -73.732540130767205, 5.006582260061674 ], [ -73.732518195792309, 5.006561278883985 ], [ -73.732425689845854, 5.006479262608048 ], [ -73.732399940513162, 5.006458282977953 ], [ -73.732355191418222, 5.006424213671115 ], [ -73.732312853371127, 5.006385168957419 ], [ -73.732291974937894, 5.006368911337633 ], [ -73.732145309119886, 5.006261826005839 ], [ -73.732089996121076, 5.006219863742749 ], [ -73.731993675096007, 5.006149292048354 ], [ -73.731961250559252, 5.006126404078723 ], [ -73.731930732484784, 5.006107331059655 ], [ -73.731893539726599, 5.006078720980935 ], [ -73.731805801056538, 5.006017685083178 ], [ -73.731782912664428, 5.006004333678375 ], [ -73.731739044146167, 5.005981445817283 ], [ -73.731685769078169, 5.005947880991735 ], [ -73.731657027582841, 5.005931854752594 ], [ -73.731618881069039, 5.005908965917329 ], [ -73.731590270686823, 5.00589561456401 ], [ -73.731565475885844, 5.005884170202854 ], [ -73.731517790939463, 5.005865097338497 ], [ -73.731494903773296, 5.005853652652846 ], [ -73.7314402300252, 5.00582413992829 ], [ -73.731407164617409, 5.005800247240979 ], [ -73.731384276828805, 5.00578498908691 ], [ -73.731358527864728, 5.005765914328637 ], [ -73.7313289636391, 5.005746842020781 ], [ -73.73129797866882, 5.005722535250106 ], [ -73.731261119837029, 5.00568904887749 ], [ -73.731237411172913, 5.005666733013945 ], [ -73.73121579472857, 5.005648930519697 ], [ -73.731187620355101, 5.005631643025734 ], [ -73.731148402133414, 5.005617141538497 ], [ -73.731115340990328, 5.005613326983262 ], [ -73.731088638022115, 5.005609513471503 ], [ -73.731057166595718, 5.005609512412957 ], [ -73.73101679561627, 5.005613327514331 ], [ -73.730980872782368, 5.00561904980951 ], [ -73.730945738586783, 5.005625547670653 ], [ -73.730920214201177, 5.005630743436819 ], [ -73.730873464707855, 5.005635748421543 ], [ -73.730821750701338, 5.005632970932838 ], [ -73.730778585073196, 5.005615671193823 ], [ -73.730746268499885, 5.005609512869467 ], [ -73.730713846674178, 5.005620725202871 ], [ -73.730659484039663, 5.005643844936406 ], [ -73.730634688766088, 5.005651474197527 ], [ -73.730602264485626, 5.005662918196278 ], [ -73.730570793429422, 5.005676269672517 ], [ -73.730536139316413, 5.005690111562794 ], [ -73.730484008978408, 5.005716322821709 ], [ -73.730440775642478, 5.005740484390906 ], [ -73.73040103832119, 5.005764007686717 ], [ -73.730358123319874, 5.005788803267168 ], [ -73.730330466334905, 5.005805969373955 ], [ -73.730304717884891, 5.005823136065796 ], [ -73.730262756720393, 5.005853652585292 ], [ -73.730236052363395, 5.005874633806664 ], [ -73.730197906121489, 5.005897521851663 ], [ -73.730173110889055, 5.005916596018885 ], [ -73.730154038245104, 5.005933761595403 ], [ -73.730127335092035, 5.0059566486398 ], [ -73.730107626070719, 5.005974451105858 ], [ -73.730076790263695, 5.006008148783188 ], [ -73.730055808259067, 5.006042480702069 ], [ -73.730031967252373, 5.006086348567806 ], [ -73.730002606972789, 5.006137266729913 ], [ -73.729979514679286, 5.006181716548563 ], [ -73.729957062812744, 5.006225116813904 ], [ -73.729932809806527, 5.006278299803194 ], [ -73.729920386407898, 5.006305695678151 ], [ -73.729895591877096, 5.006351471337289 ], [ -73.729877471873067, 5.006378174035507 ], [ -73.72985744454256, 5.006406784687789 ], [ -73.729837417801889, 5.006433486796224 ], [ -73.729818343975879, 5.006460189651831 ], [ -73.729794501678811, 5.006490707669001 ], [ -73.72975253995898, 5.006546020743098 ], [ -73.729722022476594, 5.006586075339538 ], [ -73.729703902434366, 5.006607056025995 ], [ -73.729683875966188, 5.006629943760192 ], [ -73.729661940649947, 5.006650925078735 ], [ -73.729634602966314, 5.006671269902556 ], [ -73.729602176919798, 5.006685256777149 ], [ -73.729571341945942, 5.006692886402045 ], [ -73.729532241148704, 5.006700516187904 ], [ -73.729493459681649, 5.006705601796726 ], [ -73.729452710939171, 5.006709800028069 ], [ -73.729420256626142, 5.006725972384144 ], [ -73.729393005292152, 5.006761551058807 ], [ -73.729384422229359, 5.00678634634246 ], [ -73.729379653251556, 5.006814956272182 ], [ -73.729377745729266, 5.006843566633375 ], [ -73.729375838801602, 5.006870270260827 ], [ -73.729375203177838, 5.006909052670972 ], [ -73.729372977621253, 5.006938934843539 ], [ -73.729366302547746, 5.006977081467465 ], [ -73.729354508918263, 5.007034559036664 ], [ -73.729345896898195, 5.007066614779506 ], [ -73.72933006293502, 5.007098515677888 ], [ -73.729311561527069, 5.00712390118154 ], [ -73.729278563876122, 5.007159550508372 ], [ -73.729246139360569, 5.007188796662612 ], [ -73.729219436413501, 5.00720787021458 ], [ -73.729192734388903, 5.007232665773952 ], [ -73.72916874898435, 5.007254607708463 ], [ -73.729138744064102, 5.007275177201524 ], [ -73.729107856150577, 5.007293701581354 ], [ -73.729087828718306, 5.007310867294505 ], [ -73.729064941919987, 5.007324219105983 ], [ -73.729040145963282, 5.007333755052141 ], [ -73.729007720971495, 5.007347107531255 ], [ -73.728981654348615, 5.007354101071464 ], [ -73.728950500284554, 5.00736045776089 ], [ -73.728912988821605, 5.007364273184803 ], [ -73.728885649925815, 5.007368088137966 ], [ -73.72885417930334, 5.007368087889756 ], [ -73.728800446563923, 5.007370246304743 ], [ -73.728774070232006, 5.007373810414927 ], [ -73.728742599446392, 5.007385890362302 ], [ -73.728713035503361, 5.007400512909695 ], [ -73.728667404975113, 5.00743502065342 ], [ -73.728631019569562, 5.007467270202557 ], [ -73.728593320343762, 5.007494677005883 ], [ -73.728557586430014, 5.007513046581329 ], [ -73.728520131127638, 5.007532558310383 ], [ -73.728460311672052, 5.007549285958718 ], [ -73.728426615483968, 5.007558821835393 ], [ -73.728397368951732, 5.007568359998092 ], [ -73.728373527404798, 5.007581711041246 ], [ -73.728348138881387, 5.007599693538642 ], [ -73.728317948250478, 5.007631884597749 ], [ -73.728300213426124, 5.007653657564466 ], [ -73.728267181565997, 5.007687010121858 ], [ -73.728239059873957, 5.007701874478372 ], [ -73.728172937724437, 5.007719039873584 ], [ -73.728139877609991, 5.007731755030419 ], [ -73.728088154269599, 5.007737838647059 ], [ -73.728052869369137, 5.007734686133973 ], [ -73.728009224206829, 5.007722854475503 ], [ -73.727965036817849, 5.007702958485792 ], [ -73.727939764739176, 5.007694880035552 ], [ -73.727891579058195, 5.007681664317429 ], [ -73.727860450456035, 5.007675170613284 ], [ -73.727824211006038, 5.007671355819018 ], [ -73.727791293903508, 5.007669780704089 ], [ -73.727747893208601, 5.007674195356983 ], [ -73.727701644785625, 5.007688583028854 ], [ -73.72766399368048, 5.007711410675541 ], [ -73.727642059161369, 5.007732391939359 ], [ -73.727626800182748, 5.007757186488195 ], [ -73.727618130909747, 5.00778651204476 ], [ -73.727614369102099, 5.007814476527403 ], [ -73.727611542233376, 5.007865359688679 ], [ -73.727611540816881, 5.007921218754282 ], [ -73.72761217694736, 5.007953008104041 ], [ -73.727617104562484, 5.008008237272577 ], [ -73.727618216446245, 5.008054079996935 ], [ -73.727613449629686, 5.008092879681613 ], [ -73.727606772931864, 5.0081214908259 ], [ -73.727598190110271, 5.008159637758146 ], [ -73.727589586897309, 5.00819729784892 ], [ -73.727583567688598, 5.008237838243682 ], [ -73.727580069813939, 5.008281707868269 ], [ -73.727575302265052, 5.008314133072305 ], [ -73.727567037078828, 5.008352278746447 ], [ -73.72755813630252, 5.008382797287277 ], [ -73.727538689911015, 5.008442392799162 ], [ -73.727522849638376, 5.008514404767264 ], [ -73.727512359175492, 5.00855827311659 ], [ -73.727499008159114, 5.008607863942456 ], [ -73.727491379132658, 5.008634566696726 ], [ -73.727478026917197, 5.008687972801285 ], [ -73.727466719189948, 5.008731297277993 ], [ -73.727458000403871, 5.008773803514768 ], [ -73.727453742078495, 5.008810567397311 ], [ -73.727450715758067, 5.008862249853092 ], [ -73.727448462986146, 5.008903504592456 ], [ -73.727447510144074, 5.0089550019427 ], [ -73.727445764108296, 5.009003236917997 ], [ -73.727445601730636, 5.009040833327365 ], [ -73.727445601773795, 5.009069442478292 ], [ -73.727450370027341, 5.009098053567602 ], [ -73.727457768481713, 5.009133780084554 ], [ -73.727473900299444, 5.00918262864885 ], [ -73.727491569314125, 5.009231050175762 ], [ -73.727505683579693, 5.009273530120125 ], [ -73.727513631447167, 5.009303410940099 ], [ -73.727521896567012, 5.009340285780532 ], [ -73.727530478940764, 5.009384155546293 ], [ -73.727543108101983, 5.009435808827939 ], [ -73.727555989490028, 5.009472370850312 ], [ -73.727570533692443, 5.009506226121776 ], [ -73.727580070166482, 5.009534835525733 ], [ -73.727590560182819, 5.009572982967047 ], [ -73.727597236093587, 5.009601592836836 ], [ -73.727602004382632, 5.009641647944807 ], [ -73.727607727689502, 5.009677886713277 ], [ -73.72761440270132, 5.00970649748849 ], [ -73.727628707688595, 5.009731293549843 ], [ -73.727647969316081, 5.009760013398917 ], [ -73.727694830668455, 5.009815853819537 ], [ -73.727714538366982, 5.009836673844686 ], [ -73.727739334315089, 5.009874343842474 ], [ -73.727773666344476, 5.009923935020751 ], [ -73.727789878710794, 5.009958268052511 ], [ -73.727803994279782, 5.010009231001684 ], [ -73.727811813247783, 5.010049820252807 ], [ -73.727819442137715, 5.010095596899104 ], [ -73.727826118426336, 5.010149002444064 ], [ -73.727828787191029, 5.010191783788123 ], [ -73.727824210427059, 5.010253906584708 ], [ -73.727818488788273, 5.010295868328018 ], [ -73.7278108846767, 5.010363848626331 ], [ -73.727801323814276, 5.010398864611065 ], [ -73.727773609877858, 5.010428408639875 ], [ -73.727746725211475, 5.010429382415243 ], [ -73.727719306422799, 5.010414123757267 ], [ -73.727698326451403, 5.010389327887038 ], [ -73.727669715853708, 5.010347366327625 ], [ -73.727643965548467, 5.01031494158745 ], [ -73.727624893535619, 5.010292053040081 ], [ -73.727596283263921, 5.010257721125054 ], [ -73.727577208852267, 5.010236740217026 ], [ -73.727558136235345, 5.010210037295423 ], [ -73.727537155070706, 5.010183334685707 ], [ -73.727524254005985, 5.010160004894259 ], [ -73.727514132251002, 5.010126026157242 ], [ -73.727505684079532, 5.010063172163047 ], [ -73.727502822241505, 5.010026932926496 ], [ -73.727502823389202, 5.009997776279505 ], [ -73.727502822575772, 5.009881973203589 ], [ -73.727500472998855, 5.009852810121027 ], [ -73.727490340782197, 5.009797120692567 ], [ -73.727479414727767, 5.009760437946665 ], [ -73.727468490691834, 5.00973129254272 ], [ -73.727447509813246, 5.009683608616148 ], [ -73.727429729806033, 5.009645811349144 ], [ -73.727400564757872, 5.009599370874224 ], [ -73.72736967648359, 5.009556492394132 ], [ -73.727327346512126, 5.009510040307038 ], [ -73.727294922208202, 5.009477614819885 ], [ -73.727272033443583, 5.009456634518132 ], [ -73.727252959674146, 5.009439467967181 ], [ -73.72723197986636, 5.009422937905452 ], [ -73.727206926192892, 5.009401878561483 ], [ -73.72717285111672, 5.009365082173279 ], [ -73.727143286800541, 5.009340286767843 ], [ -73.72712137039332, 5.009315655707248 ], [ -73.727101325463821, 5.009281158588959 ], [ -73.727088928455601, 5.009258270744875 ], [ -73.72707880084387, 5.009230386853321 ], [ -73.727064132607694, 5.009183884094468 ], [ -73.727056502904105, 5.009155274369817 ], [ -73.72705078174684, 5.00912666342917 ], [ -73.727043152027704, 5.009080886764144 ], [ -73.72703647614351, 5.00904655487227 ], [ -73.727029275820939, 5.009007183885021 ], [ -73.727020767782349, 5.008974202406986 ], [ -73.726999282991784, 5.008924483779507 ], [ -73.726988792434739, 5.008899688889568 ], [ -73.726974486884416, 5.008865357328367 ], [ -73.726963043298554, 5.008826574747679 ], [ -73.726952552241727, 5.008800507494634 ], [ -73.726940155243639, 5.008771895823557 ], [ -73.726922992587291, 5.008732518706812 ], [ -73.726902644319253, 5.008690516242287 ], [ -73.726886749573168, 5.00864791970582 ], [ -73.726866722001091, 5.008602143232964 ], [ -73.726852417070845, 5.00857734714633 ], [ -73.726840973006247, 5.008554459140365 ], [ -73.726823170532057, 5.008526485126052 ], [ -73.726801872612313, 5.008485794081694 ], [ -73.726787567082283, 5.008451461608297 ], [ -73.726768493949379, 5.008409500253292 ], [ -73.72673797646091, 5.008342743249649 ], [ -73.726724623559321, 5.008317947911177 ], [ -73.726696308872008, 5.008274954310568 ], [ -73.726674079145582, 5.008243560867348 ], [ -73.726647376965047, 5.008211136218907 ], [ -73.726608276116579, 5.008164088639353 ], [ -73.726576958875768, 5.008123244911499 ], [ -73.726553916946742, 5.008085250738263 ], [ -73.726539612342364, 5.008062362279881 ], [ -73.726516940825348, 5.008019034810331 ], [ -73.726489224669393, 5.007987688171484 ], [ -73.726455687258408, 5.007972716767766 ], [ -73.726400871832581, 5.007962846666307 ], [ -73.726335525711818, 5.007955551072018 ], [ -73.726304053541497, 5.007951736333371 ], [ -73.726272581971756, 5.007951736871034 ], [ -73.726246833627968, 5.00794792211228 ], [ -73.726219177343296, 5.007942200020417 ], [ -73.726186751357517, 5.007932664321372 ], [ -73.726159620882541, 5.007920961719012 ], [ -73.72613159251658, 5.00789615459321 ], [ -73.726113251518512, 5.007861773182722 ], [ -73.726102828450763, 5.007827759447065 ], [ -73.726095199711978, 5.007799147890744 ], [ -73.726084708617392, 5.007764816591684 ], [ -73.726076126066019, 5.007730484079906 ], [ -73.726067543212395, 5.007699966846931 ], [ -73.726053237736338, 5.007671356361788 ], [ -73.72603164915418, 5.007644415447687 ], [ -73.725995063759584, 5.007631302549437 ], [ -73.725968850117781, 5.007638413782702 ], [ -73.725932121534385, 5.007642745804824 ], [ -73.72589874233654, 5.007642746628306 ], [ -73.725864410524267, 5.007638931417739 ], [ -73.725837706873904, 5.007631302421273 ], [ -73.725801286447833, 5.007613124310462 ], [ -73.725770950034729, 5.007589340510834 ], [ -73.725736617853727, 5.007563908697146 ], [ -73.725702991231017, 5.007535104246551 ], [ -73.72566459973909, 5.007494583228882 ], [ -73.725628534834087, 5.007458369011996 ], [ -73.725604057305446, 5.007431030388975 ], [ -73.725578304189412, 5.00739503278463 ], [ -73.72554874369159, 5.007354736350787 ], [ -73.725516318405241, 5.007308959984004 ], [ -73.725488935023762, 5.007274082702816 ], [ -73.725471496502351, 5.007247925378359 ], [ -73.725450514940363, 5.007211685380633 ], [ -73.725426673440595, 5.007167816182879 ], [ -73.7254082688994, 5.007138771318411 ], [ -73.725391792107246, 5.007105863789842 ], [ -73.725373267866189, 5.007064819387468 ], [ -73.725356101880166, 5.007036209335237 ], [ -73.72531127944346, 5.00695991540599 ], [ -73.725293159644067, 5.00693130550315 ], [ -73.725268363149411, 5.006885529714676 ], [ -73.725255012435937, 5.006862640160283 ], [ -73.725239753790476, 5.006837845079551 ], [ -73.725215911594205, 5.006804784622535 ], [ -73.725198745702286, 5.006784438589742 ], [ -73.725151697971015, 5.00673103335708 ], [ -73.72513198877806, 5.006706237773088 ], [ -73.725103377605961, 5.006669998970176 ], [ -73.725067852680908, 5.00663157783825 ], [ -73.72503089827299, 5.00659879071131 ], [ -73.725010871838421, 5.006578445125145 ], [ -73.724986075922317, 5.006553649739043 ], [ -73.724967956428429, 5.006532668572521 ], [ -73.724946976086244, 5.006509780218653 ], [ -73.724920273161914, 5.006477356381416 ], [ -73.724883079479653, 5.006429672180058 ], [ -73.724861144718332, 5.006408691614264 ], [ -73.724832534441603, 5.006383895919091 ], [ -73.724796839434461, 5.006346691212169 ], [ -73.724762916406902, 5.006319047174641 ], [ -73.72473525984492, 5.006297429516581 ], [ -73.724706413391289, 5.006281048324881 ], [ -73.724666642434713, 5.006259512849964 ], [ -73.724624791301352, 5.006242727055952 ], [ -73.724591166482725, 5.006235955409148 ], [ -73.724556923771132, 5.006229400728017 ], [ -73.724524497569959, 5.006223678401015 ], [ -73.724476498681184, 5.006219351548244 ], [ -73.724433029771632, 5.006216681172273 ], [ -73.724396705443596, 5.006221771906363 ], [ -73.724358877131436, 5.006228765608065 ], [ -73.724332809774069, 5.006235121878233 ], [ -73.724290847126994, 5.006246567087758 ], [ -73.724259694119752, 5.006258010290795 ], [ -73.724224091147605, 5.006273270075834 ], [ -73.724184666144637, 5.006289772967262 ], [ -73.724155934842884, 5.006305058630972 ], [ -73.724123232525855, 5.006328888724418 ], [ -73.724085807836346, 5.006359101241333 ], [ -73.724060058533183, 5.006383895561114 ], [ -73.724038123688501, 5.006406307445732 ], [ -73.724018267146278, 5.006438671511027 ], [ -73.723999023051704, 5.006477355993296 ], [ -73.72398471740037, 5.006517410541859 ], [ -73.723946928579636, 5.006617785344524 ], [ -73.723929404613614, 5.006656646199295 ], [ -73.723911653866892, 5.006687865883884 ], [ -73.723875858596799, 5.006740825292414 ], [ -73.723857878694034, 5.006770452512777 ], [ -73.723820685884178, 5.006830215089552 ], [ -73.723785401204523, 5.006891250633657 ], [ -73.723760929010552, 5.006931882921584 ], [ -73.723741531797046, 5.006961823010901 ], [ -73.723726272991541, 5.006982804016921 ], [ -73.723689079247848, 5.007022857624342 ], [ -73.723662773683969, 5.007056360909254 ], [ -73.723628044326333, 5.007102966362598 ], [ -73.723595301801637, 5.007149378673335 ], [ -73.723577989142797, 5.007178552675054 ], [ -73.723553657495145, 5.007228851508402 ], [ -73.723535632737025, 5.007275983274586 ], [ -73.723527908131558, 5.007318497445223 ], [ -73.723520135930571, 5.007366148180409 ], [ -73.723514317864414, 5.007392883296872 ], [ -73.723505806692259, 5.007417621444623 ], [ -73.723491668347847, 5.007448196423231 ], [ -73.723472595409476, 5.007476807678948 ], [ -73.723445634128325, 5.0075147287582 ], [ -73.723418594034683, 5.007544164181561 ], [ -73.723379040520982, 5.007578482985442 ], [ -73.72334768744966, 5.007609128570597 ], [ -73.723320007378362, 5.007635116828084 ], [ -73.723291397410222, 5.007665633591253 ], [ -73.723270788344294, 5.007689086499695 ], [ -73.723234346888376, 5.007734673950273 ], [ -73.723204612680789, 5.007774352790551 ], [ -73.723169832913854, 5.00781291868343 ], [ -73.723139554110773, 5.007836582268171 ], [ -73.723113378122875, 5.007852554649243 ], [ -73.723085403216089, 5.00786399791806 ], [ -73.72304344191906, 5.007879257439884 ], [ -73.723007201741666, 5.007894516068739 ], [ -73.722968549879909, 5.007910133006434 ], [ -73.722942352306546, 5.007915497547882 ], [ -73.722915648885646, 5.0079212182936 ], [ -73.722879792196281, 5.007922491350614 ], [ -73.72284126229512, 5.007913589353024 ], [ -73.722812652555561, 5.007898330867148 ], [ -73.722776724741237, 5.007884139256687 ], [ -73.722735198447509, 5.007873160074691 ], [ -73.722697575741662, 5.007867813531089 ], [ -73.72266769386421, 5.007865906308465 ], [ -73.722638448745897, 5.007867812758002 ], [ -73.722592030775218, 5.007870945374108 ], [ -73.722552030182001, 5.007881124105361 ], [ -73.722526549464362, 5.00789833095841 ], [ -73.722515105270574, 5.00792121899357 ], [ -73.722513167538636, 5.007954640140606 ], [ -73.722520828860382, 5.008008956913439 ], [ -73.72251979934947, 5.008055913343993 ], [ -73.722506522776442, 5.008100509603923 ], [ -73.722492218163865, 5.008148192888322 ], [ -73.72247696037654, 5.008188246661583 ], [ -73.722471236980851, 5.008214950902313 ], [ -73.722468694338048, 5.008250554558768 ], [ -73.72246932948967, 5.008287429785679 ], [ -73.722473780423414, 5.008325576783525 ], [ -73.722476006108934, 5.008358001505576 ], [ -73.722475052519783, 5.008385340282157 ], [ -73.722469330447737, 5.008424759110525 ], [ -73.722464563550204, 5.008461300038918 ], [ -73.722452238479249, 5.008511188318266 ], [ -73.722438812288104, 5.008574862056633 ], [ -73.722427367961942, 5.008623123163102 ], [ -73.722422598926599, 5.008659362744526 ], [ -73.722419409425711, 5.00869017448422 ], [ -73.722417980129364, 5.008722310036699 ], [ -73.722415526114176, 5.008767133255962 ], [ -73.722411154774903, 5.00881958010576 ], [ -73.722410201678514, 5.008848190340719 ], [ -73.72240829472338, 5.008882521836352 ], [ -73.722406386614651, 5.008909226389766 ], [ -73.722404479983169, 5.008939742603399 ], [ -73.722405751560501, 5.008970260737827 ], [ -73.722410201958056, 5.008998871341615 ], [ -73.722418784854284, 5.009024620446239 ], [ -73.722433240193467, 5.009056678733443 ], [ -73.7224625832078, 5.009114299981625 ], [ -73.72247390321499, 5.009154994980181 ], [ -73.722473144119022, 5.009187699007464 ], [ -73.722457707097448, 5.009231365552679 ], [ -73.722436189943323, 5.009273529349738 ], [ -73.722424959265055, 5.009305158090948 ], [ -73.72241147376846, 5.009354273917479 ], [ -73.722399712046993, 5.009387970157427 ], [ -73.722383975613013, 5.009437561759524 ], [ -73.722373683161194, 5.009465672817404 ], [ -73.722363233542822, 5.009489537104576 ], [ -73.722345503949555, 5.009517135120626 ], [ -73.722316423871419, 5.009545326647635 ], [ -73.722288548441554, 5.009552933688694 ], [ -73.722258035831445, 5.009556885820104 ], [ -73.722226056298908, 5.009557055961114 ], [ -73.722189905577906, 5.009552794625407 ], [ -73.722130775823899, 5.009540557961834 ], [ -73.722082180347755, 5.009531429944224 ], [ -73.722028731585937, 5.009513855017741 ], [ -73.72200012223901, 5.009505589075884 ], [ -73.721961021326123, 5.009498597119482 ], [ -73.721908568560764, 5.00949478179912 ], [ -73.721869468754562, 5.009487152748834 ], [ -73.72183513654943, 5.009481429696931 ], [ -73.721807479308467, 5.009475708328583 ], [ -73.721777535434072, 5.009468356946289 ], [ -73.721743583446752, 5.009460449818097 ], [ -73.721696598611118, 5.009450381557084 ], [ -73.721633275038343, 5.009436925070381 ], [ -73.721590995017408, 5.009429932072386 ], [ -73.721539019990232, 5.009416580703447 ], [ -73.721512785855211, 5.009410893045616 ], [ -73.721470832954125, 5.009405136749609 ], [ -73.721439360706754, 5.009401320878127 ], [ -73.721408844419869, 5.009393692288428 ], [ -73.721378326657856, 5.009382248416383 ], [ -73.721350669552749, 5.009359360066146 ], [ -73.721331914591545, 5.009325027816926 ], [ -73.721316337027574, 5.009279251646106 ], [ -73.721302032404665, 5.009237290258706 ], [ -73.721282185748294, 5.009175138235352 ], [ -73.721267064209911, 5.009144465227878 ], [ -73.721233013608497, 5.009091026364271 ], [ -73.721204758285936, 5.009054184286461 ], [ -73.721189498482858, 5.009033203477236 ], [ -73.721157073894787, 5.008996964165997 ], [ -73.7211341862604, 5.008970259788343 ], [ -73.72109317798035, 5.008920669203754 ], [ -73.721054795455615, 5.008867604321602 ], [ -73.721034367935061, 5.008844374963413 ], [ -73.721006393273726, 5.008815765828893 ], [ -73.720975876019551, 5.008783340591624 ], [ -73.72093715935533, 5.008748970592198 ], [ -73.720908682482616, 5.008733915490407 ], [ -73.720879236768923, 5.008727391543965 ], [ -73.72084808407871, 5.008726120015369 ], [ -73.720802919293206, 5.008719235111 ], [ -73.7207698821436, 5.008712768507732 ], [ -73.72074317971375, 5.008701324921891 ], [ -73.720718383743389, 5.008687973403421 ], [ -73.720694541647035, 5.008668899718543 ], [ -73.720673560737808, 5.008647919764702 ], [ -73.720653113093476, 5.008606295427852 ], [ -73.720644633093485, 5.008572260423231 ], [ -73.720642090112094, 5.008533477829774 ], [ -73.720641135794381, 5.008487700912461 ], [ -73.720638971940289, 5.008413594858583 ], [ -73.720636367756583, 5.008367539222373 ], [ -73.720628737662707, 5.008279800635933 ], [ -73.720626830557634, 5.008253096658528 ], [ -73.720622493885188, 5.008190639745621 ], [ -73.72061602608207, 5.008095492835169 ], [ -73.720612426355316, 5.008022864339677 ], [ -73.720608711218929, 5.007989883786378 ], [ -73.720586776751475, 5.007909774319693 ], [ -73.720571518268187, 5.007848740252268 ], [ -73.720562934806267, 5.00781249998642 ], [ -73.720546087711199, 5.007737069858762 ], [ -73.720540046850147, 5.007698059445496 ], [ -73.720534324962998, 5.007650374702949 ], [ -73.720524549043304, 5.007553578079514 ], [ -73.720519869329166, 5.007526424675861 ], [ -73.720498561522035, 5.007427692381037 ], [ -73.720491516880841, 5.007402390399834 ], [ -73.720478057542465, 5.007369995215291 ], [ -73.720462798427135, 5.007347107641618 ], [ -73.72042345997194, 5.007287025838179 ], [ -73.72040124780473, 5.007263973974127 ], [ -73.720361709837761, 5.007232666283278 ], [ -73.720331191682547, 5.007211685041127 ], [ -73.720272064375479, 5.007184982490472 ], [ -73.720220565495183, 5.007162094063458 ], [ -73.720187186674323, 5.007152557287371 ], [ -73.720153093447408, 5.00714492803234 ], [ -73.720113532395928, 5.007141171656956 ], [ -73.720063209996695, 5.007135391877083 ], [ -73.719973564377455, 5.007135391847291 ], [ -73.719944953362472, 5.007135391643438 ], [ -73.719919337525383, 5.007139665859257 ], [ -73.719843047198154, 5.007148742285647 ], [ -73.719806671100983, 5.007154465396753 ], [ -73.719770430920562, 5.007164001830599 ], [ -73.719715118211141, 5.007175446062067 ], [ -73.719684600733459, 5.007177352870515 ], [ -73.719655036796439, 5.007177352797032 ], [ -73.719611602153208, 5.007171440525867 ], [ -73.719548282402471, 5.007165389029732 ], [ -73.719485282745481, 5.00715828018969 ], [ -73.719451904208228, 5.007150649206477 ], [ -73.719421517564172, 5.007136857628884 ], [ -73.719398975617594, 5.007119178796915 ], [ -73.71937942556319, 5.007095337561656 ], [ -73.719371428272012, 5.007060329171156 ], [ -73.719373702348719, 5.007013320667025 ], [ -73.719382603583824, 5.006985346008442 ], [ -73.719403973677643, 5.006942239491575 ], [ -73.719421386480676, 5.006912867279532 ], [ -73.719448089876025, 5.006874084198327 ], [ -73.719468116599074, 5.006837845944626 ], [ -73.719487190552968, 5.006814956803195 ], [ -73.719511031804018, 5.006792068756089 ], [ -73.719533920414776, 5.006771087587692 ], [ -73.719560622843858, 5.006746292371949 ], [ -73.719579696169873, 5.006725310871391 ], [ -73.719601630738921, 5.006696701086445 ], [ -73.7196189284534, 5.00666854887502 ], [ -73.719657897881788, 5.006597519668346 ], [ -73.719676017163067, 5.006568909551348 ], [ -73.719705582404245, 5.006528853667406 ], [ -73.71972084044252, 5.006507874548713 ], [ -73.719744681578035, 5.006465912789922 ], [ -73.719758033495481, 5.006443023599537 ], [ -73.719790458664448, 5.00640487764056 ], [ -73.719814898523239, 5.006374883232437 ], [ -73.719844818094472, 5.006336212438676 ], [ -73.71986103090569, 5.006309510246912 ], [ -73.719875335172475, 5.006282806533718 ], [ -73.719886779785767, 5.006256104154956 ], [ -73.719899177375552, 5.006223679612048 ], [ -73.719907760307507, 5.00618934709696 ], [ -73.719914436101135, 5.006164551269277 ], [ -73.719915390220777, 5.006135940114592 ], [ -73.71991920461663, 5.006105422697416 ], [ -73.719920158116963, 5.006078720995319 ], [ -73.719921112236761, 5.006050109840589 ], [ -73.71992111191723, 5.006023407377393 ], [ -73.719919258491714, 5.005990458247792 ], [ -73.719913483393213, 5.005945206062375 ], [ -73.719907761403149, 5.005914688271687 ], [ -73.719897215957388, 5.005878193136668 ], [ -73.719888547061899, 5.005853705576297 ], [ -73.719873471619877, 5.005813876142776 ], [ -73.719857215532784, 5.005781173610831 ], [ -73.719836780783666, 5.005750370645082 ], [ -73.719805322171155, 5.005720893790297 ], [ -73.719772339226054, 5.005703607428777 ], [ -73.719738960071354, 5.005695342982975 ], [ -73.719702138336743, 5.005688739289456 ], [ -73.719665580999418, 5.005678005999944 ], [ -73.719640904258441, 5.005670412508616 ], [ -73.719601631303732, 5.005661011576803 ], [ -73.719565391389608, 5.005653381923228 ], [ -73.719531059113223, 5.005645751981085 ], [ -73.719484328505146, 5.005628585685594 ], [ -73.719455718584811, 5.005617141406259 ], [ -73.719430287974603, 5.005613326916068 ], [ -73.719394526193454, 5.005611357211992 ], [ -73.719354629567007, 5.005632400495108 ], [ -73.719329834183142, 5.005659103959954 ], [ -73.719307898300826, 5.005672454406411 ], [ -73.71927642790655, 5.005680084254952 ], [ -73.719232559391116, 5.005685805599768 ], [ -73.719200134272739, 5.005693434683698 ], [ -73.719170570055212, 5.005697250768775 ], [ -73.719117381399087, 5.005706805772603 ], [ -73.719072341911954, 5.005708694104399 ], [ -73.719045002897587, 5.00570996572522 ], [ -73.719017028120945, 5.005718231525342 ], [ -73.718992232647111, 5.00572586127045 ], [ -73.718967437726818, 5.005737304489065 ], [ -73.718945503639759, 5.005750656732703 ], [ -73.718916892747188, 5.005769729279896 ], [ -73.718891143311609, 5.005788803208994 ], [ -73.718867302136914, 5.005805969209559 ], [ -73.71883683671085, 5.005832361246016 ], [ -73.718807788438781, 5.005858306488287 ], [ -73.718773841798338, 5.005895615181698 ], [ -73.718741417209941, 5.005931854357514 ], [ -73.71871280685896, 5.005954743087077 ], [ -73.718679427896006, 5.005970637232793 ], [ -73.718642610887741, 5.005982432090385 ], [ -73.718596458716135, 5.005996704096273 ], [ -73.718546545924312, 5.006001527079167 ], [ -73.718503125787691, 5.00599064379456 ], [ -73.718476294975829, 5.005968094641639 ], [ -73.718454361029998, 5.005945205280859 ], [ -73.718395232736611, 5.00589180006105 ], [ -73.718352467869423, 5.005849604643378 ], [ -73.718327522308698, 5.005828857892217 ], [ -73.718293929236168, 5.005812271650186 ], [ -73.718267440258344, 5.005802790550091 ], [ -73.718231202278943, 5.005800246660148 ], [ -73.718200683122049, 5.005796432274495 ], [ -73.718122482578352, 5.005796432984819 ], [ -73.718092917789875, 5.005796431927892 ], [ -73.718058585788285, 5.005790710454614 ], [ -73.718007087824702, 5.005779266776891 ], [ -73.717968182291372, 5.005765036507709 ], [ -73.717940330517365, 5.005748748919476 ], [ -73.717906951826464, 5.005714417178994 ], [ -73.717882155901535, 5.005687713837186 ], [ -73.71786117572546, 5.005670547239969 ], [ -73.717836379451256, 5.005647659182082 ], [ -73.717808723526772, 5.005624771543181 ], [ -73.717782021068913, 5.005605698143428 ], [ -73.717741012937665, 5.005578995373116 ], [ -73.717719077144892, 5.005561828912827 ], [ -73.717689080865412, 5.005532702365517 ], [ -73.717654228347087, 5.005493164213751 ], [ -73.717629431974387, 5.005456924454919 ], [ -73.71760876988688, 5.005430221093718 ], [ -73.717578252458395, 5.005404790037983 ], [ -73.717546811744086, 5.005394955969557 ], [ -73.717518970634359, 5.005396714940691 ], [ -73.717490684842446, 5.005406104970207 ], [ -73.717451095601987, 5.005430221936347 ], [ -73.717428206491618, 5.005441666630589 ], [ -73.717399597172076, 5.005453109446829 ], [ -73.717346270934343, 5.005447393358938 ], [ -73.717316975784556, 5.005427340902458 ], [ -73.717300414842398, 5.005405426578363 ], [ -73.717288971156947, 5.005382538347168 ], [ -73.717265129086769, 5.005355834836434 ], [ -73.717243194215769, 5.005338669261196 ], [ -73.717208002480518, 5.005319056730532 ], [ -73.717182159893781, 5.005308152285493 ], [ -73.717155455845173, 5.00529670671532 ], [ -73.717111587030047, 5.005281448366622 ], [ -73.717082978054449, 5.005270003974389 ], [ -73.717055638671141, 5.005256017079327 ], [ -73.717021942297649, 5.005235671696744 ], [ -73.716993331336042, 5.005216598539008 ], [ -73.716963767371794, 5.005203246638277 ], [ -73.716934093058782, 5.005187170039939 ], [ -73.716907501438584, 5.005161285791956 ], [ -73.716892242767543, 5.005140303941385 ], [ -73.716877937463195, 5.005109787354705 ], [ -73.716863631799498, 5.005083084244679 ], [ -73.716846466216239, 5.005054474811651 ], [ -73.716828346000511, 5.005020141682953 ], [ -73.716812133152672, 5.004983901537069 ], [ -73.71680068939952, 5.004947662504881 ], [ -73.716794013386604, 5.004920959185339 ], [ -73.716788290922977, 5.004892349893388 ], [ -73.716781616052472, 5.004856745443061 ], [ -73.716772079878709, 5.004817962305463 ], [ -73.716755866859444, 5.004774093393292 ], [ -73.716747283486598, 5.004749297993721 ], [ -73.716741561387394, 5.004716873413479 ], [ -73.71673771189316, 5.004676304910799 ], [ -73.71672987891516, 5.004637054761142 ], [ -73.716719552539686, 5.004602672373726 ], [ -73.716705322434905, 5.00457572936178 ], [ -73.716685613268766, 5.004546482902242 ], [ -73.716661639134401, 5.004509484746566 ], [ -73.716636656587966, 5.004480362604558 ], [ -73.716612338977285, 5.004466057453978 ], [ -73.716581448382868, 5.004457525862604 ], [ -73.716526175072289, 5.004452811800084 ], [ -73.716493154115867, 5.004445257170787 ], [ -73.716463088409952, 5.004432678620583 ], [ -73.716430349532573, 5.004420637821063 ], [ -73.716379166273526, 5.004415512041859 ], [ -73.716349601806769, 5.004417419445546 ], [ -73.716320038148368, 5.004425048872904 ], [ -73.716280366047286, 5.004438523594981 ], [ -73.716238021818285, 5.004446030348829 ], [ -73.716205597067216, 5.004449844898223 ], [ -73.716161650088679, 5.004444795349291 ], [ -73.716134786982423, 5.004442214835993 ], [ -73.716080983131988, 5.004432043158831 ], [ -73.716050466264065, 5.004426956293665 ], [ -73.716018676730371, 5.004428227217628 ], [ -73.715981801544189, 5.004437127940262 ], [ -73.715938644249334, 5.00445790490969 ], [ -73.715881347451912, 5.004486084475163 ], [ -73.71584678099839, 5.004501206943308 ], [ -73.715816962781616, 5.004507938007849 ], [ -73.715791065808602, 5.00451088026613 ], [ -73.715749740416641, 5.004505158158094 ], [ -73.715725094335014, 5.004494988972493 ], [ -73.715674178425857, 5.004472656043176 ], [ -73.715623154098765, 5.004451859840429 ], [ -73.71557331110985, 5.00444030826178 ], [ -73.715539945310979, 5.004432627265921 ], [ -73.71551299066401, 5.004425525674372 ], [ -73.715479532350955, 5.004406610671928 ], [ -73.71545124085263, 5.004384995068818 ], [ -73.715431213156748, 5.004364013859544 ], [ -73.715417861652512, 5.004339218213285 ], [ -73.715409278335542, 5.004314422787808 ], [ -73.715387967251402, 5.004284944551266 ], [ -73.715368270273885, 5.004267693200335 ], [ -73.715339661067176, 5.004247666133057 ], [ -73.715287283692135, 5.00421154144896 ], [ -73.715263366616369, 5.004190445026691 ], [ -73.715231815948584, 5.004158225999324 ], [ -73.715211269200381, 5.004122935302578 ], [ -73.715198517382788, 5.004083632574296 ], [ -73.715188980897082, 5.004056929635883 ], [ -73.715173996493817, 5.004020031093798 ], [ -73.715159919608951, 5.003996173764574 ], [ -73.715133084483298, 5.003966154955512 ], [ -73.715087889927105, 5.003934860294714 ], [ -73.71504974259966, 5.003921509519757 ], [ -73.715016364623466, 5.003910064799856 ], [ -73.714976817222635, 5.003902920821978 ], [ -73.714945793460089, 5.003900528503569 ], [ -73.714905420914945, 5.00390052822824 ], [ -73.714868545203331, 5.003905614503308 ], [ -73.714838027511334, 5.003913880182417 ], [ -73.714807510559041, 5.003925323154937 ], [ -73.714781443090459, 5.003939946710581 ], [ -73.714748819682413, 5.003963592577257 ], [ -73.714708328247156, 5.003992081295795 ], [ -73.714679718333471, 5.004018783336621 ], [ -73.714655729209383, 5.00406183919902 ], [ -73.71464347822473, 5.004106522030925 ], [ -73.714640285752608, 5.004156568599201 ], [ -73.71464347813594, 5.004190444806404 ], [ -73.714660643809879, 5.00424003659206 ], [ -73.714668909299476, 5.004268010578915 ], [ -73.714672087902528, 5.004299163792241 ], [ -73.714663822974728, 5.004331589189711 ], [ -73.714640617414062, 5.004358292573176 ], [ -73.714602046057351, 5.004368332599001 ], [ -73.714570044597451, 5.004369735807249 ], [ -73.714544296025579, 5.004369735846852 ], [ -73.714513778208484, 5.004362105986495 ], [ -73.714470546576663, 5.004346847652619 ], [ -73.714447021695108, 5.004335403920896 ], [ -73.71441936555496, 5.004316330497335 ], [ -73.714391708777214, 5.004299163812526 ], [ -73.714355468389812, 5.004274367766522 ], [ -73.714333534786263, 5.004259108815424 ], [ -73.71428775814401, 5.004228592993037 ], [ -73.714262962450078, 5.004215240280221 ], [ -73.714222907592429, 5.004196167699049 ], [ -73.714195250711711, 5.004184723033066 ], [ -73.714169501994064, 5.004177093384012 ], [ -73.714138030371473, 5.004169464544246 ], [ -73.714110373643095, 5.004165649547319 ], [ -73.714082718080547, 5.004163742192445 ], [ -73.71405601453084, 5.004161834703384 ], [ -73.714029311883479, 5.004159927212247 ], [ -73.713997840788537, 5.004156113653996 ], [ -73.713970184159081, 5.004157384496464 ], [ -73.713929181977875, 5.004160945846467 ], [ -73.713882302137421, 5.004169092671615 ], [ -73.713838576487007, 5.004180908362191 ], [ -73.713793754562701, 5.004196167692799 ], [ -73.713750839105614, 5.004209518203239 ], [ -73.71370892568963, 5.004225735420889 ], [ -73.713673591005346, 5.004238128368126 ], [ -73.713643813839255, 5.004246124417304 ], [ -73.71361223207731, 5.004250945135165 ], [ -73.713560690472093, 5.004258217402048 ], [ -73.713511466490814, 5.004259109923488 ], [ -73.713477134078076, 5.004262924607091 ], [ -73.713430581899757, 5.004258680403062 ], [ -73.713397026760589, 5.004255295320014 ], [ -73.713353156665534, 5.004249572207462 ], [ -73.713325499794266, 5.004238129312845 ], [ -73.713300704376323, 5.004226685110399 ], [ -73.71327877015257, 5.00421333376579 ], [ -73.713253975237279, 5.004192352241327 ], [ -73.713225364271011, 5.004165649221763 ], [ -73.713196754070808, 5.004131317430041 ], [ -73.713174820093883, 5.004106521116335 ], [ -73.713153839434469, 5.004091262893223 ], [ -73.713097254542703, 5.004059473710517 ], [ -73.713061250073878, 5.00405666863654 ], [ -73.713018416745356, 5.004068374707346 ], [ -73.712977941199981, 5.004098293141829 ], [ -73.712940216233434, 5.004114151010141 ], [ -73.712903022749956, 5.004114150772498 ], [ -73.712850571135689, 5.004102706790243 ], [ -73.712821960592166, 5.004098891870605 ], [ -73.712774276264511, 5.004087448123097 ], [ -73.712747573098667, 5.004081726194067 ], [ -73.712718963074678, 5.004081726559352 ], [ -73.71268272371239, 5.004086176744261 ], [ -73.712652205496184, 5.004093169960368 ], [ -73.712615331417055, 5.004103978141254 ], [ -73.712576866008277, 5.004116058608385 ], [ -73.712553024559398, 5.004125595624174 ], [ -73.712520928377657, 5.004140378594281 ], [ -73.712458834900104, 5.004154046711998 ], [ -73.712418078719551, 5.004155635803882 ], [ -73.712381703927122, 5.004144173390748 ], [ -73.71234035434172, 5.004116058878388 ], [ -73.712324337497265, 5.004093101299345 ], [ -73.712306975738642, 5.004066467445019 ], [ -73.712289810368148, 5.00403785695455 ], [ -73.712264060124667, 5.003992080656971 ], [ -73.712244033434928, 5.00395774853047 ], [ -73.712225914253807, 5.003929139074665 ], [ -73.71220970167613, 5.003906250480908 ], [ -73.712188719754138, 5.003881454902342 ], [ -73.712160109872627, 5.003849029795668 ], [ -73.712140083445917, 5.003829956112185 ], [ -73.712119102300534, 5.003810882560945 ], [ -73.712082862530195, 5.003776549955163 ], [ -73.712056160032176, 5.00375557045114 ], [ -73.712027549252895, 5.003736496140848 ], [ -73.711996078050461, 5.003725051900231 ], [ -73.711954400740268, 5.00371511916712 ], [ -73.711899995932939, 5.003707408354847 ], [ -73.711872847489346, 5.003701295930135 ], [ -73.711844206061983, 5.003696442109471 ], [ -73.71179199155803, 5.003683090131768 ], [ -73.711752890979795, 5.003673553670136 ], [ -73.711725234918262, 5.003667830921225 ], [ -73.711692809002756, 5.003656386797219 ], [ -73.71165275525675, 5.003644943719236 ], [ -73.71161651562177, 5.003631591564221 ], [ -73.711589813732587, 5.003619512272067 ], [ -73.711565971195967, 5.00360298201757 ], [ -73.711544036391714, 5.003578186543521 ], [ -73.711523062586082, 5.003546670731994 ], [ -73.711506842760329, 5.0035095209341 ], [ -73.711494445232447, 5.00348472595747 ], [ -73.711477278756078, 5.003454208698566 ], [ -73.71144939910495, 5.003419417206681 ], [ -73.711423873074068, 5.003393173174223 ], [ -73.711394309943515, 5.003364563447001 ], [ -73.711369513957422, 5.003341675098017 ], [ -73.711347014314327, 5.003311062270853 ], [ -73.711324423408925, 5.003267798266894 ], [ -73.711310385876544, 5.003223419118671 ], [ -73.711307182087765, 5.003195527350925 ], [ -73.711301802935125, 5.003152847355998 ], [ -73.711295126911892, 5.003124237203926 ], [ -73.711281204281192, 5.00309350284529 ], [ -73.711243629697037, 5.003055572622647 ], [ -73.711214065408527, 5.003038406949794 ], [ -73.711185313502881, 5.00302229828619 ], [ -73.711159944132476, 5.003010749638783 ], [ -73.711130141859428, 5.003002166816159 ], [ -73.711081187213949, 5.002985000466083 ], [ -73.711051939921418, 5.002969742086594 ], [ -73.711032867003226, 5.002941131811014 ], [ -73.71101951608378, 5.002912521659021 ], [ -73.711013793781419, 5.002876282598049 ], [ -73.711003303045089, 5.002838134731539 ], [ -73.710994720563207, 5.002811432478895 ], [ -73.710988998373679, 5.002782821285859 ], [ -73.710985468355688, 5.002731898754133 ], [ -73.710980733036152, 5.002691268682624 ], [ -73.710979461877074, 5.002658091683731 ], [ -73.710980414905634, 5.002626419926701 ], [ -73.710985818816781, 5.002595901682315 ], [ -73.710998534462149, 5.002563476001694 ], [ -73.711020470092478, 5.002540588498908 ], [ -73.71105003289216, 5.00251960760335 ], [ -73.711074829174535, 5.002504347577985 ], [ -73.711107253673902, 5.00248527574501 ], [ -73.711130141674658, 5.002471924530012 ], [ -73.711155891515659, 5.002454757631138 ], [ -73.711228745873882, 5.002407749374138 ], [ -73.711271285846578, 5.002378463182234 ], [ -73.711299513112664, 5.002355814989738 ], [ -73.711326598488313, 5.002326965472394 ], [ -73.711342941450539, 5.002298506793693 ], [ -73.711354166683961, 5.002261382389503 ], [ -73.711353301518429, 5.002223967951945 ], [ -73.711339371364033, 5.00219627424939 ], [ -73.711307525876222, 5.002167383735968 ], [ -73.711278279127583, 5.002155940652853 ], [ -73.711249350853166, 5.002155304199032 ], [ -73.711215972333676, 5.002159118620107 ], [ -73.711184409505563, 5.00216888205503 ], [ -73.711141586403983, 5.002185821336721 ], [ -73.711112975519612, 5.002199172427376 ], [ -73.711083412624291, 5.002212524550134 ], [ -73.711040758567691, 5.002232256334771 ], [ -73.711010922309782, 5.002245665763515 ], [ -73.710973739303697, 5.002267837701583 ], [ -73.710950851053013, 5.002279282169938 ], [ -73.710899352412824, 5.00230789210655 ], [ -73.710861205527948, 5.002330780904774 ], [ -73.710835453563618, 5.002340965158992 ], [ -73.710804219281911, 5.002349981632897 ], [ -73.710767109916432, 5.002351760310916 ], [ -73.710728645062844, 5.00235176131492 ], [ -73.710702896042861, 5.002347945900735 ], [ -73.710643323398642, 5.002342725579046 ], [ -73.710610389340957, 5.002340317015398 ], [ -73.710582733194997, 5.002340317147032 ], [ -73.710553169271222, 5.00234603956993 ], [ -73.710513114631453, 5.002361298024506 ], [ -73.71048641135576, 5.002374649736746 ], [ -73.710448137293639, 5.002395101606264 ], [ -73.710397719735894, 5.002420425347021 ], [ -73.710358619406378, 5.002439498955813 ], [ -73.710319371764086, 5.002457529308611 ], [ -73.710287094046564, 5.002473830877698 ], [ -73.710251492625844, 5.00249326357483 ], [ -73.710206984985618, 5.002506256306895 ], [ -73.710162555028575, 5.002515974822905 ], [ -73.710132936922562, 5.002518324517887 ], [ -73.710087458329568, 5.002519607265214 ], [ -73.710056718651302, 5.002531249350976 ], [ -73.710027059094941, 5.002573013520244 ], [ -73.710020065393508, 5.002605438417365 ], [ -73.710015819731709, 5.002636458560145 ], [ -73.710007666681179, 5.002674103592354 ], [ -73.709998130970931, 5.002706527624504 ], [ -73.709987640692944, 5.002733230657168 ], [ -73.709971745521315, 5.002753575899675 ], [ -73.709945678877531, 5.00278663683565 ], [ -73.709919929183457, 5.002819061243705 ], [ -73.70989263225286, 5.002847622262439 ], [ -73.709867477329595, 5.002866744987595 ], [ -73.709825515505784, 5.002885818955987 ], [ -73.709794997327563, 5.002895355865736 ], [ -73.709767341750876, 5.002906800034003 ], [ -73.709739892442741, 5.002910356384815 ], [ -73.709712982161534, 5.002912521233791 ], [ -73.709661490369712, 5.002919109889884 ], [ -73.709625244244236, 5.002923966232043 ], [ -73.709576711913158, 5.002929395142689 ], [ -73.709538458986003, 5.002933502540667 ], [ -73.709503173270093, 5.002941131525124 ], [ -73.709467887553117, 5.002948760507799 ], [ -73.709424336709205, 5.002957026478423 ], [ -73.709396361646981, 5.0029659271479 ], [ -73.709369660280032, 5.002973556784284 ], [ -73.709325790299104, 5.002988815686789 ], [ -73.709294318784899, 5.003002166185394 ], [ -73.70925348625984, 5.003019143020543 ], [ -73.709215163820147, 5.003030776992419 ], [ -73.709189414865733, 5.003034592107701 ], [ -73.709163666316044, 5.003034591928319 ], [ -73.709106446313498, 5.003034591426617 ], [ -73.70905876087339, 5.003034592364424 ], [ -73.70903205940742, 5.003034591401375 ], [ -73.708978652868382, 5.003034592190774 ], [ -73.708947499459853, 5.003030777129146 ], [ -73.708921432193236, 5.00301551882622 ], [ -73.708898543928555, 5.002992630114911 ], [ -73.7088775637948, 5.002973556441207 ], [ -73.708848952879364, 5.002952576137076 ], [ -73.708820342051624, 5.002939224608515 ], [ -73.708789825147448, 5.002923964779127 ], [ -73.708763757973415, 5.002916335245947 ], [ -73.708731651163248, 5.002908706815891 ], [ -73.708690643264475, 5.002901078058788 ], [ -73.708655074565783, 5.002903187074422 ], [ -73.708622873259344, 5.002913412614204 ], [ -73.708598455398132, 5.002929051323914 ], [ -73.70857429523538, 5.002946852598564 ], [ -73.708555221113741, 5.00296402033214 ], [ -73.708529471500896, 5.0029907226602 ], [ -73.708501595290556, 5.00300848994368 ], [ -73.708468436803614, 5.003023148080859 ], [ -73.708437270259637, 5.003026418812932 ], [ -73.708397864746388, 5.003026961866479 ], [ -73.708370208559359, 5.003026962813756 ], [ -73.708339691767591, 5.003021876476248 ], [ -73.708294867909373, 5.003013611112066 ], [ -73.708241127094652, 5.003004856754345 ], [ -73.708176613116692, 5.002996445251968 ], [ -73.708145794319009, 5.00299162890834 ], [ -73.708103245422464, 5.002981735770429 ], [ -73.708053589407044, 5.002973556153078 ], [ -73.708024977765874, 5.002967835176866 ], [ -73.707994461118659, 5.002954482954862 ], [ -73.707959174729879, 5.00294303900817 ], [ -73.707868575986481, 5.002910614602794 ], [ -73.707829793531246, 5.002897263159067 ], [ -73.707783159345965, 5.002877088683202 ], [ -73.707715034290601, 5.002849579223107 ], [ -73.707689285423015, 5.002840042558819 ], [ -73.707648136865927, 5.002820749908143 ], [ -73.707618712543592, 5.002804438185444 ], [ -73.707567214891327, 5.002769471104615 ], [ -73.707545280808304, 5.002756118638997 ], [ -73.707506179096157, 5.002737045481643 ], [ -73.70748519924922, 5.002719879403378 ], [ -73.707464853729064, 5.002697625881371 ], [ -73.707452774394014, 5.002666474049123 ], [ -73.707450828852842, 5.002635371000823 ], [ -73.707466124905295, 5.002593994372386 ], [ -73.707469939474805, 5.002567291335065 ], [ -73.707456588050746, 5.002540588735091 ], [ -73.707430604624307, 5.002504198645689 ], [ -73.707414626949671, 5.002473831093262 ], [ -73.707410812307771, 5.002443313759112 ], [ -73.707413228996089, 5.002403913887707 ], [ -73.707408904709538, 5.002372741915503 ], [ -73.707395553442794, 5.002337773444363 ], [ -73.707371711562772, 5.002304076902752 ], [ -73.707354544884339, 5.002277374798445 ], [ -73.707338332750624, 5.002256393700248 ], [ -73.70731544463159, 5.002241134606195 ], [ -73.707288742151221, 5.002225876009002 ], [ -73.707265853131872, 5.002210616913862 ], [ -73.70723342817395, 5.002191543766572 ], [ -73.707203547027518, 5.002172469681611 ], [ -73.707180659332479, 5.002153396191516 ], [ -73.707150458373846, 5.00211715724119 ], [ -73.707133292853243, 5.002092361870282 ], [ -73.707119941872008, 5.002061843964297 ], [ -73.707113265799848, 5.002031326094017 ], [ -73.707106589728511, 5.002000808223555 ], [ -73.707099914291447, 5.00194985644275 ], [ -73.707099914105683, 5.001916885271221 ], [ -73.707101822380238, 5.001886368091082 ], [ -73.707102775516759, 5.001859664521869 ], [ -73.707104599825087, 5.001811444680428 ], [ -73.707110191808709, 5.001771016065288 ], [ -73.707116126931282, 5.001729965375004 ], [ -73.707117815731181, 5.001668989418052 ], [ -73.707123759848656, 5.001638845249415 ], [ -73.7071452138008, 5.001598358794028 ], [ -73.707147776460502, 5.001569673443888 ], [ -73.707145405008134, 5.001537717477158 ], [ -73.707136154032113, 5.001506806013893 ], [ -73.707123755737115, 5.001474380335162 ], [ -73.707115173188839, 5.001445770358429 ], [ -73.707108108653486, 5.001400534699055 ], [ -73.707100868026714, 5.001369477177374 ], [ -73.707097052927878, 5.001335143637845 ], [ -73.707089423779649, 5.001310348831605 ], [ -73.707064924179207, 5.001272498326307 ], [ -73.70704174040209, 5.001247406281879 ], [ -73.707019043981035, 5.001219014240387 ], [ -73.706988926579811, 5.001171446037833 ], [ -73.706982651987062, 5.001133263656306 ], [ -73.706988541573111, 5.001099387507762 ], [ -73.707002877388859, 5.001052857294715 ], [ -73.707006632873529, 5.001019846776646 ], [ -73.707005500702579, 5.000982284172133 ], [ -73.706995010539856, 5.00095367443978 ], [ -73.706976890523407, 5.000923157145616 ], [ -73.706959724624511, 5.000902175249775 ], [ -73.706936835422098, 5.000885010297447 ], [ -73.706899993366036, 5.000859176434411 ], [ -73.706877708248157, 5.000837326774677 ], [ -73.706848144332639, 5.000814437930058 ], [ -73.706823059654553, 5.000781290194136 ], [ -73.706808090149124, 5.000747680880006 ], [ -73.706798554234553, 5.00071525572301 ], [ -73.70679089599966, 5.000678463031949 ], [ -73.70677754182249, 5.000644915321407 ], [ -73.706744220061751, 5.000607389235679 ], [ -73.706723693446449, 5.000578575844025 ], [ -73.706707001106892, 5.00053215058345 ], [ -73.706704139374096, 5.000494003428571 ], [ -73.706706046711545, 5.000455856561177 ], [ -73.70671208688313, 5.000410080076246 ], [ -73.70671272321087, 5.000370661305831 ], [ -73.706709861335767, 5.000343322043398 ], [ -73.706701277924921, 5.000314712961559 ], [ -73.706686020046149, 5.000282288540478 ], [ -73.706667899642781, 5.000255585623597 ], [ -73.706630805563876, 5.000219364017179 ], [ -73.706598439720167, 5.000203133224881 ], [ -73.706573486085418, 5.000194549465801 ], [ -73.706540425829658, 5.000186284844068 ], [ -73.706507682584999, 5.000185013381082 ], [ -73.706469535937529, 5.000188828165014 ], [ -73.706427793072763, 5.000195787021036 ], [ -73.706396102090778, 5.000202179398435 ], [ -73.706355094478113, 5.000209808935242 ], [ -73.70629657268924, 5.000223409240233 ], [ -73.70625591222084, 5.000230788629159 ], [ -73.706219355080648, 5.000230789105309 ], [ -73.70617018364419, 5.000229991423929 ], [ -73.706133843212783, 5.000225066889289 ], [ -73.706091880538125, 5.000215530416739 ], [ -73.706045457730582, 5.000205451247083 ], [ -73.70600909102194, 5.000202109502226 ], [ -73.705975952317772, 5.000206536044064 ], [ -73.705928802578669, 5.000221252549306 ], [ -73.705845870308622, 5.000254017123451 ], [ -73.705787752499788, 5.000274112727225 ], [ -73.705744742840054, 5.000280380613887 ], [ -73.705717086514056, 5.000278472879953 ], [ -73.705688017362434, 5.000268414818227 ], [ -73.705654144072412, 5.000244140536447 ], [ -73.705636018876277, 5.000212923667304 ], [ -73.705615997196091, 5.000173568755565 ], [ -73.705602646288028, 5.000135422018434 ], [ -73.705587701651964, 5.000096310502834 ], [ -73.705573221266192, 5.000060969440515 ], [ -73.705557878952732, 5.000028852760366 ], [ -73.705539702584886, 4.999996185296721 ], [ -73.705524444382249, 4.99997520401438 ], [ -73.705504417586923, 4.999958037730798 ], [ -73.705475806902584, 4.999937057243669 ], [ -73.705450057896158, 4.999917984038472 ], [ -73.705427169900375, 4.999902724859702 ], [ -73.705395263941526, 4.999884465499014 ], [ -73.705356598294685, 4.999856949370334 ], [ -73.705329895009001, 4.999834060984609 ], [ -73.705299377569276, 4.999805450136385 ], [ -73.705269812808751, 4.999774933327831 ], [ -73.705246674214848, 4.999747258407171 ], [ -73.705228806017161, 4.999723433835268 ], [ -73.705212592880798, 4.999700545922134 ], [ -73.705181122230172, 4.999654770876036 ], [ -73.705152511254965, 4.999616623345482 ], [ -73.70513629902554, 4.999593734523699 ], [ -73.705123262559056, 4.999570278497467 ], [ -73.705108006481382, 4.999532699390953 ], [ -73.705095290893311, 4.999494552858412 ], [ -73.705081939562533, 4.999452590807214 ], [ -73.705074311185655, 4.99942588831306 ], [ -73.705066044827674, 4.99939918469495 ], [ -73.705058544508873, 4.999357217254802 ], [ -73.705055236920373, 4.999324798932025 ], [ -73.705055237267217, 4.999256770629243 ], [ -73.705053329047345, 4.999227522674201 ], [ -73.705051421746177, 4.999200821266 ], [ -73.705046653402775, 4.999162674328605 ], [ -73.705039977435945, 4.99912452763262 ], [ -73.705032348596291, 4.99909400984037 ], [ -73.705024719324214, 4.999067306440492 ], [ -73.705017005418966, 4.999038248434328 ], [ -73.705001830647305, 4.998994826834823 ], [ -73.704986572651393, 4.998960494708411 ], [ -73.704977501790751, 4.998931638155801 ], [ -73.704969480462083, 4.998907064539089 ], [ -73.704960822513769, 4.998880386677562 ], [ -73.704946554350656, 4.998830786866753 ], [ -73.704940318991774, 4.998805522656993 ], [ -73.70493125920018, 4.998758316285397 ], [ -73.704925537092819, 4.998727798250153 ], [ -73.704914092847474, 4.998659134299689 ], [ -73.70490519203635, 4.998609542290328 ], [ -73.704893835278909, 4.998561937490828 ], [ -73.704882439629273, 4.998524376846548 ], [ -73.704866408476718, 4.998481751617855 ], [ -73.704857507551111, 4.998455683955251 ], [ -73.704840977786844, 4.99841596417228 ], [ -73.704801244574369, 4.998334254001587 ], [ -73.704785346595486, 4.998300552403951 ], [ -73.704769848768791, 4.998252868794843 ], [ -73.704764875620128, 4.998223168936892 ], [ -73.70476366808208, 4.99819262161194 ], [ -73.704768180328173, 4.998157501727977 ], [ -73.70477676359674, 4.99812698460301 ], [ -73.704801467782204, 4.998081250498605 ], [ -73.70482730873033, 4.998056412431436 ], [ -73.704849242702494, 4.998041153004642 ], [ -73.70487276756235, 4.998025894582062 ], [ -73.70490455607387, 4.997993470202325 ], [ -73.704937934065072, 4.997949600935824 ], [ -73.704971314091139, 4.997907639314604 ], [ -73.704986572483733, 4.997886657780274 ], [ -73.705012602638774, 4.997846365559639 ], [ -73.70502089571967, 4.997806084263098 ], [ -73.70500945702959, 4.997759482243738 ], [ -73.704981272585144, 4.997706609682298 ], [ -73.704954629775415, 4.997665906223877 ], [ -73.704926809049155, 4.997618992407446 ], [ -73.704914092663842, 4.99759101757642 ], [ -73.704901694808967, 4.997560501284236 ], [ -73.704889933138375, 4.997532526331138 ], [ -73.704881667693911, 4.997498194823976 ], [ -73.704877853015446, 4.9974708556579 ], [ -73.704874992126335, 4.997438430515004 ], [ -73.704872131015208, 4.997406641556812 ], [ -73.704875187677828, 4.997366410232011 ], [ -73.704878787095922, 4.997339245898407 ], [ -73.704887077455496, 4.997281212975272 ], [ -73.704892157834479, 4.997238159630377 ], [ -73.70489120389756, 4.997207641896341 ], [ -73.70488262219223, 4.997177124215683 ], [ -73.70486736204866, 4.997154236162496 ], [ -73.70484542888012, 4.997138976825562 ], [ -73.704821585855044, 4.997127533932674 ], [ -73.704779507063208, 4.997111314364344 ], [ -73.704719257820486, 4.997095707063845 ], [ -73.704679488389843, 4.997085570841079 ], [ -73.70465469359651, 4.997076034802912 ], [ -73.704612731573107, 4.997062682905287 ], [ -73.70458602892991, 4.997051239455156 ], [ -73.70455360456539, 4.997041702559431 ], [ -73.704523722394413, 4.99702644360446 ], [ -73.704496383784345, 4.997009276981816 ], [ -73.704463940591253, 4.996976192221132 ], [ -73.704440425297022, 4.996952222548811 ], [ -73.704420502653818, 4.996930222727641 ], [ -73.704400062656447, 4.99689865082837 ], [ -73.704391479175172, 4.996868134044111 ], [ -73.704385757352114, 4.996839522740277 ], [ -73.704377174003938, 4.996780395746272 ], [ -73.704370499251951, 4.996744155774598 ], [ -73.704362868581811, 4.996683121012855 ], [ -73.704358418439583, 4.996656417801479 ], [ -73.704349024527275, 4.996616504814513 ], [ -73.704340696228314, 4.9965891840619 ], [ -73.704327900751892, 4.996557234726962 ], [ -73.704309463571533, 4.996520996524267 ], [ -73.704286463406817, 4.996485898940832 ], [ -73.704275148198562, 4.996461904395166 ], [ -73.70426193914102, 4.996436435897931 ], [ -73.704254311866862, 4.996404770597819 ], [ -73.70425329827971, 4.996358070483751 ], [ -73.704257011822719, 4.996316909964999 ], [ -73.704261780331549, 4.996290205903983 ], [ -73.70427072842557, 4.996251474099202 ], [ -73.704275130710997, 4.996213912759291 ], [ -73.704277038235745, 4.996183395566931 ], [ -73.704277039071556, 4.996086120850937 ], [ -73.704273223979186, 4.996057510211614 ], [ -73.704264958594038, 4.996023177783023 ], [ -73.704251288691765, 4.995994567768531 ], [ -73.704233169631152, 4.995962142706937 ], [ -73.704219817830321, 4.995937348552913 ], [ -73.704211234605282, 4.995908737601348 ], [ -73.704210281843032, 4.995880126603259 ], [ -73.704214095405774, 4.9958489729897 ], [ -73.704223632501538, 4.995820999585245 ], [ -73.704243659876269, 4.995784759903294 ], [ -73.704260826520098, 4.995754242619296 ], [ -73.704272269645344, 4.995725631888716 ], [ -73.704281643968358, 4.995699028763327 ], [ -73.704288966485379, 4.995661612701312 ], [ -73.704291843855472, 4.995622448509854 ], [ -73.704285403745175, 4.995581981228426 ], [ -73.704265999258041, 4.995542360424024 ], [ -73.704236745375695, 4.99550104163267 ], [ -73.704216897184878, 4.995477726815021 ], [ -73.70419025430553, 4.995452880862873 ], [ -73.704148067987944, 4.995427110436565 ], [ -73.704115500583853, 4.995417056929745 ], [ -73.704089900829686, 4.99540994881808 ], [ -73.704057680035731, 4.995403369970648 ], [ -73.704008738210973, 4.995395024489135 ], [ -73.70395755722322, 4.995380402815245 ], [ -73.703920363912317, 4.9953708646571 ], [ -73.703875541050024, 4.99536132834726 ], [ -73.703845978018535, 4.995346546822637 ], [ -73.703824388513183, 4.995325154177099 ], [ -73.703790873952954, 4.995279026464913 ], [ -73.70375076856061, 4.995241440468822 ], [ -73.703730133962125, 4.99519991964711 ], [ -73.703707707659063, 4.995178238307718 ], [ -73.703678449100622, 4.995155334458376 ], [ -73.703652991225994, 4.995166179616897 ], [ -73.703614503913869, 4.995165936735045 ], [ -73.703583717426454, 4.995141982959441 ], [ -73.703575134459697, 4.995107650855128 ], [ -73.703555107631985, 4.995080948949743 ], [ -73.703529357544127, 4.995073318814454 ], [ -73.703501384038972, 4.995080948637255 ], [ -73.703476905429298, 4.995096207119326 ], [ -73.703453064349745, 4.995115280215926 ], [ -73.703430175499506, 4.995136260845311 ], [ -73.703398724348062, 4.995151601911687 ], [ -73.703362344212508, 4.995159109522815 ], [ -73.703325906713644, 4.995161056232501 ], [ -73.703289667455763, 4.995153426472205 ], [ -73.703262965359556, 4.995140711488228 ], [ -73.703217787141284, 4.995116082636798 ], [ -73.703189849735736, 4.995092391844138 ], [ -73.703172190614197, 4.995063872948326 ], [ -73.703151703258939, 4.995027541873355 ], [ -73.703140258907197, 4.995003382733986 ], [ -73.703120230965482, 4.994972229329616 ], [ -73.703097803607065, 4.994946145350198 ], [ -73.703068733471426, 4.994911194478274 ], [ -73.703042984055287, 4.994886398190082 ], [ -73.703006744348031, 4.994859695535873 ], [ -73.702989577839134, 4.994831085609473 ], [ -73.702969232731263, 4.994806289862176 ], [ -73.702940941122463, 4.994787216526333 ], [ -73.702898026136282, 4.994764329075393 ], [ -73.702861786442625, 4.994742711365489 ], [ -73.702814468705313, 4.994718894708476 ], [ -73.702782700136794, 4.994709866493338 ], [ -73.702739715228304, 4.994705200417996 ], [ -73.702674865642877, 4.994694392280891 ], [ -73.702622095875185, 4.994681676222011 ], [ -73.702591656919424, 4.99467134433987 ], [ -73.702568055342681, 4.99465942236534 ], [ -73.702544165252363, 4.994646034668055 ], [ -73.702522278280483, 4.994630814096759 ], [ -73.702500343442523, 4.994615554662667 ], [ -73.702478408606495, 4.994600296132648 ], [ -73.702434539613989, 4.994567871419378 ], [ -73.702405928588647, 4.994548797493701 ], [ -73.70237032531918, 4.994526545601282 ], [ -73.702337265158704, 4.994501113679788 ], [ -73.702301660768356, 4.99447186827444 ], [ -73.702275021795899, 4.994441264885655 ], [ -73.702256202504188, 4.994409561748669 ], [ -73.702236175295113, 4.994386673282373 ], [ -73.702210743781507, 4.994376499818368 ], [ -73.702167912406907, 4.994366848127923 ], [ -73.702133828370478, 4.994356117415678 ], [ -73.702102150626558, 4.994338289261759 ], [ -73.702071189471269, 4.994310380019959 ], [ -73.702043533622472, 4.994295120353438 ], [ -73.702014923292026, 4.994281769356648 ], [ -73.701978682962235, 4.994272231865936 ], [ -73.701934090692589, 4.99425458855426 ], [ -73.701882361471945, 4.994228363017479 ], [ -73.701848028990256, 4.994213104147844 ], [ -73.701824354754578, 4.994197320766886 ], [ -73.701784133301487, 4.994169234991016 ], [ -73.701755523455049, 4.994136810194305 ], [ -73.701728184601677, 4.994103113476697 ], [ -73.701696396169666, 4.994064331129913 ], [ -73.701681137338099, 4.994043349718693 ], [ -73.701662064199468, 4.994014739974498 ], [ -73.701605457598646, 4.993934093677934 ], [ -73.701575596763348, 4.993897120081992 ], [ -73.701548575795201, 4.993860244803706 ], [ -73.701531410489139, 4.993841172170816 ], [ -73.701508839984925, 4.993822098075309 ], [ -73.701471328049919, 4.993795394868508 ], [ -73.70144176418134, 4.99377632191019 ], [ -73.701415061507319, 4.993755340956988 ], [ -73.701382636462128, 4.993730545387507 ], [ -73.701354026861736, 4.99370765700893 ], [ -73.701328913035226, 4.993689855278988 ], [ -73.701303482245677, 4.993675232097235 ], [ -73.701265334361693, 4.993658065997681 ], [ -73.701217650913904, 4.993638992478746 ], [ -73.701178232257902, 4.993627547967579 ], [ -73.701133727863805, 4.993608474665343 ], [ -73.701099256796098, 4.993594378767746 ], [ -73.701049804619046, 4.993568421302855 ], [ -73.701016425770703, 4.993551254617764 ], [ -73.700985908358589, 4.993526458797442 ], [ -73.700967502557049, 4.99349741393395 ], [ -73.700950794903036, 4.993464862355546 ], [ -73.70092868779966, 4.993413925090403 ], [ -73.700918198273214, 4.993387221945397 ], [ -73.700904210281806, 4.993352890123998 ], [ -73.700880065126668, 4.993304872615568 ], [ -73.700860023033485, 4.993274688343131 ], [ -73.700831533526184, 4.993238239018654 ], [ -73.700804710242025, 4.993202209623705 ], [ -73.7007883225196, 4.993170956311243 ], [ -73.700778961109307, 4.993131637754236 ], [ -73.700781504105365, 4.993090947241119 ], [ -73.700786590911306, 4.993040085003723 ], [ -73.700789451337059, 4.9929924015444 ], [ -73.700787543818649, 4.992961883886184 ], [ -73.700781821834653, 4.992906570842379 ], [ -73.70077609932072, 4.992877960382635 ], [ -73.700765609024842, 4.992813110555897 ], [ -73.700757980293645, 4.992773056226927 ], [ -73.700749007202887, 4.992719558377697 ], [ -73.700745455559058, 4.992691578165059 ], [ -73.700742721439227, 4.992633820354519 ], [ -73.70074176704658, 4.992605209328592 ], [ -73.70073699934153, 4.992546082677772 ], [ -73.700735727387197, 4.9924945828978 ], [ -73.700740813695063, 4.992460250616282 ], [ -73.700746536172659, 4.992425918560661 ], [ -73.700753922046815, 4.992379146087064 ], [ -73.700760580948611, 4.992319087801793 ], [ -73.700762071854697, 4.992286962024989 ], [ -73.700758934192123, 4.992233276953798 ], [ -73.700753413807007, 4.992180847792071 ], [ -73.7007474897474, 4.99214172374791 ], [ -73.700741766807582, 4.992109298890141 ], [ -73.700733600226712, 4.992075996116676 ], [ -73.700716972250262, 4.99202918954667 ], [ -73.700692176428475, 4.99199295073884 ], [ -73.700670242430419, 4.991968155684641 ], [ -73.700647353946565, 4.991945266583921 ], [ -73.700602700385829, 4.991907099684364 ], [ -73.700571059864018, 4.991884231684076 ], [ -73.700547218678565, 4.991870880039388 ], [ -73.700523377056825, 4.991853713997568 ], [ -73.70049858092294, 4.991846085417115 ], [ -73.700463872677389, 4.991831175261789 ], [ -73.700425444420873, 4.991816688973385 ], [ -73.700375821982817, 4.991803610068701 ], [ -73.700296402063785, 4.991785049035918 ], [ -73.700259527286747, 4.991778692125064 ], [ -73.700231553006844, 4.9917736053298 ], [ -73.70020074368594, 4.991771258148956 ], [ -73.70015488200103, 4.99176979125331 ], [ -73.700128555424229, 4.991769791273785 ], [ -73.700092315435654, 4.991769791004519 ], [ -73.700044361274095, 4.991766729986836 ], [ -73.700018882775041, 4.991771698221767 ], [ -73.699979231625917, 4.991782566506299 ], [ -73.699938535231382, 4.99176931334821 ], [ -73.699900538968961, 4.991742671173324 ], [ -73.699872496758729, 4.991728829872807 ], [ -73.699825286383856, 4.991710663394915 ], [ -73.699800490944455, 4.991701126229403 ], [ -73.699769127082803, 4.991683841479936 ], [ -73.699749230652571, 4.991665839545124 ], [ -73.699738502660026, 4.991636276051787 ], [ -73.699733734289495, 4.991596857550758 ], [ -73.699726104679286, 4.991569518761069 ], [ -73.699712753616126, 4.991540909172935 ], [ -73.699694803358398, 4.991515015739168 ], [ -73.699653625213344, 4.99147033750737 ], [ -73.699636875631128, 4.991447492499926 ], [ -73.699611663202674, 4.991405486786805 ], [ -73.699596310378297, 4.991368909363976 ], [ -73.699586263468191, 4.991322103883348 ], [ -73.699585913837367, 4.991291047006874 ], [ -73.699589967283799, 4.991255283278127 ], [ -73.699593576702185, 4.991227126193328 ], [ -73.699595752533838, 4.991194117346882 ], [ -73.699593543114446, 4.991161346651683 ], [ -73.699583992090169, 4.991130328536951 ], [ -73.69957065558026, 4.991098404067254 ], [ -73.699562072425522, 4.991067886267407 ], [ -73.69955635067744, 4.991037369038785 ], [ -73.699548721366753, 4.990999222332348 ], [ -73.699542999147766, 4.990972518596409 ], [ -73.699532508260006, 4.990924835776841 ], [ -73.699532509324598, 4.99089431878587 ], [ -73.699542777395308, 4.990838981437286 ], [ -73.699541664787944, 4.990799801565831 ], [ -73.699528693690056, 4.990762711204861 ], [ -73.69951438859772, 4.990739822863648 ], [ -73.69949722253341, 4.990720749252083 ], [ -73.699474334996012, 4.990705490701925 ], [ -73.699457168502718, 4.990682601786919 ], [ -73.699454307481403, 4.990653991875094 ], [ -73.699461936898686, 4.990629196951891 ], [ -73.699472426815092, 4.99060440079182 ], [ -73.699464797218369, 4.990579604926878 ], [ -73.69943618769841, 4.99057960462965 ], [ -73.699431419399389, 4.990553855510842 ], [ -73.699404716257803, 4.990550994419625 ], [ -73.699361081527485, 4.99055022461717 ], [ -73.699329217095098, 4.990529696095732 ], [ -73.699295758975637, 4.990513324836321 ], [ -73.699276356465433, 4.990488764123665 ], [ -73.699256896676019, 4.990466352746345 ], [ -73.699231146919999, 4.990453719801297 ], [ -73.699175386704724, 4.990450869727866 ], [ -73.699136098133266, 4.990430831442024 ], [ -73.69908611731914, 4.990427740823993 ], [ -73.69903614060452, 4.990398681523114 ], [ -73.699005127419525, 4.990386963653418 ], [ -73.698966026143381, 4.990379333940973 ], [ -73.69892950730484, 4.990377546601569 ], [ -73.69888325299361, 4.990376757834531 ], [ -73.698833631028407, 4.990371682241695 ], [ -73.698803901012766, 4.990373612478522 ], [ -73.698775291496759, 4.990373611246293 ], [ -73.698728234770869, 4.990364946567131 ], [ -73.698687944743369, 4.990349320082883 ], [ -73.698645591764716, 4.990333557331871 ], [ -73.698604583157092, 4.990320206670981 ], [ -73.698575019468905, 4.990308761439789 ], [ -73.698539734145882, 4.990291595718022 ], [ -73.698476790432821, 4.990262508533464 ], [ -73.698446325644085, 4.990251402708444 ], [ -73.698411941034237, 4.990234375384567 ], [ -73.698370932646981, 4.990222931454065 ], [ -73.698329925833818, 4.990212121894781 ], [ -73.698301314537915, 4.990209579520359 ], [ -73.698275566217873, 4.990207672096211 ], [ -73.698246002216578, 4.990209580411468 ], [ -73.698200718406454, 4.990215194951693 ], [ -73.698154449707047, 4.990215302055499 ], [ -73.698124337801588, 4.99020168458041 ], [ -73.698081016571336, 4.990179061426006 ], [ -73.698038101128731, 4.990156173589233 ], [ -73.697990417377213, 4.99013137864012 ], [ -73.697967528756152, 4.990116755311282 ], [ -73.69793701136507, 4.990095138426716 ], [ -73.697914122977465, 4.990079879814743 ], [ -73.697871646509441, 4.990058237626321 ], [ -73.697839327031687, 4.990036556589243 ], [ -73.69779968237566, 4.990007400233185 ], [ -73.69777067500344, 4.989988678506399 ], [ -73.697732880397169, 4.989968249407308 ], [ -73.697691917582731, 4.989952087834534 ], [ -73.697660445483095, 4.989933013976638 ], [ -73.697632471540885, 4.989924748842819 ], [ -73.697592734801134, 4.989917754998151 ], [ -73.697549819743003, 4.989906311226717 ], [ -73.69749832117391, 4.98989295896101 ], [ -73.697449784139934, 4.989882141954258 ], [ -73.697402954170187, 4.989871978320942 ], [ -73.697360992223793, 4.989862442081368 ], [ -73.697327931859874, 4.989856083651541 ], [ -73.697301865271172, 4.989850998311094 ], [ -73.697270392840707, 4.989845276188006 ], [ -73.69722843082647, 4.989843367833502 ], [ -73.697188377109356, 4.989839554323233 ], [ -73.697157858687547, 4.989835738834132 ], [ -73.697116852095377, 4.989829381587823 ], [ -73.697087287729985, 4.989822387773821 ], [ -73.697046280283089, 4.989810943752713 ], [ -73.697019576650433, 4.989803315238508 ], [ -73.696983473448739, 4.989792618934074 ], [ -73.696934699529038, 4.989772796897215 ], [ -73.696905136093847, 4.989763260140241 ], [ -73.696879387445009, 4.989749907649506 ], [ -73.696846008396122, 4.989736556918285 ], [ -73.696823119553699, 4.989725112663167 ], [ -73.696797371604504, 4.989709854325544 ], [ -73.696765899537255, 4.989690780419386 ], [ -73.696720759343123, 4.989671707435405 ], [ -73.696691513339587, 4.989660262678584 ], [ -73.696651401672568, 4.989645983350321 ], [ -73.696601867040201, 4.989627838075693 ], [ -73.696571350716738, 4.989618301407695 ], [ -73.696546554488549, 4.989608765007002 ], [ -73.696516036773886, 4.98960304273773 ], [ -73.69648838025438, 4.989595413400387 ], [ -73.696455954939324, 4.989589690436031 ], [ -73.696415901029425, 4.989583969223511 ], [ -73.696383953401494, 4.989576852112851 ], [ -73.696338018109302, 4.989561080326593 ], [ -73.696295419816394, 4.989549637035975 ], [ -73.696255173213089, 4.989529749796254 ], [ -73.696212768717999, 4.989492416334971 ], [ -73.696189880876815, 4.989473343253264 ], [ -73.696136496837838, 4.989426997175876 ], [ -73.696101738377592, 4.989394212973735 ], [ -73.69605731924382, 4.989358901502365 ], [ -73.696032523318706, 4.989343643026291 ], [ -73.696004867389945, 4.989324569559138 ], [ -73.695920944008236, 4.98926734925671 ], [ -73.6957916157602, 4.989181302521112 ], [ -73.695745467789564, 4.989152907644422 ], [ -73.695711135773195, 4.989130019592915 ], [ -73.695678710660758, 4.989109039887559 ], [ -73.695564269735215, 4.989038468415091 ], [ -73.695514043099848, 4.989009221746938 ], [ -73.695476532442044, 4.9889926907614 ], [ -73.695453592436778, 4.988977176001281 ], [ -73.695423170465887, 4.988962080916912 ], [ -73.695333480977723, 4.988920212014712 ], [ -73.695096968906313, 4.988813401161102 ], [ -73.69507217432519, 4.988801956137527 ], [ -73.695017813963361, 4.988775254018661 ], [ -73.694688796687672, 4.988622664875455 ], [ -73.694644928042848, 4.988603592195092 ], [ -73.694620132374396, 4.988590241309943 ], [ -73.694598197200634, 4.988576889209328 ], [ -73.694576263632811, 4.988561630357763 ], [ -73.694446564326867, 4.988477706737933 ], [ -73.694349289391454, 4.988416672335777 ], [ -73.694318771947749, 4.988395691440815 ], [ -73.694289208000328, 4.988380432496968 ], [ -73.694267272640616, 4.988365173635 ], [ -73.694236587584214, 4.988338392125661 ], [ -73.694201468982413, 4.988307952930097 ], [ -73.694179535233346, 4.988290787314272 ], [ -73.694045066470778, 4.988166808819032 ], [ -73.69400353140675, 4.988130573790929 ], [ -73.693976401653117, 4.988111495141919 ], [ -73.693953513413845, 4.988096237273562 ], [ -73.693917274305633, 4.988077163717974 ], [ -73.693796157723469, 4.988012313751043 ], [ -73.693521499122014, 4.987865447407342 ], [ -73.693475723071941, 4.987838745129784 ], [ -73.693448066056391, 4.987825393592852 ], [ -73.693389893340935, 4.987798690816836 ], [ -73.693233489653963, 4.987722395845233 ], [ -73.693138123186628, 4.987676620449795 ], [ -73.693088531458997, 4.987653732949289 ], [ -73.693058057085352, 4.987639336422626 ], [ -73.693035571561239, 4.987625154993587 ], [ -73.693009137643514, 4.987607002241943 ], [ -73.692896842480863, 4.987522125082227 ], [ -73.692874907886221, 4.987504959415025 ], [ -73.692680359332201, 4.987363815311639 ], [ -73.692651747775514, 4.987342835030401 ], [ -73.69262313892574, 4.9873218529349 ], [ -73.69257804695367, 4.987277945681697 ], [ -73.692302703914763, 4.987031936643605 ], [ -73.692279816262641, 4.987012863396605 ], [ -73.692255019728577, 4.986989975040717 ], [ -73.692235946365585, 4.986970901393736 ], [ -73.692174910962379, 4.986921309654813 ], [ -73.692002296192342, 4.986768722519602 ], [ -73.691977501674771, 4.9867477427078 ], [ -73.69189095489827, 4.986681938299308 ], [ -73.691867371784241, 4.986661366248731 ], [ -73.691807746305173, 4.986610412829157 ], [ -73.691772196286578, 4.986580563961665 ], [ -73.691728592000587, 4.986547470239386 ], [ -73.691703796267277, 4.986532211569977 ], [ -73.691650389945863, 4.986495971658655 ], [ -73.691589264120225, 4.986453882967008 ], [ -73.691563605295585, 4.98643302892981 ], [ -73.691540400052361, 4.986413955080109 ], [ -73.691520690561561, 4.986394882076199 ], [ -73.691471099728943, 4.986343384134837 ], [ -73.691440418737017, 4.986314257710163 ], [ -73.691368102567722, 4.986246108880404 ], [ -73.69134140068563, 4.986227035984958 ], [ -73.691202164003613, 4.986131667556287 ], [ -73.691124597535961, 4.986079533854829 ], [ -73.691087464232069, 4.98606205830937 ], [ -73.69105720519498, 4.986051560012736 ], [ -73.691008567484488, 4.986038207788992 ], [ -73.690914153648009, 4.986013413406712 ], [ -73.690864563236048, 4.986001968017981 ], [ -73.690820986926724, 4.985991253846723 ], [ -73.690766333884625, 4.985982895158521 ], [ -73.690738677931193, 4.985979079952632 ], [ -73.690651572198874, 4.985964521089224 ], [ -73.690620421572575, 4.985960007301307 ], [ -73.690593719892689, 4.985954920522996 ], [ -73.690562247717779, 4.985946656011953 ], [ -73.690526768383634, 4.985934289906614 ], [ -73.690486907830717, 4.985919951969391 ], [ -73.690410613967131, 4.985891342169121 ], [ -73.6903781893798, 4.98588180627546 ], [ -73.690344809906662, 4.985870361917795 ], [ -73.690316199415207, 4.985858917979738 ], [ -73.690288543964002, 4.9858417509767 ], [ -73.690262793400791, 4.985824585591829 ], [ -73.690224349642747, 4.985799949516643 ], [ -73.690143584904462, 4.985748291430122 ], [ -73.690111159394746, 4.985729218151218 ], [ -73.690080642752633, 4.985713959082092 ], [ -73.690039007917733, 4.985703695296294 ], [ -73.690001500146607, 4.985700889474458 ], [ -73.689926147639881, 4.985704421892245 ], [ -73.689892768391857, 4.985704421631385 ], [ -73.689802356843373, 4.985704944558642 ], [ -73.689751624294146, 4.985710144300689 ], [ -73.689717292521877, 4.985713959436348 ], [ -73.689688682089241, 4.985721588403212 ], [ -73.689483642213375, 4.985769271362279 ], [ -73.689441045595586, 4.985778172883296 ], [ -73.68938700347644, 4.985784529893467 ], [ -73.689359663726364, 4.985784529606827 ], [ -73.689329147297428, 4.98578071643418 ], [ -73.689287185312324, 4.985776900782604 ], [ -73.68919753983819, 4.985773087161479 ], [ -73.689163027353786, 4.985769756894447 ], [ -73.689002040506352, 4.985762705883761 ], [ -73.68894374700966, 4.985755743587435 ], [ -73.688899990360298, 4.985743395113357 ], [ -73.688854217553001, 4.985727310358987 ], [ -73.688831328958898, 4.985715865785436 ], [ -73.688787459732154, 4.985696793567887 ], [ -73.688762664813694, 4.985689162680948 ], [ -73.68869590736378, 4.985662460285764 ], [ -73.68857002230618, 4.985612869127319 ], [ -73.688530922253406, 4.985595704075774 ], [ -73.688492593676074, 4.985562897787736 ], [ -73.688460712950487, 4.985514950190928 ], [ -73.688430874734408, 4.985466578741456 ], [ -73.688401222526039, 4.985418319310231 ], [ -73.688386917024573, 4.985395430654049 ], [ -73.688306013869806, 4.985274792775674 ], [ -73.688270569435275, 4.985216140502844 ], [ -73.688253403278864, 4.985181808900945 ], [ -73.688236236401792, 4.985139847579733 ], [ -73.688187599695695, 4.985021591237835 ], [ -73.688039779408896, 4.984647751230738 ], [ -73.688016891243223, 4.984592437768311 ], [ -73.688004494092453, 4.984558105689657 ], [ -73.687994002722959, 4.984533309897406 ], [ -73.687980652140169, 4.984502793223013 ], [ -73.687967301014226, 4.984476090051242 ], [ -73.687679291094184, 4.983810424707236 ], [ -73.687662124120379, 4.98376655570314 ], [ -73.687648773026311, 4.983739853425427 ], [ -73.687618255165745, 4.983652115043252 ], [ -73.687604904264774, 4.983617782138168 ], [ -73.687574952769879, 4.983538407708471 ], [ -73.687572479238398, 4.983495713360164 ], [ -73.687597293286828, 4.983489719202667 ], [ -73.687611065815332, 4.983488684912306 ], [ -73.687640449854115, 4.983490064116663 ], [ -73.687707739818521, 4.983497172803813 ], [ -73.687772750529462, 4.983505249460245 ], [ -73.687921994025103, 4.983521427894127 ], [ -73.687957762925862, 4.98352432254827 ], [ -73.687989234669843, 4.983526229859463 ], [ -73.688023695160581, 4.983527399214553 ], [ -73.688060761392876, 4.983530043641617 ], [ -73.688153266512231, 4.983537674305601 ], [ -73.688184738076018, 4.983537673951281 ], [ -73.688243866391446, 4.983541488923002 ], [ -73.688273429646785, 4.98354339640777 ], [ -73.688318729664488, 4.983544078393465 ], [ -73.688360438563393, 4.983533747149407 ], [ -73.688385009005202, 4.983514786043255 ], [ -73.688405990106972, 4.983499527265959 ], [ -73.688451766937376, 4.983463287272996 ], [ -73.688503264895147, 4.983419417903386 ], [ -73.688581467056949, 4.983354568933353 ], [ -73.68861103065727, 4.983331680495133 ], [ -73.688648728846061, 4.983299961986456 ], [ -73.688676910537708, 4.983267162059386 ], [ -73.688702582810549, 4.983224869012457 ], [ -73.688767748823523, 4.983123873279388 ], [ -73.688787254176432, 4.983094391874735 ], [ -73.688834401894212, 4.983018535796052 ], [ -73.688867568741017, 4.982965468585137 ], [ -73.688884820792182, 4.982937618466976 ], [ -73.688902854863784, 4.982902526943494 ], [ -73.688912391864818, 4.982873916594623 ], [ -73.688922782480276, 4.982841825779937 ], [ -73.688945821185598, 4.982759235801998 ], [ -73.688951492014013, 4.982732773353087 ], [ -73.688989638721054, 4.98259544370659 ], [ -73.688999176436795, 4.982564926605606 ], [ -73.689024925677984, 4.982475280528554 ], [ -73.689039202178904, 4.982427926205428 ], [ -73.6890525817834, 4.982397079294077 ], [ -73.689069748382622, 4.982370375847658 ], [ -73.689086163564099, 4.982343909382706 ], [ -73.689108097642205, 4.982309725970902 ], [ -73.689153671437907, 4.98224067682904 ], [ -73.689174817644812, 4.982205524124055 ], [ -73.689310073963014, 4.98199272131358 ], [ -73.689325333327133, 4.981969833363235 ], [ -73.689351310972171, 4.981930579742833 ], [ -73.689374923685321, 4.981899261479922 ], [ -73.689401626714897, 4.98186683592666 ], [ -73.689418793117568, 4.981847763097906 ], [ -73.689630508602932, 4.981595993074332 ], [ -73.689716338899672, 4.981492995570208 ], [ -73.689733505282973, 4.981473921830673 ], [ -73.689759654398884, 4.98144338730939 ], [ -73.689790726082563, 4.981414796005166 ], [ -73.689832687017372, 4.981391907199722 ], [ -73.6898593900371, 4.981378554569873 ], [ -73.690038681387634, 4.981290817103551 ], [ -73.690061569426163, 4.981279373408438 ], [ -73.690091386444536, 4.981258214939701 ], [ -73.690112113320438, 4.981235504043808 ], [ -73.690130233824434, 4.981210709043732 ], [ -73.690187453413088, 4.981121063419041 ], [ -73.690219907794329, 4.981071154317524 ], [ -73.690239906955171, 4.981042862389507 ], [ -73.690261840963842, 4.981010437289262 ], [ -73.690277099555843, 4.980989456075168 ], [ -73.690352748509795, 4.980893477201366 ], [ -73.690380095817588, 4.980855942445014 ], [ -73.690398216115753, 4.980829238879897 ], [ -73.690418243783284, 4.980791092810148 ], [ -73.690471725014817, 4.980697283752254 ], [ -73.690490722734538, 4.980661393017102 ], [ -73.690514564457118, 4.980621338002809 ], [ -73.690536498600409, 4.980581283179919 ], [ -73.690566342653085, 4.980527271909102 ], [ -73.690580081617327, 4.980503654327313 ], [ -73.690647124186114, 4.980392456704345 ], [ -73.690668106702901, 4.980356216378559 ], [ -73.69068982014511, 4.980321725477554 ], [ -73.690711974637026, 4.980291367064818 ], [ -73.690734862574516, 4.980260849513752 ], [ -73.690752029056284, 4.980234146038836 ], [ -73.690774814263179, 4.980208951568478 ], [ -73.690813064834998, 4.980162938551195 ], [ -73.690834045693833, 4.98014068618796 ], [ -73.690864934710717, 4.980116144733706 ], [ -73.690902041121404, 4.980090047459663 ], [ -73.690929413431306, 4.9800739294412 ], [ -73.6909578813422, 4.980057086303602 ], [ -73.690994262216094, 4.980039596859729 ], [ -73.691040992142874, 4.98001861607161 ], [ -73.691079370453295, 4.980005094584778 ], [ -73.691120148132057, 4.97999763471162 ], [ -73.691152573108894, 4.979995727391954 ], [ -73.691192626580204, 4.979993820203274 ], [ -73.691262244907449, 4.979984283915906 ], [ -73.691297530869775, 4.979978561893619 ], [ -73.691331227923712, 4.979977290320751 ], [ -73.691359519642845, 4.979976654276709 ], [ -73.691393852566748, 4.979978562061153 ], [ -73.691427230987117, 4.97998237578684 ], [ -73.691511154537494, 4.97998428394869 ], [ -73.691564652768179, 4.979992454720594 ], [ -73.691612243103023, 4.980009079495468 ], [ -73.691635132422164, 4.980020523089032 ], [ -73.691684722980909, 4.980047226101735 ], [ -73.691711426025648, 4.980062485518594 ], [ -73.691750844031404, 4.98008282920667 ], [ -73.691789627211747, 4.980104446837587 ], [ -73.691814423209024, 4.980115890229586 ], [ -73.691856384005234, 4.980138778698642 ], [ -73.69188499463084, 4.980154037006824 ], [ -73.691927910122203, 4.980176926276785 ], [ -73.691955566060997, 4.980192184680272 ], [ -73.691987766606161, 4.980216411883066 ], [ -73.692016601805051, 4.980234145917926 ], [ -73.692037582137601, 4.980249405002616 ], [ -73.692090099411132, 4.980291114561862 ], [ -73.692135810907516, 4.980325698382861 ], [ -73.69216684511315, 4.98034857388718 ], [ -73.692196846294294, 4.980363845196149 ], [ -73.692253112748176, 4.980401991589889 ], [ -73.692379354084849, 4.980482456279042 ], [ -73.692445755095974, 4.980525971068951 ], [ -73.692476272996814, 4.980546952113853 ], [ -73.692646026910964, 4.980649947879915 ], [ -73.692810059048824, 4.980752945094262 ], [ -73.69283485366438, 4.980768203752199 ], [ -73.692877038827362, 4.980798476377786 ], [ -73.692909240609765, 4.980817795025085 ], [ -73.692972183140256, 4.980859756863808 ], [ -73.692998885918286, 4.980880738277991 ], [ -73.693032258897006, 4.980904301754115 ], [ -73.693071365308711, 4.98093032791817 ], [ -73.693100928169557, 4.980947494625746 ], [ -73.693140572562172, 4.980968516697853 ], [ -73.693197249773689, 4.980998993032184 ], [ -73.693234077226748, 4.981020210821911 ], [ -73.693257713305542, 4.981031227327304 ], [ -73.693317413270179, 4.981058121350627 ], [ -73.693346023060982, 4.981073379585564 ], [ -73.693387202075314, 4.98109325705979 ], [ -73.693426132350638, 4.981109619324233 ], [ -73.693457603124415, 4.98112106375473 ], [ -73.693485260354407, 4.981130600024096 ], [ -73.693510055122644, 4.981138228940296 ], [ -73.693544388166657, 4.981149673064116 ], [ -73.693572044498197, 4.981159211140366 ], [ -73.693603044784055, 4.981169446128604 ], [ -73.693653105649531, 4.981176376923179 ], [ -73.693693160649104, 4.981180190724261 ], [ -73.693730520680262, 4.981186073386387 ], [ -73.693762778975724, 4.981187820332305 ], [ -73.69379488655072, 4.981187819959256 ], [ -73.693835258400981, 4.981184006420925 ], [ -73.693873405043135, 4.981180191607086 ], [ -73.693909781869905, 4.981169208665754 ], [ -73.693936729551837, 4.981148338128677 ], [ -73.693964004582412, 4.981122970503115 ], [ -73.694028853742182, 4.981058119691619 ], [ -73.694047927749523, 4.981040954214645 ], [ -73.694068909060192, 4.981012344421221 ], [ -73.694087981379354, 4.980987549234241 ], [ -73.694102287657728, 4.980964660393925 ], [ -73.694143565762857, 4.980895760313351 ], [ -73.694167820319507, 4.980858084803489 ], [ -73.694190024297981, 4.980813979911608 ], [ -73.694200516124127, 4.980789183820552 ], [ -73.694213867236257, 4.98075294512383 ], [ -73.694225311358949, 4.980722427780958 ], [ -73.694257236259418, 4.980638633792013 ], [ -73.694269179949842, 4.980606078858643 ], [ -73.694278716689638, 4.980577469371877 ], [ -73.694287617974226, 4.980546951091688 ], [ -73.694295883609982, 4.980512619079272 ], [ -73.694307326901296, 4.980447769395958 ], [ -73.694312095602868, 4.98041915951016 ], [ -73.694321631670164, 4.980375289697569 ], [ -73.694333076607336, 4.98033523589356 ], [ -73.694356917988983, 4.98024177641888 ], [ -73.694363594261176, 4.980213165425225 ], [ -73.694370269239329, 4.98018074093503 ], [ -73.694374084346535, 4.980154037899377 ], [ -73.69437980714423, 4.980119704950057 ], [ -73.694386848905367, 4.98007048674571 ], [ -73.694392522034391, 4.980012893683487 ], [ -73.694393157759691, 4.979982375979888 ], [ -73.694393158032398, 4.979906083397432 ], [ -73.694393157478999, 4.979795455759971 ], [ -73.694391250886738, 4.979761123620849 ], [ -73.694388389527248, 4.979717254219387 ], [ -73.694384574186842, 4.97967147817038 ], [ -73.694381714005559, 4.979639052881106 ], [ -73.694375991685604, 4.979555130289752 ], [ -73.694372177013065, 4.979524611851239 ], [ -73.694369315225643, 4.979494094217235 ], [ -73.694362545063356, 4.979458999803131 ], [ -73.694355829096835, 4.979429978512704 ], [ -73.694339751759742, 4.979373932347193 ], [ -73.694326401352114, 4.979337691955904 ], [ -73.694307326981487, 4.979280471598446 ], [ -73.694292704067678, 4.979242324894183 ], [ -73.694278716998483, 4.979209900480628 ], [ -73.6942653646732, 4.979181288895125 ], [ -73.69425201396092, 4.979150772368327 ], [ -73.694232368640996, 4.979110976693697 ], [ -73.694219588652743, 4.979078293091453 ], [ -73.694202029967443, 4.979040593814914 ], [ -73.694178262858046, 4.978994051488885 ], [ -73.694153079574789, 4.978954023646519 ], [ -73.694124222004248, 4.978912354461448 ], [ -73.694110850125512, 4.97889003869287 ], [ -73.694077022420117, 4.978782102769824 ], [ -73.694053225880765, 4.978675618680914 ], [ -73.694029948278043, 4.978589005138237 ], [ -73.694011552154507, 4.978545200070513 ], [ -73.69397938384472, 4.978479383716951 ], [ -73.693940717620947, 4.978382482524208 ], [ -73.693911377785625, 4.978314551913334 ], [ -73.693891359516996, 4.978265831905703 ], [ -73.693879435500847, 4.978239658571413 ], [ -73.693861960460254, 4.978208541864952 ], [ -73.693841933814895, 4.978174209811688 ], [ -73.69382190594871, 4.978145599816543 ], [ -73.693799971417576, 4.978116989115025 ], [ -73.693780899016815, 4.978096008728226 ], [ -73.693757057309071, 4.978071213533211 ], [ -73.693718528994395, 4.97803440056846 ], [ -73.693702047324308, 4.978012633753961 ], [ -73.693678461369046, 4.977981311718886 ], [ -73.693634149433777, 4.977915623968554 ], [ -73.69361019119097, 4.977888106771414 ], [ -73.693555676278933, 4.977816273324031 ], [ -73.693515778347049, 4.977754591692422 ], [ -73.693445411595206, 4.977652326665733 ], [ -73.693425178550299, 4.977626800971282 ], [ -73.693393706930024, 4.977596283591195 ], [ -73.693362236022338, 4.977563858553964 ], [ -73.693331430202122, 4.977534931387558 ], [ -73.69328784919945, 4.977502823164322 ], [ -73.693246841561276, 4.97747230495675 ], [ -73.693224905716079, 4.977457046907031 ], [ -73.693183898985737, 4.977426528693745 ], [ -73.693132400779533, 4.977388381853917 ], [ -73.693080182353498, 4.977350090973795 ], [ -73.692983626951033, 4.977281570427602 ], [ -73.692941326951313, 4.977249113323902 ], [ -73.692914009351355, 4.97723197951446 ], [ -73.692892075323812, 4.977216719639543 ], [ -73.692606729070619, 4.977035549206564 ], [ -73.692523002889345, 4.976982117050781 ], [ -73.692482524443832, 4.976958839715992 ], [ -73.692443847000575, 4.976936340559633 ], [ -73.69241523812984, 4.976919174600097 ], [ -73.692388535209673, 4.976903915194931 ], [ -73.69235420202871, 4.976888655666404 ], [ -73.692332268216191, 4.976875306138888 ], [ -73.692308425556405, 4.976858139687648 ], [ -73.692281723165578, 4.976839065871965 ], [ -73.692250252010226, 4.97681236282846 ], [ -73.692214629300949, 4.976787530173898 ], [ -73.692184447497596, 4.976768493494425 ], [ -73.692132950188295, 4.976747512739768 ], [ -73.692075729809943, 4.976722717255503 ], [ -73.692029953396471, 4.976701735909183 ], [ -73.691997910384231, 4.976688195186074 ], [ -73.691973415392752, 4.976678851877675 ], [ -73.691927909535522, 4.976665497239577 ], [ -73.691880514688378, 4.976646599894454 ], [ -73.691841125299092, 4.976629257000731 ], [ -73.691818237907455, 4.976617813395421 ], [ -73.691736754105733, 4.976576416541857 ], [ -73.691692352113833, 4.976552964090189 ], [ -73.69166374165674, 4.976537703939756 ], [ -73.6916275020006, 4.976514815749724 ], [ -73.691608428997938, 4.976495742938895 ], [ -73.691587448431079, 4.97647666941574 ], [ -73.69156265292284, 4.976459503028305 ], [ -73.691542624522782, 4.976442337063682 ], [ -73.691522576555201, 4.97641939204556 ], [ -73.691489013624917, 4.976370907867221 ], [ -73.691466144696989, 4.976334782354147 ], [ -73.6914529795649, 4.976301193208736 ], [ -73.691446304621863, 4.976270675922136 ], [ -73.691438674994473, 4.976240157827727 ], [ -73.691432069299253, 4.97621373812613 ], [ -73.691423416803858, 4.976171493730801 ], [ -73.691413879401253, 4.97612953170665 ], [ -73.691406250255426, 4.976097742142236 ], [ -73.691404342475096, 4.976064682342501 ], [ -73.691404343255599, 4.975961685243099 ], [ -73.691404341992623, 4.975837707556591 ], [ -73.691404978914392, 4.975811640424771 ], [ -73.691411048131584, 4.975766709132346 ], [ -73.691420684916039, 4.975722341504706 ], [ -73.691431046365764, 4.975692749300564 ], [ -73.691444913224231, 4.975653445912317 ], [ -73.691455925204934, 4.975629848384023 ], [ -73.691472053260853, 4.975597382308201 ], [ -73.691498756252088, 4.975540161718703 ], [ -73.691517787355394, 4.975502700836182 ], [ -73.691550308419011, 4.97544350765977 ], [ -73.691573142790929, 4.975399017580276 ], [ -73.691596503605453, 4.975355753168169 ], [ -73.691611631221349, 4.975320092727831 ], [ -73.691623688329827, 4.975294113151487 ], [ -73.691634178022696, 4.975265503597655 ], [ -73.691648483043977, 4.975226720099371 ], [ -73.691663741927215, 4.975194930938718 ], [ -73.691687595633397, 4.975154472287752 ], [ -73.691722869875719, 4.975101471570563 ], [ -73.691743850428253, 4.975074768609428 ], [ -73.691770554375935, 4.975046158316985 ], [ -73.691812302686273, 4.975001555159461 ], [ -73.691837310454446, 4.974977493164321 ], [ -73.691865920523952, 4.974952697987526 ], [ -73.691889763869327, 4.974931716791921 ], [ -73.691917418911586, 4.974912643772109 ], [ -73.691943168912061, 4.974891663287232 ], [ -73.691967964227771, 4.974870681994445 ], [ -73.691994094944377, 4.974845313863208 ], [ -73.692012487358284, 4.974823611707308 ], [ -73.692037583190483, 4.974790573318119 ], [ -73.692057379076431, 4.974757088921058 ], [ -73.692071095021049, 4.974724533064784 ], [ -73.692083359380462, 4.974691391414437 ], [ -73.69209957146461, 4.974641799783368 ], [ -73.692121299671768, 4.974587106528803 ], [ -73.692149162495838, 4.974521636903122 ], [ -73.692162800182473, 4.974486732757716 ], [ -73.692174626881794, 4.974463079164321 ], [ -73.692199706612257, 4.974412918045526 ], [ -73.692228316534838, 4.974359512556348 ], [ -73.69223976143482, 4.974336624054446 ], [ -73.692269210446369, 4.974274498395767 ], [ -73.692293167049215, 4.974229811651567 ], [ -73.692315934962124, 4.97418483928371 ], [ -73.692344952230528, 4.974139595195345 ], [ -73.692357639714018, 4.974115901782367 ], [ -73.69239044202925, 4.974050521076831 ], [ -73.692403792297597, 4.974023819785787 ], [ -73.692421155088397, 4.973992604863676 ], [ -73.692434024649188, 4.973963546657487 ], [ -73.692451476850252, 4.973924636768715 ], [ -73.692462921737501, 4.97390174916972 ], [ -73.692494391825548, 4.973836899262973 ], [ -73.692514621855764, 4.973791481603685 ], [ -73.692528724630264, 4.973758697286428 ], [ -73.692545890484908, 4.973718642923383 ], [ -73.692560195420157, 4.973691939722376 ], [ -73.692573548382981, 4.973665238426725 ], [ -73.692586899011729, 4.973642348823549 ], [ -73.692606965357513, 4.973606094956541 ], [ -73.692703247214482, 4.97345924367952 ], [ -73.69271850539225, 4.973436355689319 ], [ -73.692737579203197, 4.973409651997618 ], [ -73.692751884315356, 4.97338485735391 ], [ -73.692776679467229, 4.973344803111764 ], [ -73.692834854428554, 4.973253249625144 ], [ -73.692862510903794, 4.973213195992525 ], [ -73.692889212884936, 4.973175049207722 ], [ -73.692915915241386, 4.973140716826657 ], [ -73.692934035828543, 4.973119736193309 ], [ -73.692968368163676, 4.973073959813088 ], [ -73.692983626513211, 4.973052978568711 ], [ -73.693006515223317, 4.973024368635236 ], [ -73.693025589202733, 4.972999573497774 ], [ -73.693050384894221, 4.972965241308166 ], [ -73.693067549890131, 4.97294425986731 ], [ -73.693084716310665, 4.972919464019924 ], [ -73.69310506173359, 4.972892125512232 ], [ -73.693121909720659, 4.972862244126191 ], [ -73.693137243242248, 4.972830319124061 ], [ -73.693153382222448, 4.972795487449367 ], [ -73.693185805929645, 4.972721100057039 ], [ -73.69319877352487, 4.972692648062691 ], [ -73.693212068856027, 4.972658334300275 ], [ -73.693242391142576, 4.972578047875571 ], [ -73.693257331612216, 4.972545623747844 ], [ -73.693273544763102, 4.972517013590809 ], [ -73.693300247075712, 4.972482681199969 ], [ -73.693325996750659, 4.972459793024276 ], [ -73.693346023244587, 4.972440718938326 ], [ -73.693397285200689, 4.9723905628289 ], [ -73.693420289124646, 4.97236861779203 ], [ -73.693447112845263, 4.972333907901126 ], [ -73.69347190816282, 4.972305298666008 ], [ -73.693515776845928, 4.972246170415135 ], [ -73.693532943614656, 4.97222518896447 ], [ -73.693557262660207, 4.972201919489492 ], [ -73.69357750879567, 4.972185802574998 ], [ -73.693614960366034, 4.972154618077556 ], [ -73.693660736353223, 4.972120284608438 ], [ -73.69370460478649, 4.972085953144376 ], [ -73.69373779872609, 4.972062176596046 ], [ -73.693771361774907, 4.97204017609336 ], [ -73.693792343305063, 4.972024918111068 ], [ -73.693994521889223, 4.971879958817787 ], [ -73.694017410056475, 4.971864700632211 ], [ -73.694055556568514, 4.971837996742319 ], [ -73.694078446153569, 4.971818924149451 ], [ -73.694139479919031, 4.971776962068597 ], [ -73.694172859026594, 4.971755981632109 ], [ -73.694200515156865, 4.971740722944958 ], [ -73.694238347508545, 4.9717199269523 ], [ -73.694274902850367, 4.971700668923859 ], [ -73.694301604683503, 4.971689224737118 ], [ -73.69436189650952, 4.971666901039388 ], [ -73.694412232002506, 4.971647262885059 ], [ -73.694444656093438, 4.971632004596026 ], [ -73.694472312726518, 4.971612930589769 ], [ -73.694511967950447, 4.971586257666904 ], [ -73.694565109314169, 4.971549872988125 ], [ -73.694602295548648, 4.971523893146228 ], [ -73.694628714941445, 4.971500396996991 ], [ -73.694656372333782, 4.971462249155592 ], [ -73.694681167692821, 4.971426010173816 ], [ -73.694698332920311, 4.971399307549062 ], [ -73.694735344849079, 4.97135424772262 ], [ -73.694775441166257, 4.971308510449385 ], [ -73.694807053098401, 4.971273421723322 ], [ -73.694830172154965, 4.971251209564039 ], [ -73.694862365535883, 4.971227645784942 ], [ -73.694883346109691, 4.971212386870681 ], [ -73.694917678422286, 4.97119522070699 ], [ -73.694957733696384, 4.971172332785973 ], [ -73.694982527946181, 4.971160888777026 ], [ -73.695013046449716, 4.971147538318064 ], [ -73.695038501490501, 4.971133778724808 ], [ -73.695063590846999, 4.971124959688929 ], [ -73.69511122681719, 4.971112538670876 ], [ -73.69515991212505, 4.971101760854116 ], [ -73.695187569177179, 4.971096039496787 ], [ -73.695230484453162, 4.971083958283555 ], [ -73.695263545505711, 4.971071243129146 ], [ -73.695295333589371, 4.971057891319536 ], [ -73.695326805146152, 4.971046447496447 ], [ -73.695350646707709, 4.971036911229022 ], [ -73.695465129046752, 4.970981580720347 ], [ -73.695503234150465, 4.970956802557989 ], [ -73.695525169375699, 4.970941544429235 ], [ -73.695577061790203, 4.970900861539628 ], [ -73.695616749088572, 4.970871305328062 ], [ -73.695652854990257, 4.970836582861769 ], [ -73.695686340177517, 4.97079467868853 ], [ -73.695760726784599, 4.970693587747144 ], [ -73.695779800792749, 4.970670701110701 ], [ -73.69581794699674, 4.970624924218729 ], [ -73.695851464402068, 4.970581925910186 ], [ -73.695883751070369, 4.970546722407511 ], [ -73.695910453956515, 4.970520020553519 ], [ -73.695941491932018, 4.9704978588277 ], [ -73.695974985684188, 4.970473606767824 ], [ -73.696002959807416, 4.970457077119426 ], [ -73.696030025366369, 4.970443215343638 ], [ -73.696059227127449, 4.97043228156932 ], [ -73.696090698637761, 4.97042083771557 ], [ -73.696117401367459, 4.970418929924334 ], [ -73.696153640414167, 4.970420837325542 ], [ -73.696182886763694, 4.970424016335921 ], [ -73.696243047811294, 4.970432879327608 ], [ -73.696316718763939, 4.970441818542217 ], [ -73.696347236473869, 4.970447540947267 ], [ -73.696392059167081, 4.970455170375242 ], [ -73.696424484421939, 4.970460891666765 ], [ -73.696480749879555, 4.97047042842016 ], [ -73.696517944197922, 4.970478057752531 ], [ -73.696555137110181, 4.970489502391345 ], [ -73.696601866647697, 4.970499038348376 ], [ -73.696631432193826, 4.970502853186999 ], [ -73.696666360951099, 4.970506388154866 ], [ -73.696721614008297, 4.97050993150814 ], [ -73.696772893230417, 4.970506668335007 ], [ -73.696800231908412, 4.970502854000268 ], [ -73.696832020957217, 4.970496495646213 ], [ -73.6968631738916, 4.970487595028366 ], [ -73.696888923348254, 4.970481872906425 ], [ -73.696933498652314, 4.970467892138516 ], [ -73.696980476601112, 4.970457077089264 ], [ -73.697016715348155, 4.970447540332212 ], [ -73.697045326118342, 4.970441817894638 ], [ -73.697170257081666, 4.970418929712678 ], [ -73.697207450898844, 4.970413208147554 ], [ -73.697258948894913, 4.970401764783383 ], [ -73.697312355735889, 4.970394134703249 ], [ -73.697351455490448, 4.970390320577899 ], [ -73.697378157806469, 4.970384598335134 ], [ -73.697416305389623, 4.970378875749991 ], [ -73.697620392092446, 4.970346450557106 ], [ -73.697666929789307, 4.970336603328405 ], [ -73.697705268584528, 4.970327377429464 ], [ -73.697737693526491, 4.970321655452181 ], [ -73.69783401457569, 4.970304489615739 ], [ -73.697872161041644, 4.970296859353497 ], [ -73.697924570890876, 4.97028505118161 ], [ -73.69796371491438, 4.970270156659619 ], [ -73.697986602018304, 4.970254898357063 ], [ -73.698015212542728, 4.970230102064701 ], [ -73.698038101742483, 4.970209121704432 ], [ -73.698074916214154, 4.97017478931957 ], [ -73.698120116814309, 4.970138550356037 ], [ -73.69814491215115, 4.970121383280753 ], [ -73.698178376812962, 4.970103034198992 ], [ -73.698232651163721, 4.970071791853166 ], [ -73.698266696461701, 4.970050430450234 ], [ -73.698294462949946, 4.970029606000815 ], [ -73.698324204320286, 4.970005035644936 ], [ -73.69834518365802, 4.969987868984846 ], [ -73.698465319243155, 4.969882543015217 ], [ -73.698498726599738, 4.969854355270224 ], [ -73.698525337060403, 4.969827422661809 ], [ -73.698555946144054, 4.969791412701378 ], [ -73.698574067355707, 4.969770431042851 ], [ -73.698663711390537, 4.969655990930057 ], [ -73.698680877718218, 4.969633102628388 ], [ -73.698713302131949, 4.969589234793818 ], [ -73.698732375791124, 4.96956443681761 ], [ -73.698751449247837, 4.969537734808355 ], [ -73.698772303648965, 4.969506495259076 ], [ -73.698799133620597, 4.969465255919646 ], [ -73.698888778726769, 4.969327925762648 ], [ -73.698925972334294, 4.969270705632962 ], [ -73.698946952496627, 4.969236374608461 ], [ -73.699028015170356, 4.969079970674178 ], [ -73.699042320449536, 4.969051361536 ], [ -73.699056625316445, 4.96901893709276 ], [ -73.699075699317945, 4.968980790066127 ], [ -73.699126913793137, 4.968870857521381 ], [ -73.699142455435094, 4.968841552968311 ], [ -73.699167252331122, 4.96879768325072 ], [ -73.699253925671769, 4.968654153628935 ], [ -73.699284553339851, 4.968605041637143 ], [ -73.699301298627674, 4.968575681508361 ], [ -73.699325561004784, 4.968530654912062 ], [ -73.699371337791149, 4.968450545601002 ], [ -73.699384689687349, 4.968425750964891 ], [ -73.699409484337977, 4.968378066844285 ], [ -73.699424742660653, 4.96835136434364 ], [ -73.699438094757753, 4.968328475549351 ], [ -73.699501991143165, 4.968221664317884 ], [ -73.69952138267162, 4.968188603719291 ], [ -73.69953531138502, 4.968153761620494 ], [ -73.699549459689067, 4.968108101414807 ], [ -73.699558258234347, 4.96807289100842 ], [ -73.699566841557541, 4.968042373945006 ], [ -73.699576377410324, 4.968000412671216 ], [ -73.699588775699056, 4.967935561961417 ], [ -73.699599336638954, 4.967880798057593 ], [ -73.699611663604898, 4.967828750776183 ], [ -73.69962056469835, 4.967782973965521 ], [ -73.699627876137257, 4.967756271745926 ], [ -73.699643270035764, 4.96771439837503 ], [ -73.69965553285094, 4.967674255890441 ], [ -73.699668883843302, 4.967624664485083 ], [ -73.699679374357231, 4.967582703103518 ], [ -73.699687957876364, 4.967554091882132 ], [ -73.699693679886991, 4.967523575138108 ], [ -73.699711747841789, 4.967466721867718 ], [ -73.699728965770944, 4.967424393177418 ], [ -73.699742316679547, 4.967382431476731 ], [ -73.699754715134645, 4.967344284281189 ], [ -73.699764406844878, 4.967309805943242 ], [ -73.699771250097939, 4.967269539797154 ], [ -73.699773787924883, 4.967234039204126 ], [ -73.699773788205377, 4.967164992681651 ], [ -73.699772834047465, 4.967136383431235 ], [ -73.699769974158457, 4.967107772582167 ], [ -73.699766159211507, 4.967050553388401 ], [ -73.699761118328198, 4.967004775979807 ], [ -73.699760539062467, 4.966973143770172 ], [ -73.699760437004755, 4.966920852661972 ], [ -73.699763297290602, 4.966819763955058 ], [ -73.699765204830285, 4.966775268742769 ], [ -73.699768266664563, 4.9667446652291 ], [ -73.699777343607465, 4.966686821515336 ], [ -73.699786205013766, 4.966646209344852 ], [ -73.699796101972197, 4.96660699966671 ], [ -73.699809074090226, 4.966566086310192 ], [ -73.699819565411886, 4.966531752822927 ], [ -73.699832916305439, 4.966489792027586 ], [ -73.699841498420085, 4.966464997017607 ], [ -73.699860953272918, 4.96641674028684 ], [ -73.699875053867217, 4.96639262266744 ], [ -73.69988985083863, 4.966368293453949 ], [ -73.69992160802046, 4.9663276678582 ], [ -73.699937490740368, 4.966292447222142 ], [ -73.699947992684116, 4.966259638577859 ], [ -73.699955939443242, 4.966222763045563 ], [ -73.69996325222499, 4.966194788452266 ], [ -73.699974377594273, 4.966166178153899 ], [ -73.700003695658921, 4.966135726876369 ], [ -73.700043678408377, 4.966112136539356 ], [ -73.700078377491991, 4.966100044777863 ], [ -73.70012173220897, 4.966088389071395 ], [ -73.700160026175666, 4.966079712425072 ], [ -73.700192451157321, 4.966068268306224 ], [ -73.700227736738483, 4.96605873061292 ], [ -73.700256347972896, 4.966051101317787 ], [ -73.700286865421049, 4.966039658313872 ], [ -73.700315474225903, 4.966026306966953 ], [ -73.700349807010099, 4.966009139669509 ], [ -73.70038509307264, 4.965995788473326 ], [ -73.700412876946558, 4.965983962853102 ], [ -73.700438308646767, 4.965974044665773 ], [ -73.700477451409242, 4.965962531867007 ], [ -73.700513840298754, 4.965951918803047 ], [ -73.700545311224303, 4.965946197733021 ], [ -73.700590559127875, 4.965938071136095 ], [ -73.700646400350763, 4.96592903195105 ], [ -73.700672149582658, 4.9659233097102 ], [ -73.700704574267675, 4.965917586715374 ], [ -73.700729370427325, 4.965909957832183 ], [ -73.700757981161928, 4.965906142916864 ], [ -73.700786590576953, 4.965898514507371 ], [ -73.700827599146749, 4.965892792346177 ], [ -73.700867808218163, 4.965885331701729 ], [ -73.700919750472607, 4.965879730047202 ], [ -73.701008796821313, 4.965879439995346 ], [ -73.701050946878368, 4.96587888391991 ], [ -73.701129913325914, 4.965871811037753 ], [ -73.701188567017738, 4.965866966016989 ], [ -73.701239586026631, 4.965860366244883 ], [ -73.701288319957811, 4.965853415058534 ], [ -73.701330184805599, 4.965845108301454 ], [ -73.701372146706618, 4.965835571600525 ], [ -73.701425552461885, 4.965822220099822 ], [ -73.701478757929891, 4.965809753857089 ], [ -73.701530136468165, 4.965795005437911 ], [ -73.701562882118182, 4.96577453576814 ], [ -73.701582907954702, 4.965753554743371 ], [ -73.701608657339293, 4.965724945170818 ], [ -73.701627732115242, 4.965703964251181 ], [ -73.70165681227958, 4.965677323945032 ], [ -73.701697349271555, 4.96564292863497 ], [ -73.701719284222662, 4.965620040640435 ], [ -73.701751709046135, 4.96559143120581 ], [ -73.701776995985796, 4.965562407649352 ], [ -73.701800346334963, 4.965524674119489 ], [ -73.701808457730678, 4.965487438231356 ], [ -73.701810639764219, 4.96544921500416 ], [ -73.701808929664367, 4.965414048339406 ], [ -73.701808928292195, 4.965385437184336 ], [ -73.701808928514723, 4.965354920185688 ], [ -73.701810130678339, 4.965299683882306 ], [ -73.701817310208028, 4.965260117812963 ], [ -73.701828002724113, 4.96522331265531 ], [ -73.701843261788312, 4.965196609214342 ], [ -73.70186424205589, 4.96517372223262 ], [ -73.70188585977094, 4.965157190998464 ], [ -73.701919601867459, 4.965141286675653 ], [ -73.701962470407153, 4.965122223391115 ], [ -73.702008247569893, 4.965106964169379 ], [ -73.702037810958075, 4.965093612647624 ], [ -73.702070119623912, 4.965080628332527 ], [ -73.702116012155912, 4.965059280423302 ], [ -73.70216280837235, 4.965038362310013 ], [ -73.70220285671293, 4.965015508427564 ], [ -73.702230739827542, 4.964998626634456 ], [ -73.702262073517986, 4.964973275286515 ], [ -73.702299118616452, 4.964946746844872 ], [ -73.70232582096331, 4.964927673591407 ], [ -73.70234870889341, 4.964914321920738 ], [ -73.702399776333422, 4.964887064541964 ], [ -73.702427863437009, 4.964868546360729 ], [ -73.702448843883829, 4.96484756430096 ], [ -73.702472687000039, 4.964822770225849 ], [ -73.702495574068038, 4.964801787945833 ], [ -73.702521324231526, 4.964780808047842 ], [ -73.702545165701295, 4.964765548610202 ], [ -73.70257759061262, 4.964746475592565 ], [ -73.702610015949119, 4.96473121697113 ], [ -73.702652500205559, 4.964707189457525 ], [ -73.702695745101295, 4.964695930089103 ], [ -73.702724417312936, 4.96469400277424 ], [ -73.702759260129397, 4.964696782814907 ], [ -73.702792223016601, 4.964693241008935 ], [ -73.702827453676747, 4.964687347515942 ], [ -73.702853202616424, 4.964679717548132 ], [ -73.702878951986008, 4.964675903786624 ], [ -73.702911255402711, 4.96466481894768 ], [ -73.702936172483703, 4.964653014386752 ], [ -73.702993393709662, 4.964620590344884 ], [ -73.703027248940984, 4.964597397321129 ], [ -73.70305347497019, 4.964569092169511 ], [ -73.703067779520069, 4.964544296471679 ], [ -73.703080269078569, 4.964510597015895 ], [ -73.703090667542654, 4.964468003145917 ], [ -73.703099235280149, 4.964422948835272 ], [ -73.703107833886719, 4.964391708674364 ], [ -73.703123092062896, 4.964349746718621 ], [ -73.703138351140751, 4.964307785666741 ], [ -73.703150172292112, 4.964277707659062 ], [ -73.703164099665628, 4.964248657249984 ], [ -73.703184158144552, 4.96421513615279 ], [ -73.703205108425905, 4.964181900976943 ], [ -73.703233544130953, 4.964156051333133 ], [ -73.703264236084124, 4.964132308741746 ], [ -73.703290939054867, 4.964111327805384 ], [ -73.703330039598484, 4.96408653283734 ], [ -73.70337009437128, 4.96405792245327 ], [ -73.703425598591764, 4.964021428807451 ], [ -73.703457355740824, 4.963997269698224 ], [ -73.703488350497452, 4.963966370369089 ], [ -73.703548431228299, 4.963911056859701 ], [ -73.703602424179806, 4.963861083655563 ], [ -73.703628539684104, 4.963836669924481 ], [ -73.703647613439813, 4.963815688963009 ], [ -73.703664778769991, 4.963794709130175 ], [ -73.703681945686029, 4.963771820739302 ], [ -73.703708694818317, 4.963729713500254 ], [ -73.703751902597588, 4.963665632630837 ], [ -73.703794649267266, 4.963602392052005 ], [ -73.703823089376314, 4.96356201238194 ], [ -73.70383739499816, 4.963539124323697 ], [ -73.703853607237917, 4.963516235137734 ], [ -73.703869818827926, 4.963487625713996 ], [ -73.703887939308771, 4.963455200762876 ], [ -73.703905105124761, 4.963422775924279 ], [ -73.703916549241299, 4.96339798054978 ], [ -73.70393523133194, 4.963351428608171 ], [ -73.703960570306734, 4.963294198307014 ], [ -73.703989029318038, 4.963220595802578 ], [ -73.704009201418899, 4.963164088640893 ], [ -73.704021453976367, 4.963129042851833 ], [ -73.704027175304702, 4.963102340497376 ], [ -73.704036713111464, 4.963056563898552 ], [ -73.70404586333828, 4.963018846361945 ], [ -73.704069961543922, 4.962949652030424 ], [ -73.704083442809832, 4.962913513551848 ], [ -73.70410507966993, 4.962867499622594 ], [ -73.704140212878343, 4.962807241745929 ], [ -73.704156875684674, 4.962783813625711 ], [ -73.704183578203498, 4.962743758869933 ], [ -73.704201697936185, 4.962720871265074 ], [ -73.704226492898769, 4.962688446431262 ], [ -73.704244614214332, 4.962663650268023 ], [ -73.704268454261509, 4.962636947594361 ], [ -73.70429134393838, 4.962608337377795 ], [ -73.704327583138351, 4.962568283306783 ], [ -73.704356193377293, 4.962530136877544 ], [ -73.704374313563477, 4.962503433062252 ], [ -73.704389572004132, 4.962480544885926 ], [ -73.704404831345158, 4.962457655803464 ], [ -73.704454421508572, 4.962379455283646 ], [ -73.704481124026245, 4.962331772631675 ], [ -73.704492569226687, 4.962308883996793 ], [ -73.704508781477784, 4.962270737214435 ], [ -73.704522361084884, 4.962232917215177 ], [ -73.704536437674207, 4.962182999211092 ], [ -73.704549790010248, 4.962141036557734 ], [ -73.704560279890657, 4.962112426893949 ], [ -73.704572677535381, 4.962078094957276 ], [ -73.704595566394659, 4.9620189668468 ], [ -73.704607009811809, 4.961988449419602 ], [ -73.704615593072177, 4.961959839074682 ], [ -73.704629897602501, 4.961912155167369 ], [ -73.70465087921194, 4.961839676440275 ], [ -73.704660414917015, 4.961799621889067 ], [ -73.704669951933042, 4.961771012336321 ], [ -73.704681397176628, 4.961732865208497 ], [ -73.704694933626158, 4.961687550394519 ], [ -73.704704446875994, 4.961651849618575 ], [ -73.704727172838943, 4.961549758814387 ], [ -73.7047386172313, 4.961496353195784 ], [ -73.704746245632919, 4.961458207425164 ], [ -73.704751968511161, 4.96142959651184 ], [ -73.704758644054351, 4.961391449043006 ], [ -73.704764247391765, 4.961336910314721 ], [ -73.704765319497611, 4.961257934418938 ], [ -73.704765546026366, 4.96122224898094 ], [ -73.70476722704899, 4.961187362878623 ], [ -73.704769135142499, 4.961153030368134 ], [ -73.704771995255626, 4.961040497638357 ], [ -73.70477294899429, 4.960985184701998 ], [ -73.704774856461356, 4.960937500446323 ], [ -73.704775810332663, 4.960906982445462 ], [ -73.70478057604744, 4.960875162668517 ], [ -73.704786386949067, 4.960847874709543 ], [ -73.704793523908165, 4.960817695805945 ], [ -73.70480823165623, 4.960759713954718 ], [ -73.704815864304592, 4.960723876726756 ], [ -73.704820632985431, 4.960691452434904 ], [ -73.704828262744684, 4.960649489551439 ], [ -73.704833592546322, 4.960612694620251 ], [ -73.704841613820562, 4.96057319642382 ], [ -73.704849243084396, 4.960542677635762 ], [ -73.704856872568442, 4.960514068308157 ], [ -73.704864501614338, 4.960481643679432 ], [ -73.704875946123181, 4.960453033901281 ], [ -73.704891916959014, 4.960425529676817 ], [ -73.704917908243857, 4.960393906252765 ], [ -73.704947470729863, 4.960367202892185 ], [ -73.704968452305096, 4.960350036986138 ], [ -73.704996109051521, 4.960330962640578 ], [ -73.705029452152814, 4.960314356380275 ], [ -73.705065726616638, 4.960296630272498 ], [ -73.705096245040252, 4.960289001488675 ], [ -73.705123901072739, 4.960279465392905 ], [ -73.705170304843691, 4.960269227853203 ], [ -73.705208287297395, 4.960264160272613 ], [ -73.705246925313318, 4.960260391509279 ], [ -73.705288887221258, 4.96025466991679 ], [ -73.705325126589827, 4.960248947191264 ], [ -73.705358504690295, 4.960243225708653 ], [ -73.705385208300441, 4.960237503205871 ], [ -73.705411910325637, 4.960233688354369 ], [ -73.70543861303328, 4.960227966755466 ], [ -73.705470084982693, 4.960218430191694 ], [ -73.705505253774703, 4.960204666242012 ], [ -73.705556869672449, 4.960180282244223 ], [ -73.705588341176622, 4.960166931279758 ], [ -73.70561599719332, 4.960157394260132 ], [ -73.705657958886846, 4.960142135298262 ], [ -73.705687522413754, 4.960132598953487 ], [ -73.705749001494397, 4.960114067627422 ], [ -73.705812454384684, 4.960092545112897 ], [ -73.705869511787725, 4.960077144223318 ], [ -73.705901146749198, 4.960063934244228 ], [ -73.705930709603592, 4.960048675844051 ], [ -73.705959320266615, 4.960039138696371 ], [ -73.705992698822115, 4.960021973091183 ], [ -73.706033706960937, 4.960008620967148 ], [ -73.706091562612926, 4.959989547794686 ], [ -73.706132889032148, 4.959981919180805 ], [ -73.706157684887671, 4.959974289227825 ], [ -73.706193661951318, 4.959968849084897 ], [ -73.706220913394276, 4.95996665982412 ], [ -73.706253687131621, 4.959962844785651 ], [ -73.706349854026897, 4.95996284515037 ], [ -73.706386565945891, 4.959962844815559 ], [ -73.706424713015778, 4.959959030358768 ], [ -73.706469473761473, 4.95995658255366 ], [ -73.706516812563251, 4.959949154723234 ], [ -73.706545736885374, 4.959939304101288 ], [ -73.70658026166717, 4.959918177150068 ], [ -73.706597899959135, 4.959896660120434 ], [ -73.70662298432471, 4.959860815082033 ], [ -73.706649144846111, 4.959817886695816 ], [ -73.706668853184752, 4.959793090600484 ], [ -73.706689834700882, 4.959768295857909 ], [ -73.706715582953379, 4.959749221681734 ], [ -73.706760406764104, 4.959726334425134 ], [ -73.706786802855774, 4.959714025014752 ], [ -73.706844698629766, 4.959700489173807 ], [ -73.706880569107881, 4.959695816514142 ], [ -73.706912040772565, 4.959692001933409 ], [ -73.707084655997335, 4.959692000945598 ], [ -73.707111359333766, 4.959692001328276 ], [ -73.707144440188273, 4.95968766918897 ], [ -73.707189501503024, 4.95968024918117 ], [ -73.707214362913405, 4.9596740462392 ], [ -73.707265854119711, 4.959653854017641 ], [ -73.707291284731497, 4.959637323996722 ], [ -73.70732307378394, 4.959613799993825 ], [ -73.707359743139733, 4.959581462816654 ], [ -73.70743942172794, 4.959520339961906 ], [ -73.707464217771346, 4.959499359130473 ], [ -73.707487105852721, 4.959482192925804 ], [ -73.707517623743882, 4.959455490256853 ], [ -73.707538604988656, 4.959436415727819 ], [ -73.707565306956923, 4.959417343217308 ], [ -73.70760929687529, 4.959386744758008 ], [ -73.707759857032713, 4.959283828345505 ], [ -73.707803490405723, 4.959253127092428 ], [ -73.707828521453735, 4.959234238259414 ], [ -73.707850456210252, 4.959213256861517 ], [ -73.707877159732931, 4.959184646995889 ], [ -73.707916901735274, 4.959145807101065 ], [ -73.707952499039465, 4.959108351704288 ], [ -73.707969664793367, 4.959085465048012 ], [ -73.707998640889343, 4.959053971360718 ], [ -73.70807647701038, 4.958955764372329 ], [ -73.708103180285761, 4.958925246850903 ], [ -73.708122254438578, 4.958902359052074 ], [ -73.708148955904207, 4.958871840626319 ], [ -73.708206176545076, 4.958803177227932 ], [ -73.708231925379792, 4.958774566565256 ], [ -73.708253859199104, 4.958745956370511 ], [ -73.708285331208742, 4.958700179776971 ], [ -73.708385467928451, 4.958562851098732 ], [ -73.708450317165358, 4.958475112969311 ], [ -73.708469391294088, 4.958452225163738 ], [ -73.708489418043627, 4.958427429592113 ], [ -73.708517074357829, 4.958398818687004 ], [ -73.708539962363162, 4.95837402366686 ], [ -73.708575371343684, 4.958337730413259 ], [ -73.708605448409116, 4.958309809202326 ], [ -73.708632469043891, 4.958290101037367 ], [ -73.708657582173657, 4.958272934226091 ], [ -73.708691915436845, 4.958255132202672 ], [ -73.708718299492872, 4.958244324064549 ], [ -73.708744048538293, 4.95823287951668 ], [ -73.708793640724522, 4.958223343292585 ], [ -73.708849906455711, 4.958206177455262 ], [ -73.708883285072375, 4.958198547258284 ], [ -73.708908080590447, 4.95818901137662 ], [ -73.708943366925368, 4.958175659802739 ], [ -73.708972930529484, 4.958168030073736 ], [ -73.708999634450691, 4.958158493046889 ], [ -73.709027289646158, 4.958150863552824 ], [ -73.709097839784889, 4.958131810921938 ], [ -73.709150314156517, 4.958116532343985 ], [ -73.709179877983672, 4.958110809350383 ], [ -73.709234236876952, 4.958099365761563 ], [ -73.709265414890524, 4.958090201291132 ], [ -73.709343207993726, 4.958067820576918 ], [ -73.709418125134675, 4.958046885442255 ], [ -73.70947551706729, 4.958030700225459 ], [ -73.70950285621339, 4.958023706331944 ], [ -73.709528298195522, 4.958017101795417 ], [ -73.709554412305806, 4.958011249460559 ], [ -73.709609349753322, 4.958003361702206 ], [ -73.709635733572014, 4.957998276478162 ], [ -73.709740639218182, 4.957969666752724 ], [ -73.7097721100711, 4.957960129103567 ], [ -73.709812246061404, 4.957949898000594 ], [ -73.709874432656633, 4.95793602157737 ], [ -73.709905623955322, 4.95792579736038 ], [ -73.709939956729968, 4.957914353506055 ], [ -73.709980010646419, 4.957899093637067 ], [ -73.710010528410095, 4.957887649352354 ], [ -73.710038217303662, 4.957874424435388 ], [ -73.710061242667408, 4.957860035322944 ], [ -73.71008614138097, 4.95783394491658 ], [ -73.710103034611905, 4.957809448593875 ], [ -73.71011543239932, 4.957786560683619 ], [ -73.710143088499564, 4.95772743186786 ], [ -73.71015357945096, 4.957702636547089 ], [ -73.710169323158397, 4.957657899386137 ], [ -73.710186672110211, 4.957625008193988 ], [ -73.710208892800892, 4.957593918061117 ], [ -73.710230360926161, 4.957570403224132 ], [ -73.710259327357065, 4.957540163741332 ], [ -73.710295677741485, 4.957504273013551 ], [ -73.710318564772095, 4.957487106731119 ], [ -73.710342406891485, 4.957466125934182 ], [ -73.710371970846424, 4.957447052066396 ], [ -73.71040750177869, 4.957427081307741 ], [ -73.710441588442094, 4.95741081246752 ], [ -73.710494802354035, 4.957386845416115 ], [ -73.710547958694207, 4.957362203325143 ], [ -73.710596084993455, 4.957342148432906 ], [ -73.710656557964526, 4.957323169832765 ], [ -73.710730217989152, 4.957301349965618 ], [ -73.710801089602498, 4.957278460715487 ], [ -73.710873270827122, 4.957259277657419 ], [ -73.710914611395467, 4.957244873350516 ], [ -73.710941314340104, 4.957235336255254 ], [ -73.71097373908411, 4.957220077299657 ], [ -73.711004256993576, 4.957202911840041 ], [ -73.71104621896734, 4.957178115241098 ], [ -73.711072921202884, 4.957162857006479 ], [ -73.711095662934866, 4.957147386746396 ], [ -73.711116980417998, 4.95713155241521 ], [ -73.711143493965579, 4.957109451099689 ], [ -73.711164474125056, 4.957090378290641 ], [ -73.711313247213269, 4.956956862936233 ], [ -73.71133422826523, 4.956937790122133 ], [ -73.711357117246393, 4.956914901767859 ], [ -73.71137809739345, 4.956895828953685 ], [ -73.711397170940671, 4.956876755475699 ], [ -73.711416244013549, 4.956853865796197 ], [ -73.711437224586888, 4.956830977683516 ], [ -73.71156427076869, 4.956681547572919 ], [ -73.711596575660124, 4.956639490245047 ], [ -73.711618424111307, 4.956609726239877 ], [ -73.711636543420767, 4.956586837582557 ], [ -73.711719513136018, 4.956476210557554 ], [ -73.711736679120762, 4.95644950943807 ], [ -73.711766621899088, 4.956409301663569 ], [ -73.711801528840553, 4.956363677809501 ], [ -73.711828246642042, 4.956332661527782 ], [ -73.711935025189248, 4.9562105665833 ], [ -73.711969200783955, 4.956170423926804 ], [ -73.712009966299703, 4.956124666158187 ], [ -73.712032794883982, 4.956101036693016 ], [ -73.712069371210077, 4.956064807194076 ], [ -73.712112445079882, 4.956026016909316 ], [ -73.71218175093307, 4.955967694750388 ], [ -73.712207793790753, 4.955945968561978 ], [ -73.712238887744249, 4.955921648757038 ], [ -73.712270165002238, 4.955904197372353 ], [ -73.712342262342332, 4.955865859964525 ], [ -73.71237038481712, 4.95585236029885 ], [ -73.712408066271706, 4.955835342723189 ], [ -73.712434768893957, 4.955823897930748 ], [ -73.712459564020619, 4.955812455192494 ], [ -73.71249961864001, 4.95579719519546 ], [ -73.712524413525429, 4.955783844807394 ], [ -73.712553023878314, 4.955774307412998 ], [ -73.712588309752917, 4.955759048929854 ], [ -73.712632179120348, 4.95574188259675 ], [ -73.712663650236948, 4.955728531344143 ], [ -73.712718963196053, 4.955707549141743 ], [ -73.712762832556621, 4.955690383705877 ], [ -73.71280937059467, 4.955669504165157 ], [ -73.712850570311844, 4.955648423141113 ], [ -73.712882041417458, 4.95563507097439 ], [ -73.712907791360209, 4.955617905153677 ], [ -73.712934494147092, 4.955600739209854 ], [ -73.712958335687134, 4.9555835718251 ], [ -73.712977409151236, 4.955564499217693 ], [ -73.712996482132993, 4.955541610409923 ], [ -73.713024922617464, 4.955505778772245 ], [ -73.713051525566513, 4.955467874050393 ], [ -73.713069916081423, 4.955435435973971 ], [ -73.71308486117222, 4.955410217733324 ], [ -73.713099351752419, 4.955378506016672 ], [ -73.713111876414047, 4.95533943188598 ], [ -73.713118553076654, 4.955307006439776 ], [ -73.713122118047309, 4.955274949046237 ], [ -73.713123322013132, 4.955244064306961 ], [ -73.713122050438514, 4.955216089861351 ], [ -73.713119506560972, 4.955183029123679 ], [ -73.713116645328626, 4.955154419302839 ], [ -73.71311187660055, 4.955125807918861 ], [ -73.713108062764647, 4.955099105867782 ], [ -73.713099300977163, 4.955047472177589 ], [ -73.713090895587655, 4.955015182447279 ], [ -73.713077298182768, 4.954973543781906 ], [ -73.713038612448045, 4.954870108267865 ], [ -73.713020324188307, 4.954803467096134 ], [ -73.71300836595681, 4.954748879451556 ], [ -73.713003157697543, 4.954717636021402 ], [ -73.712994575983586, 4.954683303992085 ], [ -73.71298764745066, 4.95463478861075 ], [ -73.712974122217844, 4.954566177641304 ], [ -73.712965011757419, 4.954511642127093 ], [ -73.712956617333006, 4.954473570615176 ], [ -73.712950705972005, 4.954442977700161 ], [ -73.712943077773772, 4.954406738803308 ], [ -73.712936034416799, 4.954368104761535 ], [ -73.712930679671345, 4.954332352090262 ], [ -73.712927500565655, 4.954296748201662 ], [ -73.712924957131264, 4.954259872164244 ], [ -73.712924956676616, 4.95422744758088 ], [ -73.712925063459878, 4.954092154690203 ], [ -73.712925847780483, 4.954064559917585 ], [ -73.712932122144508, 4.954022990322778 ], [ -73.71294227499267, 4.953978369560152 ], [ -73.712953567349857, 4.95395469730755 ], [ -73.712966919147618, 4.953927993946575 ], [ -73.712982286311956, 4.95390596884724 ], [ -73.713005948601662, 4.953879038088632 ], [ -73.713028908028775, 4.953855514342463 ], [ -73.713070582810474, 4.953822326303611 ], [ -73.71310997095577, 4.953790663768978 ], [ -73.713139534187661, 4.953767776325168 ], [ -73.713165283098434, 4.953742980819698 ], [ -73.713184357172921, 4.953722000565254 ], [ -73.713272095210186, 4.953634261866554 ], [ -73.713292122120848, 4.953613281487508 ], [ -73.713332514763422, 4.953570905892809 ], [ -73.713357925677585, 4.953538894625312 ], [ -73.713383357139591, 4.953508377417746 ], [ -73.713408470503637, 4.953474044352141 ], [ -73.713430404596266, 4.953443527294874 ], [ -73.713444709871212, 4.953414917062091 ], [ -73.713460123633368, 4.953377466926449 ], [ -73.713472365893395, 4.953344344996546 ], [ -73.713485581507157, 4.953279858949659 ], [ -73.713500976748847, 4.953210831291859 ], [ -73.713506698556529, 4.953184127103378 ], [ -73.713511141641959, 4.953147188334242 ], [ -73.713520216946606, 4.953111697024339 ], [ -73.713538169669903, 4.953071594438328 ], [ -73.713553428497036, 4.95304870611933 ], [ -73.713574409547434, 4.953023910315808 ], [ -73.713605794510187, 4.952993459984109 ], [ -73.71364275603689, 4.952959060742471 ], [ -73.713682749320554, 4.952930544064093 ], [ -73.713708878434346, 4.952909469314076 ], [ -73.713734626389794, 4.952884673794648 ], [ -73.713754766534151, 4.952861617314869 ], [ -73.713771819567313, 4.952840804836335 ], [ -73.713792801024795, 4.952812195542137 ], [ -73.713813694813737, 4.952780929390808 ], [ -73.713833808322221, 4.952747345583204 ], [ -73.713850020572082, 4.952714919803189 ], [ -73.713861465068064, 4.952690124327193 ], [ -73.713875680473535, 4.952655150534749 ], [ -73.713899611953195, 4.952589034863315 ], [ -73.713912010242993, 4.952543258759643 ], [ -73.713920593200456, 4.952508926322898 ], [ -73.713930129419282, 4.952470780277434 ], [ -73.713936804710571, 4.952442170126616 ], [ -73.713939666591372, 4.952411651917824 ], [ -73.713943480830693, 4.952377319196329 ], [ -73.713947727681102, 4.952318967567136 ], [ -73.713951111106553, 4.952280045372897 ], [ -73.713956833009803, 4.952239990365446 ], [ -73.713961340850659, 4.952206242402243 ], [ -73.7139713673796, 4.952144035758857 ], [ -73.713978767121148, 4.952081680821848 ], [ -73.713982823875412, 4.95205304544259 ], [ -73.713989257853001, 4.952028275281077 ], [ -73.713996887364544, 4.952003479395874 ], [ -73.714010238004391, 4.951968193421137 ], [ -73.714027405418022, 4.951932907852988 ], [ -73.714042663701235, 4.951903660401936 ], [ -73.714059829029907, 4.951875686881164 ], [ -73.714082717208484, 4.951841354393159 ], [ -73.714099884379607, 4.951818465818262 ], [ -73.714120864651463, 4.951787948873219 ], [ -73.714160918670373, 4.951734543104399 ], [ -73.714184761186303, 4.951704979608003 ], [ -73.714208603038912, 4.951677322854277 ], [ -73.714229584267116, 4.95165443378098 ], [ -73.714254378594418, 4.951623917241875 ], [ -73.714273452512572, 4.951595306378688 ], [ -73.714294433011361, 4.951566696172336 ], [ -73.714357375574949, 4.951475142607263 ], [ -73.714516638860459, 4.951249123520462 ], [ -73.714540480857949, 4.951215743816473 ], [ -73.714561462897194, 4.951185226860621 ], [ -73.714592933312574, 4.951147079755937 ], [ -73.714614868185237, 4.951116561770304 ], [ -73.714634895399684, 4.951091766071004 ], [ -73.714664459054006, 4.951059342154775 ], [ -73.714721679286384, 4.950990677464324 ], [ -73.714752197330981, 4.950956344867525 ], [ -73.714767455415313, 4.950935364180136 ], [ -73.714784622055745, 4.950908661204569 ], [ -73.714809417822607, 4.950868607318654 ], [ -73.714854240297925, 4.950799942434481 ], [ -73.714872360672331, 4.950773239332508 ], [ -73.71489047941327, 4.950740814195199 ], [ -73.714926719183239, 4.950679780116722 ], [ -73.714949607695431, 4.950641632315019 ], [ -73.71496295894417, 4.95061874332225 ], [ -73.715056896086935, 4.950467110598889 ], [ -73.715080737181069, 4.95042705683326 ], [ -73.715103148648637, 4.950384140425824 ], [ -73.715124130564732, 4.950345992870306 ], [ -73.715137482218509, 4.950319290390654 ], [ -73.715153693944174, 4.950290679888888 ], [ -73.715169906083446, 4.950258254997078 ], [ -73.715181350253701, 4.950231551862776 ], [ -73.715200424316805, 4.950190543991381 ], [ -73.715217590240741, 4.950151444018444 ], [ -73.715229033505437, 4.950124740884754 ], [ -73.715245245808191, 4.950086593955403 ], [ -73.715282440030251, 4.949989318969195 ], [ -73.715301513641805, 4.949937820847703 ], [ -73.715315342088573, 4.949892998823391 ], [ -73.715330600419392, 4.94983196296841 ], [ -73.715342521458638, 4.949794769973469 ], [ -73.715357780960034, 4.949749947307663 ], [ -73.71537399329533, 4.949705123612195 ], [ -73.715385437132028, 4.94966888405124 ], [ -73.715394019412315, 4.949644088939995 ], [ -73.715402603394793, 4.949597359505022 ], [ -73.715404510396382, 4.949537277420191 ], [ -73.715407847874033, 4.949486732025219 ], [ -73.715414047546318, 4.949443817745885 ], [ -73.715423107117005, 4.949404717480538 ], [ -73.715435027901108, 4.949365615933527 ], [ -73.71544647180626, 4.949337006055821 ], [ -73.715469360420357, 4.949293136209115 ], [ -73.715485573015215, 4.94926452660801 ], [ -73.715517043559714, 4.949207306626805 ], [ -73.715546608333, 4.949163436803972 ], [ -73.715564728641823, 4.949136733692222 ], [ -73.715585708849375, 4.949113846403451 ], [ -73.715610027221544, 4.949088096750883 ], [ -73.715637206805525, 4.949062346720295 ], [ -73.715656281169117, 4.949045181715882 ], [ -73.715682983140496, 4.949024201317635 ], [ -73.715703964073143, 4.949007034251511 ], [ -73.715725898253865, 4.948986053575397 ], [ -73.715755939411238, 4.948963165538435 ], [ -73.715834139460981, 4.948905944808079 ], [ -73.715881347320604, 4.948871613141088 ], [ -73.715925215571957, 4.948843001688087 ], [ -73.715950011935774, 4.948829651214353 ], [ -73.715980529329229, 4.948812484690099 ], [ -73.716009139983086, 4.948801040452156 ], [ -73.716040611480906, 4.94878673617411 ], [ -73.716077803595979, 4.948772430233561 ], [ -73.716115950965516, 4.94876289418516 ], [ -73.716180801095064, 4.94874572762728 ], [ -73.716232300291864, 4.948732376318087 ], [ -73.716268539031162, 4.94872093196421 ], [ -73.716306686146737, 4.948709488259122 ], [ -73.716375350557215, 4.948694228824322 ], [ -73.716547012835179, 4.948648453239882 ], [ -73.716581344581201, 4.948640822607223 ], [ -73.716616630720864, 4.94863128691329 ], [ -73.716670035812783, 4.94861984296665 ], [ -73.716707230324801, 4.948610306107907 ], [ -73.716735839643846, 4.948602676231239 ], [ -73.716763496127371, 4.948595046479779 ], [ -73.716835975618352, 4.948574067171055 ], [ -73.716861725279102, 4.948564530023394 ], [ -73.716895422258631, 4.94855817152543 ], [ -73.716941833505516, 4.948541641134063 ], [ -73.716989516440577, 4.948525428812294 ], [ -73.717020035062959, 4.948511123714235 ], [ -73.717060088875826, 4.948493957680272 ], [ -73.717101097481759, 4.948471069480799 ], [ -73.717137336622329, 4.948449134837466 ], [ -73.7171745304003, 4.948427200968593 ], [ -73.717206954962094, 4.948408127397896 ], [ -73.71726465094558, 4.948379516277359 ], [ -73.717302321660398, 4.948354721321237 ], [ -73.717323303678128, 4.948339462762684 ], [ -73.717353821255088, 4.948324202924418 ], [ -73.717377662426571, 4.948307037240908 ], [ -73.717417717271744, 4.948284149153105 ], [ -73.717452049292206, 4.948265076220903 ], [ -73.717484792599208, 4.94824790903487 ], [ -73.717517851962782, 4.948232650961244 ], [ -73.717547098650314, 4.948218663954808 ], [ -73.717580795971784, 4.948205948112328 ], [ -73.717617034525716, 4.948193550773945 ], [ -73.717660904299123, 4.948170662159664 ], [ -73.717701911430964, 4.948150634494602 ], [ -73.717734335962589, 4.94813156180705 ], [ -73.717767715029964, 4.948104858403775 ], [ -73.717797279552073, 4.948074341126154 ], [ -73.717816352822993, 4.948049545487528 ], [ -73.717833518619656, 4.948024749201087 ], [ -73.717852593343096, 4.947990418044165 ], [ -73.717870712372942, 4.947961808146478 ], [ -73.71789312341312, 4.947931290474936 ], [ -73.71791648868826, 4.947904587060897 ], [ -73.717940330228885, 4.947883606068465 ], [ -73.717971801253654, 4.947866439336827 ], [ -73.718005179874623, 4.9478502270739 ], [ -73.718038558378495, 4.947842279767877 ], [ -73.718072891029095, 4.947839737629704 ], [ -73.718113263623437, 4.947848002253781 ], [ -73.718158086088494, 4.947867711546485 ], [ -73.718186061377509, 4.947885513359012 ], [ -73.718227862055926, 4.947923660769864 ], [ -73.718259334456377, 4.947957992321729 ], [ -73.718281745707543, 4.947977065290952 ], [ -73.718305587261582, 4.947990418294768 ], [ -73.718345164985777, 4.94801044456536 ], [ -73.718379021345257, 4.948024749576379 ], [ -73.718414306577955, 4.94803619337651 ], [ -73.718448638725391, 4.94804572965759 ], [ -73.718482335435667, 4.948055902809708 ], [ -73.718522071055361, 4.948066711926701 ], [ -73.718579768872573, 4.948086739336879 ], [ -73.718617439280749, 4.948101043816004 ], [ -73.718643188820934, 4.94811821002744 ], [ -73.718665122911958, 4.948131561466413 ], [ -73.718691825936929, 4.948146819900072 ], [ -73.71872139042442, 4.94816398558784 ], [ -73.718761443812383, 4.948184967851701 ], [ -73.718790053663767, 4.948202132762026 ], [ -73.718820616239299, 4.948222767864924 ], [ -73.718846320905911, 4.948246002745862 ], [ -73.718862533600984, 4.948266982825584 ], [ -73.718891144192867, 4.948303223282186 ], [ -73.718925475653606, 4.94834136969722 ], [ -73.718962191811102, 4.948365211607962 ], [ -73.718999862749712, 4.948383331352527 ], [ -73.719033717461144, 4.948398590149774 ], [ -73.719078063796005, 4.948410988754118 ], [ -73.719114303706064, 4.948415755620748 ], [ -73.719160079582991, 4.948410034558357 ], [ -73.71920299489544, 4.948402404429086 ], [ -73.719232558547091, 4.948392868482797 ], [ -73.719268798743897, 4.948379517232483 ], [ -73.719301223345425, 4.948368072340489 ], [ -73.719329833904467, 4.948356628874944 ], [ -73.719358444205994, 4.948343276858092 ], [ -73.719388961715737, 4.948334694597107 ], [ -73.719433784756035, 4.948322296887722 ], [ -73.719473202507885, 4.948315302200381 ], [ -73.719518662388609, 4.948312759660431 ], [ -73.719550608744939, 4.948314666985184 ], [ -73.71962165879448, 4.948320388737896 ], [ -73.719685554470246, 4.948326111017916 ], [ -73.71971448230812, 4.948336919133576 ], [ -73.719756126532943, 4.948360443431075 ], [ -73.719795227122418, 4.948381424851469 ], [ -73.719822882882909, 4.948395729280968 ], [ -73.719860076652736, 4.948408126555604 ], [ -73.719904899545327, 4.948414803458227 ], [ -73.719944953887008, 4.948415756271125 ], [ -73.720024108578286, 4.948415756186536 ], [ -73.720070521291959, 4.94841321347701 ], [ -73.720101356313961, 4.948406219034934 ], [ -73.720127105259721, 4.948398590318882 ], [ -73.720159530529045, 4.948387781569537 ], [ -73.72019767799938, 4.94837760911398 ], [ -73.720240116227984, 4.948365211230363 ], [ -73.720319747582863, 4.948347091583894 ], [ -73.72039985711092, 4.948333104337753 ], [ -73.720428466397252, 4.948328018137768 ], [ -73.720466136712631, 4.948328017880755 ], [ -73.720583915435654, 4.94832801824391 ], [ -73.720623016161795, 4.948329925876521 ], [ -73.720671176543277, 4.948335647987686 ], [ -73.720723946373965, 4.948349316917747 ], [ -73.720764160343251, 4.948371887070699 ], [ -73.720795631451935, 4.948389053296335 ], [ -73.72082185759524, 4.948407173621829 ], [ -73.720851898559303, 4.948431015443285 ], [ -73.720872878575548, 4.948448181319521 ], [ -73.720903397240093, 4.94846153328606 ], [ -73.720936297989326, 4.948474884467711 ], [ -73.720987796012125, 4.948487281487339 ], [ -73.721024512344201, 4.94849205044299 ], [ -73.721101760838621, 4.94848823610909 ], [ -73.721195221038684, 4.948484421305706 ], [ -73.721241950495639, 4.9484844210921 ], [ -73.721282004701237, 4.948484420001024 ], [ -73.721310933064487, 4.948485692532826 ], [ -73.721350669065302, 4.948490143256786 ], [ -73.721384048423445, 4.948499679508926 ], [ -73.721413611937407, 4.948509217201196 ], [ -73.721437454838266, 4.948518752979476 ], [ -73.721474646329611, 4.948540687478772 ], [ -73.721504211662207, 4.948556900110887 ], [ -73.721531390388236, 4.948566437680641 ], [ -73.721562385338785, 4.948572158516677 ], [ -73.721603869702051, 4.948572159466862 ], [ -73.721644401608586, 4.948568344353311 ], [ -73.721684455803427, 4.948561669196065 ], [ -73.721724510112665, 4.948549271102754 ], [ -73.721764564012574, 4.948527336594948 ], [ -73.721799851035115, 4.948505402755934 ], [ -73.721824645693687, 4.948493957917356 ], [ -73.721865176675038, 4.948483467846359 ], [ -73.721904119171043, 4.948474248251124 ], [ -73.721942424229439, 4.948472976660621 ], [ -73.722028733265617, 4.948472976680623 ], [ -73.722064017882758, 4.948472976217718 ], [ -73.72209644426367, 4.948474884703986 ], [ -73.722123146310565, 4.948482514219157 ], [ -73.722163676831556, 4.948494911338775 ], [ -73.72220293675835, 4.948499679263946 ], [ -73.722244262304883, 4.948499679442906 ], [ -73.722280501936396, 4.948495865352944 ], [ -73.722323894376586, 4.948487281588217 ], [ -73.722379683688132, 4.948472976749683 ], [ -73.722438811919289, 4.948461533350588 ], [ -73.722502042876442, 4.948445053018149 ], [ -73.722537040560397, 4.948436738120795 ], [ -73.722572803743489, 4.948426246875745 ], [ -73.72260379708159, 4.948413849569477 ], [ -73.722655296137518, 4.94838809990588 ], [ -73.722695826562287, 4.948373794499135 ], [ -73.72273349734273, 4.948364257701474 ], [ -73.722836494921239, 4.948348046149634 ], [ -73.722879409648954, 4.948343277255499 ], [ -73.722921371038709, 4.948341369960458 ], [ -73.722955704347811, 4.948339461940498 ], [ -73.723007838048062, 4.948335647655762 ], [ -73.723047256134038, 4.948342323907662 ], [ -73.723104477106801, 4.948358536132845 ], [ -73.723173142403937, 4.948377609086035 ], [ -73.723207473966099, 4.948389052752391 ], [ -73.723235130654245, 4.948396682988781 ], [ -73.723268888144958, 4.948407935428252 ], [ -73.723345757141828, 4.948425293563407 ], [ -73.723383903383791, 4.948434829934086 ], [ -73.723423003361916, 4.948444366165536 ], [ -73.723480223580538, 4.948461533083253 ], [ -73.723531723057931, 4.948477745184269 ], [ -73.72358417520546, 4.94848632928473 ], [ -73.723643303100033, 4.94849205095519 ], [ -73.723679541708862, 4.948493957912286 ], [ -73.723726908067562, 4.948499678853373 ], [ -73.72377777122324, 4.948501586111576 ], [ -73.723824500021792, 4.948503494264871 ], [ -73.723867415413864, 4.948503494414685 ], [ -73.723920822261789, 4.948499679570308 ], [ -73.723957061870323, 4.948495865389982 ], [ -73.723984718126871, 4.948493958280544 ], [ -73.724013328117437, 4.948492050127277 ], [ -73.724073410036226, 4.948480606448348 ], [ -73.724113463679473, 4.948476790804461 ], [ -73.724140166832711, 4.948472977087321 ], [ -73.724173068947692, 4.94847011584199 ], [ -73.724230289328077, 4.948469161888183 ], [ -73.724274634596782, 4.948467254614645 ], [ -73.724311829105872, 4.94846534791954 ], [ -73.724342345526495, 4.948462486560388 ], [ -73.724370002370748, 4.948451996848972 ], [ -73.724391937297511, 4.948438643785675 ], [ -73.724423408500996, 4.948417664195812 ], [ -73.724467277086291, 4.948394775163793 ], [ -73.724505424699572, 4.948375701340153 ], [ -73.724527358721332, 4.948362350988947 ], [ -73.724550247107231, 4.948347091044665 ], [ -73.724587439900475, 4.94832038859316 ], [ -73.72462644230184, 4.948292479665972 ], [ -73.724664687584465, 4.948266983268201 ], [ -73.724691390363645, 4.948247909289266 ], [ -73.724737167120992, 4.948217392105748 ], [ -73.72476482363065, 4.948198317985693 ], [ -73.724792479779083, 4.948183060056612 ], [ -73.724839686361108, 4.948163032435522 ], [ -73.724876403843552, 4.948150635100554 ], [ -73.724904060437609, 4.948144912668308 ], [ -73.724946498567746, 4.948139191249228 ], [ -73.724990720549584, 4.948133468779744 ], [ -73.725047111266363, 4.948129654203171 ], [ -73.725102424630805, 4.948125838991515 ], [ -73.725143433419632, 4.948125839339692 ], [ -73.725189208533266, 4.948122024609835 ], [ -73.725217818225872, 4.948118209669501 ], [ -73.72526407178178, 4.948109627112872 ], [ -73.72530364963761, 4.948091507313997 ], [ -73.725332260043601, 4.948080062700913 ], [ -73.7253780365822, 4.94806098862258 ], [ -73.725436210493783, 4.948040008703542 ], [ -73.725473404130184, 4.948013305303816 ], [ -73.725505829006295, 4.947992323720556 ], [ -73.72556686417434, 4.94794654853815 ], [ -73.72558975342254, 4.947931290372266 ], [ -73.725615501248143, 4.94791030885998 ], [ -73.725646973283375, 4.94788932831503 ], [ -73.725698469935907, 4.947860717880577 ], [ -73.725732325796542, 4.947833061589978 ], [ -73.72576713492397, 4.947795867848861 ], [ -73.725799560027639, 4.947757721087552 ], [ -73.725818634217148, 4.94772910997601 ], [ -73.72583484649374, 4.947708129857037 ], [ -73.725861549185964, 4.947669983029982 ], [ -73.72588252939012, 4.947637558162604 ], [ -73.725902557389503, 4.947603225790566 ], [ -73.725920199125781, 4.947577476806442 ], [ -73.725952625057616, 4.947532654194339 ], [ -73.725986957331685, 4.947492599503838 ], [ -73.726013184332587, 4.947465897241316 ], [ -73.726045131024847, 4.947439194138361 ], [ -73.72607803325144, 4.947412489986781 ], [ -73.726111888583603, 4.947387696051732 ], [ -73.726138432750659, 4.947370529841775 ], [ -73.72617721545339, 4.947359721089202 ], [ -73.726225375962201, 4.947364807522074 ], [ -73.726259231358696, 4.947378159195279 ], [ -73.726282119899864, 4.947389602579358 ], [ -73.726305008442722, 4.947401046867475 ], [ -73.726332664672086, 4.947418212474584 ], [ -73.726367950223107, 4.947431565288133 ], [ -73.726438521384992, 4.947464943133328 ], [ -73.726487159620078, 4.947481155428813 ], [ -73.726520537707799, 4.947494506705556 ], [ -73.726561069325939, 4.947502136255431 ], [ -73.726609706814983, 4.947506904496414 ], [ -73.726724624021699, 4.947519302079035 ], [ -73.726754188508693, 4.947523117504718 ], [ -73.72679996493568, 4.9475288390719 ], [ -73.726853370329579, 4.947534561313655 ], [ -73.726891517239409, 4.947536468722038 ], [ -73.726922035110519, 4.947544098378565 ], [ -73.726955413279924, 4.947551727609222 ], [ -73.726991176439313, 4.947566986599909 ], [ -73.727025985240459, 4.947584152468425 ], [ -73.727054596406106, 4.947603226445561 ], [ -73.727096080443118, 4.947620392222179 ], [ -73.727136611373453, 4.947635650494902 ], [ -73.72716522199147, 4.947642644240595 ], [ -73.727200508051695, 4.947649002618142 ], [ -73.727231980010046, 4.947652816831956 ], [ -73.727260590213746, 4.947652817091957 ], [ -73.727292060715257, 4.947652816924844 ], [ -73.727323530939643, 4.947650910019258 ], [ -73.72736263283555, 4.947649001971119 ], [ -73.727406501038985, 4.947643279736503 ], [ -73.727446556390603, 4.947639465709061 ], [ -73.727496147617003, 4.947631835875703 ], [ -73.727536201507291, 4.94762420656029 ], [ -73.727563857418318, 4.947620392571267 ], [ -73.7275896563565, 4.947615720915093 ], [ -73.727624257245623, 4.947601954759803 ], [ -73.727678934618254, 4.947622299585336 ], [ -73.727699279184989, 4.947643280301095 ], [ -73.727716445778029, 4.947669982909161 ], [ -73.727733612373541, 4.947696686421508 ], [ -73.727747917769193, 4.94772338945713 ], [ -73.72776603685287, 4.947753906300823 ], [ -73.727784156497876, 4.947788239332206 ], [ -73.727798678395715, 4.947823151866637 ], [ -73.727816581266211, 4.947847366849336 ], [ -73.727846712598605, 4.94786621830798 ], [ -73.72786850834926, 4.947889922236809 ], [ -73.727879523740683, 4.94793129003555 ], [ -73.727890014212178, 4.947957992734142 ], [ -73.727911948729556, 4.947985649345211 ], [ -73.727943419813229, 4.94800186138616 ], [ -73.727985381553253, 4.948015213100802 ], [ -73.728025388629959, 4.948025008684091 ], [ -73.728066444176704, 4.94803810076264 ], [ -73.728102366528248, 4.948049545131689 ], [ -73.72814559927572, 4.948066711626691 ], [ -73.728172301900244, 4.948078156173379 ], [ -73.728197098238724, 4.948091506836886 ], [ -73.728235244569632, 4.948107719667172 ], [ -73.72826767008236, 4.948116302788707 ], [ -73.728308200841411, 4.948123932223972 ], [ -73.728361129181337, 4.948137283617032 ], [ -73.728391647368056, 4.948146819935672 ], [ -73.728430271563795, 4.948154449649943 ], [ -73.728469848591715, 4.948162079218742 ], [ -73.728517531908835, 4.948169708917599 ], [ -73.728553771600531, 4.948179245269134 ], [ -73.728631020278272, 4.94819641141167 ], [ -73.728656769237261, 4.948202134061022 ], [ -73.728694915158087, 4.948215484495234 ], [ -73.728733062885752, 4.948228835829967 ], [ -73.72878026886265, 4.94825458591445 ], [ -73.728816985852802, 4.948282242510328 ], [ -73.728851794757048, 4.948311806130358 ], [ -73.728888034489671, 4.948333740321929 ], [ -73.728925704736071, 4.948333740488576 ], [ -73.728960990021761, 4.948320388882579 ], [ -73.729013441869597, 4.948296548068917 ], [ -73.729049681699635, 4.948276520472659 ], [ -73.729072570011127, 4.94825553927312 ], [ -73.729101656858504, 4.948232650847161 ], [ -73.729155539868628, 4.948179245435509 ], [ -73.729178428456791, 4.948160171874371 ], [ -73.729204655191836, 4.948132515680443 ], [ -73.729230880170746, 4.948099135658461 ], [ -73.72925662921179, 4.948062897412561 ], [ -73.729283014679936, 4.94803683013958 ], [ -73.729324340882258, 4.94800949124323 ], [ -73.729357718531716, 4.947995186089733 ], [ -73.729400633747815, 4.947988510046066 ], [ -73.729431151753218, 4.947984694636302 ], [ -73.729465483791543, 4.947980880454122 ], [ -73.729505061713922, 4.947988509959854 ], [ -73.729537964226068, 4.948005040696057 ], [ -73.729574202991941, 4.948028564853191 ], [ -73.729599952416109, 4.948049545880496 ], [ -73.729621886572716, 4.948074340962492 ], [ -73.729642867566909, 4.94810295147117 ], [ -73.729665279329268, 4.948129653666259 ], [ -73.729697703519392, 4.948153496036301 ], [ -73.729724883672361, 4.948160170886732 ], [ -73.729753970773842, 4.948157310858439 ], [ -73.729794978904295, 4.94815921765521 ], [ -73.729839323988145, 4.948186873927864 ], [ -73.729892730282231, 4.948198318835276 ], [ -73.729933102656787, 4.948204676883045 ], [ -73.729972839319615, 4.948209763264892 ], [ -73.729999541490898, 4.948205948413991 ], [ -73.73002815174641, 4.948200226532563 ], [ -73.73008346540351, 4.948186874512347 ], [ -73.730123520462087, 4.948181152679758 ], [ -73.730154037278581, 4.948175429596283 ], [ -73.730182647817827, 4.948171616254225 ], [ -73.730221747621059, 4.948167801300245 ], [ -73.730254173664392, 4.948167800840164 ], [ -73.730286916416247, 4.948167800934233 ], [ -73.73032188363041, 4.948169708929512 ], [ -73.730360030371244, 4.948176384328846 ], [ -73.730411528870818, 4.948191643864126 ], [ -73.730451583653377, 4.948202133340291 ], [ -73.730481148167144, 4.948205947686934 ], [ -73.730532168859966, 4.94820594751701 ], [ -73.730572222641143, 4.94820976295843 ], [ -73.730620860783745, 4.948212624156286 ], [ -73.730673471476322, 4.948213577851642 ], [ -73.73070526078169, 4.948215485712455 ], [ -73.730731010033324, 4.948223114108973 ], [ -73.730756758919739, 4.948240279803734 ], [ -73.730776786845325, 4.948266983679272 ], [ -73.730793952419262, 4.94828605743457 ], [ -73.730823516676409, 4.948306083996854 ], [ -73.73085594094654, 4.948324203380403 ], [ -73.730896472408006, 4.948342323769189 ], [ -73.730933189624778, 4.948347092165183 ], [ -73.730970859854821, 4.948347092215392 ], [ -73.731013297888424, 4.948341370413337 ], [ -73.731058756745341, 4.948333105071329 ], [ -73.731093406184598, 4.948329925730041 ], [ -73.731121062984414, 4.948326111590226 ], [ -73.731164932100739, 4.94831466708704 ], [ -73.73119735698927, 4.948307037828545 ], [ -73.731231688729963, 4.948301315008668 ], [ -73.731275558710223, 4.948295593419405 ], [ -73.731309891062779, 4.948287963859375 ], [ -73.7313394541343, 4.948282242680188 ], [ -73.731377283161308, 4.948282241627485 ], [ -73.731419563214644, 4.948287964913014 ], [ -73.731443405296304, 4.948297501217076 ], [ -73.731478690377756, 4.94830703755068 ], [ -73.731514930385941, 4.948318481372889 ], [ -73.731546401759047, 4.948324203014372 ], [ -73.73157691939997, 4.948329925707836 ], [ -73.73160552957323, 4.948335647792165 ], [ -73.731680870071983, 4.948353767682841 ], [ -73.731726646083303, 4.948362350355691 ], [ -73.731756845824378, 4.948366164846319 ], [ -73.731801986792334, 4.948369980019507 ], [ -73.731839656726223, 4.948368073285041 ], [ -73.731872558717697, 4.948361078743813 ], [ -73.731918334614107, 4.948343276602279 ], [ -73.731945991172211, 4.948326111661821 ], [ -73.73200702641887, 4.94828414941712 ], [ -73.732038498224099, 4.948263168595787 ], [ -73.732070922247658, 4.948244095265839 ], [ -73.732094764153018, 4.948228835842522 ], [ -73.732117653518188, 4.948215484206747 ], [ -73.73216247577912, 4.948194504006234 ], [ -73.732197760676485, 4.948179245503514 ], [ -73.732252757261804, 4.948163986019109 ], [ -73.732305049938489, 4.948150635350515 ], [ -73.73235797844211, 4.948135376334903 ], [ -73.732387542392459, 4.948129654205278 ], [ -73.732450485224078, 4.948118210248004 ], [ -73.732487678427802, 4.948114395461256 ], [ -73.732524871630787, 4.948110580672466 ], [ -73.732556342727321, 4.948108673516257 ], [ -73.732591628732578, 4.948112488678564 ], [ -73.732635020700869, 4.948120117391649 ], [ -73.732672691320914, 4.948128700821425 ], [ -73.732704162223612, 4.948137282963273 ], [ -73.732743262553356, 4.948143005157013 ], [ -73.732789992727277, 4.948154449970643 ], [ -73.732818603482173, 4.948163986376383 ], [ -73.7328658103457, 4.948183060311415 ], [ -73.732915878074806, 4.948211670180974 ], [ -73.732932409269125, 4.948233921862309 ], [ -73.732934474439489, 4.9482755663956 ], [ -73.732929229989523, 4.948308945037772 ], [ -73.732935427738283, 4.948354720630268 ], [ -73.732953071842786, 4.948387146364474 ], [ -73.732964515346723, 4.948413848801519 ], [ -73.732969919408333, 4.948450087977274 ], [ -73.732983589189971, 4.948478699209272 ], [ -73.733001708833271, 4.948505402400382 ], [ -73.733023643391562, 4.948537826097385 ], [ -73.733054160693897, 4.948558808028231 ], [ -73.733096598921719, 4.948577880885422 ], [ -73.733125686758854, 4.948605219875814 ], [ -73.733153660805982, 4.948616663703073 ], [ -73.733203411225944, 4.948627472575907 ], [ -73.733237266760213, 4.948646545875881 ], [ -73.733265876179274, 4.948658943719112 ], [ -73.733300209215656, 4.948667526278268 ], [ -73.733337402257675, 4.948674202553436 ], [ -73.733378886798576, 4.948681832418318 ], [ -73.733419418048172, 4.948692322080832 ], [ -73.733453750022306, 4.948705673731695 ], [ -73.733480453324717, 4.948720932420396 ], [ -73.73350715587398, 4.948737144928478 ], [ -73.733537674369757, 4.948750177730452 ], [ -73.733567238162465, 4.948770522698509 ], [ -73.733591079486771, 4.948798180589668 ], [ -73.733611106763263, 4.948831558384057 ], [ -73.73364353125227, 4.948856354353943 ], [ -73.733693122993571, 4.948863982454461 ], [ -73.733716010779133, 4.948875427365531 ], [ -73.733739852259632, 4.948904037259426 ], [ -73.733778635794323, 4.94892438195437 ], [ -73.733819326112183, 4.948938369958547 ], [ -73.73384475659023, 4.948949813856548 ], [ -73.733865737493687, 4.948970794547233 ], [ -73.733886718386984, 4.948997497250358 ], [ -73.733900070003713, 4.949028015542575 ], [ -73.733916282515423, 4.949062347752129 ], [ -73.73393726310556, 4.949092864826994 ], [ -73.733961106100949, 4.949125289987286 ], [ -73.733986853414748, 4.949154854291226 ], [ -73.734025954955101, 4.949191094102058 ], [ -73.73403644522044, 4.949226380135403 ], [ -73.734050749988327, 4.949253082992327 ], [ -73.734081744371977, 4.949272156697513 ], [ -73.73412418342123, 4.949290275656816 ], [ -73.73416662126526, 4.949312210797886 ], [ -73.7341995237188, 4.949335098564465 ], [ -73.734230517951588, 4.949358939549843 ], [ -73.73425388320652, 4.949388504671671 ], [ -73.734278678477523, 4.949405669456456 ], [ -73.734306335269522, 4.94941330011014 ], [ -73.734362601398985, 4.949415206882928 ], [ -73.734395981402784, 4.94942029279409 ], [ -73.734435081290812, 4.949441909454709 ], [ -73.734458922840162, 4.949453353277131 ], [ -73.734502791917436, 4.949464798410364 ], [ -73.734551428904439, 4.94948863971499 ], [ -73.734584807645874, 4.949510574920994 ], [ -73.734607695904231, 4.949536323468235 ], [ -73.7346305850633, 4.949567794930632 ], [ -73.734646479721306, 4.949594497815632 ], [ -73.734671116051643, 4.949616432761906 ], [ -73.734699248818714, 4.949621199600545 ], [ -73.734729766227375, 4.949625015401868 ], [ -73.734758377360833, 4.949642181360622 ], [ -73.734763145114385, 4.949676513571672 ], [ -73.734775543504227, 4.949704170532102 ], [ -73.734806061060453, 4.94972038326766 ], [ -73.734827042020015, 4.949735641907288 ], [ -73.734847068639183, 4.949764252363267 ], [ -73.734861373150309, 4.949789046652099 ], [ -73.734891414443069, 4.949817657754678 ], [ -73.734933853391496, 4.949846267762626 ], [ -73.734966914110984, 4.949862898468766 ], [ -73.735001170320359, 4.949881106082131 ], [ -73.735075097437019, 4.949931388205273 ], [ -73.735132752062356, 4.950014863023306 ], [ -73.735158519729112, 4.950072593876556 ], [ -73.735170417751277, 4.950130023397135 ], [ -73.735163213903306, 4.950223330137886 ], [ -73.735175084258785, 4.950335788009062 ], [ -73.735234658132825, 4.950465018670412 ], [ -73.735263243722173, 4.950543989227605 ], [ -73.735294213983792, 4.950627747044232 ], [ -73.735380065883206, 4.950685212953256 ], [ -73.735475435838978, 4.950790536610171 ], [ -73.735556519217567, 4.950843216068645 ], [ -73.735671000609642, 4.950893519096239 ], [ -73.73573661699038, 4.950903185257648 ], [ -73.735768803841822, 4.950907925816415 ], [ -73.73580870932291, 4.9509121320163 ], [ -73.735857963382614, 4.950915336898647 ], [ -73.735893249187981, 4.950924555327478 ], [ -73.735923767157232, 4.950929640710536 ], [ -73.735953648631551, 4.95095316609803 ], [ -73.735981941849772, 4.950977325811164 ], [ -73.736012140500819, 4.950979232449031 ], [ -73.736045201778055, 4.950988133894514 ], [ -73.736077785377844, 4.951021195367377 ], [ -73.736111640505754, 4.951042175222673 ], [ -73.736139297377179, 4.951049804881191 ], [ -73.73617553697656, 4.95105743494712 ], [ -73.736216544649963, 4.951061249860602 ], [ -73.736248969898938, 4.951066970191944 ], [ -73.736297129865861, 4.951080322575522 ], [ -73.736356257670252, 4.951101303261165 ], [ -73.736405690088205, 4.951114018039478 ], [ -73.736433028888499, 4.951137542610581 ], [ -73.736471175509379, 4.951142311794844 ], [ -73.736515044396484, 4.95114612622001 ], [ -73.736542701649881, 4.951184272640885 ], [ -73.73658513994198, 4.951190948300214 ], [ -73.736624716916509, 4.951213836635549 ], [ -73.73665475758115, 4.951237678541546 ], [ -73.736692428005099, 4.95126628919345 ], [ -73.736732005415064, 4.951280594959162 ], [ -73.736784457514759, 4.951292992326601 ], [ -73.736830234207332, 4.951304436062482 ], [ -73.736865361563474, 4.9512894951172 ], [ -73.736898422428879, 4.95128822305036 ], [ -73.73693466233351, 4.951292038700077 ], [ -73.736972809114263, 4.951297759862465 ], [ -73.737019538202333, 4.951312065791078 ], [ -73.737058639470476, 4.951316833876298 ], [ -73.737088202642227, 4.951328278454678 ], [ -73.737132549165736, 4.951333999942523 ], [ -73.737166404605532, 4.951345444261419 ], [ -73.737190245859438, 4.95137119344231 ], [ -73.737233162139432, 4.951393127817918 ], [ -73.737260341353931, 4.951426506543709 ], [ -73.737280396108304, 4.951477122576756 ], [ -73.737304687607974, 4.951506932672966 ], [ -73.737326303874525, 4.951542536533133 ], [ -73.737339019339004, 4.951575279802347 ], [ -73.737363815247463, 4.95160102881597 ], [ -73.737377166752808, 4.951623917358297 ], [ -73.737399577342913, 4.95166873997575 ], [ -73.737421989365373, 4.951694488927534 ], [ -73.737434386565567, 4.951725006367585 ], [ -73.737442969719766, 4.951755523532415 ], [ -73.737450281725003, 4.951785405932526 ], [ -73.737471580904852, 4.95182228159533 ], [ -73.737483024372168, 4.951852798286541 ], [ -73.737490336182347, 4.951883315961872 ], [ -73.737524668310442, 4.951879501339144 ], [ -73.737546443626115, 4.951907157727119 ], [ -73.737544058819708, 4.951940536805062 ], [ -73.737562179311539, 4.951959610180849 ], [ -73.737593968680542, 4.9519646958707 ], [ -73.737611770796889, 4.95199203542623 ], [ -73.737630843507816, 4.952053705612919 ], [ -73.737634659089863, 4.952083588286454 ], [ -73.737651824861288, 4.952105840007442 ], [ -73.737670897999024, 4.952125549402922 ], [ -73.737689494246126, 4.952162742991017 ], [ -73.737711906039152, 4.952198028306911 ], [ -73.73773098030766, 4.952222824430655 ], [ -73.737753550705264, 4.952245712638121 ], [ -73.737791061134004, 4.952255249728633 ], [ -73.737824440236594, 4.952272414733818 ], [ -73.737854957226958, 4.952289582023472 ], [ -73.737884520917007, 4.952303887108269 ], [ -73.737915992648567, 4.952310562228608 ], [ -73.737942696101555, 4.952308655581175 ], [ -73.737988230323907, 4.95229339618861 ], [ -73.738029479886052, 4.952297210706996 ], [ -73.738054275636969, 4.952310562757779 ], [ -73.738082884252591, 4.952327727639474 ], [ -73.738119761213994, 4.952346165612945 ], [ -73.738156318521973, 4.952366829215949 ], [ -73.73819605479423, 4.952375411789853 ], [ -73.738248824670407, 4.952371597371572 ], [ -73.738282203820305, 4.952394486167982 ], [ -73.738325118858313, 4.952419281009407 ], [ -73.738355636830406, 4.952447892285925 ], [ -73.738375663340122, 4.952468872049113 ], [ -73.738388061161061, 4.952491760721937 ], [ -73.738398551101909, 4.952523231366508 ], [ -73.738408089111459, 4.952554703073019 ], [ -73.738430976251152, 4.952577590898559 ], [ -73.738457679463039, 4.952585220605718 ], [ -73.73850186601814, 4.952583313426798 ], [ -73.738547324791426, 4.95257568372321 ], [ -73.738578796137688, 4.95259094227205 ], [ -73.738594055494673, 4.952615738097572 ], [ -73.738608359933778, 4.952644348453001 ], [ -73.738634585599115, 4.952689171276005 ], [ -73.738662719544195, 4.952716827757205 ], [ -73.738709449569456, 4.952741622834154 ], [ -73.73874854934337, 4.952758789543161 ], [ -73.738784789394742, 4.952774048185639 ], [ -73.738836287927896, 4.952792167532833 ], [ -73.738873481288337, 4.952810287465948 ], [ -73.738909721105401, 4.952835083381365 ], [ -73.7389373781796, 4.952859878925119 ], [ -73.738952636654048, 4.952884674740273 ], [ -73.738976954837142, 4.952923774953844 ], [ -73.738996506013265, 4.952974955253556 ], [ -73.739018439720553, 4.95300865194976 ], [ -73.739052136224345, 4.953029632706735 ], [ -73.73909854843798, 4.953042030275117 ], [ -73.739133834654041, 4.95306205724286 ], [ -73.739162445720567, 4.953077316238773 ], [ -73.739195505711706, 4.953084945144735 ], [ -73.739247003727399, 4.953088760798122 ], [ -73.739306449578763, 4.953094482442999 ], [ -73.739348411107201, 4.95309829697995 ], [ -73.739382743353943, 4.953105926264286 ], [ -73.739418029737422, 4.953126907033285 ], [ -73.739438056574883, 4.953144074196719 ], [ -73.739464759668053, 4.953172684243263 ], [ -73.739500044997442, 4.953192711189716 ], [ -73.739535331376558, 4.953191757748014 ], [ -73.73956108043815, 4.953180313913675 ], [ -73.739583015716718, 4.953165054543369 ], [ -73.739618301654389, 4.953152339449582 ], [ -73.739658355588659, 4.953153611376295 ], [ -73.739692687480087, 4.953153611002045 ], [ -73.7397303577944, 4.953158378700094 ], [ -73.739783763265663, 4.953178406184525 ], [ -73.739816665405741, 4.953191757239151 ], [ -73.739850997750551, 4.953210831412454 ], [ -73.739879608247719, 4.953227996201247 ], [ -73.739906310639086, 4.953241348754213 ], [ -73.739942551367378, 4.953260421692682 ], [ -73.739980696915566, 4.953285217218039 ], [ -73.740016937062322, 4.953306197788952 ], [ -73.740066528117339, 4.953334808448686 ], [ -73.740100767906441, 4.953358270817316 ], [ -73.740128516977933, 4.953374863723083 ], [ -73.740154265686215, 4.953393936620965 ], [ -73.740196227621013, 4.953396479644102 ], [ -73.740230560837773, 4.953386306685668 ], [ -73.740256308452061, 4.953382492467494 ], [ -73.740282059405729, 4.953382491707639 ], [ -73.740310669188489, 4.953384399908997 ], [ -73.740349133192552, 4.953388849948237 ], [ -73.740388870208648, 4.953399658555131 ], [ -73.740420659433227, 4.953414281372674 ], [ -73.740450858988538, 4.953428268882242 ], [ -73.740474701766047, 4.953451156456949 ], [ -73.740517138977694, 4.953488349494271 ], [ -73.740547179871299, 4.953512192090643 ], [ -73.740578174028414, 4.953533173068688 ], [ -73.740608214713689, 4.9535503389348 ], [ -73.740642070729635, 4.953558921594369 ], [ -73.740672111790019, 4.953567504903408 ], [ -73.740708827645932, 4.953573227427839 ], [ -73.740745544349153, 4.953573226135518 ], [ -73.740780830578203, 4.953571319711647 ], [ -73.740827083080475, 4.953561783130359 ], [ -73.740865707153432, 4.953550339308138 ], [ -73.740896224787136, 4.953543662793373 ], [ -73.740940570125204, 4.953536033261826 ], [ -73.740991114954369, 4.953532219295661 ], [ -73.741085053133503, 4.953531265229956 ], [ -73.741205216138368, 4.953531266356293 ], [ -73.74124050119417, 4.953533173371898 ], [ -73.74128246242303, 4.953535080144656 ], [ -73.741323471135701, 4.953538894713104 ], [ -73.741351127181645, 4.953540802126796 ], [ -73.741406441137087, 4.953550338951511 ], [ -73.741513252349534, 4.95357513434229 ], [ -73.741559028336241, 4.9535865786205 ], [ -73.741619109569086, 4.953603745150867 ], [ -73.741644541876042, 4.953610101971824 ], [ -73.741672516372105, 4.953615188105931 ], [ -73.741709709230491, 4.953619003307489 ], [ -73.741754054100596, 4.953624726268303 ], [ -73.74179458633202, 4.953631718621978 ], [ -73.741830825580024, 4.953638076891862 ], [ -73.741881370493246, 4.953656197048526 ], [ -73.741914748943614, 4.953668595446707 ], [ -73.741940497899208, 4.953678130991606 ], [ -73.741971015134538, 4.953690529880645 ], [ -73.742006301127944, 4.953708648136376 ], [ -73.74203205034604, 4.953714371120445 ], [ -73.742064475414523, 4.953718185314084 ], [ -73.74209880763928, 4.953720092445894 ], [ -73.742147922370208, 4.953722000186527 ], [ -73.742189407766475, 4.953721999797762 ], [ -73.742220878707769, 4.953718185416512 ], [ -73.74226379354873, 4.953708648861219 ], [ -73.742289256137497, 4.953702510970833 ], [ -73.742322922207592, 4.953695296937898 ], [ -73.742373465731646, 4.953683853229719 ], [ -73.742425918149635, 4.953673680640954 ], [ -73.742465018480843, 4.953668594375722 ], [ -73.742506027060529, 4.953660964865735 ], [ -73.742792129623936, 4.953622818576568 ], [ -73.742828369246212, 4.953619003338115 ], [ -73.742857933274578, 4.953613281623745 ], [ -73.742907523200216, 4.953602790955565 ], [ -73.742953299901643, 4.953586578945537 ], [ -73.742996216122393, 4.953569411802826 ], [ -73.743021964541072, 4.953559875476563 ], [ -73.743048986114772, 4.953550339529341 ], [ -73.743092060218586, 4.953543663292675 ], [ -73.743120193343131, 4.953538895182349 ], [ -73.743151664588723, 4.953536987488797 ], [ -73.743185997050318, 4.9535350801994 ], [ -73.74321269902542, 4.953535080066112 ], [ -73.743247984973479, 4.953536986972725 ], [ -73.743284224987065, 4.953540802250589 ], [ -73.743310929091606, 4.953542708841104 ], [ -73.743349074777626, 4.953546523784073 ], [ -73.743385791372276, 4.953551292338251 ], [ -73.743419646751803, 4.953556061390705 ], [ -73.743456840004427, 4.953567505222995 ], [ -73.743494033258017, 4.953578949053016 ], [ -73.743527889042056, 4.953591346829439 ], [ -73.743560790839268, 4.953607559136353 ], [ -73.74358940110173, 4.953622817922798 ], [ -73.743613242345646, 4.953636169908597 ], [ -73.743638992871098, 4.953649520652175 ], [ -73.743659973227395, 4.953664779867042 ], [ -73.743684769192569, 4.953683852776585 ], [ -73.743713377736043, 4.953704834463536 ], [ -73.743738174031634, 4.9537258150052 ], [ -73.743759155045581, 4.953744887675427 ], [ -73.74378108897875, 4.953769683988134 ], [ -73.743813514448107, 4.953802108997637 ], [ -73.743833541728847, 4.953821182737156 ], [ -73.743855475505541, 4.95383453414228 ], [ -73.743893622845036, 4.953847885413468 ], [ -73.74393510798491, 4.953862190365891 ], [ -73.74398422164478, 4.953873635238246 ], [ -73.744038581319927, 4.9538745885495 ], [ -73.74407577533421, 4.953874588342866 ], [ -73.744107246258352, 4.953870773872423 ], [ -73.744136809702425, 4.953866957926431 ], [ -73.74416414882306, 4.953860600666675 ], [ -73.74419593831324, 4.953853606744229 ], [ -73.74423027036832, 4.953844070670053 ], [ -73.744264602092059, 4.953832626054946 ], [ -73.744287491327512, 4.95381927491315 ], [ -73.744328499380302, 4.953798293659534 ], [ -73.744390805650156, 4.953767776508622 ], [ -73.744430542430806, 4.953752517774165 ], [ -73.744462013259209, 4.953742981289134 ], [ -73.744495391076626, 4.953741074100086 ], [ -73.744531630524904, 4.953746796037138 ], [ -73.744562148859202, 4.953760146805069 ], [ -73.744596480849395, 4.953786850340825 ], [ -73.744626044476547, 4.953815459636659 ], [ -73.744647979672934, 4.953842163548497 ], [ -73.744673729010813, 4.953874588784293 ], [ -73.744718074575005, 4.953905106263263 ], [ -73.744759242140802, 4.953917820616259 ], [ -73.744791984307952, 4.953920364670553 ], [ -73.744821548408112, 4.953920364867374 ], [ -73.744850158628779, 4.953917821417696 ], [ -73.744876862134362, 4.953912735394577 ], [ -73.744911193273978, 4.953903198382156 ], [ -73.744974136816353, 4.953889846456216 ], [ -73.745002746513919, 4.953886032451139 ], [ -73.745032310040131, 4.953887940273797 ], [ -73.745069026080131, 4.953894615459917 ], [ -73.745111465142656, 4.95390987488698 ], [ -73.745143890324869, 4.953929901102473 ], [ -73.745163917071523, 4.953950882430257 ], [ -73.745183944812723, 4.953977584849198 ], [ -73.74519920402804, 4.9540052419315 ], [ -73.745213507885055, 4.954044342275512 ], [ -73.745228767234167, 4.954098701711887 ], [ -73.745242118736655, 4.954130172590379 ], [ -73.745254401723457, 4.954156644824299 ], [ -73.745273590163649, 4.954175949314554 ], [ -73.745306014887973, 4.9542036060568 ], [ -73.74533271813273, 4.954216003645143 ], [ -73.745360056343088, 4.954221725606876 ], [ -73.745395660499554, 4.954221725304667 ], [ -73.745423634600002, 4.954219181640462 ], [ -73.745452880480499, 4.954212188713568 ], [ -73.745479583514381, 4.954202652122498 ], [ -73.745517731083424, 4.954191207667246 ], [ -73.745544433450405, 4.954177856711217 ], [ -73.745578765348114, 4.954165776753844 ], [ -73.74562597255634, 4.9541587834839 ], [ -73.745671272666669, 4.954162597460691 ], [ -73.745716571570355, 4.954174995789034 ], [ -73.745752334444433, 4.954205512909348 ], [ -73.74577236124513, 4.954236984391761 ], [ -73.745782851489295, 4.954273223946145 ], [ -73.745787938808931, 4.954303105985302 ], [ -73.745788574096792, 4.954336166702642 ], [ -73.745788574114357, 4.954372406319656 ], [ -73.745783805170859, 4.954401970069733 ], [ -73.745774268794676, 4.954443931576686 ], [ -73.745779991278667, 4.954490662158533 ], [ -73.745793341982832, 4.954517364841219 ], [ -73.745813370244406, 4.954548517776451 ], [ -73.745833396946523, 4.954587936523255 ], [ -73.745868682832253, 4.954609870722626 ], [ -73.745906829304346, 4.954638482032477 ], [ -73.74593257833088, 4.954673767751018 ], [ -73.745957374290796, 4.95468711856252 ], [ -73.745997746230017, 4.954702377538195 ], [ -73.74601745471152, 4.954734802279775 ], [ -73.746044794427462, 4.954750696746582 ], [ -73.746080398563649, 4.954753876396413 ], [ -73.746111869703824, 4.954761504914328 ], [ -73.746147632122728, 4.954763412927577 ], [ -73.746189117445681, 4.954757691186626 ], [ -73.746218681135673, 4.954750060780562 ], [ -73.746261595843549, 4.95473480287334 ], [ -73.746294021653071, 4.954727172854678 ], [ -73.746343612869808, 4.954713822282638 ], [ -73.746372222583332, 4.954710006404359 ], [ -73.746449470504274, 4.954691887204035 ], [ -73.74650001528407, 4.954677581728106 ], [ -73.746541499756532, 4.954667091787966 ], [ -73.746602376187866, 4.954648971140461 ], [ -73.746648310672128, 4.954637528688833 ], [ -73.746684074106611, 4.954629898504513 ], [ -73.746719359990337, 4.954626084124752 ], [ -73.746788978352114, 4.95462036225994 ], [ -73.746814727174296, 4.954618453607363 ], [ -73.746851443947691, 4.954613685598274 ], [ -73.746890067633316, 4.954610824877368 ], [ -73.747037251898888, 4.954611460444454 ], [ -73.747084617605964, 4.954614639425917 ], [ -73.747116088446262, 4.954617182079717 ], [ -73.747146606599557, 4.954622268716105 ], [ -73.747178077064348, 4.954626083726235 ], [ -73.747234344187163, 4.954631805503526 ], [ -73.747264861250159, 4.954637527409944 ], [ -73.747295855803756, 4.954644203497023 ], [ -73.747327804434136, 4.954652786137935 ], [ -73.747353553477978, 4.954662323264272 ], [ -73.747427940182547, 4.954685210444297 ], [ -73.747457504186372, 4.954694747779839 ], [ -73.747512816560629, 4.954710006967621 ], [ -73.747539520588745, 4.954721451544892 ], [ -73.747591018235624, 4.954748154501774 ], [ -73.747628211708545, 4.954765320072795 ], [ -73.747652054073654, 4.954784394792626 ], [ -73.747678756414388, 4.954801559550092 ], [ -73.747700691187688, 4.954814911714696 ], [ -73.747730254635783, 4.954826355765423 ], [ -73.74776363349693, 4.954845428748535 ], [ -73.74779128981514, 4.954874039125897 ], [ -73.747816721829281, 4.954896926402454 ], [ -73.747829913760739, 4.954928398292551 ], [ -73.747860908561563, 4.954946517433748 ], [ -73.747872352439231, 4.954971313678309 ], [ -73.747883160834022, 4.955003103184271 ], [ -73.747920990372933, 4.955011367839977 ], [ -73.74795913645967, 4.955001831783182 ], [ -73.748010635369795, 4.955015182173572 ], [ -73.748051642754717, 4.955031395921368 ], [ -73.74809732108497, 4.955040918617849 ], [ -73.748130798265137, 4.955049514870575 ], [ -73.748162268306615, 4.955060959457355 ], [ -73.74819183388253, 4.955094337641383 ], [ -73.748205184981899, 4.955127716068504 ], [ -73.748212813915828, 4.955152512095781 ], [ -73.748229980028526, 4.955181122553272 ], [ -73.74825000780335, 4.95520210286044 ], [ -73.748265266169071, 4.955239297108279 ], [ -73.748268603645116, 4.955288886358347 ], [ -73.748280843076628, 4.955325444221964 ], [ -73.748300552057586, 4.955356598326178 ], [ -73.748318672260652, 4.955387115333149 ], [ -73.748348712254725, 4.955424308235395 ], [ -73.748381137104559, 4.955456733879512 ], [ -73.748406886676875, 4.955489158931438 ], [ -73.748428344294425, 4.955525081038152 ], [ -73.748449325381912, 4.955572129128069 ], [ -73.748461723400467, 4.955614090257654 ], [ -73.748470306410979, 4.955660820261983 ], [ -73.74846839896027, 4.955711365640851 ], [ -73.74845886331228, 4.95575141862371 ], [ -73.748450596628047, 4.9557781221703 ], [ -73.748429014914436, 4.955834002773552 ], [ -73.748414039262045, 4.955862045998424 ], [ -73.748388767214379, 4.955896377603671 ], [ -73.748355865920374, 4.955934524963683 ], [ -73.74833488456899, 4.955965042780667 ], [ -73.748323439877396, 4.955998102666408 ], [ -73.748319625488477, 4.956029891512877 ], [ -73.748324870954434, 4.956067085322152 ], [ -73.748342990233567, 4.956102372312821 ], [ -73.748360633703186, 4.956130982221337 ], [ -73.748380661172774, 4.956150054886564 ], [ -73.748413562435189, 4.956187248160682 ], [ -73.748441695773806, 4.956218719406376 ], [ -73.748464584378141, 4.95624732970843 ], [ -73.748482704496155, 4.956272125616994 ], [ -73.748514175219469, 4.956312179237857 ], [ -73.748531341599929, 4.956336975319234 ], [ -73.748563766289166, 4.956373214401222 ], [ -73.748588561579695, 4.95639228889977 ], [ -73.748620986584939, 4.956415176358635 ], [ -73.748644362811959, 4.956428877063691 ], [ -73.748674392572511, 4.956445694118104 ], [ -73.748704909586593, 4.956465721378514 ], [ -73.748732565719919, 4.956487655889784 ], [ -73.74875450181321, 4.95650291382848 ], [ -73.748776436014111, 4.956527709931557 ], [ -73.748797417033146, 4.956550597670643 ], [ -73.748847960897535, 4.95662116988955 ], [ -73.748869895793035, 4.956649781252713 ], [ -73.74892616281052, 4.956724166770469 ], [ -73.748946189884592, 4.956750869943722 ], [ -73.748970766644462, 4.956784191283906 ], [ -73.748998164502112, 4.956819534702656 ], [ -73.749028205638268, 4.95684242302679 ], [ -73.749047279063404, 4.956859589113711 ], [ -73.749070167372679, 4.956886291754869 ], [ -73.749092101726987, 4.956916808930863 ], [ -73.749111175071874, 4.95694351227278 ], [ -73.749117851832068, 4.956981659166396 ], [ -73.749112129125592, 4.957010270183263 ], [ -73.749115944185235, 4.957040787074686 ], [ -73.749133109706349, 4.957065583134666 ], [ -73.749155044153468, 4.957086563049763 ], [ -73.749176025419459, 4.957105637316612 ], [ -73.749207973411842, 4.9571199418376 ], [ -73.749256134176093, 4.957149506235292 ], [ -73.749299049243817, 4.957160950447182 ], [ -73.74934291813517, 4.957162857223063 ], [ -73.749380112288478, 4.957162856690262 ], [ -73.749413490438386, 4.957157135774374 ], [ -73.749453544570997, 4.957155227982904 ], [ -73.749484062738262, 4.957151413413373 ], [ -73.749582290092107, 4.957151413353817 ], [ -73.749643802420024, 4.957151413285964 ], [ -73.749689102238449, 4.957147598234466 ], [ -73.749716757926222, 4.957141875648543 ], [ -73.749750614331433, 4.957131385998358 ], [ -73.749796867173771, 4.957103729886688 ], [ -73.749822616374232, 4.957085291308093 ], [ -73.749852180012127, 4.957065582378789 ], [ -73.749885080972319, 4.957040786565393 ], [ -73.749903955853426, 4.957003490313656 ], [ -73.749917030148467, 4.956972122626463 ], [ -73.749929427555472, 4.956945418908242 ], [ -73.749947547551571, 4.956924437929448 ], [ -73.749979495453076, 4.95690345755316 ], [ -73.750013986684223, 4.956895828619821 ], [ -73.750045775769578, 4.956899643113048 ], [ -73.750071207177612, 4.95690345848312 ], [ -73.750104268311176, 4.9569110867943 ], [ -73.750129699858007, 4.956920624152954 ], [ -73.750158310208732, 4.956934928793535 ], [ -73.750188826935442, 4.956953049248312 ], [ -73.750225543576732, 4.956976890991488 ], [ -73.750261306131975, 4.956998826182978 ], [ -73.750285148506123, 4.957012176982371 ], [ -73.750309943861865, 4.957031250499939 ], [ -73.750340462158945, 4.95705795257339 ], [ -73.750358581115535, 4.957080840785484 ], [ -73.750375747234713, 4.957103730078393 ], [ -73.750391959751909, 4.957132339728964 ], [ -73.75041866264273, 4.95717144030586 ], [ -73.75044584271815, 4.957204819253772 ], [ -73.750477314218017, 4.957233429678447 ], [ -73.750520705797854, 4.957260131605882 ], [ -73.750558852867485, 4.957275390978618 ], [ -73.750588416809947, 4.957288742508056 ], [ -73.750618457172905, 4.957302093495034 ], [ -73.750665663733074, 4.957328796509289 ], [ -73.750704764838986, 4.95735549967467 ], [ -73.750730514658287, 4.957378387352108 ], [ -73.750747679895738, 4.957401276633069 ], [ -73.750763893194588, 4.957424164279652 ], [ -73.750784873258468, 4.957441329951372 ], [ -73.750803946187901, 4.957460403610147 ], [ -73.75082492855411, 4.957485199804395 ], [ -73.750851631019543, 4.957511902561906 ], [ -73.750887393941269, 4.957540512612237 ], [ -73.750913619583145, 4.957574843719865 ], [ -73.750937461731226, 4.957601547912095 ], [ -73.75096082652874, 4.957633019009653 ], [ -73.750976562267709, 4.95766766790324 ], [ -73.750988960343093, 4.957705497862566 ], [ -73.750996588986581, 4.9577426916316 ], [ -73.751000403933176, 4.957783409983234 ], [ -73.751000722525433, 4.957826614581069 ], [ -73.75099611291941, 4.957867623038182 ], [ -73.750991820575251, 4.957906722598303 ], [ -73.750974655347136, 4.958002090197321 ], [ -73.750960826074547, 4.958078384929828 ], [ -73.750949858896703, 4.958129883534455 ], [ -73.750938415701896, 4.958173752153494 ], [ -73.750920772378649, 4.95824527761553 ], [ -73.750913142526869, 4.958290100242612 ], [ -73.750909805203989, 4.958326339985264 ], [ -73.750909804781102, 4.95836830426124 ], [ -73.750908851399913, 4.958429336886391 ], [ -73.750902652098432, 4.958500862920715 ], [ -73.750896454268954, 4.958536147572775 ], [ -73.750888824849284, 4.958568573308898 ], [ -73.750882148472911, 4.958597183603967 ], [ -73.750873566061429, 4.958623885718104 ], [ -73.750863075056699, 4.95865440345394 ], [ -73.750848769423484, 4.958686828630483 ], [ -73.750834830755196, 4.958716613654963 ], [ -73.750804424036133, 4.958773612903314 ], [ -73.750788688407241, 4.958806991709764 ], [ -73.750773906086863, 4.958852768133733 ], [ -73.750766753925504, 4.958894729675681 ], [ -73.750763892962098, 4.958940507035604 ], [ -73.750769614505089, 4.958974838809914 ], [ -73.750783920131298, 4.959006310243754 ], [ -73.750809669445104, 4.959035873713177 ], [ -73.75083605427541, 4.959047317578797 ], [ -73.750885010267098, 4.959062577303607 ], [ -73.750921249960058, 4.95907783518524 ], [ -73.75094413833051, 4.959089279399287 ], [ -73.750967025799355, 4.959100723613441 ], [ -73.750999451418991, 4.95911598220465 ], [ -73.751078605553872, 4.95915317612479 ], [ -73.7511329645302, 4.95918273963902 ], [ -73.751161574774315, 4.959205626749005 ], [ -73.751180649225603, 4.959222793658411 ], [ -73.751195906842412, 4.959249496728497 ], [ -73.751209258374018, 4.959283828870763 ], [ -73.751220702816212, 4.959310530844975 ], [ -73.751245021293897, 4.959336281561222 ], [ -73.751283645598889, 4.959360122859483 ], [ -73.751310162479513, 4.959379010658869 ], [ -73.751347541689711, 4.959426880654845 ], [ -73.751363753520636, 4.95947074950639 ], [ -73.751372813440597, 4.959513664529427 ], [ -73.751374243925412, 4.959559440625185 ], [ -73.751368205080794, 4.959600447991498 ], [ -73.751351356342553, 4.95964050297475 ], [ -73.751332918244188, 4.959685007586715 ], [ -73.751318931275065, 4.959726334387983 ], [ -73.751310348323813, 4.959754944138412 ], [ -73.751300810877211, 4.959789276963246 ], [ -73.751280906966855, 4.959826201583196 ], [ -73.751257895340899, 4.959869384740131 ], [ -73.751250266988222, 4.959907532466746 ], [ -73.751250266597836, 4.95994949311767 ], [ -73.751255988581363, 4.959976196165604 ], [ -73.751264571804512, 4.96000289957983 ], [ -73.751284281511417, 4.960020064854718 ], [ -73.751310348071527, 4.960027694698117 ], [ -73.751344680931211, 4.960031508927067 ], [ -73.751379013241902, 4.960037231691027 ], [ -73.751414297999062, 4.960050582990141 ], [ -73.751443385068669, 4.960075378979112 ], [ -73.751465797125093, 4.960111617486687 ], [ -73.751471518922045, 4.960142135793833 ], [ -73.751473427185061, 4.960170745377417 ], [ -73.751488685038368, 4.960193634077106 ], [ -73.751512527357733, 4.960210800072473 ], [ -73.751538969560329, 4.960228243643389 ], [ -73.75155639591479, 4.960248947138688 ], [ -73.751571655027988, 4.960273743465492 ], [ -73.751583098957425, 4.960302353059669 ], [ -73.751590728819522, 4.96033576321885 ], [ -73.751585960609987, 4.960372924919016 ], [ -73.751581191553768, 4.960405349215344 ], [ -73.751585482818356, 4.960438728784368 ], [ -73.75159263587274, 4.960470200181195 ], [ -73.751604080357993, 4.960496903047334 ], [ -73.751621246056459, 4.960524877191175 ], [ -73.751649379402025, 4.960551262435876 ], [ -73.751679738629775, 4.96056556680063 ], [ -73.751725197022679, 4.960578919171351 ], [ -73.751769065007707, 4.960589410091897 ], [ -73.751803397680618, 4.960601806822366 ], [ -73.751832962328322, 4.960618019714531 ], [ -73.751879691910744, 4.960630417716332 ], [ -73.751944166828736, 4.960630417633761 ], [ -73.751979827218435, 4.960630416861219 ], [ -73.752009391763423, 4.960626602334097 ], [ -73.75205135268196, 4.960619926726749 ], [ -73.752092361496125, 4.960607528402933 ], [ -73.752128600689787, 4.96059036280981 ], [ -73.752157687390934, 4.960578918296711 ], [ -73.752202987207767, 4.960578919206981 ], [ -73.752248763751453, 4.960595130814133 ], [ -73.752301215754727, 4.960626602197701 ], [ -73.752324625513239, 4.96064820923156 ], [ -73.752351760548208, 4.960683822430171 ], [ -73.752376556429724, 4.960714339813 ], [ -73.75239563021681, 4.960737228663569 ], [ -73.752425193743989, 4.9607715613052 ], [ -73.752452850162825, 4.960798263784166 ], [ -73.752486705531425, 4.960810661924091 ], [ -73.752530525588085, 4.960813074372059 ], [ -73.752556799898414, 4.960809707897312 ], [ -73.752588271937711, 4.960805892980491 ], [ -73.752623080383358, 4.960800172060094 ], [ -73.752667426295304, 4.960794448416024 ], [ -73.752715110572439, 4.960797310733065 ], [ -73.752763112620244, 4.960809071944436 ], [ -73.752803165982399, 4.960826237510819 ], [ -73.752834319632257, 4.96084404034581 ], [ -73.752859115194866, 4.96086788190429 ], [ -73.752876281685261, 4.960891724011814 ], [ -73.752904891662624, 4.960931778795654 ], [ -73.752926825978335, 4.960960388163457 ], [ -73.752943991917903, 4.960990906071133 ], [ -73.752956390025091, 4.96102142398298 ], [ -73.752973556115421, 4.96106720021881 ], [ -73.752982616193847, 4.961100578855717 ], [ -73.75299215249747, 4.961142540381968 ], [ -73.752992629555237, 4.9611845022804 ], [ -73.752990723041918, 4.961233139078039 ], [ -73.752990722250132, 4.961267471903887 ], [ -73.752991675938688, 4.961296081654972 ], [ -73.752998352302171, 4.961320876860889 ], [ -73.753009795601344, 4.961345672967011 ], [ -73.753034591181134, 4.96137428268607 ], [ -73.753055572692773, 4.961393355884851 ], [ -73.753091811117045, 4.961405754890185 ], [ -73.753130912418754, 4.961412430452525 ], [ -73.753200529691384, 4.961412429802232 ], [ -73.753227233727614, 4.961412430119361 ], [ -73.753262519486498, 4.961425781301407 ], [ -73.753288268671795, 4.961439133402833 ], [ -73.753315925523921, 4.961458206218595 ], [ -73.753341674524876, 4.961475372673593 ], [ -73.753386019884218, 4.961500167442003 ], [ -73.753408432110902, 4.961526870421804 ], [ -73.753420829528849, 4.961558342135661 ], [ -73.75343465763153, 4.961611748155962 ], [ -73.753448485563908, 4.961659432189739 ], [ -73.753475189387515, 4.961691856781064 ], [ -73.75348663287933, 4.961727143031502 ], [ -73.753481387680267, 4.961755752610309 ], [ -73.75345706878899, 4.961776733518036 ], [ -73.753421766886888, 4.961789744407675 ], [ -73.753391264804392, 4.961811065387558 ], [ -73.753380298539255, 4.961852073849713 ], [ -73.753381729025847, 4.961887360664315 ], [ -73.753396511273252, 4.961918831467009 ], [ -73.753428934897059, 4.961946487697871 ], [ -73.753443717501241, 4.961984634299615 ], [ -73.753443717977376, 4.962039948338149 ], [ -73.753448486686423, 4.962068558257303 ], [ -73.753467082676835, 4.962098122505717 ], [ -73.753486632590622, 4.962133407650883 ], [ -73.753508090365159, 4.962170601868433 ], [ -73.753527641175694, 4.962215423352005 ], [ -73.753539084864073, 4.962251664319042 ], [ -73.753552437135298, 4.962284087847443 ], [ -73.753571986891913, 4.962308884642121 ], [ -73.753595352001796, 4.962335585617408 ], [ -73.753618640347895, 4.962355863358876 ], [ -73.753654956488589, 4.962393760951888 ], [ -73.753683089981436, 4.962432860602144 ], [ -73.75370216350008, 4.962463379015532 ], [ -73.753724097898512, 4.962506294663791 ], [ -73.7537412648268, 4.962532043461279 ], [ -73.753766156417669, 4.962564880947302 ], [ -73.753784179182887, 4.962585448844653 ], [ -73.753809500579152, 4.962604237427056 ], [ -73.753839015872245, 4.962624549677724 ], [ -73.753863334398574, 4.962644577371071 ], [ -73.7538864284288, 4.962670918472456 ], [ -73.753908157354957, 4.962694168019503 ], [ -73.753925323574634, 4.962720871531025 ], [ -73.753943443365344, 4.962741851967994 ], [ -73.753967285110136, 4.96277427617606 ], [ -73.753989219720424, 4.962808609285552 ], [ -73.754013061651534, 4.962837219135931 ], [ -73.754048347137129, 4.962867736216922 ], [ -73.754072188893886, 4.962890624984589 ], [ -73.754095077624157, 4.962917328289494 ], [ -73.754126072055442, 4.96295452063562 ], [ -73.754154205422864, 4.962987900082536 ], [ -73.754190921637488, 4.963016509699525 ], [ -73.754253387121892, 4.963053704099753 ], [ -73.754288642652298, 4.963076099292403 ], [ -73.754309654048782, 4.963092804154378 ], [ -73.754341125102087, 4.963121414323216 ], [ -73.754366397598858, 4.963156701036577 ], [ -73.754383086524371, 4.963188171436252 ], [ -73.754394053677743, 4.963228225467071 ], [ -73.754395484411987, 4.963264465179114 ], [ -73.754389762466516, 4.963291168579582 ], [ -73.75437641087936, 4.963319778372429 ], [ -73.754355431094922, 4.963348389640752 ], [ -73.754329682008787, 4.963369368598477 ], [ -73.754299164351423, 4.963386535933503 ], [ -73.754278183475733, 4.963409424311811 ], [ -73.754263877229221, 4.963438034289033 ], [ -73.754247664561859, 4.963462829374278 ], [ -73.754229108955812, 4.963488756510505 ], [ -73.754202365669073, 4.963516235935122 ], [ -73.754179000136219, 4.963535308155742 ], [ -73.754155159082799, 4.963554382728756 ], [ -73.754146575696751, 4.963594437376802 ], [ -73.754158973200958, 4.963630676328479 ], [ -73.754182814991282, 4.963653564181925 ], [ -73.754225199117684, 4.963674586568844 ], [ -73.754249095731922, 4.96371078523307 ], [ -73.754252433608997, 4.963759422361209 ], [ -73.754257202561305, 4.963798523324837 ], [ -73.75426839313549, 4.963830314023571 ], [ -73.754290809365003, 4.963863609493982 ], [ -73.754312515656963, 4.963893890488577 ], [ -73.75432777370807, 4.963926315431332 ], [ -73.754334449983091, 4.963954925869957 ], [ -73.754346847505062, 4.963986397550544 ], [ -73.75437450432365, 4.964014053728997 ], [ -73.754420756851914, 4.964031220220976 ], [ -73.754465545212625, 4.964043880838159 ], [ -73.754492759232633, 4.964059830208297 ], [ -73.754518508915496, 4.964084625304376 ], [ -73.754536628412595, 4.964113235329952 ], [ -73.754548072731396, 4.964138031390227 ], [ -73.754564284737867, 4.964176178123421 ], [ -73.754574775492898, 4.964206695447 ], [ -73.754581927849316, 4.964238166781201 ], [ -73.754582404495395, 4.964277268119995 ], [ -73.754578590072143, 4.964318275658703 ], [ -73.754569053149055, 4.964368820647268 ], [ -73.754559516930755, 4.96440410640752 ], [ -73.754543304449186, 4.964439392559327 ], [ -73.754516600875945, 4.964475631847804 ], [ -73.754491805525248, 4.964510917854574 ], [ -73.754453659279989, 4.96455955533378 ], [ -73.754436493386891, 4.964582442980706 ], [ -73.75441932641381, 4.964609145888028 ], [ -73.754393577297776, 4.964639663908195 ], [ -73.754364966196832, 4.96466636631911 ], [ -73.754329203658855, 4.964680672783294 ], [ -73.754293441294223, 4.964691162176116 ], [ -73.754267692696203, 4.964700698979252 ], [ -73.75422573121611, 4.964719772546728 ], [ -73.754184722583105, 4.964738845928185 ], [ -73.754159926652051, 4.964752196898822 ], [ -73.754131316621468, 4.964779854925261 ], [ -73.754109383036237, 4.96481323273763 ], [ -73.754093169979299, 4.964845657438942 ], [ -73.754063605819212, 4.964852333529832 ], [ -73.754032134146115, 4.964839935499707 ], [ -73.753993987471929, 4.964834213652752 ], [ -73.753966331177935, 4.964847565169673 ], [ -73.753955841529873, 4.964873632407692 ], [ -73.753950119019521, 4.96489906345192 ], [ -73.753946304556379, 4.964925766483171 ], [ -73.753932475600422, 4.964959144988636 ], [ -73.753913878601253, 4.964986802430484 ], [ -73.753898620365177, 4.965015411683414 ], [ -73.753883361586134, 4.965036392226953 ], [ -73.753857135823267, 4.965065956961471 ], [ -73.753837585245776, 4.96510410383605 ], [ -73.753826140934805, 4.965141296686775 ], [ -73.753821372713816, 4.965167999902435 ], [ -73.753814220561395, 4.965204239465792 ], [ -73.753802299101892, 4.96524715484634 ], [ -73.753792762835602, 4.96528244060272 ], [ -73.753764628830325, 4.965308189540019 ], [ -73.753731727680588, 4.965328216505791 ], [ -73.753711700304521, 4.965354919953052 ], [ -73.75369548811986, 4.96539688189305 ], [ -73.753665287970975, 4.965414047041831 ], [ -73.753624379211757, 4.965419412133198 ], [ -73.753600437785465, 4.965434391923412 ], [ -73.753581046895178, 4.965478897679965 ], [ -73.753567694699484, 4.965509415097271 ], [ -73.75355052929261, 4.965539932343541 ], [ -73.75353574691465, 4.965575218658723 ], [ -73.753526688320761, 4.965612412403397 ], [ -73.753522872210908, 4.965654372857388 ], [ -73.753511428410192, 4.965723037076813 ], [ -73.753504276238516, 4.965764045714853 ], [ -73.753499984607345, 4.965801239446538 ], [ -73.753499984237408, 4.965837478988393 ], [ -73.753499984588046, 4.965882301959669 ], [ -73.753501892086291, 4.965925216933187 ], [ -73.753504275826245, 4.965991020208567 ], [ -73.753508567442481, 4.966030120819333 ], [ -73.753513336028448, 4.966062545990085 ], [ -73.753520965156952, 4.966091156254127 ], [ -73.753532409123764, 4.966114043796571 ], [ -73.753549575799113, 4.966142654028638 ], [ -73.753568648541233, 4.96617317152328 ], [ -73.753588676845297, 4.966203689735761 ], [ -73.75362300894335, 4.966239928981149 ], [ -73.753640174363753, 4.966271400656052 ], [ -73.753663062855509, 4.966310500838443 ], [ -73.753683090085019, 4.966335297062971 ], [ -73.753703116774318, 4.966362000012269 ], [ -73.753721237217974, 4.966390609148173 ], [ -73.753739356763049, 4.966419220094253 ], [ -73.75375652363617, 4.966444015963007 ], [ -73.753778387450339, 4.966473887747435 ], [ -73.753799914904562, 4.966507911815419 ], [ -73.75381708106616, 4.966547966006853 ], [ -73.753831862934362, 4.966590881651357 ], [ -73.753839492625772, 4.966617584277769 ], [ -73.753846168205882, 4.96665191670357 ], [ -73.75385093646004, 4.966691971482975 ], [ -73.753854751141233, 4.966737746621447 ], [ -73.753857612067065, 4.966778754679752 ], [ -73.753858566747809, 4.966821670735829 ], [ -73.753858566043633, 4.966856002644152 ], [ -73.753857135517322, 4.966887473836351 ], [ -73.753853797853111, 4.966939926611056 ], [ -73.753849029094951, 4.966978072892086 ], [ -73.753844260169402, 4.967039108016559 ], [ -73.753842353414015, 4.967100143490579 ], [ -73.753841399153728, 4.967164040225958 ], [ -73.753843307770055, 4.967203139932016 ], [ -73.753846167615421, 4.967238426006319 ], [ -73.753851890172214, 4.967271804799495 ], [ -73.753864288117057, 4.96730041503494 ], [ -73.753887653272102, 4.967335702111562 ], [ -73.753911018252893, 4.96737956990142 ], [ -73.753922462450177, 4.967412948489432 ], [ -73.753928660723417, 4.967452049626672 ], [ -73.753932952231182, 4.967523574504384 ], [ -73.753930567970926, 4.96757411946368 ], [ -73.753925323335906, 4.967615127733056 ], [ -73.753910064718667, 4.96767044109553 ], [ -73.753892629712354, 4.967721005969607 ], [ -73.753882408194798, 4.967763902217767 ], [ -73.753879546590071, 4.967800140499375 ], [ -73.753883837903786, 4.967851637979536 ], [ -73.753897667138475, 4.967885972180476 ], [ -73.75391673959443, 4.967914582024072 ], [ -73.753939628327416, 4.9679260251721 ], [ -73.753965378147768, 4.967931747589657 ], [ -73.753999709603775, 4.96792602527847 ], [ -73.754029273353396, 4.967916488631116 ], [ -73.754059791393857, 4.967900276902613 ], [ -73.754095077676169, 4.967885970971727 ], [ -73.754120826395365, 4.967876435061978 ], [ -73.754154681237594, 4.967869759473369 ], [ -73.754213332490522, 4.967861175957561 ], [ -73.754250525937408, 4.967859269241104 ], [ -73.754283905445988, 4.967863083437632 ], [ -73.754314421879201, 4.96786689728643 ], [ -73.754342078848367, 4.967870712593651 ], [ -73.754382133935508, 4.967875481110812 ], [ -73.754428862802882, 4.967885971216363 ], [ -73.75448989804066, 4.967905998487614 ], [ -73.754536627987136, 4.96791267422968 ], [ -73.754577636278327, 4.967909813841023 ], [ -73.754615783660739, 4.967908858922305 ], [ -73.754654213655471, 4.967908860207667 ], [ -73.754683493906612, 4.967912674547962 ], [ -73.754711787372727, 4.967915216754659 ], [ -73.754739761603076, 4.967920303132879 ], [ -73.754776477383132, 4.967930793809127 ], [ -73.754818916617467, 4.967946052437298 ], [ -73.754846572891367, 4.967960357874766 ], [ -73.754881858694787, 4.967981338522399 ], [ -73.754910945715366, 4.968003273741686 ], [ -73.754958628981768, 4.968050003146778 ], [ -73.754977225228231, 4.968074798238363 ], [ -73.754988670190386, 4.968097687550179 ], [ -73.754999637674914, 4.968133926288363 ], [ -73.755006789768203, 4.968168259049035 ], [ -73.755014419557796, 4.968204498891972 ], [ -73.755018710929392, 4.968241691845728 ], [ -73.755020141592155, 4.968286514971036 ], [ -73.755021094546834, 4.96832466194064 ], [ -73.755022048624355, 4.968378067228093 ], [ -73.755021413097197, 4.968404770240324 ], [ -73.75501844277025, 4.96846038356679 ], [ -73.755017280334414, 4.968498229800204 ], [ -73.755012511832007, 4.968537331703681 ], [ -73.755009651011974, 4.968572616165012 ], [ -73.755018233638808, 4.968599318579746 ], [ -73.755043506382123, 4.968620300719759 ], [ -73.755091611340546, 4.968637914749506 ], [ -73.755127906550783, 4.968654632823885 ], [ -73.755160331466783, 4.968667984398005 ], [ -73.755197047842415, 4.968681335581457 ], [ -73.755220412550997, 4.968707402987609 ], [ -73.755232811874123, 4.968744277161275 ], [ -73.755262374679646, 4.968776702868199 ], [ -73.755279541510077, 4.968805313936028 ], [ -73.755290983987635, 4.968833923413952 ], [ -73.755301475584275, 4.968858718722221 ], [ -73.755311011467612, 4.968892098550658 ], [ -73.755315303981902, 4.968939781647352 ], [ -73.755310058701411, 4.968976974657311 ], [ -73.755302429629808, 4.969005585161386 ], [ -73.755288601243436, 4.969041825136768 ], [ -73.755270957484626, 4.969085693663148 ], [ -73.755257605493213, 4.969112396757121 ], [ -73.755235194713975, 4.96914672897675 ], [ -73.755201340099205, 4.969182968355301 ], [ -73.755161284668887, 4.969209672162416 ], [ -73.755138397393623, 4.969224928634006 ], [ -73.755098342860236, 4.96925163243702 ], [ -73.755066871222226, 4.969268800029806 ], [ -73.755031586180053, 4.96928978000601 ], [ -73.755001068661272, 4.969308853228085 ], [ -73.75497531849642, 4.969329834050321 ], [ -73.754949570134528, 4.969350814869705 ], [ -73.754930495912433, 4.969369888563546 ], [ -73.754901886296594, 4.969400406278366 ], [ -73.754881705788037, 4.969425002322041 ], [ -73.754860877886358, 4.969459533619633 ], [ -73.754849751374323, 4.96948814360043 ], [ -73.75484275844444, 4.969526290615846 ], [ -73.754840850295537, 4.969560623792106 ], [ -73.754841486518487, 4.969592412058516 ], [ -73.754845618705744, 4.969619751221231 ], [ -73.754854201713599, 4.969648362169993 ], [ -73.754875183055745, 4.969678879224522 ], [ -73.754906972246715, 4.969694137350951 ], [ -73.754962920674885, 4.969701767163607 ], [ -73.75501632668454, 4.969701766650704 ], [ -73.755063057282243, 4.969701767442257 ], [ -73.755097389007275, 4.96970176704398 ], [ -73.755177020971772, 4.9697055816087 ], [ -73.755230903409029, 4.969705582342646 ], [ -73.755278586660978, 4.969699860045604 ], [ -73.755315781267271, 4.969694137994583 ], [ -73.755343755721171, 4.969689051821318 ], [ -73.755373000838674, 4.969686507998428 ], [ -73.755406855798768, 4.96969413774137 ], [ -73.755444525996239, 4.969707488713598 ], [ -73.755473137205314, 4.969722748641295 ], [ -73.755500793383902, 4.969736099317887 ], [ -73.755531091678634, 4.969749540175602 ], [ -73.755567551059954, 4.969768524919258 ], [ -73.755594253482798, 4.969781875779211 ], [ -73.755626677928547, 4.969797134044685 ], [ -73.755659579689407, 4.969807625403973 ], [ -73.755696773321759, 4.969829559426159 ], [ -73.755722046133315, 4.969850539719082 ], [ -73.755738258519443, 4.969875335698037 ], [ -73.755764006938975, 4.969915389922314 ], [ -73.755775451967608, 4.96993827921023 ], [ -73.755787849154871, 4.969966889388022 ], [ -73.755799293854508, 4.969997406476037 ], [ -73.755807876907966, 4.9700260165001 ], [ -73.755814551910419, 4.970056534529875 ], [ -73.755818685083767, 4.970093409107691 ], [ -73.755819320621228, 4.970121383918542 ], [ -73.755816458765679, 4.970155716372929 ], [ -73.755811690866082, 4.970197677907553 ], [ -73.755800246972797, 4.970273971743814 ], [ -73.755794524902328, 4.970304488599356 ], [ -73.755787848744347, 4.97034263615881 ], [ -73.75577831224841, 4.97039032061624 ], [ -73.755769729265069, 4.970422744760111 ], [ -73.755764008095241, 4.970453261614626 ], [ -73.755752563134891, 4.970491410115533 ], [ -73.755742409317662, 4.970538983972035 ], [ -73.755741118520405, 4.970573411455079 ], [ -73.755741119475644, 4.970624923766551 ], [ -73.755741119227082, 4.970651626045447 ], [ -73.755734395919191, 4.970683241749732 ], [ -73.755726813265795, 4.970714568855904 ], [ -73.75572824466353, 4.970744132746902 ], [ -73.755743662555574, 4.97078514085743 ], [ -73.755754471514933, 4.970820744475946 ], [ -73.755761145490652, 4.970861435922789 ], [ -73.755764007866787, 4.970905939756823 ], [ -73.75576591464494, 4.970942497439512 ], [ -73.755765278484461, 4.970979690595384 ], [ -73.755759238506528, 4.971027374664719 ], [ -73.755745887329894, 4.971076965694657 ], [ -73.755743026702703, 4.97110366763241 ], [ -73.755744934186481, 4.971136093325136 ], [ -73.755752563704249, 4.971170425516603 ], [ -73.755769729386884, 4.971203486183918 ], [ -73.755793570811576, 4.971225738651855 ], [ -73.7558193213019, 4.971229553345135 ], [ -73.755850314299522, 4.971228599289367 ], [ -73.755887508056787, 4.971218109933204 ], [ -73.755925654928902, 4.971185684467038 ], [ -73.755960465194946, 4.971158982091554 ], [ -73.755983353243323, 4.971147537221736 ], [ -73.756027222303544, 4.971113204800043 ], [ -73.756051540495307, 4.971092224669678 ], [ -73.756086349153406, 4.971071243366832 ], [ -73.756122589048388, 4.971043268799175 ], [ -73.756149291940758, 4.971029281172466 ], [ -73.756182989294771, 4.971010207863723 ], [ -73.75620460537472, 4.970991134837071 ], [ -73.756231307667548, 4.970966339424575 ], [ -73.756267546688264, 4.970946312097413 ], [ -73.756298065043879, 4.970945357662209 ], [ -73.756335257415216, 4.970951080413461 ], [ -73.756372451650975, 4.970933914332995 ], [ -73.756412982053149, 4.970932007260949 ], [ -73.756459394891252, 4.970926285419517 ], [ -73.756484032272269, 4.970899582024529 ], [ -73.756510416822167, 4.97088813765177 ], [ -73.756548127463219, 4.970889410171723 ], [ -73.756580353080196, 4.970899581898935 ], [ -73.75661087110565, 4.970904668876638 ], [ -73.75664234089156, 4.970907211859307 ], [ -73.75667381234031, 4.970916747364414 ], [ -73.756702422351438, 4.970930099599022 ], [ -73.756731509405427, 4.970955849059093 ], [ -73.756746292068556, 4.970987320628108 ], [ -73.756749152829414, 4.971021652844772 ], [ -73.756744384219544, 4.971055030955253 ], [ -73.756734848238153, 4.97108650238496 ], [ -73.756717363393975, 4.97113672891662 ], [ -73.756708144917297, 4.971179961578453 ], [ -73.756711006898115, 4.971206665090326 ], [ -73.756725237995283, 4.971252149491868 ], [ -73.756736756245544, 4.971292496002766 ], [ -73.756745338089033, 4.971319199282838 ], [ -73.756760597035154, 4.971354485559764 ], [ -73.756777762286916, 4.971397400160891 ], [ -73.756786822453591, 4.9714384082932 ], [ -73.756793498010154, 4.971489906593717 ], [ -73.75679874435049, 4.971523284970889 ], [ -73.756812095538137, 4.971548080574935 ], [ -73.756833076377134, 4.971589088593863 ], [ -73.756845474109582, 4.971633911768556 ], [ -73.756856918150604, 4.971660614474155 ], [ -73.756883143803037, 4.971690177938386 ], [ -73.756902693871993, 4.971723557083445 ], [ -73.756917952963775, 4.971750259026404 ], [ -73.756937980182428, 4.971782684712747 ], [ -73.756975173993041, 4.971837043792873 ], [ -73.756992339900833, 4.971864700977261 ], [ -73.757005691631704, 4.971887588041239 ], [ -73.757028102687826, 4.971928596217419 ], [ -73.757054298328143, 4.971983223116946 ], [ -73.757073342856302, 4.972023490385844 ], [ -73.757082621430484, 4.972066879173785 ], [ -73.757085799842301, 4.972101211924623 ], [ -73.757087707774247, 4.972135544324789 ], [ -73.757087706627203, 4.972180367252719 ], [ -73.757085800693375, 4.972229957819057 ], [ -73.757087707537423, 4.972263336406221 ], [ -73.757099152130664, 4.972288131475217 ], [ -73.757131576081449, 4.972313881596886 ], [ -73.757154464617059, 4.972346305794902 ], [ -73.757165909247632, 4.972375869932256 ], [ -73.757172585032592, 4.972400665047945 ], [ -73.757184981810255, 4.972431182809797 ], [ -73.757197380174347, 4.972455978590117 ], [ -73.757212638926021, 4.972480774703537 ], [ -73.757246017147565, 4.97249984792773 ], [ -73.757287979476885, 4.972501754398652 ], [ -73.757318496279851, 4.972501755531303 ], [ -73.757348060219229, 4.972501754137694 ], [ -73.757379532027798, 4.972498894538002 ], [ -73.757415770774074, 4.972486495843492 ], [ -73.757440566734203, 4.972476959975536 ], [ -73.757474898667411, 4.972463607845637 ], [ -73.757497787557526, 4.972442627494975 ], [ -73.757517813809827, 4.972410201951443 ], [ -73.757544517149711, 4.972381592133448 ], [ -73.757591962447876, 4.972367287401178 ], [ -73.757631302105011, 4.972375869943813 ], [ -73.757662772884586, 4.972381591943466 ], [ -73.757706642033384, 4.972363153897548 ], [ -73.75774002101636, 4.972363154436017 ], [ -73.757772051623874, 4.972380263637132 ], [ -73.757795333320487, 4.972414016722513 ], [ -73.75780359940984, 4.972440719437347 ], [ -73.757806777635452, 4.972492218114008 ], [ -73.757811227596676, 4.972542445687917 ], [ -73.757802963025526, 4.972595215397567 ], [ -73.757797240295915, 4.972621918812494 ], [ -73.757785161024316, 4.972650528114623 ], [ -73.757772445234863, 4.972677231425674 ], [ -73.757758139537671, 4.972703933849812 ], [ -73.757749557697011, 4.972732544560055 ], [ -73.757743358607357, 4.97276878394688 ], [ -73.757723331416017, 4.972819329247446 ], [ -73.757700919214784, 4.972850800106669 ], [ -73.757683753124851, 4.972877503103915 ], [ -73.757665634323487, 4.972900391035584 ], [ -73.757651328768858, 4.972923278202758 ], [ -73.75762748663, 4.972965241752664 ], [ -73.757608414284036, 4.972993850948357 ], [ -73.75758838599495, 4.973020554519755 ], [ -73.757576942852452, 4.973049163993846 ], [ -73.757575035014881, 4.973079681898424 ], [ -73.757579803255439, 4.973122597138976 ], [ -73.757593155514954, 4.973184585124116 ], [ -73.757597923008944, 4.973223686919159 ], [ -73.757592677934127, 4.973270416257438 ], [ -73.757575034304168, 4.973319053903428 ], [ -73.757555961985886, 4.973352433073773 ], [ -73.757530211548016, 4.973390579941184 ], [ -73.757505416828067, 4.973424912263486 ], [ -73.757465362173193, 4.9734745032412 ], [ -73.757438659015577, 4.973508835040826 ], [ -73.75739860600406, 4.97356224126983 ], [ -73.757380485523498, 4.973581313943605 ], [ -73.757360457958526, 4.973611830956831 ], [ -73.757334709119533, 4.97364902581364 ], [ -73.757311821041597, 4.973688125914782 ], [ -73.75729751636409, 4.973711013982105 ], [ -73.75728034955894, 4.973743438953753 ], [ -73.757259442545802, 4.973785304104579 ], [ -73.757242203201599, 4.973829269041445 ], [ -73.757205962783019, 4.973920821631698 ], [ -73.757178306071765, 4.973988533486109 ], [ -73.757164001860829, 4.974027633674623 ], [ -73.757152557411928, 4.974054336424348 ], [ -73.757145880885616, 4.974081039124534 ], [ -73.757141589446363, 4.974113465587643 ], [ -73.757141112690078, 4.974143981848934 ], [ -73.757145404421408, 4.974177360406934 ], [ -73.757158756355111, 4.974219322833102 ], [ -73.757173537327688, 4.974250793472351 ], [ -73.757191657799723, 4.974277495727809 ], [ -73.757217407871181, 4.974306106796021 ], [ -73.757242202373931, 4.974334717151299 ], [ -73.757266043792185, 4.974357604812016 ], [ -73.757295608405556, 4.974388123644277 ], [ -73.757326761803057, 4.974412917764716 ], [ -73.757346470943403, 4.974440892353092 ], [ -73.75735092076178, 4.974472046366592 ], [ -73.757349013972927, 4.974498749014427 ], [ -73.757346152258819, 4.97453470041154 ], [ -73.757348060293054, 4.974581719254653 ], [ -73.757351874965906, 4.974625587595798 ], [ -73.757343292487718, 4.974669456614512 ], [ -73.757340430540367, 4.974702835248059 ], [ -73.75734138509678, 4.97483062802457 ], [ -73.757339477406376, 4.974857330673345 ], [ -73.757334335451759, 4.97489008479988 ], [ -73.757327079140211, 4.974925041282866 ], [ -73.757314681405873, 4.974967956349177 ], [ -73.757306098780276, 4.974992752709158 ], [ -73.757295608619572, 4.975017547642233 ], [ -73.757277171352669, 4.975056330424679 ], [ -73.757272720908901, 4.975086212360035 ], [ -73.757273991459101, 4.975118636953747 ], [ -73.757285118085747, 4.975159645401511 ], [ -73.757291793349765, 4.975204467887462 ], [ -73.757281303635253, 4.975240707682562 ], [ -73.757266998931215, 4.975263595753435 ], [ -73.757249832022964, 4.975286483494754 ], [ -73.757239023344582, 4.975312077861956 ], [ -73.757234575046468, 4.975337522840635 ], [ -73.75724648627596, 4.975373417437116 ], [ -73.757260786776968, 4.975399742188636 ], [ -73.757274748061036, 4.975421382420036 ], [ -73.7572870055659, 4.975447607260421 ], [ -73.757303691870788, 4.975476325566631 ], [ -73.757330216337039, 4.975501896014995 ], [ -73.757362120377323, 4.975521815218356 ], [ -73.757411012817286, 4.975550549880384 ], [ -73.757463490093926, 4.975567323354 ], [ -73.757501659780658, 4.975569733673692 ], [ -73.757533865910418, 4.975569750026108 ], [ -73.757572314465705, 4.975577725443399 ], [ -73.757607796226523, 4.975626011503206 ], [ -73.75761374040232, 4.975666689261194 ], [ -73.7576232698448, 4.975694208589345 ], [ -73.757650691685583, 4.975721736293917 ], [ -73.757682887724741, 4.975744482196169 ], [ -73.757700770431995, 4.975763630205514 ], [ -73.757711489713387, 4.975799525254419 ], [ -73.75771863295283, 4.975828240045058 ], [ -73.757740089497275, 4.975858158236692 ], [ -73.757756769231264, 4.975900037173865 ], [ -73.757772258727826, 4.975937130311683 ], [ -73.757793709984114, 4.975976618317846 ], [ -73.757813970595905, 4.976014908638526 ], [ -73.757822298094396, 4.976059737354612 ], [ -73.757808226439664, 4.976094666388895 ], [ -73.757808049158911, 4.976121902773071 ], [ -73.757834910529752, 4.976157189218498 ], [ -73.757850646342931, 4.976198196868467 ], [ -73.757865905832361, 4.976230622551676 ], [ -73.757884979827182, 4.976260185118112 ], [ -73.757891919497339, 4.976307338426984 ], [ -73.757871628160373, 4.976343155133393 ], [ -73.757888794350919, 4.976362227943048 ], [ -73.757912509757418, 4.976377415518505 ], [ -73.757947540025683, 4.976408004931697 ], [ -73.757955550711841, 4.976461411092331 ], [ -73.757976532005955, 4.97650337194281 ], [ -73.757980346184809, 4.976544380639034 ], [ -73.757972327249931, 4.976583910698108 ], [ -73.757974147197842, 4.976631165821352 ], [ -73.757988929222634, 4.976667404588581 ], [ -73.758005243199165, 4.976708185328794 ], [ -73.758011500058743, 4.976766586096314 ], [ -73.758017539883511, 4.976800918248197 ], [ -73.758026122637332, 4.976831435837489 ], [ -73.758037566597622, 4.976870537171222 ], [ -73.758049964851011, 4.976907729778493 ], [ -73.758061409206618, 4.976930618087499 ], [ -73.758077141806311, 4.976956959260353 ], [ -73.75808811195013, 4.976980210093155 ], [ -73.758108139300703, 4.977019628228394 ], [ -73.75813293410414, 4.977064133008063 ], [ -73.758150100646617, 4.977098465015374 ], [ -73.758165995800084, 4.977132797580885 ], [ -73.758187770279065, 4.977192879060315 ], [ -73.758197784054786, 4.977231980225374 ], [ -73.758204143118164, 4.977263768200552 ], [ -73.758205413703777, 4.977293013705505 ], [ -73.758207320658101, 4.977326393178454 ], [ -73.758209228897556, 4.977457046260596 ], [ -73.758211136330473, 4.977483749037029 ], [ -73.758214072680104, 4.977577661009222 ], [ -73.758216380084789, 4.977625847660979 ], [ -73.758222102781829, 4.977671623221648 ], [ -73.758235931024316, 4.977739334401072 ], [ -73.758255003617919, 4.977766037316909 ], [ -73.758286475951891, 4.977737426477779 ], [ -73.758306502663473, 4.977706909428669 ], [ -73.758329391160132, 4.977669716912273 ], [ -73.758367538404755, 4.977638245085921 ], [ -73.758385658329374, 4.97761154277131 ], [ -73.758395194987912, 4.977579117507053 ], [ -73.758400439848671, 4.977536201616666 ], [ -73.758408545589859, 4.977504730004365 ], [ -73.758432387227629, 4.977459907689115 ], [ -73.758460044890597, 4.977419853665526 ], [ -73.75848770079179, 4.977384566901455 ], [ -73.75850391392639, 4.977361679321314 ], [ -73.758521397975372, 4.977327346323425 ], [ -73.758530617906388, 4.977294922328391 ], [ -73.758530617241405, 4.977264404818417 ], [ -73.758526802258331, 4.977237701527255 ], [ -73.758518219094142, 4.97720527632239 ], [ -73.758514404443744, 4.977176498893195 ], [ -73.758518219049279, 4.977146148927841 ], [ -73.758531570109668, 4.977119445770637 ], [ -73.758554458624459, 4.97708702141383 ], [ -73.758584976276225, 4.977061589838581 ], [ -73.758616447109361, 4.977031708447176 ], [ -73.75864791816106, 4.97700595904006 ], [ -73.758682122140968, 4.976980783838859 ], [ -73.758705139213163, 4.976966858246153 ], [ -73.758741378439069, 4.976946830747804 ], [ -73.758783340276665, 4.976926803893162 ], [ -73.758813857553932, 4.976919174416601 ], [ -73.758858680362081, 4.976902008416388 ], [ -73.758892058702614, 4.976888656377918 ], [ -73.758914946869837, 4.976877213195605 ], [ -73.758951187416628, 4.976863861475592 ], [ -73.75898551876061, 4.976846695795306 ], [ -73.759013176046722, 4.976827622034722 ], [ -73.75904083204729, 4.976806640647655 ], [ -73.75906372010634, 4.976785660230995 ], [ -73.759078980340291, 4.976762771930042 ], [ -73.759091377081944, 4.976737976587875 ], [ -73.759098052113274, 4.976713180601687 ], [ -73.759100913430387, 4.976663589860681 ], [ -73.759093284680048, 4.976625442494588 ], [ -73.759094237761943, 4.976594924793519 ], [ -73.75909757617454, 4.9765396124313 ], [ -73.759104728196931, 4.97649955759417 ], [ -73.759112357898005, 4.976474762317549 ], [ -73.759122848695043, 4.976447423558356 ], [ -73.759135245778296, 4.976421356766216 ], [ -73.75916051909806, 4.976370811715125 ], [ -73.759183247966561, 4.976332982283605 ], [ -73.759199142737032, 4.976312637054576 ], [ -73.759222983398772, 4.976285934466246 ], [ -73.759254454964307, 4.976263046478363 ], [ -73.759281158832493, 4.976245879627282 ], [ -73.759313582600612, 4.976228714325092 ], [ -73.759346008552626, 4.976213455741008 ], [ -73.759378432697261, 4.976198196252684 ], [ -73.759422778848418, 4.976166725381154 ], [ -73.759461401921612, 4.976141929656427 ], [ -73.759492874320486, 4.976114273496179 ], [ -73.759517669876857, 4.976093292679273 ], [ -73.759547233205822, 4.976058006401409 ], [ -73.759570122346673, 4.976024627302322 ], [ -73.759598731878995, 4.97597122147804 ], [ -73.759629566737331, 4.975917180529059 ], [ -73.759644508757404, 4.975893021137877 ], [ -73.759675502079716, 4.975856781203627 ], [ -73.759701728339877, 4.975833892914888 ], [ -73.759723663725822, 4.975818633747312 ], [ -73.759753226158367, 4.975801468108856 ], [ -73.759784698446637, 4.975782394449316 ], [ -73.759819030996255, 4.975767136362158 ], [ -73.759844779120257, 4.975753784039338 ], [ -73.75987863542565, 4.975739479407339 ], [ -73.759906768719333, 4.975736618087433 ], [ -73.75993410728573, 4.975737889667863 ], [ -73.759963034764738, 4.975746155553208 ], [ -73.75999975122636, 4.975757598765328 ], [ -73.760042666611099, 4.975759506643153 ], [ -73.760085582457094, 4.975754738729392 ], [ -73.760112126105, 4.975744246918872 ], [ -73.760138511020202, 4.975725173685746 ], [ -73.760160446161493, 4.975690841859783 ], [ -73.760172843882486, 4.975632349927833 ], [ -73.760195255240063, 4.97559547465292 ], [ -73.760234196520855, 4.97556495654988 ], [ -73.760255813762797, 4.975538253785391 ], [ -73.76028919163457, 4.975509644298217 ], [ -73.760318755838625, 4.975492476826608 ], [ -73.760341009031578, 4.975479761983966 ], [ -73.760358810336513, 4.975456237268188 ], [ -73.76036071765219, 4.975423813560117 ], [ -73.760352133921216, 4.975393296014675 ], [ -73.760339736487751, 4.97535610255852 ], [ -73.760312080099794, 4.975307464666527 ], [ -73.760295868431641, 4.975278853596323 ], [ -73.760273029185058, 4.975245574317983 ], [ -73.760286967390883, 4.975214004566908 ], [ -73.760324074791015, 4.975191074742751 ], [ -73.760355949020379, 4.975160599181655 ], [ -73.760375022686105, 4.975143432959615 ], [ -73.760408877451297, 4.975139618444302 ], [ -73.760454940897901, 4.975145339730071 ], [ -73.760488510007903, 4.975143433166966 ], [ -73.760521887895024, 4.97513294250384 ], [ -73.760556220197842, 4.975116730572713 ], [ -73.760584831129663, 4.97509765656687 ], [ -73.760616301817421, 4.975070953276989 ], [ -73.760640143532186, 4.975049972624932 ], [ -73.760658900002923, 4.975024541889621 ], [ -73.760679721577247, 4.974987030453532 ], [ -73.760696410638062, 4.974948883087314 ], [ -73.760705946896138, 4.974924087411144 ], [ -73.760717391659568, 4.974890709736995 ], [ -73.76073169681446, 4.97485733056953 ], [ -73.760752200283889, 4.974824906201763 ], [ -73.760784148549732, 4.974790573659539 ], [ -73.760817527262105, 4.974761962343279 ], [ -73.760852812987224, 4.974735260069385 ], [ -73.760871887021111, 4.974706649888009 ], [ -73.760889053661771, 4.974660873272342 ], [ -73.760907172639094, 4.974630355662248 ], [ -73.760929107054238, 4.974615097370306 ], [ -73.76096344015194, 4.97460746793086 ], [ -73.761024474800053, 4.974607468013644 ], [ -73.761059760753554, 4.974613189947555 ], [ -73.761085509565035, 4.974643707559662 ], [ -73.761083602928906, 4.9746704101952 ], [ -73.761075973702035, 4.974697113107307 ], [ -73.761084556419334, 4.974731445893908 ], [ -73.761123656924937, 4.974739075567293 ], [ -73.761158942823272, 4.974726676855649 ], [ -73.761188506907061, 4.974691391429318 ], [ -73.761194229114949, 4.974662781283986 ], [ -73.761193275483208, 4.974632263986436 ], [ -73.761186599131051, 4.974605560408925 ], [ -73.761175155243777, 4.974580764536213 ], [ -73.761157989926886, 4.97456169091263 ], [ -73.76113700852062, 4.974546433329978 ], [ -73.761121749446275, 4.974525451686423 ], [ -73.761116981661687, 4.974494934269853 ], [ -73.761130809653451, 4.974449157888303 ], [ -73.761152267887951, 4.974412918062039 ], [ -73.761173247882198, 4.974390030361613 ], [ -73.761194228713052, 4.974362373594211 ], [ -73.761224746674714, 4.974323272719095 ], [ -73.761245728210412, 4.974294662136736 ], [ -73.761297225571042, 4.974229812118433 ], [ -73.761313438022, 4.974208832120437 ], [ -73.76133155851565, 4.97418594410107 ], [ -73.761352061871904, 4.97414875065636 ], [ -73.761363983022946, 4.974115371521763 ], [ -73.761375903400975, 4.97407817894557 ], [ -73.761393070124853, 4.974041939549386 ], [ -73.761409759577859, 4.97401046796 ], [ -73.761430262732915, 4.973985672274381 ], [ -73.761455535093774, 4.973962784132453 ], [ -73.761485100616127, 4.973943710805065 ], [ -73.761516570567181, 4.973909377886521 ], [ -73.761547088301157, 4.973882675666907 ], [ -73.761568069294469, 4.973855971799911 ], [ -73.761580785064567, 4.973825454994119 ], [ -73.761586189117324, 4.973798751937228 ], [ -73.761587619626809, 4.973769188414229 ], [ -73.761584281572681, 4.973731994468868 ], [ -73.761574744507811, 4.973694801353647 ], [ -73.761561393484229, 4.973645211266639 ], [ -73.761558531604464, 4.973602294797009 ], [ -73.761564406039113, 4.973553051707403 ], [ -73.761577605826005, 4.973512649618078 ], [ -73.761589330928345, 4.973484571882268 ], [ -73.7616062162639, 4.973451614143293 ], [ -73.761631965674169, 4.973423004378565 ], [ -73.761658191450351, 4.973402977474868 ], [ -73.761693476747794, 4.973379134800743 ], [ -73.76171588933434, 4.973350525270921 ], [ -73.761734008503382, 4.973325729621092 ], [ -73.761757531859104, 4.973310470378667 ], [ -73.761796951565245, 4.97329521176267 ], [ -73.761830329266232, 4.973279952890174 ], [ -73.761853217757832, 4.973253249527877 ], [ -73.761868476533408, 4.973228454467581 ], [ -73.761887549837397, 4.973192215575628 ], [ -73.761899947320714, 4.973167419298322 ], [ -73.761918068326153, 4.973107337992247 ], [ -73.761930465479807, 4.97307205248715 ], [ -73.76194000179855, 4.973043441550878 ], [ -73.761950016091561, 4.973009109898909 ], [ -73.761953353396223, 4.972967148223521 ], [ -73.761954784509101, 4.972891808012553 ], [ -73.761962055854113, 4.972834830545966 ], [ -73.761978148528996, 4.972789764637516 ], [ -73.762005805162076, 4.972755432495842 ], [ -73.762050644747589, 4.972727290223638 ], [ -73.762098312386144, 4.972708702717045 ], [ -73.762126922724377, 4.972696304451863 ], [ -73.762150764445593, 4.972684860083511 ], [ -73.762181757958913, 4.972668647428266 ], [ -73.76222038234441, 4.972656250247575 ], [ -73.76226091283489, 4.972645759391034 ], [ -73.76229381515887, 4.972631454864116 ], [ -73.762327829764729, 4.972609837991798 ], [ -73.762348174641616, 4.972589492090146 ], [ -73.762366295184364, 4.972562789706703 ], [ -73.762382506911038, 4.972534180095333 ], [ -73.762397765775177, 4.972505568871154 ], [ -73.762411117381887, 4.972482681825526 ], [ -73.762430190902265, 4.972452163992072 ], [ -73.762453078813252, 4.97241401667224 ], [ -73.762497902548049, 4.972341537479309 ], [ -73.762518883195895, 4.972309113432089 ], [ -73.762536048989958, 4.972277642181222 ], [ -73.762555121701951, 4.972229957524924 ], [ -73.762561797535369, 4.972196579925045 ], [ -73.762561798011404, 4.97216796915818 ], [ -73.762555440339341, 4.972140629956566 ], [ -73.76254526791918, 4.972108841024888 ], [ -73.76253318841421, 4.972082138284699 ], [ -73.762517929229816, 4.972051621256187 ], [ -73.76250266940842, 4.97202682529524 ], [ -73.762485405414495, 4.971998017312531 ], [ -73.762471198965187, 4.971969604873361 ], [ -73.762468814259108, 4.971930504017979 ], [ -73.762496947831053, 4.971885681180532 ], [ -73.762527465702661, 4.971864700906357 ], [ -73.762559890649698, 4.971850395114971 ], [ -73.762601851663973, 4.971841812026241 ], [ -73.762634073810645, 4.971825349980421 ], [ -73.762660980279378, 4.971815109251266 ], [ -73.762694835411295, 4.971800804514114 ], [ -73.762726306180852, 4.971771240623955 ], [ -73.762747763620041, 4.9717407227424 ], [ -73.762764612917167, 4.971713383837563 ], [ -73.762781143083103, 4.971681594778497 ], [ -73.762799263053637, 4.971643448445451 ], [ -73.762825798757717, 4.971598004845188 ], [ -73.76284408580544, 4.971570969242185 ], [ -73.762864112799349, 4.971548080801556 ], [ -73.762888907690524, 4.971525192272352 ], [ -73.762912750379314, 4.971509932632117 ], [ -73.762935638017382, 4.971492768280783 ], [ -73.762960885948488, 4.971482492358814 ], [ -73.763004303014895, 4.971460342427092 ], [ -73.763036727613269, 4.97144889805542 ], [ -73.763072331110678, 4.971437454527309 ], [ -73.763110160991431, 4.971436501265591 ], [ -73.76315402942204, 4.971458435232136 ], [ -73.763187407891394, 4.971500396928687 ], [ -73.763205527225239, 4.971538543844813 ], [ -73.763223647734179, 4.971582412730226 ], [ -73.763247489785314, 4.971630096575542 ], [ -73.763266563278592, 4.971670150914388 ], [ -73.763285635947526, 4.971714973411903 ], [ -73.763298035091097, 4.971742629577586 ], [ -73.763315200768304, 4.971763611678705 ], [ -73.763353347837409, 4.971791266984492 ], [ -73.76339674010967, 4.971805572789552 ], [ -73.763435363622719, 4.971811295275741 ], [ -73.763462066209655, 4.971811295116606 ], [ -73.763492583838527, 4.971811295062238 ], [ -73.763540267980162, 4.971805573059585 ], [ -73.763581275796781, 4.971799850643059 ], [ -73.763622760826777, 4.971797943826792 ], [ -73.763660430068327, 4.971805573220427 ], [ -73.76368904123423, 4.971815109872256 ], [ -73.76372766510049, 4.97183132156443 ], [ -73.763765335366102, 4.97185706977029 ], [ -73.76379203760402, 4.971868515349214 ], [ -73.76381063376239, 4.971895217747564 ], [ -73.763833999395473, 4.971929550548638 ], [ -73.763861655948389, 4.971952438054443 ], [ -73.763896941607186, 4.971970558513648 ], [ -73.763937948928927, 4.971988678673922 ], [ -73.763974507253835, 4.971986770304313 ], [ -73.764009475237984, 4.971969604585057 ], [ -73.764045715271266, 4.971960067890114 ], [ -73.764080048508305, 4.971961339357747 ], [ -73.764122010243554, 4.971975326418488 ], [ -73.764160155697283, 4.971990585729221 ], [ -73.764198303121688, 4.97201538135046 ], [ -73.764232635785746, 4.972045898837427 ], [ -73.764265536658698, 4.972067197493154 ], [ -73.764304161002514, 4.97207832335312 ], [ -73.764344692166375, 4.972080231035171 ], [ -73.764380773498033, 4.972087224238718 ], [ -73.764408111215772, 4.972101211949198 ], [ -73.764433860103679, 4.972114563514546 ], [ -73.764470099852915, 4.972129822300317 ], [ -73.764496802502379, 4.972143172756604 ], [ -73.76452255218382, 4.972160339566774 ], [ -73.764545440753736, 4.972187042389174 ], [ -73.764563242168705, 4.972213109505298 ], [ -73.764588356221836, 4.972238541010651 ], [ -73.764620304001497, 4.972255707865488 ], [ -73.764654636805673, 4.97228240917065 ], [ -73.764697074920122, 4.972311973366192 ], [ -73.764718056351555, 4.972349166709826 ], [ -73.764720280492611, 4.972383498660411 ], [ -73.764711379940437, 4.972414017409755 ], [ -73.764713287587, 4.972440720133373 ], [ -73.764744280976416, 4.972472191653397 ], [ -73.764768599558508, 4.972497939898053 ], [ -73.764791488086487, 4.972511291145097 ], [ -73.76482105226367, 4.972517014099919 ], [ -73.764851251730477, 4.972515741993764 ], [ -73.764881609948745, 4.972511291534104 ], [ -73.764915465819286, 4.972509384434757 ], [ -73.764945983469985, 4.972509384308131 ], [ -73.764991761189805, 4.972513198910944 ], [ -73.765015602183468, 4.972524642324188 ], [ -73.765035629502478, 4.972551345730694 ], [ -73.765040397039613, 4.972579956375847 ], [ -73.765029906685527, 4.972615241509747 ], [ -73.765048979544446, 4.972642899835515 ], [ -73.765079498101628, 4.972642898795766 ], [ -73.765107154691094, 4.972635269673833 ], [ -73.765139578858225, 4.97263908438309 ], [ -73.765165804677508, 4.972667694547081 ], [ -73.765202203543126, 4.972668330090394 ], [ -73.76523017932675, 4.972658157696651 ], [ -73.765265465117906, 4.972641944448945 ], [ -73.765309810866725, 4.972637176380447 ], [ -73.765337943988385, 4.972625732351856 ], [ -73.765364965149317, 4.972608565835148 ], [ -73.765419006046528, 4.972584724735193 ], [ -73.765449523711297, 4.972576141179656 ], [ -73.765480517898055, 4.97257232703537 ], [ -73.765525817491891, 4.972572326906433 ], [ -73.765562901279125, 4.972576141612284 ], [ -73.765606402425902, 4.972579956100764 ], [ -73.765647887161009, 4.972589492182104 ], [ -73.765685557956061, 4.972599983788973 ], [ -73.765717899412593, 4.972615780944036 ], [ -73.765753745571018, 4.972632408384562 ], [ -73.765784263400462, 4.972650527934005 ], [ -73.76581954943039, 4.972674370243592 ], [ -73.765848159740216, 4.972692489291195 ], [ -73.765874861932431, 4.972707749118366 ], [ -73.765901565426518, 4.972724915662038 ], [ -73.765926361102387, 4.972736358834139 ], [ -73.765955925587463, 4.972747803702283 ], [ -73.765988349654776, 4.972755432711739 ], [ -73.766036033200493, 4.972764014988701 ], [ -73.766079425170432, 4.972776412974279 ], [ -73.766131877314351, 4.972801208125618 ], [ -73.766164780215604, 4.972820282313705 ], [ -73.766191483320014, 4.972835541220077 ], [ -73.76622819876583, 4.972846985000305 ], [ -73.766269683522211, 4.972856521943401 ], [ -73.766304969084757, 4.972856522542161 ], [ -73.766369818541349, 4.972856522243189 ], [ -73.766405105202537, 4.972866058240527 ], [ -73.766441981466087, 4.972887039035971 ], [ -73.766463279428265, 4.972909927472468 ], [ -73.766496658270199, 4.972922325309155 ], [ -73.766546249052425, 4.972933769478745 ], [ -73.766582488779662, 4.972944259978805 ], [ -73.766623497114068, 4.972953796547108 ], [ -73.766660690403356, 4.97296333302623 ], [ -73.766688824008909, 4.972958564719583 ], [ -73.766703605548543, 4.972930907790251 ], [ -73.766712188890381, 4.972898482677587 ], [ -73.766716956383547, 4.972862243136836 ], [ -73.766729354566635, 4.972820281801171 ], [ -73.766735356691584, 4.972789716638506 ], [ -73.766739845721276, 4.972759246445519 ], [ -73.766745566875429, 4.972726821947956 ], [ -73.766755580303155, 4.972689628826646 ], [ -73.766766547892743, 4.972654343124002 ], [ -73.766786575761628, 4.972627640236867 ], [ -73.766817569521621, 4.97259616910511 ], [ -73.766836165888392, 4.972558975046502 ], [ -73.766836165875716, 4.972524643247152 ], [ -73.766825675492896, 4.972477913239029 ], [ -73.766817093138613, 4.972446441096354 ], [ -73.76680247053902, 4.972420374882207 ], [ -73.766779898962128, 4.972385406017995 ], [ -73.766766229990353, 4.9723529814551 ], [ -73.766759872180273, 4.972318648906881 ], [ -73.766760825133417, 4.972289085962704 ], [ -73.766767502241606, 4.972215651869363 ], [ -73.766772747266174, 4.97218036739499 ], [ -73.76678085246408, 4.97213554418868 ], [ -73.766799926054688, 4.97209358232729 ], [ -73.766832351778717, 4.972036361134932 ], [ -73.766928195128997, 4.971873283528361 ], [ -73.766945839422007, 4.971839904920398 ], [ -73.767026900986338, 4.971643448419682 ], [ -73.767058372003305, 4.971569061528482 ], [ -73.767079353690775, 4.971538544090848 ], [ -73.767145157419435, 4.971460341815148 ], [ -73.767324447824052, 4.971250534348186 ], [ -73.767341614163556, 4.971231460753721 ], [ -73.767361640474462, 4.971210480730977 ], [ -73.767591476407944, 4.970979691147526 ], [ -73.767656326381982, 4.970914840597855 ], [ -73.767679215040374, 4.970886230360952 ], [ -73.767726897945536, 4.970815658826514 ], [ -73.767902374287431, 4.970552444047176 ], [ -73.767923354909911, 4.970525740935896 ], [ -73.767948150440802, 4.970485687256194 ], [ -73.767976760528882, 4.970464707177285 ], [ -73.768039704108233, 4.970460891008153 ], [ -73.768072129158057, 4.970460891244214 ], [ -73.768217086860432, 4.970457077247844 ], [ -73.768247605295471, 4.970457076981932 ], [ -73.768276215313463, 4.970457077128438 ], [ -73.768308638556647, 4.970457077354999 ], [ -73.76860475430378, 4.970447540710869 ], [ -73.768650055117647, 4.970445632764903 ], [ -73.768866061762012, 4.970445633391154 ], [ -73.768909453659475, 4.970445632561716 ], [ -73.769195556662467, 4.97043800409445 ], [ -73.769222260060545, 4.970438003709478 ], [ -73.769250870158359, 4.970434189472891 ], [ -73.769281387682625, 4.97043418916032 ], [ -73.769607352856454, 4.970432960829387 ], [ -73.769999693338619, 4.970448343808087 ], [ -73.770281179663186, 4.970498719043193 ], [ -73.770457674650729, 4.970594505684494 ], [ -73.77066758958486, 4.970647240306659 ], [ -73.770844130410467, 4.970647321697562 ], [ -73.771335579158517, 4.970649943193016 ], [ -73.771788850794607, 4.970662117258131 ], [ -73.77232042376454, 4.970705589980932 ], [ -73.77261761737077, 4.970702856345008 ], [ -73.772734120819479, 4.970690326604288 ], [ -73.772837110950192, 4.970676161161784 ], [ -73.772894974982421, 4.970659713851056 ], [ -73.772928725938527, 4.970664718440698 ], [ -73.772978880610026, 4.970676226630763 ], [ -73.773038462490206, 4.970674338742029 ], [ -73.773094764848523, 4.97067436593444 ], [ -73.773148202749994, 4.970676304102214 ], [ -73.773212578260143, 4.970697275786471 ], [ -73.773285598782934, 4.970716563178613 ], [ -73.773358720326712, 4.970730398158506 ], [ -73.773391723431516, 4.970735550201418 ], [ -73.77343463839324, 4.970737457251615 ], [ -73.773483753310884, 4.970747947654343 ], [ -73.773544311925662, 4.970760344916727 ], [ -73.773585319462441, 4.970770835774149 ], [ -73.773656845228928, 4.970792770930874 ], [ -73.773717879944542, 4.970811844290547 ], [ -73.773756027326883, 4.970823287778681 ], [ -73.773790358661302, 4.970842361701898 ], [ -73.773851394586828, 4.970870971340632 ], [ -73.773880958163332, 4.97088241584665 ], [ -73.773920058947098, 4.970888138057556 ], [ -73.773963928305406, 4.970892907192205 ], [ -73.774023532394594, 4.97089767504468 ], [ -73.774061202631898, 4.970897675159299 ], [ -73.774087906193728, 4.970886230659783 ], [ -73.774126052878046, 4.970870017245379 ], [ -73.77415466289645, 4.970853805073022 ], [ -73.774188518182768, 4.970833778738447 ], [ -73.774226188185409, 4.970804214344158 ], [ -73.774253845344035, 4.970788002382293 ], [ -73.774298667623171, 4.970772743074563 ], [ -73.774332045821339, 4.970766067923602 ], [ -73.774372100525383, 4.970760345979107 ], [ -73.774398803480906, 4.970758437762353 ], [ -73.774433136066548, 4.970754622916372 ], [ -73.774460792300587, 4.970754623912806 ], [ -73.774499416013796, 4.970757484314425 ], [ -73.774569034603218, 4.970772743126495 ], [ -73.774609565295904, 4.970781325952334 ], [ -73.774658203215481, 4.970785141057917 ], [ -73.77469539605643, 4.970788956034165 ], [ -73.774765014389715, 4.970790862386661 ], [ -73.774802208134048, 4.970794678260616 ], [ -73.774849891285641, 4.970806122240425 ], [ -73.77488327042677, 4.970811843878549 ], [ -73.774960994124584, 4.970829010695405 ], [ -73.775038718778802, 4.970842361355794 ], [ -73.775070189984348, 4.970846175796685 ], [ -73.775127410654491, 4.970861434642317 ], [ -73.775157929007918, 4.97086525019906 ], [ -73.775279045322478, 4.970893859638554 ], [ -73.775344847577358, 4.970907210706552 ], [ -73.775370597574849, 4.970912933146275 ], [ -73.775400161696652, 4.970918655623707 ], [ -73.775450705654933, 4.970932007432183 ], [ -73.775482178191652, 4.970937728565919 ], [ -73.775530337409748, 4.970943450882744 ], [ -73.775572775944127, 4.970945359256067 ], [ -73.775598525565215, 4.970945357921747 ], [ -73.775659560570574, 4.970945357605115 ], [ -73.77571296732836, 4.970945358113921 ], [ -73.775757502010194, 4.970940367437855 ], [ -73.775818824523384, 4.970933914524352 ], [ -73.775848388316064, 4.970930099786659 ], [ -73.775886534966475, 4.970930100140951 ], [ -73.77591991326085, 4.970932007390362 ], [ -73.77595710833755, 4.970937729005282 ], [ -73.776014327742061, 4.970947265816381 ], [ -73.776049295521744, 4.97095807492222 ], [ -73.776105881056282, 4.970991134653919 ], [ -73.776180267144895, 4.971040725734436 ], [ -73.776208877638581, 4.971055030870413 ], [ -73.77625846892829, 4.971073150973842 ], [ -73.776284217725873, 4.97108554823614 ], [ -73.776321410961842, 4.971095085070222 ], [ -73.776390074817769, 4.97110176141847 ], [ -73.776451110684334, 4.971105576264574 ], [ -73.778415680371054, 4.971281051755206 ], [ -73.778448809004871, 4.971284732854671 ], [ -73.778718949383503, 4.971311569316542 ], [ -73.778749465946021, 4.971315382892713 ], [ -73.780004502024823, 4.971422195345167 ], [ -73.78003025071294, 4.971426009976897 ], [ -73.780074118965842, 4.971429824884658 ], [ -73.780118941877078, 4.971433639564619 ], [ -73.780146598980977, 4.971437454647996 ], [ -73.780186653111429, 4.971441269537192 ], [ -73.780237198097694, 4.971446991389176 ], [ -73.780299662561717, 4.971451759798336 ], [ -73.78140005597443, 4.971559524464201 ], [ -73.781443550430552, 4.971563137919248 ], [ -73.781516551774502, 4.971572876328475 ], [ -73.782052994266323, 4.971632004279378 ], [ -73.782087325864367, 4.971635818599134 ], [ -73.782351327056617, 4.971661263580316 ], [ -73.782720564695197, 4.971696852777376 ], [ -73.782756805613374, 4.971700668413697 ], [ -73.784082411704091, 4.971845627370009 ], [ -73.784507750770729, 4.971887589263947 ], [ -73.784574133307615, 4.971895555180037 ], [ -73.784608840783378, 4.97189903227847 ], [ -73.784637451209733, 4.971904754552292 ], [ -73.78466415412403, 4.971910476380728 ], [ -73.784753798624862, 4.97192764317538 ], [ -73.784796714946523, 4.971939087546071 ], [ -73.784825324920348, 4.971942901290979 ], [ -73.78485298068712, 4.971944809459901 ], [ -73.784901936246968, 4.971944809081915 ], [ -73.784957408146155, 4.971932412296951 ], [ -73.784998893331448, 4.971905708758019 ], [ -73.78502368890841, 4.971874237050793 ], [ -73.78504133199381, 4.971843719524915 ], [ -73.78505897462459, 4.97181129528853 ], [ -73.785072326710562, 4.97178268415397 ], [ -73.785091399493112, 4.971731186581359 ], [ -73.785101413877555, 4.971698760570678 ], [ -73.78510951939019, 4.971660613986391 ], [ -73.785114288570597, 4.971628188793315 ], [ -73.785121441218081, 4.971582412881078 ], [ -73.785126685911095, 4.971542358468694 ], [ -73.785131454178085, 4.971502304623764 ], [ -73.785140036329807, 4.971457481721783 ], [ -73.785155296350453, 4.971415520434179 ], [ -73.785163879563129, 4.971377690915258 ], [ -73.785171508052542, 4.971345902109968 ], [ -73.785180410009474, 4.971309025114309 ], [ -73.785188674193691, 4.971282959303881 ], [ -73.785202980015853, 4.971250533611294 ], [ -73.785214423677374, 4.971221923844258 ], [ -73.785230635657143, 4.971191406211526 ], [ -73.785251140431143, 4.971158981279247 ], [ -73.785271644312175, 4.9711341850005 ], [ -73.785291671767354, 4.971109390193772 ], [ -73.785309791717168, 4.971088409270458 ], [ -73.785332679524188, 4.971059799444094 ], [ -73.785362719574564, 4.971025466394533 ], [ -73.785398482377431, 4.970992088478704 ], [ -73.785425186331082, 4.970968246762732 ], [ -73.785464286141362, 4.970935822296277 ], [ -73.785504977045363, 4.970905939721421 ], [ -73.785545349285684, 4.970880508928927 ], [ -73.785574912922186, 4.970861435554671 ], [ -73.785612105695122, 4.970846176463973 ], [ -73.785655021202956, 4.970824242042002 ], [ -73.785690307601584, 4.970813751543175 ], [ -73.785728931450706, 4.970798492551137 ], [ -73.785767554395463, 4.97078323355817 ], [ -73.785794257678873, 4.970771790426813 ], [ -73.785830496922841, 4.970761299690523 ], [ -73.785870233861289, 4.970749536961051 ], [ -73.785900116177103, 4.970741271808722 ], [ -73.785926818562501, 4.970733642999538 ], [ -73.785957336854835, 4.970722198934331 ], [ -73.785985945843393, 4.970714569659978 ], [ -73.786026954523905, 4.970703125754861 ], [ -73.786055882782463, 4.970696131365574 ], [ -73.786099433241219, 4.970690727620902 ], [ -73.78615570063026, 4.970681191229125 ], [ -73.786213874850134, 4.970672608176447 ], [ -73.786251068071522, 4.97066688531944 ], [ -73.786276817618557, 4.970666885379593 ], [ -73.786344527818528, 4.970666885166175 ], [ -73.786414146427717, 4.970666885384297 ], [ -73.786441802579418, 4.970666885878668 ], [ -73.786467552137367, 4.970670700256721 ], [ -73.786499023302611, 4.970670699817604 ], [ -73.786524771945977, 4.970670699869126 ], [ -73.786557197295963, 4.970664977253461 ], [ -73.786582946829384, 4.970661163881365 ], [ -73.786618232739059, 4.970648765721984 ], [ -73.786661147760654, 4.970632553182464 ], [ -73.786691665558891, 4.970615387146322 ], [ -73.786717414587898, 4.970598221369609 ], [ -73.786743164072888, 4.97058296230164 ], [ -73.786767006050141, 4.970567703699193 ], [ -73.786793707939808, 4.970554352013069 ], [ -73.786824702384621, 4.970538139210536 ], [ -73.786871433523402, 4.970519066112297 ], [ -73.78692245493545, 4.970491409052994 ], [ -73.78695106476863, 4.970476150184161 ], [ -73.78698062833854, 4.970457076755911 ], [ -73.787011146087764, 4.970432281152774 ], [ -73.787043571311287, 4.970399857336713 ], [ -73.787067413684298, 4.97037506065048 ], [ -73.787084579785642, 4.97035026559874 ], [ -73.787099837935088, 4.970327376819473 ], [ -73.78712844766109, 4.970289230185991 ], [ -73.787147521707482, 4.97026252795557 ], [ -73.787174224398228, 4.970230103727254 ], [ -73.78720188036138, 4.970191955515621 ], [ -73.787232875598775, 4.970156670168401 ], [ -73.787258148742367, 4.970115662473002 ], [ -73.787272453127571, 4.970092773020226 ], [ -73.787286758842583, 4.970064163436051 ], [ -73.787303924435065, 4.970029831212422 ], [ -73.787319182554143, 4.970003128105589 ], [ -73.787337779471272, 4.969973565019422 ], [ -73.787367343610995, 4.969938278662332 ], [ -73.787402152492575, 4.969904899990993 ], [ -73.787429809468676, 4.969879786536693 ], [ -73.787462870979709, 4.969858169652538 ], [ -73.787508010320039, 4.969831467056282 ], [ -73.787530899400309, 4.969816207760996 ], [ -73.787553787136346, 4.969802856986359 ], [ -73.787582398266508, 4.969785689575588 ], [ -73.787609100106607, 4.969772338768674 ], [ -73.787639617856371, 4.969758987927717 ], [ -73.787666320153647, 4.969747543828002 ], [ -73.787697791651524, 4.969734191845486 ], [ -73.787750244312946, 4.969715119102493 ], [ -73.787784576141235, 4.969697952089962 ], [ -73.787830353434558, 4.969678879171527 ], [ -73.787906169559946, 4.969647407968218 ], [ -73.787955760488828, 4.96962642739576 ], [ -73.788011074114337, 4.969598770570413 ], [ -73.788048267836146, 4.969576836519675 ], [ -73.788072585915145, 4.969556808274819 ], [ -73.788105011083374, 4.969532013068743 ], [ -73.788125992172596, 4.969514846612327 ], [ -73.788150309723804, 4.969481468684487 ], [ -73.788168906545565, 4.969444275124877 ], [ -73.788179397643418, 4.969413757948979 ], [ -73.788206100201549, 4.969332694952963 ], [ -73.788217543914342, 4.969301223736084 ], [ -73.788228353526804, 4.969270706179303 ], [ -73.788249970084408, 4.969217299716608 ], [ -73.788271426720968, 4.969166755771395 ], [ -73.788305283352358, 4.969095230439871 ], [ -73.788318633887044, 4.96906471165535 ], [ -73.788330077866433, 4.969041823797391 ], [ -73.788345336783578, 4.969007492027469 ], [ -73.788364409755388, 4.968965529765454 ], [ -73.78837490042126, 4.968940734527376 ], [ -73.788389682217186, 4.968903541905795 ], [ -73.788410187393836, 4.968862532643393 ], [ -73.788432598223039, 4.968813896074833 ], [ -73.788459777801719, 4.968765259234893 ], [ -73.788483301502851, 4.968732834247307 ], [ -73.788507461799071, 4.968702317017445 ], [ -73.788529395655459, 4.968677520767085 ], [ -73.788547516336806, 4.968656539778991 ], [ -73.788566589426381, 4.968637467076123 ], [ -73.788591384992472, 4.968614578637044 ], [ -73.788624286058166, 4.968587876136744 ], [ -73.78874778837833, 4.968481064047262 ], [ -73.788767814303313, 4.968461990200765 ], [ -73.788806914691705, 4.968429564677082 ], [ -73.78884506225576, 4.968400956424524 ], [ -73.78890037499373, 4.968362808573576 ], [ -73.788939475419809, 4.968338013500501 ], [ -73.78897476176931, 4.968317031881322 ], [ -73.78902721373332, 4.968284607571268 ], [ -73.789064407138412, 4.968265533995905 ], [ -73.789095877553606, 4.968240738088205 ], [ -73.789134025478518, 4.968202591751593 ], [ -73.789155959758958, 4.968179703099903 ], [ -73.789186476856273, 4.96815300071544 ], [ -73.789218903252959, 4.968126296950507 ], [ -73.789241791304889, 4.968107224193616 ], [ -73.789264679380196, 4.968091964854279 ], [ -73.789285659956249, 4.968076705986801 ], [ -73.78932857532017, 4.968048096532366 ], [ -73.789354324173331, 4.968030928868202 ], [ -73.789402007758696, 4.967992782873807 ], [ -73.789469401176632, 4.967944462574623 ], [ -73.789489745902003, 4.967927933022057 ], [ -73.789516448906724, 4.967905044988945 ], [ -73.789541245340573, 4.967885970845028 ], [ -73.789564132908907, 4.967864990466268 ], [ -73.789598464504579, 4.967836380412623 ], [ -73.789627075436769, 4.96781158519343 ], [ -73.789657592904945, 4.967779159950497 ], [ -73.789674758409177, 4.96775627156495 ], [ -73.789704799625781, 4.967717171147092 ], [ -73.789725303817505, 4.967679977994803 ], [ -73.78975915897567, 4.967621803206042 ], [ -73.789777755693805, 4.967588424849278 ], [ -73.789794921306793, 4.967551231168022 ], [ -73.789807320068348, 4.967525482541689 ], [ -73.78982257850177, 4.967500687013398 ], [ -73.789835929436904, 4.967475891053789 ], [ -73.789847373281731, 4.96744537272598 ], [ -73.789855956786198, 4.967414856917654 ], [ -73.789864221594897, 4.967381159721373 ], [ -73.789876936890039, 4.967342377767819 ], [ -73.789894104500732, 4.96730232266253 ], [ -73.789906024502457, 4.967267036539771 ], [ -73.789920806679604, 4.967235565837448 ], [ -73.789937972628749, 4.967214585061602 ], [ -73.78996181481142, 4.967193603531295 ], [ -73.789984702839121, 4.967178345079159 ], [ -73.79001617366346, 4.967159271076149 ], [ -73.790054321593701, 4.967136382898282 ], [ -73.790078162899079, 4.96711921749816 ], [ -73.790110270110276, 4.967095056966135 ], [ -73.79014062799115, 4.967065811859682 ], [ -73.790170669850042, 4.967029571038964 ], [ -73.790194511492288, 4.966999054149468 ], [ -73.790217876911456, 4.966965675504365 ], [ -73.79023933390026, 4.966928482107324 ], [ -73.790255546084424, 4.966907501563234 ], [ -73.790273665264422, 4.96688079860872 ], [ -73.790288924570021, 4.966856003073229 ], [ -73.790303230126426, 4.966831206870042 ], [ -73.790316581500676, 4.966808319423222 ], [ -73.790332794518406, 4.966779708422535 ], [ -73.790355204776674, 4.966740608077941 ], [ -73.790380000987241, 4.966702461396534 ], [ -73.790409565198189, 4.966657638690093 ], [ -73.790436744416823, 4.966619491867714 ], [ -73.790456771511018, 4.966590880821132 ], [ -73.790477117734454, 4.966563542642504 ], [ -73.790497779444323, 4.966533661204081 ], [ -73.790520666871927, 4.966505050349417 ], [ -73.790546416909109, 4.966478348202939 ], [ -73.790571212793836, 4.966457367324694 ], [ -73.790597914832844, 4.966438293585343 ], [ -73.790625571519996, 4.966419220511198 ], [ -73.790653228638888, 4.966398238917188 ], [ -73.790682792348392, 4.966377258657494 ], [ -73.790714264449704, 4.966356277014911 ], [ -73.790736198683888, 4.966341018781604 ], [ -73.790758132915897, 4.966325759642787 ], [ -73.790783881665618, 4.966308593748379 ], [ -73.790816783228465, 4.966284752588483 ], [ -73.790847777762778, 4.966262817706458 ], [ -73.790872574132038, 4.966247559659173 ], [ -73.790897369630201, 4.96623611502906 ], [ -73.790937423698409, 4.966222763499978 ], [ -73.790971756189919, 4.966209412492249 ], [ -73.79100561115483, 4.966198921665487 ], [ -73.791041055706813, 4.966189702182112 ], [ -73.79106903127925, 4.966180801140098 ], [ -73.791129589260393, 4.966162682230614 ], [ -73.791178702787064, 4.966150284493127 ], [ -73.791216850486222, 4.966137886326176 ], [ -73.791267394572813, 4.9661197658376 ], [ -73.791295051296899, 4.966108322288258 ], [ -73.791320800562005, 4.966100691726924 ], [ -73.791344641867383, 4.966091155839461 ], [ -73.791368483134789, 4.966077804724921 ], [ -73.791391372459003, 4.966064452941376 ], [ -73.791439533141471, 4.966030121492574 ], [ -73.791477680245777, 4.966004371830965 ], [ -73.791515350599468, 4.965976078953608 ], [ -73.791536332207059, 4.965955734269425 ], [ -73.791557788104328, 4.965932846134998 ], [ -73.791584014495811, 4.965906143386357 ], [ -73.791616439234559, 4.965869903280901 ], [ -73.791635513450188, 4.965845107673776 ], [ -73.791653633055404, 4.965824127532613 ], [ -73.791671752620857, 4.965799332165069 ], [ -73.791687011888257, 4.965778350929885 ], [ -73.791703223960994, 4.965753556040188 ], [ -73.791721343915739, 4.965723037832219 ], [ -73.791742325067418, 4.965688705490082 ], [ -73.791758537097195, 4.965660095373632 ], [ -73.791775702400003, 4.965629577405224 ], [ -73.791790009173496, 4.96559906015126 ], [ -73.791805266869474, 4.965557099697946 ], [ -73.791813850303043, 4.965530394581995 ], [ -73.791825294427625, 4.965494156113311 ], [ -73.791844367414456, 4.965438843220891 ], [ -73.791855811261783, 4.965397835719914 ], [ -73.791862488264172, 4.965364456245646 ], [ -73.791870116971737, 4.96533012363292 ], [ -73.791877745838704, 4.965289117089322 ], [ -73.791898249962713, 4.965241432931581 ], [ -73.79191970821995, 4.965209961434242 ], [ -73.791934966565705, 4.965188980197458 ], [ -73.791954041222368, 4.96516609129312 ], [ -73.791971206585714, 4.965143203774422 ], [ -73.791992187396929, 4.965122223814885 ], [ -73.792015076126305, 4.965099335762408 ], [ -73.792052268664094, 4.965066909674143 ], [ -73.792082786833646, 4.965038299580162 ], [ -73.792116165331365, 4.965009689672311 ], [ -73.792143821792109, 4.964979172682869 ], [ -73.792161941829079, 4.96496009833602 ], [ -73.792196273551852, 4.964925766252469 ], [ -73.792215346900136, 4.964908600183189 ], [ -73.792236327695079, 4.964887619313229 ], [ -73.79225778490995, 4.964866638775925 ], [ -73.792318344398723, 4.964815140174323 ], [ -73.792342186419432, 4.964794159487237 ], [ -73.792391776098043, 4.964748383312812 ], [ -73.792411804983089, 4.964731216092319 ], [ -73.792442322261124, 4.964706421212965 ], [ -73.792469500037399, 4.964677810591531 ], [ -73.792497634221519, 4.964645386310406 ], [ -73.792514800884476, 4.964620590263088 ], [ -73.792539596981072, 4.964590072171592 ], [ -73.79255485529491, 4.964569091830458 ], [ -73.79257202105164, 4.964544295783337 ], [ -73.792588709679563, 4.964516639794704 ], [ -73.792604445895108, 4.964487076431744 ], [ -73.792628606544213, 4.96443748478405 ], [ -73.792640686395487, 4.964410781800389 ], [ -73.792658805205093, 4.964365005392764 ], [ -73.792670249355197, 4.964336395559537 ], [ -73.792689322934848, 4.964302063681297 ], [ -73.792705535796983, 4.964273452646313 ], [ -73.792725086029435, 4.964240074001525 ], [ -73.792741776448281, 4.964212417103896 ], [ -73.79277420044663, 4.96416282639007 ], [ -73.792789460033731, 4.964136124111429 ], [ -73.792811392832746, 4.964104652931522 ], [ -73.792869567808012, 4.964029312001927 ], [ -73.792886734058072, 4.96401023878754 ], [ -73.792914389734108, 4.963976860359194 ], [ -73.792943955169932, 4.963945389058789 ], [ -73.792964935010247, 4.96392440817471 ], [ -73.793025016564329, 4.963871002490696 ], [ -73.793045043559886, 4.963850021844407 ], [ -73.79307269997463, 4.963823318244699 ], [ -73.79310417221582, 4.963792801169792 ], [ -73.793123245035929, 4.96377372837568 ], [ -73.793144225811574, 4.963756561806504 ], [ -73.793181895543057, 4.963724136910617 ], [ -73.793216705420349, 4.963693619441771 ], [ -73.793241976631606, 4.963672637920282 ], [ -73.793300628069872, 4.963626862576064 ], [ -73.793333053219484, 4.963603972988103 ], [ -73.793376922279222, 4.963573456391623 ], [ -73.793402670848451, 4.963556289516617 ], [ -73.793437957264331, 4.963537216235704 ], [ -73.793474197326802, 4.963510513167539 ], [ -73.79349708608909, 4.963499068943785 ], [ -73.793521881432284, 4.963487625142739 ], [ -73.793568610131658, 4.963458061620159 ], [ -73.793639182700687, 4.963418960331317 ], [ -73.793666838787843, 4.963405609094512 ], [ -73.793702125139546, 4.963382721482353 ], [ -73.793731689464821, 4.963357924990615 ], [ -73.793772220415931, 4.963329315473516 ], [ -73.793803532794698, 4.963303247247889 ], [ -73.793830871259289, 4.963277817256412 ], [ -73.793851852426158, 4.96325874305722 ], [ -73.793880938896379, 4.963228226108281 ], [ -73.79390335102741, 4.96320152335842 ], [ -73.793941497101329, 4.963150978255973 ], [ -73.793972015240826, 4.963115692362357 ], [ -73.793991089344388, 4.963094711936133 ], [ -73.794010162067408, 4.963071822994117 ], [ -73.794034957712938, 4.963050842926417 ], [ -73.794070243456062, 4.963018417239468 ], [ -73.794105529672933, 4.962987900067628 ], [ -73.794126510347553, 4.96296691915569 ], [ -73.794153213316704, 4.962934493833147 ], [ -73.79419898957191, 4.962888717623914 ], [ -73.794221878098753, 4.962862015198798 ], [ -73.794244766247658, 4.962841034704831 ], [ -73.794265746862436, 4.9628162385658 ], [ -73.794284821372884, 4.962793349616272 ], [ -73.794303894555171, 4.962772369184971 ], [ -73.794323920899814, 4.962741852261441 ], [ -73.794345855097532, 4.962705612016438 ], [ -73.794376373708005, 4.962657928441628 ], [ -73.794401169122864, 4.962621689278423 ], [ -73.79443168644886, 4.962579727634735 ], [ -73.794452666998453, 4.962551117173069 ], [ -73.794473648397968, 4.962518692390955 ], [ -73.794494151860945, 4.962491035403514 ], [ -73.794528325078829, 4.962436040043397 ], [ -73.794542312163756, 4.962409973633813 ], [ -73.794552802466484, 4.962381363122295 ], [ -73.794562340254217, 4.962343216602 ], [ -73.794570923398254, 4.962305069420389 ], [ -73.794580936701337, 4.962266923232904 ], [ -73.794589997061109, 4.962221145934348 ], [ -73.794596672060578, 4.962183953044644 ], [ -73.794603347651275, 4.962123870620951 ], [ -73.794604300875974, 4.962085723569977 ], [ -73.794607162160617, 4.962057114092883 ], [ -73.794614156438854, 4.962026595650991 ], [ -73.794623263450049, 4.961988893974233 ], [ -73.794634341312346, 4.961944580249992 ], [ -73.794644355221052, 4.961901665032035 ], [ -73.794652938636318, 4.961856206846062 ], [ -73.794663905528282, 4.961818695683605 ], [ -73.794681549262776, 4.961786270390589 ], [ -73.794704913760711, 4.961747169716795 ], [ -73.794732093160505, 4.961704254658126 ], [ -73.794760704009946, 4.961673736448729 ], [ -73.794789314112734, 4.961654663910636 ], [ -73.794820785429394, 4.961635590643256 ], [ -73.794858932437023, 4.961614608968684 ], [ -73.794894217802096, 4.961595535633202 ], [ -73.794928550753198, 4.96157455492565 ], [ -73.794957160368227, 4.96155357477045 ], [ -73.794990540106227, 4.961538315328089 ], [ -73.795036315684158, 4.961519241124348 ], [ -73.795059204347737, 4.961507796861087 ], [ -73.795089722017622, 4.961496353368157 ], [ -73.795114517253481, 4.961484908618111 ], [ -73.795149802657392, 4.961469650494568 ], [ -73.795177460008944, 4.961458205916731 ], [ -73.795202890466783, 4.96144676220896 ], [ -73.79523785859017, 4.96143404643732 ], [ -73.795290469009956, 4.961427689243192 ], [ -73.795337199485516, 4.961427689082792 ], [ -73.795378208119615, 4.961437225722804 ], [ -73.795410156378779, 4.961456299564577 ], [ -73.795429230153971, 4.961481093644752 ], [ -73.795447349236994, 4.961502075460576 ], [ -73.795463562336209, 4.961532593104269 ], [ -73.795480728328641, 4.961566924822813 ], [ -73.795492171469149, 4.961603164710084 ], [ -73.79550456967462, 4.961637496740009 ], [ -73.795514107032062, 4.961666106665735 ], [ -73.795523643546304, 4.961698532720182 ], [ -73.795537948698225, 4.961727143237185 ], [ -73.795558929542665, 4.961753845340699 ], [ -73.795576095377129, 4.961776733195876 ], [ -73.795590400955774, 4.96180343609904 ], [ -73.795594215338951, 4.961840629928474 ], [ -73.795593261620112, 4.961887359414445 ], [ -73.795591354529776, 4.96192836811929 ], [ -73.795591354149934, 4.962099074914367 ], [ -73.79559135433405, 4.962171554196004 ], [ -73.795593737902266, 4.962209701744214 ], [ -73.795601844924818, 4.962255478272805 ], [ -73.795614243210196, 4.962293624615053 ], [ -73.795625686204119, 4.962318420637413 ], [ -73.795639990954612, 4.962348937855834 ], [ -73.795654932819289, 4.962375004720995 ], [ -73.795689582735704, 4.962409973253647 ], [ -73.795711517351975, 4.962436676008067 ], [ -73.795734406015612, 4.962453842269715 ], [ -73.795758247395369, 4.962477684927121 ], [ -73.795795441251542, 4.962509156417563 ], [ -73.795815067542463, 4.962540940466432 ], [ -73.795827388535699, 4.96257781998013 ], [ -73.795835971580374, 4.962625504444678 ], [ -73.795843601307212, 4.962671280636538 ], [ -73.795853614572167, 4.962722778599329 ], [ -73.795868873085013, 4.962753296469761 ], [ -73.795888900721351, 4.962781906409893 ], [ -73.795908927820136, 4.962804795325751 ], [ -73.795930861376164, 4.962820052402643 ], [ -73.795959472622371, 4.962844849440193 ], [ -73.795982361004192, 4.96287155103158 ], [ -73.796005248969365, 4.962900162043479 ], [ -73.796022414853311, 4.962923049879027 ], [ -73.796049594384016, 4.962948800632996 ], [ -73.796082497137377, 4.9629669194704 ], [ -73.796113968048033, 4.962978363393001 ], [ -73.796144485577898, 4.962984084724944 ], [ -73.796173095768509, 4.962989171278202 ], [ -73.796206474264054, 4.96300220558831 ], [ -73.796252249905464, 4.96302604620624 ], [ -73.7962732316048, 4.963045120544227 ], [ -73.79629039798391, 4.963069915981141 ], [ -73.796310424745755, 4.963098525904845 ], [ -73.796332359411949, 4.963125229535348 ], [ -73.796350001732449, 4.96314811768984 ], [ -73.796365737956322, 4.963172912133849 ], [ -73.796375274759214, 4.963200250598 ], [ -73.796377181802427, 4.963232994414474 ], [ -73.796372412760022, 4.963267326306215 ], [ -73.796373366887281, 4.963304519951257 ], [ -73.796387195226274, 4.9633455277692 ], [ -73.796422640003613, 4.963375091899724 ], [ -73.796459197738031, 4.963388442706513 ], [ -73.796484947486618, 4.963394165245708 ], [ -73.796521663064638, 4.963403702446176 ], [ -73.796566009664986, 4.963424683343345 ], [ -73.796593665639307, 4.963436127315939 ], [ -73.796621321967081, 4.963441847549054 ], [ -73.796656608356642, 4.963455200782516 ], [ -73.796698570094549, 4.963472366610476 ], [ -73.796718597240854, 4.963495254588519 ], [ -73.796744345933263, 4.963518142900866 ], [ -73.796771367180057, 4.96352322862631 ], [ -73.796816507787113, 4.96351559981291 ], [ -73.796861330603306, 4.963510831891433 ], [ -73.796910285547099, 4.96350193064923 ], [ -73.796944618023929, 4.963518142813605 ], [ -73.796968459658729, 4.963539123092131 ], [ -73.796993256224596, 4.963550567782782 ], [ -73.797022819030701, 4.963562965048798 ], [ -73.797064303945533, 4.963582039037173 ], [ -73.797077179778881, 4.963613510833882 ], [ -73.797081947283942, 4.963647842975945 ], [ -73.797098635861815, 4.963681221399194 ], [ -73.797126769821972, 4.963716507187866 ], [ -73.797158240982924, 4.9637393949057 ], [ -73.797188758338592, 4.963758469456999 ], [ -73.797214507889578, 4.963777542524292 ], [ -73.797239303769686, 4.963800431058235 ], [ -73.797259330837718, 4.963829994747409 ], [ -73.797282218571155, 4.963878631087076 ], [ -73.797301292146543, 4.963909149731003 ], [ -73.797323227363009, 4.963937759117325 ], [ -73.797340392834613, 4.963958740201213 ], [ -73.797362009470973, 4.963983535654264 ], [ -73.797388076371746, 4.964012146381893 ], [ -73.797406196455839, 4.96404361726339 ], [ -73.79742527077056, 4.964076996411867 ], [ -73.797451495754856, 4.964102745529176 ], [ -73.797485351297837, 4.964113235402687 ], [ -73.797524928526556, 4.964106559822144 ], [ -73.797566944641247, 4.96410058804989 ], [ -73.797599791773891, 4.96411514321452 ], [ -73.797616004559771, 4.96414375316693 ], [ -73.797624587899563, 4.964174270897898 ], [ -73.797633344937253, 4.964201410283179 ], [ -73.797648429456899, 4.964237213143865 ], [ -73.797667503201595, 4.964275360404083 ], [ -73.797679901097951, 4.964307784754469 ], [ -73.797697067291509, 4.964342117287475 ], [ -73.797713280231335, 4.964378356772134 ], [ -73.797726631045307, 4.964414596999978 ], [ -73.797739028460754, 4.964445113738464 ], [ -73.797746658070125, 4.964475631713661 ], [ -73.797767638427644, 4.964538574694122 ], [ -73.797780037382012, 4.964578628575935 ], [ -73.797809600021168, 4.964614868211057 ], [ -73.797831057864386, 4.964650153880778 ], [ -73.797860463659518, 4.964658737877581 ], [ -73.797889709297024, 4.964671453110636 ], [ -73.797907829531866, 4.964704513947748 ], [ -73.797922135278085, 4.96473121677279 ], [ -73.797947565689284, 4.964761734038917 ], [ -73.79797458597568, 4.964792252096464 ], [ -73.7980079645084, 4.96482849163083 ], [ -73.798048972351381, 4.964855194747094 ], [ -73.798083304485502, 4.964883804492655 ], [ -73.798120974929674, 4.964911460919003 ], [ -73.798141480224345, 4.964937209675165 ], [ -73.798160551994755, 4.964963913968963 ], [ -73.79817771849649, 4.964988708431085 ], [ -73.798198699295142, 4.96502494846531 ], [ -73.798227310303005, 4.965051651174707 ], [ -73.79824447624604, 4.965070723709592 ], [ -73.798269272210916, 4.965093612190462 ], [ -73.798291206121931, 4.965120315732056 ], [ -73.798313140784643, 4.965139388831471 ], [ -73.798330306810968, 4.965162278393197 ], [ -73.798348426486314, 4.965191841626022 ], [ -73.798382281986093, 4.965219498122402 ], [ -73.798408507939584, 4.96525573723164 ], [ -73.798440455638357, 4.965278626101967 ], [ -73.798485755514051, 4.965290070350984 ], [ -73.798515319797644, 4.965314865185708 ], [ -73.798532485008778, 4.96534156815121 ], [ -73.798559188324958, 4.965356826585182 ], [ -73.798600196491861, 4.965363503373267 ], [ -73.798636436585497, 4.965379714928387 ], [ -73.798664092825362, 4.965398789234023 ], [ -73.7987031934166, 4.965412139528358 ], [ -73.798730849502761, 4.965423584296377 ], [ -73.798763751138821, 4.965433121439362 ], [ -73.798796653676789, 4.965442657674521 ], [ -73.798827647503145, 4.965447426288661 ], [ -73.798858642973997, 4.9654445635552 ], [ -73.798905371422052, 4.965432930118609 ], [ -73.798950194802089, 4.965429305878419 ], [ -73.798979759041245, 4.965429306286643 ], [ -73.799005507484068, 4.96543312110286 ], [ -73.799054145493045, 4.965438207697296 ], [ -73.799101352979278, 4.965451241377268 ], [ -73.799143790823251, 4.965456009694004 ], [ -73.79919385861615, 4.965450286870049 ], [ -73.799233984837201, 4.965470127010114 ], [ -73.799264430609242, 4.965490340845969 ], [ -73.799277305443113, 4.965520858771744 ], [ -73.799289703285112, 4.965545655350903 ], [ -73.799325942334121, 4.965554237331713 ], [ -73.799353599580598, 4.965566634969342 ], [ -73.799383640326411, 4.965591430990558 ], [ -73.79942448893388, 4.965586980798066 ], [ -73.799448966462805, 4.965597152515273 ], [ -73.79946613302964, 4.965621948742872 ], [ -73.799490928310803, 4.965631484806752 ], [ -73.799528122420227, 4.965627670681407 ], [ -73.79956626890619, 4.965630213495103 ], [ -73.799592971729069, 4.965635299473246 ], [ -73.799625396551534, 4.96564674385171 ], [ -73.799678802504062, 4.965663910067485 ], [ -73.799711227328828, 4.965675354441256 ], [ -73.799770355174928, 4.965697289073273 ], [ -73.799816131592848, 4.965712546958795 ], [ -73.799857949154884, 4.965719222682162 ], [ -73.79993295520616, 4.965732352915766 ], [ -73.800009763478442, 4.965741242226236 ], [ -73.800063429384608, 4.965750235598175 ], [ -73.800101596819431, 4.965757428830175 ], [ -73.800139762627268, 4.965767014717736 ], [ -73.800173161715207, 4.965767029424283 ], [ -73.800210738694005, 4.965763457319036 ], [ -73.80024353936129, 4.965767059016635 ], [ -73.80028826859764, 4.965770667061062 ], [ -73.80032822314547, 4.965785038794468 ], [ -73.800356844292523, 4.965800603404051 ], [ -73.800389637364006, 4.965823347254281 ], [ -73.800423621844999, 4.965850875873909 ], [ -73.800449854387452, 4.965876010378851 ], [ -73.80047130953723, 4.965911907673632 ], [ -73.800515434035901, 4.965937049430676 ], [ -73.800549433353297, 4.965927492766028 ], [ -73.800564956582718, 4.965889217687483 ], [ -73.800594782162307, 4.965878463421713 ], [ -73.800623100674699, 4.965904195361736 ], [ -73.800631137548351, 4.965940088114931 ], [ -73.80063629448577, 4.96597019728446 ], [ -73.800644829379294, 4.966002301363238 ], [ -73.800667479931093, 4.966032816438544 ], [ -73.800697891281999, 4.966048380668042 ], [ -73.800722934778889, 4.966063944169671 ], [ -73.800737235155466, 4.966095053963363 ], [ -73.800728269939498, 4.966139313585562 ], [ -73.800721097800931, 4.9661769939441 ], [ -73.800741962870447, 4.966197937844715 ], [ -73.800771180832641, 4.966215297104078 ], [ -73.80080874626988, 4.966235051556514 ], [ -73.800835574186635, 4.966260783482401 ], [ -73.800849282297222, 4.966284116955504 ], [ -73.800872731597835, 4.966308053058452 ], [ -73.800896973853327, 4.966337074852993 ], [ -73.800919993592004, 4.966384137159339 ], [ -73.800936380913029, 4.966421127413088 ], [ -73.800972938747904, 4.966447830283453 ], [ -73.801004409439059, 4.966478347304597 ], [ -73.80102825148613, 4.966506957831403 ], [ -73.801054954862053, 4.966539383720543 ], [ -73.801090240102212, 4.966588974907129 ], [ -73.801106453008686, 4.966613769520342 ], [ -73.801122665917561, 4.966638565037893 ], [ -73.801136652417853, 4.96666526815189 ], [ -73.801147460475846, 4.966690063896157 ], [ -73.801180839392998, 4.966712952678698 ], [ -73.801206587792919, 4.966740607982158 ], [ -73.801237106443679, 4.966756820889247 ], [ -73.801278113580793, 4.966773033726773 ], [ -73.801292418639662, 4.966810226486419 ], [ -73.801306724259518, 4.966842651128265 ], [ -73.801313399734354, 4.96686744736235 ], [ -73.801312028940842, 4.966894948272609 ], [ -73.80130587094051, 4.96692433002762 ], [ -73.801295184727962, 4.966989994422796 ], [ -73.801306407946271, 4.967038772315899 ], [ -73.801328206162523, 4.967074750595808 ], [ -73.801396009845746, 4.967114561512582 ], [ -73.801497836973525, 4.967148318684175 ], [ -73.801528312183621, 4.967159920969147 ], [ -73.801613510887307, 4.96719243140924 ], [ -73.801689261145711, 4.967224670072603 ], [ -73.801726340538693, 4.96723938002235 ], [ -73.801757812217986, 4.967252731233685 ], [ -73.801854132645488, 4.967298508081385 ], [ -73.801895140826048, 4.967318534277908 ], [ -73.80193233533349, 4.967336654784008 ], [ -73.801961899029294, 4.967348098885235 ], [ -73.801994323326937, 4.967358270785205 ], [ -73.802038192688059, 4.967370033224058 ], [ -73.80207824678368, 4.96738529245188 ], [ -73.802125294560199, 4.967403410920716 ], [ -73.802169798668686, 4.967428207297266 ], [ -73.802196503039909, 4.967443466459816 ], [ -73.802242755685668, 4.967471123021532 ], [ -73.802280426128917, 4.96748733622311 ], [ -73.802317619196089, 4.967493057253412 ], [ -73.802347182701112, 4.967496871808033 ], [ -73.802383423124752, 4.967493056857736 ], [ -73.802415847766582, 4.967493058142932 ], [ -73.802450179294112, 4.967487336092928 ], [ -73.802477835904767, 4.967479706408086 ], [ -73.802516936605613, 4.967465401557216 ], [ -73.802577017795699, 4.967447281303669 ], [ -73.802614211651417, 4.967432022248604 ], [ -73.802642821899781, 4.967420577991331 ], [ -73.802688121427423, 4.96739578189074 ], [ -73.802750269746923, 4.967367171789424 ], [ -73.802784919174755, 4.967355729227882 ], [ -73.802818299146821, 4.96734809890049 ], [ -73.802860260519182, 4.967338563189933 ], [ -73.80288791591866, 4.967336655409614 ], [ -73.802920340841823, 4.967330932942546 ], [ -73.802946090554286, 4.967329024764307 ], [ -73.802984237402939, 4.967328072494187 ], [ -73.803030013915389, 4.967332840093087 ], [ -73.80306911446408, 4.967338561474453 ], [ -73.803102494348778, 4.967344284387522 ], [ -73.803134917779843, 4.967350005748319 ], [ -73.80316352753232, 4.967353820522743 ], [ -73.803202628084335, 4.967359543705675 ], [ -73.803251265979256, 4.967361450013275 ], [ -73.803281783620562, 4.967363357566648 ], [ -73.80331134701126, 4.967363356862981 ], [ -73.803359984695305, 4.967357636352068 ], [ -73.803404807862051, 4.967360497477486 ], [ -73.803442002182905, 4.967370986556425 ], [ -73.803464889680853, 4.967382431476715 ], [ -73.803485870299838, 4.967399597016374 ], [ -73.803504943103917, 4.967429161612922 ], [ -73.803535461281982, 4.967473983987871 ], [ -73.803589502860206, 4.967503229982826 ], [ -73.803640365422567, 4.967515944833916 ], [ -73.80367151906853, 4.967518488668899 ], [ -73.803707122177045, 4.967515945859917 ], [ -73.803770065706033, 4.967524846151772 ], [ -73.803801536568514, 4.967529296296433 ], [ -73.803835868294641, 4.967531204605195 ], [ -73.803872108015725, 4.967535019099507 ], [ -73.803907393771951, 4.967531204324879 ], [ -73.803950309598477, 4.967531203609346 ], [ -73.803977013056212, 4.967529296942659 ], [ -73.804014205420529, 4.96752103207335 ], [ -73.804051398906523, 4.967520395819971 ], [ -73.804108143007298, 4.967534066317991 ], [ -73.804147719846242, 4.96754264846227 ], [ -73.804183324450463, 4.967550278022749 ], [ -73.804214477495222, 4.967542647625523 ], [ -73.804244040948859, 4.967529297248143 ], [ -73.804289340995538, 4.967516898682152 ], [ -73.80432700961299, 4.967515945106115 ], [ -73.804359435141748, 4.967515945389559 ], [ -73.804388045802312, 4.967519760107452 ], [ -73.804419993499863, 4.967517853363401 ], [ -73.804452895334947, 4.967514037847272 ], [ -73.804482142407721, 4.967512130773636 ], [ -73.804522991282411, 4.967513084535188 ], [ -73.804557800298952, 4.967521667038874 ], [ -73.804581642857599, 4.967531204954505 ], [ -73.804607391722598, 4.967546463365239 ], [ -73.804637431545416, 4.967576981016956 ], [ -73.804674147751612, 4.967597961537868 ], [ -73.804708480492963, 4.967603684107972 ], [ -73.80475997861106, 4.967601776122627 ], [ -73.804798126889025, 4.96759605382151 ], [ -73.804829596753706, 4.967592240033234 ], [ -73.804861068027108, 4.9675903320388 ], [ -73.804896354282405, 4.967588425722927 ], [ -73.804928779299672, 4.967586517466617 ], [ -73.804957818424825, 4.967579062457574 ], [ -73.805006027045607, 4.967565536363487 ], [ -73.805044650975361, 4.967556953868035 ], [ -73.805093764760002, 4.967563629377749 ], [ -73.80513318314209, 4.967585881629179 ], [ -73.80515670819635, 4.967603683792578 ], [ -73.805181502426976, 4.967618942438449 ], [ -73.805201529463389, 4.967639923387448 ], [ -73.805217742383689, 4.967674255903583 ], [ -73.805223521989461, 4.967726542430479 ], [ -73.805238723482788, 4.967763900478734 ], [ -73.805258750525851, 4.967784881424897 ], [ -73.805281638296776, 4.967803955796112 ], [ -73.805314063912775, 4.967821121775492 ], [ -73.805346923815932, 4.967832565307788 ], [ -73.805374781151883, 4.967849095260548 ], [ -73.805395126196231, 4.96787261959032 ], [ -73.80542469007176, 4.967887878735692 ], [ -73.805449486072192, 4.96792316452102 ], [ -73.805493830580943, 4.967954636560214 ], [ -73.805522918366378, 4.967994690642195 ], [ -73.805569171034705, 4.968018531728523 ], [ -73.805598259069171, 4.968066216231723 ], [ -73.80559676096307, 4.968114301871899 ], [ -73.805586814313173, 4.96815109245598 ], [ -73.805572509359394, 4.96817588799726 ], [ -73.805580615641688, 4.968222618982074 ], [ -73.805586813800872, 4.968263626762552 ], [ -73.805593489661476, 4.968309402975655 ], [ -73.805620193706929, 4.968339920118368 ], [ -73.805622101261235, 4.968370437682667 ], [ -73.805641174197532, 4.968393324668924 ], [ -73.805660247770788, 4.968421936282929 ], [ -73.805684089051965, 4.96844673228915 ], [ -73.805702844967328, 4.968497594871645 ], [ -73.805756568225434, 4.968506813895425 ], [ -73.805777550296014, 4.968552589821048 ], [ -73.805812835504085, 4.968580245919187 ], [ -73.805840492026093, 4.968612671301939 ], [ -73.805864334223273, 4.968637467298189 ], [ -73.805882930743209, 4.968667030574081 ], [ -73.805899619884656, 4.96870708529985 ], [ -73.805913448300473, 4.968749046602009 ], [ -73.805938720396611, 4.968786240288159 ], [ -73.805974006782805, 4.968814850176102 ], [ -73.805984973331789, 4.968851090343962 ], [ -73.806009293119502, 4.968879063886134 ], [ -73.806023596539461, 4.968930245002237 ], [ -73.806014060809147, 4.968976974911085 ], [ -73.806027411792172, 4.969015121579361 ], [ -73.806053797136286, 4.969029108609489 ], [ -73.806066512651327, 4.969055175150053 ], [ -73.806057294035995, 4.969093323158247 ], [ -73.806064605583558, 4.969123841351659 ], [ -73.80609273858073, 4.969142913796597 ], [ -73.806103706303276, 4.969180107761884 ], [ -73.806114196444355, 4.969216346697511 ], [ -73.806154727266659, 4.969228744556731 ], [ -73.806164740858179, 4.969267845482761 ], [ -73.806159972985796, 4.969301223560221 ], [ -73.806152343600189, 4.96934700005122 ], [ -73.806149005245274, 4.969388008615926 ], [ -73.806161880331231, 4.969434738278144 ], [ -73.806162833396286, 4.96946907040468 ], [ -73.80616346909683, 4.969511032438925 ], [ -73.806194305307102, 4.969546318033886 ], [ -73.806190491184935, 4.969579696755259 ], [ -73.8061809540703, 4.969604492815738 ], [ -73.806167601949355, 4.969642639543749 ], [ -73.806169510431687, 4.96968650943774 ], [ -73.806175231598644, 4.969715118345873 ], [ -73.806184769176141, 4.969745636528819 ], [ -73.80619049034577, 4.969774246341512 ], [ -73.806197166041272, 4.969799041584641 ], [ -73.806216239692318, 4.969820977454315 ], [ -73.806251524990913, 4.969848633513957 ], [ -73.806275367246357, 4.96988010429622 ], [ -73.806303023982977, 4.969909668236515 ], [ -73.806322097633668, 4.969938278008454 ], [ -73.806349753740207, 4.969955445222135 ], [ -73.806386947201474, 4.969968796418241 ], [ -73.8064136500833, 4.969974518253282 ], [ -73.806443213172955, 4.969989776429129 ], [ -73.806462287475554, 4.970024109917795 ], [ -73.806470393859129, 4.970070838160408 ], [ -73.806496142983889, 4.97010993973805 ], [ -73.806497574174045, 4.970140457873551 ], [ -73.806487082930531, 4.97016716090064 ], [ -73.806508063837271, 4.970194817243525 ], [ -73.806541920035954, 4.970199585568415 ], [ -73.806567191588101, 4.970231056397066 ], [ -73.806602954768465, 4.970247269831227 ], [ -73.806639353693114, 4.970267613520058 ], [ -73.806679724874556, 4.970317841490549 ], [ -73.806716919260978, 4.970357894620014 ], [ -73.80674648263313, 4.970387458916885 ], [ -73.80677795401985, 4.970405578861977 ], [ -73.806803226233313, 4.970416068728147 ], [ -73.806838989297219, 4.97042401645843 ], [ -73.806875229300971, 4.970436096447228 ], [ -73.806910037586164, 4.970444679702135 ], [ -73.806940079062088, 4.970457076761078 ], [ -73.806963920724982, 4.970476150787182 ], [ -73.806998729532253, 4.970493317357118 ], [ -73.80702972360551, 4.970518111777651 ], [ -73.807051659325552, 4.970542908235 ], [ -73.807071685226404, 4.970565795803708 ], [ -73.807089805057572, 4.970603942025702 ], [ -73.807113647501382, 4.970619201737372 ], [ -73.807138919215092, 4.970634460603194 ], [ -73.80717849728137, 4.97063350721363 ], [ -73.807210287206715, 4.970651626744168 ], [ -73.807225228043947, 4.970672607497277 ], [ -73.80723571788441, 4.970697402576278 ], [ -73.807258605694955, 4.970726013974829 ], [ -73.807291030996112, 4.970754623648195 ], [ -73.80732390382984, 4.97078321738753 ], [ -73.807357788323785, 4.970802308055577 ], [ -73.807383536857401, 4.970815659625373 ], [ -73.807416280413776, 4.970832188907731 ], [ -73.807448863506195, 4.970861436358071 ], [ -73.807497501115122, 4.970870336560966 ], [ -73.807522774020711, 4.970897674495678 ], [ -73.807524680785775, 4.970928192037806 ], [ -73.807507038322072, 4.970950126677051 ], [ -73.807510375571667, 4.971021652365027 ], [ -73.807517051084147, 4.971052169495537 ], [ -73.807524362476215, 4.971083959092172 ], [ -73.807522296614422, 4.971126556968509 ], [ -73.807541846405158, 4.971163750331253 ], [ -73.807543753700756, 4.971202850286784 ], [ -73.807563782097077, 4.971231459742437 ], [ -73.807567596627834, 4.971262932369105 ], [ -73.807569503658087, 4.971294403712639 ], [ -73.807583809041972, 4.971321106237884 ], [ -73.807600021543806, 4.97134971674645 ], [ -73.807629267507721, 4.971376419065157 ], [ -73.807647705128772, 4.971405029560664 ], [ -73.80765294983739, 4.971436500433621 ], [ -73.807642936892819, 4.971483230934529 ], [ -73.80764484405266, 4.971511840868736 ], [ -73.807659785467266, 4.971548080638498 ], [ -73.807672499826836, 4.971580505210812 ], [ -73.807691573196394, 4.97160434772122 ], [ -73.807716369969071, 4.971628188647403 ], [ -73.807735442959824, 4.971653939666754 ], [ -73.807761191928634, 4.971672058417775 ], [ -73.807798861684674, 4.971691131745601 ], [ -73.807809193696485, 4.971733728904959 ], [ -73.807825087965398, 4.97176551792998 ], [ -73.807811260277219, 4.971806526671338 ], [ -73.807781219184719, 4.971832275436114 ], [ -73.807771683288337, 4.971864700123405 ], [ -73.807780265810308, 4.971893310924621 ], [ -73.807767867636201, 4.971928596907879 ], [ -73.807744980008252, 4.971963883076488 ], [ -73.807724952331682, 4.971994400346412 ], [ -73.807706833057736, 4.972024917992218 ], [ -73.807684897901296, 4.972068787216505 ], [ -73.807661057044584, 4.97211265606084 ], [ -73.807645797844174, 4.972135544304497 ], [ -73.807631492663901, 4.972166060895409 ], [ -73.807629107895977, 4.972199440576626 ], [ -73.807624816662965, 4.972236634184865 ], [ -73.80760288144667, 4.972253798743087 ], [ -73.80759710493929, 4.972279836308851 ], [ -73.807597159194216, 4.97232437176899 ], [ -73.807598113511759, 4.972352981965157 ], [ -73.807596842853741, 4.972389856954471 ], [ -73.807625293289689, 4.972419739280521 ], [ -73.807624817185769, 4.972454071330392 ], [ -73.807621955596474, 4.972482680772602 ], [ -73.807622909398049, 4.972509384268643 ], [ -73.807631014624434, 4.972551346178296 ], [ -73.807648658763924, 4.97258186343529 ], [ -73.807683944783079, 4.972604752178313 ], [ -73.807700156809489, 4.972631455072827 ], [ -73.807713985182872, 4.972665787689475 ], [ -73.807744979910964, 4.972692488753549 ], [ -73.807766752493379, 4.97272326971179 ], [ -73.807782173940126, 4.972766875968189 ], [ -73.807791231894612, 4.972805023305043 ], [ -73.807818412804565, 4.972839355839886 ], [ -73.807849713957339, 4.972855382800488 ], [ -73.807900429248576, 4.97287941002743 ], [ -73.807931900007574, 4.972894669389802 ], [ -73.807965278271197, 4.972909928221652 ], [ -73.808014392887713, 4.972934722976775 ], [ -73.808053969468077, 4.972957611863546 ], [ -73.808080673287819, 4.972977320298468 ], [ -73.808101653428466, 4.972993850376015 ], [ -73.808144092107426, 4.973039627007358 ], [ -73.808162689758589, 4.973062515369491 ], [ -73.808184623567058, 4.973093032774382 ], [ -73.808220227272159, 4.973124822041511 ], [ -73.80827379154762, 4.973161697640247 ], [ -73.808306693306008, 4.973186493250708 ], [ -73.808328628888773, 4.973203659221896 ], [ -73.808346271255232, 4.973227501646305 ], [ -73.808355330934489, 4.973268508564047 ], [ -73.808370590537464, 4.973293304997944 ], [ -73.808378220120943, 4.973318100837172 ], [ -73.808380127209858, 4.973352530404747 ], [ -73.80837821969304, 4.97338581176353 ], [ -73.808363914792409, 4.973417282170264 ], [ -73.8083562848566, 4.973443985330338 ], [ -73.808385848688218, 4.973467826701529 ], [ -73.808419227631902, 4.973482132605406 ], [ -73.808433532064015, 4.97350501988865 ], [ -73.808441162570631, 4.973534266199893 ], [ -73.808465957511842, 4.973556518920192 ], [ -73.808499811983594, 4.97357082423548 ], [ -73.808515548807463, 4.973598480580606 ], [ -73.808518885965682, 4.973632812468248 ], [ -73.808537483268324, 4.973657608419875 ], [ -73.808562279230131, 4.973674774489369 ], [ -73.808569908446472, 4.973701477024562 ], [ -73.808567046808747, 4.973739624488287 ], [ -73.808574676336931, 4.973780633154038 ], [ -73.808587074487363, 4.973817825282578 ], [ -73.808602809498311, 4.973875046785708 ], [ -73.808610438793593, 4.973921776455075 ], [ -73.808638572384879, 4.973955154874035 ], [ -73.808650016791574, 4.973992348170611 ], [ -73.808671950919177, 4.974023819351823 ], [ -73.808693885402377, 4.974046707215053 ], [ -73.808721541834231, 4.97405433717031 ], [ -73.808754285426403, 4.974062602479298 ], [ -73.808812141204228, 4.974056562501922 ], [ -73.808856009485964, 4.974058151106665 ], [ -73.808892249555214, 4.974061966166442 ], [ -73.808978080525094, 4.974060059057879 ], [ -73.809016227460063, 4.974064827381532 ], [ -73.809052466655061, 4.974075317239519 ], [ -73.809080123613143, 4.974084853877816 ], [ -73.809125738445417, 4.974109070952453 ], [ -73.809153874846544, 4.974116643287901 ], [ -73.809195518183429, 4.974128722806821 ], [ -73.809219360193424, 4.974151611020989 ], [ -73.809238434109147, 4.974180221569413 ], [ -73.809267044134032, 4.974206923658462 ], [ -73.809296130818836, 4.974227905061785 ], [ -73.809331893632589, 4.97424507119795 ], [ -73.809368609709878, 4.974267006076806 ], [ -73.809406280673414, 4.974283217871784 ], [ -73.809429168565686, 4.974308013947812 ], [ -73.809436797953083, 4.974334081200578 ], [ -73.809450149760181, 4.974365234400314 ], [ -73.809463500495937, 4.974388122823504 ], [ -73.809476375171855, 4.974431991859406 ], [ -73.8094949720752, 4.974468230685782 ], [ -73.809508323261809, 4.974502563827969 ], [ -73.809523582036078, 4.974527359318726 ], [ -73.809535026173265, 4.974550248272355 ], [ -73.809544563099777, 4.974580765461864 ], [ -73.809564589893725, 4.974609374825286 ], [ -73.809576034182797, 4.974636078081164 ], [ -73.809580802193949, 4.974662781396784 ], [ -73.809597015105325, 4.974685669012797 ], [ -73.809606551512445, 4.974714279501817 ], [ -73.809606840219416, 4.974745265952448 ], [ -73.809598921837122, 4.974781036024694 ], [ -73.809595108016296, 4.974811554235892 ], [ -73.809597016194715, 4.974840164145175 ], [ -73.80960893541166, 4.974874497232869 ], [ -73.809610366335093, 4.974916458243593 ], [ -73.809605597708185, 4.974943161514741 ], [ -73.809594153324156, 4.97497177154537 ], [ -73.809585094191277, 4.97500515127492 ], [ -73.809588431684972, 4.975040436042395 ], [ -73.809593200753696, 4.975070953659369 ], [ -73.809610366680317, 4.975097656215252 ], [ -73.809621810605762, 4.97512626616805 ], [ -73.809638023008063, 4.975147247986906 ], [ -73.809665044255453, 4.975177765399906 ], [ -73.809705733761547, 4.975208918468647 ], [ -73.809746742041384, 4.975238799707866 ], [ -73.809796333211125, 4.975222905991052 ], [ -73.80984020250483, 4.975231171130546 ], [ -73.809865951482323, 4.975238799752672 ], [ -73.80989313079489, 4.975250244538119 ], [ -73.809928894013197, 4.975258827315867 ], [ -73.809970378414306, 4.975278855015587 ], [ -73.810018062188988, 4.975303650433472 ], [ -73.810056685370185, 4.975330352829883 ], [ -73.810088158092341, 4.975345612058794 ], [ -73.810118675324617, 4.975351334441082 ], [ -73.810157775781022, 4.975348472906221 ], [ -73.810200372708451, 4.975341161120448 ], [ -73.81023025449457, 4.975334168125896 ], [ -73.810280322108298, 4.975322724259883 ], [ -73.810319899690953, 4.975309372117196 ], [ -73.810346602715896, 4.975301743238885 ], [ -73.810373306266527, 4.97529602015298 ], [ -73.810410022363001, 4.975288391622612 ], [ -73.810452315384879, 4.975275331140792 ], [ -73.810469627706567, 4.97524833642998 ], [ -73.81047948213093, 4.975215276063787 ], [ -73.810511589061264, 4.975231170661091 ], [ -73.810551324551497, 4.975249543536908 ], [ -73.810586930273615, 4.975286484431567 ], [ -73.810611724538049, 4.975303649501744 ], [ -73.810641288822083, 4.97529602071067 ], [ -73.810661316207813, 4.975271225267367 ], [ -73.810682932520166, 4.975255965886896 ], [ -73.810711860290709, 4.975250244575292 ], [ -73.81075572955551, 4.975254059179634 ], [ -73.810791968900503, 4.975238799896111 ], [ -73.81081771844002, 4.975234349401633 ], [ -73.810850143053941, 4.975240708286337 ], [ -73.810883521545165, 4.975246429825551 ], [ -73.810936928299057, 4.975259781554126 ], [ -73.810982227050104, 4.97527408620306 ], [ -73.811051368238211, 4.975286483751291 ], [ -73.811098575353753, 4.975294113953992 ], [ -73.811129569967406, 4.975290299492725 ], [ -73.811166762630862, 4.97528648373195 ], [ -73.8111982340411, 4.975280761981842 ], [ -73.811229704707074, 4.975278854533297 ], [ -73.811265469153426, 4.975278854828107 ], [ -73.811308860292542, 4.975279808578438 ], [ -73.811347961579784, 4.975286484085673 ], [ -73.811374664111696, 4.975299835186291 ], [ -73.811391829579492, 4.975324630985048 ], [ -73.81140327395299, 4.975351333289603 ], [ -73.811410904212195, 4.975378036672515 ], [ -73.811430931108291, 4.975406646866327 ], [ -73.811472574957051, 4.975421269993085 ], [ -73.811510086084539, 4.975440979419552 ], [ -73.811545054145952, 4.975453058848632 ], [ -73.811573981729964, 4.975471496553267 ], [ -73.811594962391453, 4.975500107375106 ], [ -73.811613082483603, 4.975534440006006 ], [ -73.81164789171514, 4.97555828106626 ], [ -73.811693191443538, 4.97556304945271 ], [ -73.811726252334736, 4.975568771336734 ], [ -73.811756134018779, 4.975566864009422 ], [ -73.811782837071391, 4.97554969796274 ], [ -73.81179809564216, 4.975524903843411 ], [ -73.81181240049753, 4.975490570168485 ], [ -73.811835606473196, 4.975467045831734 ], [ -73.811864853044298, 4.975450516436823 ], [ -73.811887740861849, 4.975439070659587 ], [ -73.811921119082101, 4.975427628239649 ], [ -73.811951637633328, 4.975421905818193 ], [ -73.811988353539618, 4.975410461995641 ], [ -73.81204128177572, 4.975390434784034 ], [ -73.812078476174847, 4.975379944168616 ], [ -73.812105178636969, 4.975370407619467 ], [ -73.812145233046138, 4.97536404902761 ], [ -73.812196732264326, 4.975358963139167 ], [ -73.81224441478092, 4.975353241259278 ], [ -73.8122873303288, 4.975347519825032 ], [ -73.812324524046716, 4.975347519204079 ], [ -73.812351227736585, 4.975345612151133 ], [ -73.812387943158811, 4.975338936411114 ], [ -73.812430382008145, 4.975332259944473 ], [ -73.812460898577342, 4.975322724107311 ], [ -73.812500158745252, 4.975310326033674 ], [ -73.812538146337772, 4.975280762006697 ], [ -73.812551498098557, 4.975252152306873 ], [ -73.812557219624068, 4.975203514949659 ], [ -73.812580585316667, 4.975158691846454 ], [ -73.812606811534167, 4.975143433058412 ], [ -73.81262842872367, 4.975118637416531 ], [ -73.812632633584613, 4.975073795417839 ], [ -73.812644481457141, 4.975020408644099 ], [ -73.812653540831164, 4.9749755859949 ], [ -73.812665938861571, 4.97493743945666 ], [ -73.812685012431714, 4.974903107128116 ], [ -73.812708377942855, 4.974880218741018 ], [ -73.812751292712875, 4.974852562565566 ], [ -73.812784194555235, 4.974838257482579 ], [ -73.812817573455462, 4.974822998008181 ], [ -73.81284761349913, 4.974806786135963 ], [ -73.812872887141822, 4.974782943398485 ], [ -73.812909602087899, 4.974771499533865 ], [ -73.812960623841633, 4.974771499917217 ], [ -73.812997818085151, 4.974763869756992 ], [ -73.813026428378237, 4.974752425934118 ], [ -73.813045501333008, 4.974735260213831 ], [ -73.81307601989046, 4.974710464435084 ], [ -73.813103675649955, 4.974686623275228 ], [ -73.813132285328493, 4.974666595237468 ], [ -73.813164233397984, 4.974652290410558 ], [ -73.813200950769328, 4.974639893632285 ], [ -73.813240051238552, 4.974634170519438 ], [ -73.813277644665476, 4.974626107293557 ], [ -73.813309669665671, 4.974620819135787 ], [ -73.81333827921452, 4.974613190507215 ], [ -73.813365935738162, 4.974601745134275 ], [ -73.813390731175062, 4.974594116688001 ], [ -73.81343412336831, 4.974579811293672 ], [ -73.813479422893693, 4.974561691051436 ], [ -73.813517252493725, 4.974543889518474 ], [ -73.813564300149224, 4.974521636990296 ], [ -73.813609122435921, 4.974500656830983 ], [ -73.813647269886758, 4.974481582560895 ], [ -73.813679377303203, 4.974471409447331 ], [ -73.81371402719779, 4.974472046256961 ], [ -73.813745498318852, 4.974481583404242 ], [ -73.813780784642361, 4.974485397554831 ], [ -73.813834666641398, 4.974478722257504 ], [ -73.813884734563871, 4.974486032908584 ], [ -73.813930987941504, 4.974467278005655 ], [ -73.813988367474025, 4.974483490507085 ], [ -73.814035416031089, 4.974484761723415 ], [ -73.814088821571559, 4.97447586085524 ], [ -73.814139842128128, 4.974465370245363 ], [ -73.814188004129889, 4.974454878639873 ], [ -73.814292908121502, 4.974430084993884 ], [ -73.814335823030632, 4.974422454932366 ], [ -73.81436634041944, 4.974412918111973 ], [ -73.814397811923072, 4.974401474318701 ], [ -73.814434051285645, 4.974390030059655 ], [ -73.814458847420795, 4.974378586371493 ], [ -73.814544695165566, 4.974345623874374 ], [ -73.814601897807194, 4.974318504655814 ], [ -73.814635276179629, 4.97429847790576 ], [ -73.814671516260432, 4.974273682230597 ], [ -73.814722061363696, 4.974241256555342 ], [ -73.814746856406529, 4.974225998560464 ], [ -73.81477991790392, 4.974204381321522 ], [ -73.8148212444097, 4.974184036151783 ], [ -73.814853667838946, 4.97417259206735 ], [ -73.814881801368173, 4.974160194961788 ], [ -73.814931868427678, 4.974143345596445 ], [ -73.814965566107503, 4.974135716039549 ], [ -73.814994811260377, 4.974130631234869 ], [ -73.815034388634217, 4.974126815939607 ], [ -73.815104006762709, 4.974128723385126 ], [ -73.815154075049293, 4.974136353383205 ], [ -73.815181732775713, 4.974142073641288 ], [ -73.815254211261731, 4.974153519159637 ], [ -73.815287589698315, 4.974159240478608 ], [ -73.815366744990996, 4.974172591657889 ], [ -73.815394719316956, 4.974178950398305 ], [ -73.815445899838707, 4.974190712736557 ], [ -73.815486908205628, 4.974199295052971 ], [ -73.815532206285027, 4.974195480791141 ], [ -73.815588315812946, 4.974235535217041 ], [ -73.815612792348773, 4.974267959480221 ], [ -73.815626144368707, 4.974304199143211 ], [ -73.815632819229961, 4.974349975125244 ], [ -73.815646811844189, 4.974383236760405 ], [ -73.815675257849321, 4.974425315373819 ], [ -73.815713883030995, 4.974439620713319 ], [ -73.815739631126462, 4.974466324210409 ], [ -73.815749168681947, 4.974494934566596 ], [ -73.81575012157306, 4.974533080890424 ], [ -73.815752029664139, 4.974573135442689 ], [ -73.815752982567446, 4.974620818868491 ], [ -73.815759658521543, 4.974660873851144 ], [ -73.815778732892682, 4.974693299363662 ], [ -73.815808295641176, 4.974712372251146 ], [ -73.815844535921073, 4.974729537410452 ], [ -73.815868377047167, 4.974739074849072 ], [ -73.815907477601201, 4.974759102388681 ], [ -73.815953254399247, 4.974760056502473 ], [ -73.815989493853692, 4.974764824055218 ], [ -73.816029230719579, 4.974779129804619 ], [ -73.816056250909085, 4.974792480310093 ], [ -73.816077232788032, 4.974815369061346 ], [ -73.816093444285301, 4.974842071684427 ], [ -73.816107749726143, 4.974870682459586 ], [ -73.816128731063344, 4.974891662702971 ], [ -73.816161473250801, 4.974912643758259 ], [ -73.81620597861864, 4.974925994310943 ], [ -73.816239356928236, 4.974937439282457 ], [ -73.816277026298806, 4.974941253959874 ], [ -73.816311835838363, 4.974937439059633 ], [ -73.816349029309293, 4.974933624823071 ], [ -73.8163830439169, 4.974922498131792 ], [ -73.816421507775743, 4.97489738469293 ], [ -73.816463470299098, 4.974863052877097 ], [ -73.81649494076234, 4.974844933288726 ], [ -73.816528320556017, 4.974836350242629 ], [ -73.816570281462489, 4.974846840712807 ], [ -73.816615422989685, 4.974869728453639 ], [ -73.81666707941622, 4.97487735816568 ], [ -73.816746234365127, 4.974864006367444 ], [ -73.816801547651778, 4.974848747563465 ], [ -73.816852569416312, 4.974836349143485 ], [ -73.816901206975615, 4.974822998066127 ], [ -73.816936015406498, 4.974815368839093 ], [ -73.816969387262176, 4.974810601888251 ], [ -73.816995619954824, 4.974805832025671 ], [ -73.817064762108316, 4.974793434645588 ], [ -73.817102431354854, 4.974790572673833 ], [ -73.817133903386065, 4.974790573453646 ], [ -73.817178726340529, 4.974794388255986 ], [ -73.817216396246465, 4.974800109575258 ], [ -73.81724929829393, 4.974805832282516 ], [ -73.817398071712219, 4.974836350296778 ], [ -73.81751808018258, 4.974861109681767 ], [ -73.83948700475527, 4.979393813433328 ], [ -73.839658738022365, 4.979429244935602 ], [ -73.839750290105499, 4.979448318047068 ], [ -73.839814718289603, 4.97946160977957 ], [ -73.839880560187879, 4.979473301597237 ], [ -73.839924929299286, 4.979484802723958 ], [ -73.839967863870484, 4.979509221724839 ], [ -73.840006500790011, 4.979542254793713 ], [ -73.840062295117548, 4.979629844014646 ], [ -73.840087331406394, 4.979667895977516 ], [ -73.840104018663709, 4.979700377901983 ], [ -73.840122376637396, 4.979737532554117 ], [ -73.840132916522421, 4.979775103498803 ], [ -73.840152489637418, 4.979814872746705 ], [ -73.840173869008936, 4.979848090719416 ], [ -73.840192470623137, 4.979867477689215 ], [ -73.840216794882437, 4.979896198024769 ], [ -73.840244694242514, 4.979932814725712 ], [ -73.840269760896632, 4.97997486551818 ], [ -73.840288161982642, 4.979997633553274 ], [ -73.840311050233609, 4.980028152905433 ], [ -73.8403329849682, 4.98005104040175 ], [ -73.840359687861593, 4.980072021458169 ], [ -73.840389251070562, 4.980087279712091 ], [ -73.840433119890136, 4.980089187382634 ], [ -73.840468407127247, 4.980067253904659 ], [ -73.840492247974879, 4.980030059851358 ], [ -73.840518108024781, 4.979990582798789 ], [ -73.840538978095424, 4.979965210000252 ], [ -73.840557098049914, 4.979944228712257 ], [ -73.840585708921154, 4.979913711461326 ], [ -73.840611855950087, 4.979889194317831 ], [ -73.840647667837501, 4.979862616974715 ], [ -73.840696346004833, 4.979838230314633 ], [ -73.84077078992128, 4.979809544901903 ], [ -73.840868133134549, 4.979793788798794 ], [ -73.840958313920055, 4.979793821976131 ], [ -73.84104705837936, 4.979806773019626 ], [ -73.84111289658955, 4.979826895021862 ], [ -73.841137880781375, 4.979838102299691 ], [ -73.841180164218912, 4.979857066228996 ], [ -73.841292992403183, 4.979920300467987 ], [ -73.841331384954486, 4.979947717770745 ], [ -73.84139933000381, 4.979996862622243 ], [ -73.841442511621693, 4.980013266246028 ], [ -73.841484086958445, 4.980018905988775 ], [ -73.841519358354006, 4.980012228666923 ], [ -73.841555146180468, 4.980006499952624 ], [ -73.841613618271609, 4.980014170456474 ], [ -73.84178416414116, 4.980036729366884 ], [ -73.841909784203068, 4.980059203635165 ], [ -73.841956398596324, 4.980075158510862 ], [ -73.842005537220871, 4.980097129735208 ], [ -73.842031098218712, 4.980109204967767 ], [ -73.842099224784945, 4.980136436668091 ], [ -73.842121124098156, 4.980165481270039 ], [ -73.842137082814659, 4.980186243426757 ], [ -73.842160224167856, 4.980197906387801 ], [ -73.842201232930648, 4.980200767773063 ], [ -73.842230796424303, 4.980211258774439 ], [ -73.842256545553042, 4.980226516388108 ], [ -73.842284202536803, 4.980245590355114 ], [ -73.842308045405943, 4.98026466377326 ], [ -73.842333475705317, 4.980269749494783 ], [ -73.842367171369347, 4.980274200234389 ], [ -73.842404842608317, 4.980291367361525 ], [ -73.842436790482168, 4.980314254624196 ], [ -73.842461903697796, 4.980321884498959 ], [ -73.842490320767297, 4.980307186472825 ], [ -73.842522998160248, 4.980321204501908 ], [ -73.842567443655923, 4.980335235513775 ], [ -73.842593193076226, 4.980348587333311 ], [ -73.84261226655974, 4.980365752922561 ], [ -73.842646121554949, 4.980354310192122 ], [ -73.842685699206584, 4.980354309280695 ], [ -73.842720030892892, 4.980365753375022 ], [ -73.842746734003299, 4.980373383011738 ], [ -73.842772483704366, 4.980384826329925 ], [ -73.842808723317134, 4.980405807726132 ], [ -73.842845916753234, 4.980432509757701 ], [ -73.842889967923753, 4.980473446568145 ], [ -73.842910765883389, 4.980493546428943 ], [ -73.842932383626248, 4.980518977074105 ], [ -73.842959403342917, 4.980533599578161 ], [ -73.842995007883516, 4.980550448064486 ], [ -73.843043485884678, 4.980585734249912 ], [ -73.843095301837806, 4.980585098660813 ], [ -73.84312343568574, 4.980564117151512 ], [ -73.843150848322281, 4.980548602329861 ], [ -73.843201167412303, 4.980548748698779 ], [ -73.843246346891675, 4.980558823279458 ], [ -73.843286582895004, 4.980573418877325 ], [ -73.843314076604898, 4.980584709718223 ], [ -73.843348984970675, 4.980599046995939 ], [ -73.843438686946811, 4.980647437056176 ], [ -73.843480575627297, 4.980669517894724 ], [ -73.843501090993271, 4.980707168264699 ], [ -73.843521773283442, 4.980724990546705 ], [ -73.843546867512401, 4.980745315631493 ], [ -73.843586057646675, 4.980759838344692 ], [ -73.843635558969083, 4.980773926138358 ], [ -73.843667984154607, 4.980791091764509 ], [ -73.843693732431788, 4.980806351123231 ], [ -73.843741774465428, 4.980831575914957 ], [ -73.843774794872814, 4.980865478314944 ], [ -73.843807220140434, 4.980910301238745 ], [ -73.843826293941106, 4.980947494644328 ], [ -73.843839168199651, 4.980985642554462 ], [ -73.843844413475253, 4.981035233105302 ], [ -73.843847274855435, 4.981065749932349 ], [ -73.843854427489404, 4.98110389794039 ], [ -73.843873023303061, 4.98113632208215 ], [ -73.843890189212274, 4.981166839564605 ], [ -73.843908309507512, 4.981199265219568 ], [ -73.843923567989037, 4.981235505195101 ], [ -73.843932151791719, 4.981279373222994 ], [ -73.843954085857931, 4.98130798333313 ], [ -73.843992868677148, 4.981320064137437 ], [ -73.844017028435971, 4.981338501812439 ], [ -73.844041346759496, 4.981368065368455 ], [ -73.844089030156866, 4.981398582602272 ], [ -73.844112395634014, 4.981428147377197 ], [ -73.844118117750128, 4.981462478419533 ], [ -73.844103336112269, 4.981520653464999 ], [ -73.844105720577005, 4.981557846551217 ], [ -73.844120502611901, 4.981591224843788 ], [ -73.844152926836585, 4.98162174174016 ], [ -73.844192028095677, 4.981640815400899 ], [ -73.844237327211559, 4.981645584153968 ], [ -73.844277858533445, 4.981656075450271 ], [ -73.844282626318659, 4.981691360602664 ], [ -73.844245910762893, 4.981697717781861 ], [ -73.844242095613879, 4.981723785497809 ], [ -73.844270228946371, 4.981750488193499 ], [ -73.844306945290882, 4.98176383942938 ], [ -73.844335556063541, 4.98177719111217 ], [ -73.844370842017156, 4.981817245877711 ], [ -73.844391823268154, 4.981845856284644 ], [ -73.844419479743976, 4.981863022552511 ], [ -73.844456672251738, 4.981878281659414 ], [ -73.844498157386141, 4.981891632190612 ], [ -73.844549178281454, 4.981904984050479 ], [ -73.844574928065853, 4.981916427282164 ], [ -73.844601949035876, 4.981941859059914 ], [ -73.844632147815872, 4.981962204683088 ], [ -73.844659805288984, 4.981985091889285 ], [ -73.844689368931284, 4.981998444140113 ], [ -73.84472560895432, 4.982017516911955 ], [ -73.844755171879783, 4.982023238811809 ], [ -73.844781875166419, 4.982017517050169 ], [ -73.844806670579501, 4.982007979848772 ], [ -73.844867705533858, 4.981986045653509 ], [ -73.844915389788795, 4.981969833263758 ], [ -73.844951152628951, 4.981959343561007 ], [ -73.844982147675282, 4.981954573692541 ], [ -73.845020293911773, 4.981947899718524 ], [ -73.845087051295394, 4.981939315787517 ], [ -73.845114155305481, 4.981937910907244 ], [ -73.8451528552376, 4.981931686868417 ], [ -73.845189094992307, 4.981933593141114 ], [ -73.845221519274915, 4.981945037724024 ], [ -73.845260782645894, 4.981961014442872 ], [ -73.845321654751302, 4.98198890662256 ], [ -73.845355987545304, 4.982006073315778 ], [ -73.845424651601562, 4.982038498206182 ], [ -73.845448493889208, 4.982049942041856 ], [ -73.845482825469944, 4.982066154935511 ], [ -73.845523833977566, 4.982084274070965 ], [ -73.845546722243185, 4.982097625810566 ], [ -73.845573425265442, 4.982112884756877 ], [ -73.845596312630519, 4.982126236495559 ], [ -73.845624923167861, 4.982141495702051 ], [ -73.84566402448668, 4.982160568357615 ], [ -73.845691044952829, 4.982177099217843 ], [ -73.845712662123617, 4.982194900302127 ], [ -73.845739363713676, 4.982213974415449 ], [ -73.845761298864105, 4.98222923314823 ], [ -73.845791816115039, 4.982250213559169 ], [ -73.845829010029732, 4.98227500960542 ], [ -73.845860003444059, 4.982297897891621 ], [ -73.845890998663904, 4.982320785268755 ], [ -73.845914840261798, 4.982343673699507 ], [ -73.845941543497787, 4.982370377241559 ], [ -73.845970630674728, 4.982397079525962 ], [ -73.846012115522186, 4.982425690643018 ], [ -73.846054077135108, 4.982439041356812 ], [ -73.846081733570429, 4.982450485688638 ], [ -73.846127986204721, 4.98247337333435 ], [ -73.846158981710346, 4.982494354918837 ], [ -73.84618314138612, 4.982514063918919 ], [ -73.846204757055204, 4.982536316321204 ], [ -73.846234639719469, 4.982552846186532 ], [ -73.846267699723796, 4.982561110882603 ], [ -73.846297263948472, 4.982570648782592 ], [ -73.846336365055109, 4.982575418112968 ], [ -73.846379279914402, 4.982576370075593 ], [ -73.84641551943173, 4.982580184765615 ], [ -73.846470832280914, 4.982584000245618 ], [ -73.846534092800695, 4.98258781454128 ], [ -73.846569060093046, 4.982594490429407 ], [ -73.846606254055018, 4.982603072845555 ], [ -73.846651077118011, 4.982608794919055 ], [ -73.846691132034053, 4.98261642437896 ], [ -73.846726417529609, 4.982622146055512 ], [ -73.846776961914244, 4.982626915106025 ], [ -73.846818924025655, 4.98263359011917 ], [ -73.84685754748601, 4.982637405334285 ], [ -73.846894263963534, 4.982637406020539 ], [ -73.846932411154157, 4.982633591500282 ], [ -73.846989630769912, 4.982629775946011 ], [ -73.847022056958735, 4.982627869134403 ], [ -73.847053528309516, 4.982627232258457 ], [ -73.847084044297262, 4.982631683205617 ], [ -73.84712505238943, 4.982640267013252 ], [ -73.847175121146705, 4.9826555256527 ], [ -73.847234725677964, 4.982686996438911 ], [ -73.847264289178113, 4.98270511752443 ], [ -73.847316741893792, 4.982736587560272 ], [ -73.847344874893437, 4.982753753976567 ], [ -73.84739780357431, 4.982791901751504 ], [ -73.847449937925859, 4.982825597399668 ], [ -73.847479820563208, 4.982849121380237 ], [ -73.847507476992661, 4.982873916935119 ], [ -73.847558498928194, 4.982919692968967 ], [ -73.847587585810501, 4.982942580900211 ], [ -73.847753524759653, 4.983076095295472 ], [ -73.847796440653767, 4.983112336586607 ], [ -73.847821235192384, 4.983135223703278 ], [ -73.847921370474182, 4.983228683938573 ], [ -73.847995758113157, 4.983301163146588 ], [ -73.848017692559267, 4.983322144545978 ], [ -73.848047256017239, 4.983350752782838 ], [ -73.848074912750377, 4.983373641625438 ], [ -73.848100662112927, 4.983388900774842 ], [ -73.848138331747634, 4.983416557428709 ], [ -73.84816932676749, 4.983438491787959 ], [ -73.848189036349552, 4.983457564844267 ], [ -73.848211287784139, 4.983476639145902 ], [ -73.848297119390949, 4.983564376899698 ], [ -73.84832525152575, 4.983594894551633 ], [ -73.848361015303453, 4.983633677005327 ], [ -73.848399162178822, 4.983665465823892 ], [ -73.848422049765745, 4.983684540200254 ], [ -73.848447800171158, 4.98370552118191 ], [ -73.848576545522249, 4.983806610909002 ], [ -73.848605155145805, 4.983829498492985 ], [ -73.848640919175381, 4.983860016231953 ], [ -73.848684311073029, 4.983900070193455 ], [ -73.848806380563445, 4.984018325884789 ], [ -73.848830700030064, 4.984045028734383 ], [ -73.84885978712974, 4.984073639347432 ], [ -73.848879814495376, 4.984098434720791 ], [ -73.848911761518153, 4.984133720900775 ], [ -73.848936080671379, 4.984159469952847 ], [ -73.848964691094096, 4.984189987854978 ], [ -73.848990439729718, 4.984210967906164 ], [ -73.849031448759419, 4.984243392764094 ], [ -73.849054336641544, 4.984260559526359 ], [ -73.849088191392227, 4.984291076983813 ], [ -73.849139212769614, 4.984342575611244 ], [ -73.849164962963528, 4.984365463236371 ], [ -73.849189758499747, 4.98438835209314 ], [ -73.849226951996897, 4.984411239414465 ], [ -73.849266528734574, 4.984429360122489 ], [ -73.84930419860035, 4.98444938725596 ], [ -73.849341869436259, 4.984472275762744 ], [ -73.849387168931827, 4.984512329008706 ], [ -73.849426270223248, 4.98454666116973 ], [ -73.849454880427061, 4.984579085723525 ], [ -73.849474906539925, 4.984600066809216 ], [ -73.8494949335564, 4.984621047892897 ], [ -73.849576950065298, 4.984718323750376 ], [ -73.849596976574261, 4.984743118189717 ], [ -73.849623680046889, 4.98476982153842 ], [ -73.849649429882959, 4.984788893969916 ], [ -73.849678515758185, 4.984813690271942 ], [ -73.849733351987695, 4.984853743829882 ], [ -73.849755287306735, 4.984869003302488 ], [ -73.849790572563876, 4.984897613993752 ], [ -73.849813460877229, 4.984918594985541 ], [ -73.849840163718326, 4.98494339073897 ], [ -73.849859238409351, 4.984960556059873 ], [ -73.849975586253592, 4.985074996449806 ], [ -73.849996566549962, 4.985099792353949 ], [ -73.85002088487937, 4.985125542257954 ], [ -73.850051879527271, 4.985151291672323 ], [ -73.850081443388547, 4.985164642731806 ], [ -73.850109101143488, 4.985174179276115 ], [ -73.850190161942635, 4.985209465204758 ], [ -73.85022354117072, 4.985223769639373 ], [ -73.850254694459963, 4.985233942343586 ], [ -73.850298880877844, 4.985244751545364 ], [ -73.850347042469593, 4.985252381121244 ], [ -73.8503913883726, 4.985258101710686 ], [ -73.850419362371824, 4.985264459731006 ], [ -73.850452422675502, 4.985258102388321 ], [ -73.850472007756167, 4.985238517074364 ], [ -73.850497245315225, 4.985227585494552 ], [ -73.85052172352836, 4.98523521402475 ], [ -73.850558280576877, 4.985254287814384 ], [ -73.850603102688723, 4.985275268445673 ], [ -73.850645065010141, 4.985271454181199 ], [ -73.85067272140779, 4.985250472976367 ], [ -73.850698470900056, 4.985218047829161 ], [ -73.850719451736779, 4.985191345269886 ], [ -73.850748537920495, 4.985166549759309 ], [ -73.850782394787601, 4.985141118245353 ], [ -73.850816249138362, 4.985131264129266 ], [ -73.850860117773848, 4.985116005501598 ], [ -73.850897472086075, 4.985080083174111 ], [ -73.8509283063091, 4.985080719244078 ], [ -73.850951194115524, 4.985092163174921 ], [ -73.850976943744456, 4.985113144034695 ], [ -73.850999831300825, 4.98512649554771 ], [ -73.851038364401433, 4.985148337634637 ], [ -73.851091729039652, 4.98518629534688 ], [ -73.851147128207629, 4.985219874197864 ], [ -73.851182615122838, 4.985239660607149 ], [ -73.85120968770434, 4.985269152380408 ], [ -73.851247309935246, 4.985320091713717 ], [ -73.851270197994225, 4.985363960029757 ], [ -73.851282755994362, 4.985399245830869 ], [ -73.851288795512033, 4.98543167145789 ], [ -73.851292610141797, 4.985462188762557 ], [ -73.851298332041281, 4.985494613895664 ], [ -73.851297638106729, 4.985531720374488 ], [ -73.851289113814317, 4.985577265473415 ], [ -73.851295947438615, 4.985619544714113 ], [ -73.851330756690615, 4.98564910880729 ], [ -73.851372718971419, 4.985666275198821 ], [ -73.851413249886704, 4.985695839115331 ], [ -73.85144042946736, 4.985729217391582 ], [ -73.851467131343185, 4.985748291217666 ], [ -73.851502417963616, 4.98576736478083 ], [ -73.851535797316387, 4.985784531419084 ], [ -73.851554869365231, 4.985801697587098 ], [ -73.851565360832581, 4.985828399214681 ], [ -73.851549624401585, 4.985868454423517 ], [ -73.851550101643298, 4.985910416119342 ], [ -73.851574420459102, 4.985939979306531 ], [ -73.85160827652247, 4.985944747838412 ], [ -73.851644515806854, 4.985944747941472 ], [ -73.851685046541505, 4.985955238715939 ], [ -73.85171699505868, 4.985973994436232 ], [ -73.851741790723523, 4.986003876436389 ], [ -73.851756095844223, 4.986034393713559 ], [ -73.851760386433298, 4.986068725560844 ], [ -73.851755141876168, 4.98610496558388 ], [ -73.851766586218133, 4.986131668685788 ], [ -73.851792811671316, 4.986161232105591 ], [ -73.851805686841018, 4.986200332644398 ], [ -73.851829528615411, 4.986217498953965 ], [ -73.851860045581446, 4.986226082439821 ], [ -73.851890564102845, 4.986236572600567 ], [ -73.851917267161312, 4.986253737912548 ], [ -73.851943969818123, 4.98626708986683 ], [ -73.851978301567129, 4.986288071313226 ], [ -73.852004051367061, 4.986301422689916 ], [ -73.852027892559875, 4.986330032681551 ], [ -73.852043787604231, 4.98636054969745 ], [ -73.852054596136256, 4.986398697305617 ], [ -73.852063179212664, 4.986425399583947 ], [ -73.852076530846972, 4.986454009597591 ], [ -73.852102279258148, 4.986471177042212 ], [ -73.85213152534061, 4.986486435082195 ], [ -73.852168083398013, 4.986505508760591 ], [ -73.852296830271214, 4.986547469720313 ], [ -73.852339744583588, 4.986564635705969 ], [ -73.852365493993318, 4.986574172804453 ], [ -73.852391643510771, 4.986579802819146 ], [ -73.852427164441323, 4.986581802785398 ], [ -73.852484702310747, 4.986581802358877 ], [ -73.852576254757622, 4.986585617310212 ], [ -73.852628230428124, 4.986587525335124 ], [ -73.85266494780447, 4.986595789440434 ], [ -73.852690696807258, 4.986608505529016 ], [ -73.852724075077205, 4.986627578773431 ], [ -73.852750778417416, 4.986642838271505 ], [ -73.852804183294182, 4.986673355456201 ], [ -73.852961457199655, 4.986766955927296 ], [ -73.853009111669692, 4.986798261505887 ], [ -73.853047552713477, 4.986822067253684 ], [ -73.853091619113414, 4.98684815425282 ], [ -73.853176147974608, 4.986868834276233 ], [ -73.853211763289963, 4.986878236364093 ], [ -73.853415092875167, 4.986944448166335 ], [ -73.853463792901252, 4.986956674712537 ], [ -73.853602265840252, 4.986991442173341 ], [ -73.853647707937341, 4.987000465881293 ], [ -73.853691100935521, 4.987010955511953 ], [ -73.853721618523252, 4.987018586013674 ], [ -73.853771355422907, 4.987029485472644 ], [ -73.853818729569213, 4.987039331949654 ], [ -73.854031505363864, 4.987084322537125 ], [ -73.854186585778791, 4.987119849232058 ], [ -73.854364381019934, 4.987163437291294 ], [ -73.854485989884111, 4.98720897427053 ], [ -73.854524084108107, 4.987223405345762 ], [ -73.854582617970905, 4.987245579524154 ], [ -73.854628462561308, 4.987264399354011 ], [ -73.854913711112275, 4.987382888397894 ], [ -73.854945182907201, 4.987394333664477 ], [ -73.855000495591852, 4.987420081920412 ], [ -73.855060577089915, 4.987445831204921 ], [ -73.855087280318472, 4.987455367847703 ], [ -73.855194306616113, 4.987502909964155 ], [ -73.855233825876269, 4.987521006798517 ], [ -73.855285095834105, 4.987538844910512 ], [ -73.855343051908179, 4.987553783079702 ], [ -73.855507653793254, 4.987598341760704 ], [ -73.855622584576381, 4.98763755091312 ], [ -73.855652230157361, 4.98764766466046 ], [ -73.855714763937328, 4.987669011844359 ], [ -73.855789837514322, 4.98769463746245 ], [ -73.855981373323203, 4.987765864356416 ], [ -73.85602283421386, 4.987779617683549 ], [ -73.856081008054204, 4.987799645698724 ], [ -73.856119632976089, 4.987812043517148 ], [ -73.8561840059579, 4.9878273008264 ], [ -73.856214522219545, 4.987838745459912 ], [ -73.856253305385863, 4.987852096854008 ], [ -73.856300353849576, 4.987873077752539 ], [ -73.856328964394919, 4.987884522148875 ], [ -73.856351852133145, 4.987897873439325 ], [ -73.856382830418667, 4.987915604878007 ], [ -73.856418610306619, 4.987944713102904 ], [ -73.856402377608262, 4.987973418561427 ], [ -73.856374690168209, 4.988010734828836 ], [ -73.856315979992289, 4.988070530944777 ], [ -73.856286381684953, 4.988115023037951 ], [ -73.856281120742196, 4.988152346271496 ], [ -73.856272172508227, 4.988187293453985 ], [ -73.856244086667559, 4.988232612486258 ], [ -73.856213251919414, 4.98827552800081 ], [ -73.856198628760495, 4.98830477431412 ], [ -73.8561906814287, 4.988330841071403 ], [ -73.856187184976122, 4.98835945120101 ], [ -73.856185913393801, 4.988397598146813 ], [ -73.856186866761831, 4.988430023069219 ], [ -73.856194495804786, 4.988460541664619 ], [ -73.856209755106036, 4.988504409717953 ], [ -73.856214522861507, 4.988534927517157 ], [ -73.856206893738104, 4.988563537603255 ], [ -73.856189250475055, 4.988607406910883 ], [ -73.856188774279786, 4.988649368887054 ], [ -73.85619497252334, 4.988688468937035 ], [ -73.856190363792379, 4.988725661916623 ], [ -73.856175899339092, 4.988766671139448 ], [ -73.856152057530096, 4.988806725219035 ], [ -73.856120109081701, 4.988843917632204 ], [ -73.856101512653737, 4.988879204066313 ], [ -73.856092930348041, 4.988924980910286 ], [ -73.856083870216949, 4.98895645061328 ], [ -73.856070836439812, 4.988982518569844 ], [ -73.856045722725355, 4.989019394400002 ], [ -73.856022357039194, 4.98905086555147 ], [ -73.856004714559859, 4.989091873484984 ], [ -73.855990409313748, 4.989118576545004 ], [ -73.855969429247125, 4.989154816254628 ], [ -73.855952580558522, 4.98919423410555 ], [ -73.855943679681118, 4.989233017201867 ], [ -73.855936296116823, 4.989267307179868 ], [ -73.855928420614887, 4.989311218958117 ], [ -73.855921745003528, 4.989341736287573 ], [ -73.855913162294215, 4.989376068549773 ], [ -73.855902671388606, 4.989408493002438 ], [ -73.855895995776976, 4.989439011236822 ], [ -73.855889288947111, 4.989466327888358 ], [ -73.855878829410685, 4.989515305182531 ], [ -73.855866432306385, 4.98955154456672 ], [ -73.855850449450358, 4.98957603274645 ], [ -73.855821609357236, 4.98960685767276 ], [ -73.855794906097785, 4.989625930271725 ], [ -73.855763435401315, 4.989659308701622 ], [ -73.855736732817917, 4.989698409996716 ], [ -73.855728149473165, 4.989723205257793 ], [ -73.8557224282833, 4.989755630734805 ], [ -73.855715433980777, 4.989787419898591 ], [ -73.855711936765601, 4.989814758611043 ], [ -73.855712413596592, 4.989844322785291 ], [ -73.85572242689679, 4.989883423300232 ], [ -73.855729102902387, 4.989926338800942 ], [ -73.855741500124978, 4.989973068344036 ], [ -73.855749130315104, 4.99000167845599 ], [ -73.855763753307826, 4.990025201923669 ], [ -73.855783462200421, 4.99005317732778 ], [ -73.855800628201592, 4.990089417102055 ], [ -73.855804443252765, 4.990133285594548 ], [ -73.855797449541001, 4.990167617596466 ], [ -73.855776309976989, 4.990220069240019 ], [ -73.855753898676724, 4.990253448537733 ], [ -73.855730629195946, 4.990271458807173 ], [ -73.855688409904317, 4.990298584640459 ], [ -73.855645666707147, 4.99032807300773 ], [ -73.855597018913471, 4.990371703989811 ], [ -73.855571746203609, 4.990402221114873 ], [ -73.855557441822555, 4.990428925076033 ], [ -73.855540276097358, 4.990463256755681 ], [ -73.855527241960587, 4.990491866643115 ], [ -73.855515480124097, 4.990538597800874 ], [ -73.855508803683705, 4.990571975598594 ], [ -73.855497360070288, 4.99062474580959 ], [ -73.855484485143947, 4.990668296702025 ], [ -73.855477332937937, 4.990703583605878 ], [ -73.855474471701598, 4.990732193814515 ], [ -73.855474471981651, 4.990763061702303 ], [ -73.855478287086015, 4.990795136314532 ], [ -73.855487823008247, 4.990823745756279 ], [ -73.855487823598239, 4.990859031486068 ], [ -73.855456829172283, 4.990889549730033 ], [ -73.855415865139449, 4.9908993844262 ], [ -73.85539054869777, 4.99091148367191 ], [ -73.855362891849083, 4.990928650829398 ], [ -73.855335235188335, 4.990951538015223 ], [ -73.855309486060492, 4.990974426335242 ], [ -73.855283736457721, 4.991001129818078 ], [ -73.855261801681706, 4.99102973953266 ], [ -73.855248450615065, 4.991052627991361 ], [ -73.855234145779988, 4.99107551588231 ], [ -73.855210781134446, 4.991105080344077 ], [ -73.855174064221941, 4.991130828933681 ], [ -73.855134009810854, 4.991154670667003 ], [ -73.855096816698818, 4.991178513196788 ], [ -73.855066300094464, 4.99119758622103 ], [ -73.855034351912053, 4.991220474461596 ], [ -73.854998111228241, 4.991258621703667 ], [ -73.854967117423925, 4.99129104660706 ], [ -73.854935168758459, 4.991317750007944 ], [ -73.854915618874884, 4.991338729902993 ], [ -73.854886054598978, 4.991369248075647 ], [ -73.854866981096151, 4.991397857676018 ], [ -73.85485458396461, 4.991426467632976 ], [ -73.854839324866177, 4.991453171019578 ], [ -73.854831695242467, 4.991477966845424 ], [ -73.854817389908192, 4.991504668990094 ], [ -73.854803084812914, 4.991529465362495 ], [ -73.854781149949901, 4.991565704488959 ], [ -73.854764937740882, 4.991594313982529 ], [ -73.854746817997054, 4.991622925054324 ], [ -73.854734421333021, 4.991647719846454 ], [ -73.854715347104431, 4.99168205309563 ], [ -73.854696273298245, 4.991720199697569 ], [ -73.854684829497316, 4.991744995058728 ], [ -73.854676246999588, 4.991769790314698 ], [ -73.854665755824641, 4.991796492922274 ], [ -73.854653358391644, 4.991834640786827 ], [ -73.854642868117466, 4.991861343393145 ], [ -73.854632357000114, 4.991889371741545 ], [ -73.854617118199755, 4.991926193969993 ], [ -73.854595184218368, 4.991962433092671 ], [ -73.85456561937329, 4.992004394938997 ], [ -73.854550362004645, 4.992038726837614 ], [ -73.854541778120918, 4.992067337258449 ], [ -73.854536056206243, 4.992097855155452 ], [ -73.854530334767631, 4.992124557888317 ], [ -73.854520798098861, 4.992174148424126 ], [ -73.854512691404594, 4.992207528083188 ], [ -73.854498862997573, 4.992240906140615 ], [ -73.854476928523809, 4.992280959521155 ], [ -73.854459761857925, 4.9923076635773 ], [ -73.854434012927555, 4.992339134184219 ], [ -73.854406832984978, 4.992373467120818 ], [ -73.85438898769182, 4.992402909457193 ], [ -73.854375838850899, 4.992425917998919 ], [ -73.854363441500311, 4.992448807017298 ], [ -73.854342460410479, 4.992477416378631 ], [ -73.854323386621331, 4.992507935363805 ], [ -73.854309081913101, 4.992536545084896 ], [ -73.854294776779923, 4.992561340547645 ], [ -73.854276657124473, 4.99260330197176 ], [ -73.854264258625648, 4.992628097667727 ], [ -73.854248523842401, 4.992670059607669 ], [ -73.854235649223625, 4.99271392812209 ], [ -73.854231833970132, 4.99275493704809 ], [ -73.854229927341123, 4.992801666235892 ], [ -73.854227065523958, 4.992841720130207 ], [ -73.854225158527584, 4.992877007446949 ], [ -73.854222297573358, 4.992906570544775 ], [ -73.854208468650356, 4.992961883982723 ], [ -73.854186534418787, 4.993010520572995 ], [ -73.854159831297679, 4.993048668048834 ], [ -73.854129790669433, 4.993084908665555 ], [ -73.854103087557561, 4.993104935016798 ], [ -73.854065418142895, 4.993137360440456 ], [ -73.85403346959481, 4.993162155330381 ], [ -73.85400581285478, 4.993177413964576 ], [ -73.853974342597155, 4.993194579711957 ], [ -73.853947161809771, 4.993213653793778 ], [ -73.853919028758497, 4.993242264308852 ], [ -73.853899001638183, 4.993268966649601 ], [ -73.853884687994864, 4.993291390310704 ], [ -73.853876113938284, 4.99331855826614 ], [ -73.853872299108801, 4.993345261232988 ], [ -73.853868484039708, 4.99337387178217 ], [ -73.853859901864126, 4.993410110716942 ], [ -73.853837012523087, 4.993436813160907 ], [ -73.85380268099513, 4.993446350487088 ], [ -73.853763580040152, 4.993456840567485 ], [ -73.853716849980472, 4.993466059195521 ], [ -73.853673935071711, 4.993471145494736 ], [ -73.853613853111867, 4.993476868563194 ], [ -73.853570938119589, 4.993482590113467 ], [ -73.853530884258362, 4.993482589718303 ], [ -73.853483200411091, 4.993488312035274 ], [ -73.85344488372823, 4.993494033932374 ], [ -73.853385924990462, 4.99349403367826 ], [ -73.853354454101321, 4.99350166420535 ], [ -73.853320597454356, 4.993519783200976 ], [ -73.853289604699881, 4.993553161844853 ], [ -73.853278637219802, 4.993596077702119 ], [ -73.853273392122631, 4.993640900036333 ], [ -73.853272437133043, 4.99367904658932 ], [ -73.853278646171276, 4.993725853011203 ], [ -73.853277205412098, 4.993776321656918 ], [ -73.853258216882608, 4.993819110394465 ], [ -73.853232383541368, 4.993862152360754 ], [ -73.853214263257144, 4.993886947341381 ], [ -73.853192329869785, 4.993917465501378 ], [ -73.853168487373665, 4.993946075845783 ], [ -73.853153228884423, 4.993967057369835 ], [ -73.853132248117063, 4.993999480967653 ], [ -73.853110313362478, 4.99404430509057 ], [ -73.853092192876204, 4.994091988343081 ], [ -73.853065489722312, 4.99416160637583 ], [ -73.853049277806576, 4.994194031012687 ], [ -73.853027343546472, 4.994245528957528 ], [ -73.853013991799514, 4.994279861078186 ], [ -73.853002070832616, 4.994313241167437 ], [ -73.852983475438023, 4.994352340915709 ], [ -73.852964878061613, 4.994385719728998 ], [ -73.85293562722471, 4.994425037840172 ], [ -73.8529052729656, 4.994447708570039 ], [ -73.852865313718084, 4.994455337446089 ], [ -73.852830886776573, 4.99445533694422 ], [ -73.852791309527234, 4.994453430121872 ], [ -73.852756500424917, 4.994464238540338 ], [ -73.852719838632083, 4.99449934479897 ], [ -73.852684497671433, 4.994536400358762 ], [ -73.852661132935779, 4.994550705011709 ], [ -73.852635701500461, 4.994557062580588 ], [ -73.852604865700599, 4.994558334251055 ], [ -73.852541923027999, 4.994558334589119 ], [ -73.852505683867548, 4.99456787071901 ], [ -73.852478027358742, 4.994584084000123 ], [ -73.852449417419507, 4.994611740395089 ], [ -73.852425575180632, 4.994630813712968 ], [ -73.852391242586847, 4.994647980406097 ], [ -73.852355957354135, 4.9946562456794 ], [ -73.852316855788104, 4.994656563423852 ], [ -73.852263449840223, 4.994653701739084 ], [ -73.852221721152787, 4.994653701641585 ], [ -73.852169036258928, 4.99465370129161 ], [ -73.852128505391022, 4.994657517512922 ], [ -73.852088929193457, 4.99466133068224 ], [ -73.852058410191916, 4.994668959922788 ], [ -73.852030753902085, 4.994672776613591 ], [ -73.851995468166848, 4.994681358593033 ], [ -73.851921081037133, 4.994709968473494 ], [ -73.851886748995426, 4.994726181350935 ], [ -73.851862906321259, 4.994741440391412 ], [ -73.85182285295744, 4.994771957611676 ], [ -73.851791381086329, 4.994800567871013 ], [ -73.851772308754562, 4.994825364060603 ], [ -73.851757049051443, 4.99484825224226 ], [ -73.851742744109444, 4.994884490455302 ], [ -73.85173511402229, 4.994918823279701 ], [ -73.851725577467292, 4.994979859311055 ], [ -73.851721763044594, 4.99501323701055 ], [ -73.851720809864958, 4.995054244947408 ], [ -73.85171890241719, 4.995088577582576 ], [ -73.851716994326537, 4.995148977502795 ], [ -73.851718902224434, 4.995195388655343 ], [ -73.851722717006837, 4.995225905935505 ], [ -73.851728439338871, 4.99525642435891 ], [ -73.851734161179905, 4.995290756138824 ], [ -73.851740519173134, 4.995325088902546 ], [ -73.851753234490772, 4.99537086524479 ], [ -73.851760863960493, 4.995397567835321 ], [ -73.851783274869234, 4.995471954381753 ], [ -73.851800919284273, 4.995534897093035 ], [ -73.851837158628783, 4.995672225870272 ], [ -73.851844788032892, 4.995706558790015 ], [ -73.851851462346517, 4.995737075974104 ], [ -73.851853370251234, 4.995769500595632 ], [ -73.851847409571022, 4.995816469442397 ], [ -73.851830005845898, 4.995858192816399 ], [ -73.851804733006546, 4.995876312378044 ], [ -73.851768493684432, 4.995893478812742 ], [ -73.851738928893312, 4.995907783349701 ], [ -73.851709365662131, 4.995923996371366 ], [ -73.851682662765683, 4.995937347018741 ], [ -73.851648329839136, 4.995956421270543 ], [ -73.85162162735277, 4.995973587081273 ], [ -73.851596832003324, 4.995986938869062 ], [ -73.851557732333106, 4.996017455753779 ], [ -73.85152101484141, 4.996047973164214 ], [ -73.851492404641689, 4.996080399396641 ], [ -73.851462364557321, 4.996124267552978 ], [ -73.85144805925178, 4.996149062982631 ], [ -73.851434706572562, 4.996175765663621 ], [ -73.851417540596714, 4.996202468769393 ], [ -73.851402283317981, 4.996227264529268 ], [ -73.851385116437356, 4.996253967635778 ], [ -73.851369856939939, 4.996274948231982 ], [ -73.851348877171134, 4.996305466023345 ], [ -73.851329167322618, 4.996333440230247 ], [ -73.851301669523451, 4.996363639802048 ], [ -73.85126686094884, 4.996400833981461 ], [ -73.851247787899595, 4.996423720773769 ], [ -73.851228714441447, 4.996442795114767 ], [ -73.85120836925239, 4.996464411231857 ], [ -73.851182937313908, 4.99648094193315 ], [ -73.851160050142582, 4.99649620062579 ], [ -73.851088523849597, 4.996547699547034 ], [ -73.851041793668827, 4.996580123940117 ], [ -73.85097789699185, 4.996622085895662 ], [ -73.850950241338708, 4.996641158696291 ], [ -73.850921630760723, 4.996662140318133 ], [ -73.850887298016545, 4.99667930605134 ], [ -73.850860594824411, 4.996694565161555 ], [ -73.850830076934969, 4.9967136389564 ], [ -73.850803374641046, 4.996728897158639 ], [ -73.850782394101344, 4.996744156082489 ], [ -73.850748061509051, 4.99676704365465 ], [ -73.850720405844584, 4.996786118257523 ], [ -73.850685755458485, 4.996810277659936 ], [ -73.850658416180593, 4.996831893786741 ], [ -73.85059166024692, 4.996885300396921 ], [ -73.850561618280167, 4.996908187826703 ], [ -73.850536346097414, 4.996931076309387 ], [ -73.850509643946737, 4.996952057252412 ], [ -73.850476264772695, 4.996984481494648 ], [ -73.85044288674645, 4.997014999055674 ], [ -73.850410461839829, 4.997043609605974 ], [ -73.850381852036733, 4.997072219733094 ], [ -73.850347995353758, 4.997098922744244 ], [ -73.850310325771147, 4.997129440435121 ], [ -73.8502883900303, 4.997148513942765 ], [ -73.850264548695762, 4.997173309051401 ], [ -73.850234031485542, 4.997207642587743 ], [ -73.850209235218614, 4.997234344706767 ], [ -73.85018444035083, 4.997257233466007 ], [ -73.850142478458253, 4.997293472225707 ], [ -73.85010290120735, 4.997331619095757 ], [ -73.850067138251973, 4.997362137019918 ], [ -73.850034713061632, 4.9973926542361 ], [ -73.849989891128374, 4.997432709148437 ], [ -73.849964142217217, 4.997457504007223 ], [ -73.849936008160967, 4.99748420682545 ], [ -73.849902152399991, 4.997524261094938 ], [ -73.849882125495995, 4.997547150001412 ], [ -73.849862098839637, 4.9975681313234 ], [ -73.849840163568956, 4.997583389652357 ], [ -73.849812983933901, 4.997612000623739 ], [ -73.849786758475432, 4.997644424620543 ], [ -73.84976673056461, 4.997674942051286 ], [ -73.849752426316925, 4.997697829874124 ], [ -73.84973382894637, 4.997729301957326 ], [ -73.849707921432113, 4.997762680237135 ], [ -73.849666913163958, 4.997806549885226 ], [ -73.84963989222689, 4.997842789171943 ], [ -73.849620341470768, 4.997878074941582 ], [ -73.84960079121312, 4.997909546447517 ], [ -73.849572657949011, 4.99793338787873 ], [ -73.84953069625297, 4.997957230030801 ], [ -73.849492072999894, 4.997972488252886 ], [ -73.849439621213818, 4.997995375718907 ], [ -73.849405287954568, 4.998008728034747 ], [ -73.849382401186062, 4.998020172417068 ], [ -73.849357604803501, 4.998033523236504 ], [ -73.84931755097476, 4.998058319412762 ], [ -73.849292754840732, 4.99806976355079 ], [ -73.849255561389967, 4.998081207455808 ], [ -73.849215030889539, 4.998097419211225 ], [ -73.849185944428996, 4.998109818169477 ], [ -73.849153040795684, 4.998124123319467 ], [ -73.849126816065208, 4.998140334642601 ], [ -73.849100112515842, 4.998157501281915 ], [ -73.849062919353742, 4.998180390681595 ], [ -73.849021434130222, 4.998207092660937 ], [ -73.848990440573104, 4.998226165196179 ], [ -73.848952769588962, 4.998242378665026 ], [ -73.848928452007499, 4.998254775963934 ], [ -73.848901749098374, 4.998273850180105 ], [ -73.848874091829899, 4.998293876708269 ], [ -73.848807334365318, 4.998346329393804 ], [ -73.848785400594366, 4.998363495277898 ], [ -73.848741531139211, 4.998405457383889 ], [ -73.848709106589041, 4.998430251799015 ], [ -73.848688124788907, 4.99844741916325 ], [ -73.848669051843487, 4.99846839922483 ], [ -73.848647116406084, 4.998491287860547 ], [ -73.848606586080976, 4.998539924898172 ], [ -73.848560333074033, 4.998588562101204 ], [ -73.848524093173978, 4.998628615787831 ], [ -73.848503112407741, 4.998651504089782 ], [ -73.848480224478124, 4.998678207313316 ], [ -73.848449706994458, 4.99872016932053 ], [ -73.848418235330726, 4.998758316487996 ], [ -73.848397254701268, 4.99878692754079 ], [ -73.848381042172761, 4.998807906610324 ], [ -73.848364830042513, 4.99883270265777 ], [ -73.848304748317815, 4.998920441505514 ], [ -73.848285675236767, 4.998949050993013 ], [ -73.848271687298222, 4.998974482134339 ], [ -73.848258971725627, 4.999006271450662 ], [ -73.848240374677076, 4.999054909053442 ], [ -73.848232745829094, 4.999098777982676 ], [ -73.848231792279392, 4.999168396094747 ], [ -73.848222732198536, 4.999219894498903 ], [ -73.848201274308494, 4.99926471701467 ], [ -73.848167101644222, 4.999301275000787 ], [ -73.848123550502962, 4.999330520646215 ], [ -73.848094463596993, 4.999352455681511 ], [ -73.848059653963233, 4.999384880784677 ], [ -73.848027228790386, 4.999423980252796 ], [ -73.848005294739465, 4.999456405891518 ], [ -73.847989082327047, 4.999483108614259 ], [ -73.847975730607047, 4.999507903671478 ], [ -73.847965240228717, 4.999532698646993 ], [ -73.847951889692752, 4.999568939209876 ], [ -73.847935675753263, 4.999607086536506 ], [ -73.847920735278024, 4.999643326441063 ], [ -73.847900390274759, 4.999689102209878 ], [ -73.847888946365742, 4.999711990833809 ], [ -73.847877501692651, 4.999740600402578 ], [ -73.847867965765275, 4.999780654819808 ], [ -73.847854614966039, 4.9998188020622 ], [ -73.847844123704931, 4.999856949225585 ], [ -73.847830453923493, 4.999884922794283 ], [ -73.847810744815419, 4.999912262581465 ], [ -73.847780227238857, 4.999954223668 ], [ -73.847749710308193, 4.999998093242459 ], [ -73.847733496831921, 5.000019073209876 ], [ -73.847698211240726, 5.00006103503116 ], [ -73.84766769441552, 5.000097275169511 ], [ -73.847647667613515, 5.000118256447448 ], [ -73.847631454132411, 5.000139237318244 ], [ -73.847603797486784, 5.000177383150507 ], [ -73.847587584651038, 5.00020027160453 ], [ -73.847568511254522, 5.000230789571614 ], [ -73.847555160663575, 5.000253677038763 ], [ -73.847531318768603, 5.000301361289663 ], [ -73.847519874212082, 5.000335693610081 ], [ -73.847512721962076, 5.000388146054869 ], [ -73.847509384212799, 5.000452040885467 ], [ -73.847508430290404, 5.000483513647319 ], [ -73.847502708515535, 5.000534057562629 ], [ -73.847498574985437, 5.000560124786342 ], [ -73.847490310864544, 5.000597000362029 ], [ -73.847477912680588, 5.000650406143402 ], [ -73.847465515163634, 5.000719069887074 ], [ -73.847456932087283, 5.000759124881487 ], [ -73.847452163865199, 5.000787735769039 ], [ -73.847447394830539, 5.000832558413164 ], [ -73.847446440671533, 5.000879287328726 ], [ -73.847450732496242, 5.000914573906377 ], [ -73.847461700431111, 5.000959396108867 ], [ -73.847469328821518, 5.000993729103649 ], [ -73.847478866537429, 5.001038552249894 ], [ -73.847474097364767, 5.00107765123499 ], [ -73.84745788554909, 5.001106262442544 ], [ -73.847421646016571, 5.001132011928665 ], [ -73.847370624121581, 5.00115489924234 ], [ -73.847335814924605, 5.001173020155805 ], [ -73.847301960084664, 5.001190185136454 ], [ -73.847257614156447, 5.001216888934729 ], [ -73.847225665859767, 5.001241684501226 ], [ -73.847195624224554, 5.001266479411455 ], [ -73.84716987596903, 5.001291276009682 ], [ -73.847128390237017, 5.00133323768739 ], [ -73.847105026118697, 5.001363754861355 ], [ -73.847082138439404, 5.001394272323882 ], [ -73.847067832225036, 5.001417160117523 ], [ -73.847037314798271, 5.001457214507121 ], [ -73.847016334290615, 5.001483917952946 ], [ -73.846984863193569, 5.001516342329182 ], [ -73.846964835818738, 5.001541137861974 ], [ -73.846945762226127, 5.00156593306654 ], [ -73.846907933787477, 5.001620610559235 ], [ -73.846875190347603, 5.00165653230744 ], [ -73.846847534171815, 5.001680373950963 ], [ -73.846823374230439, 5.001696904698952 ], [ -73.846796036427804, 5.001718520715224 ], [ -73.846770604169308, 5.001735051296101 ], [ -73.846730232178118, 5.001768111565725 ], [ -73.846709251003475, 5.001792908325963 ], [ -73.846687316772076, 5.001818975024269 ], [ -73.846669196860532, 5.001844406059604 ], [ -73.846647738925697, 5.001881600022855 ], [ -73.846622466618115, 5.001913070729559 ], [ -73.846593857093083, 5.001943588335357 ], [ -73.846568107240486, 5.001966477334669 ], [ -73.846547126307897, 5.001989364696388 ], [ -73.846528052299163, 5.002010345628523 ], [ -73.846504211432546, 5.002042770085332 ], [ -73.846483231017203, 5.002075195370758 ], [ -73.846460342193538, 5.002110481784285 ], [ -73.846439362353721, 5.002141953275649 ], [ -73.846406936126897, 5.002183914078545 ], [ -73.846386591945787, 5.002215703281938 ], [ -73.846369266022762, 5.002251625910239 ], [ -73.846367835487328, 5.002290726015075 ], [ -73.846382140985966, 5.002313613940685 ], [ -73.846410750947143, 5.002340316654971 ], [ -73.846436500846167, 5.002370834613214 ], [ -73.846454620332551, 5.002395630623725 ], [ -73.846469878851295, 5.002424240070552 ], [ -73.846490858802326, 5.002462387289429 ], [ -73.846513748065391, 5.002497673377308 ], [ -73.846534728599906, 5.002534865895654 ], [ -73.84655427916708, 5.002570151770659 ], [ -73.846601486971466, 5.002637864333247 ], [ -73.846632957299008, 5.002685546772669 ], [ -73.846652031045068, 5.002717018089119 ], [ -73.846668243179892, 5.002750397068315 ], [ -73.846679687544807, 5.002781868289299 ], [ -73.846691131448182, 5.002823511788875 ], [ -73.846697329761597, 5.002860069141583 ], [ -73.846698761376487, 5.002893447313786 ], [ -73.84670066807486, 5.00292015103923 ], [ -73.846700668102187, 5.002946853609266 ], [ -73.846702574679185, 5.00298118586484 ], [ -73.846705437103836, 5.003013611109766 ], [ -73.846711159043664, 5.00306987747075 ], [ -73.846711476257113, 5.003103256178014 ], [ -73.846703528503326, 5.003135681821462 ], [ -73.846692084387826, 5.003166198969558 ], [ -73.846674918576852, 5.003189087743524 ], [ -73.84665680013417, 5.003210067448737 ], [ -73.846635818782815, 5.003229140554079 ], [ -73.846607843993198, 5.003256480151566 ], [ -73.846555710441322, 5.003297805841812 ], [ -73.846529960540977, 5.003320693942959 ], [ -73.84649562785107, 5.003347397445824 ], [ -73.846469879104916, 5.003368377958693 ], [ -73.846427918442672, 5.003404618382371 ], [ -73.846405982644342, 5.003421783320767 ], [ -73.846374511560697, 5.003446579155836 ], [ -73.846350669734747, 5.003465652330924 ], [ -73.846323966803965, 5.003482818902153 ], [ -73.846301078116966, 5.003499985069078 ], [ -73.846273422041364, 5.003519058645493 ], [ -73.846244811663084, 5.003541946814392 ], [ -73.846215247496005, 5.003564835309645 ], [ -73.846193313747676, 5.003580092654828 ], [ -73.846159934302662, 5.003610610988311 ], [ -73.846119880410001, 5.003652573499736 ], [ -73.846090316492919, 5.00368690478717 ], [ -73.846061706170843, 5.003726006519887 ], [ -73.846040726140174, 5.003751755253299 ], [ -73.845984459394202, 5.003822327142259 ], [ -73.845952987372812, 5.00386047334618 ], [ -73.845933915102805, 5.003881454269902 ], [ -73.845915794170367, 5.003900528189116 ], [ -73.845885276960757, 5.003931045531264 ], [ -73.845846175658238, 5.003961563099294 ], [ -73.845818519550249, 5.003980637566659 ], [ -73.845773696156499, 5.004013061057018 ], [ -73.845739364944805, 5.004041672114391 ], [ -73.845709323475432, 5.004077276334067 ], [ -73.845684051673558, 5.004114152150557 ], [ -73.84567070005123, 5.004137038697335 ], [ -73.845649720316132, 5.004163742119933 ], [ -73.845634460473036, 5.004184722639855 ], [ -73.845605850942192, 5.004220962981067 ], [ -73.845572789319021, 5.004262924586633 ], [ -73.845552445348957, 5.004285812015585 ], [ -73.84553050936789, 5.004310608180046 ], [ -73.845505713949791, 5.004341125362534 ], [ -73.845472336232774, 5.004384994958547 ], [ -73.845448494080685, 5.004419326985021 ], [ -73.845425605330249, 5.004449844419051 ], [ -73.845344542638585, 5.004560471382018 ], [ -73.845289230310328, 5.004638672343987 ], [ -73.845260619838911, 5.004674911772437 ], [ -73.845241546745228, 5.004701613631161 ], [ -73.845193862914769, 5.004766464312064 ], [ -73.845174789818344, 5.004793167979524 ], [ -73.845135687962767, 5.004843712453617 ], [ -73.845106125292574, 5.004884720261182 ], [ -73.845088005199642, 5.004917145454246 ], [ -73.845064639640071, 5.004960060993236 ], [ -73.845043182051413, 5.004993438856046 ], [ -73.845011233924993, 5.005038261291339 ], [ -73.844993590724854, 5.005064010222717 ], [ -73.844968796406064, 5.005105972905955 ], [ -73.844955444744457, 5.005128861254932 ], [ -73.844942093079652, 5.005151747793931 ], [ -73.844914912851848, 5.005204201656635 ], [ -73.844893932396332, 5.005242347865578 ], [ -73.844862460877167, 5.005295753817887 ], [ -73.844839096194619, 5.005338669351937 ], [ -73.844817161681817, 5.005378723471566 ], [ -73.844789109385815, 5.005429478099585 ], [ -73.844738006696957, 5.005500158187437 ], [ -73.844709395935325, 5.005544662299561 ], [ -73.844676970738519, 5.005590439134485 ], [ -73.844662666551969, 5.005617142071157 ], [ -73.844647407532477, 5.005651474772923 ], [ -73.844631195621488, 5.00568580598905 ], [ -73.844614028115217, 5.005720138437757 ], [ -73.844598769611991, 5.005750655966739 ], [ -73.844583511107544, 5.005781173495595 ], [ -73.844562530237724, 5.005815505433316 ], [ -73.844529628875321, 5.005875587058054 ], [ -73.844511031586279, 5.005903243894395 ], [ -73.844486237350623, 5.005937576225103 ], [ -73.844467162650758, 5.005962371392762 ], [ -73.844436645404912, 5.005998612355576 ], [ -73.844398498584724, 5.006042480832628 ], [ -73.844379424781124, 5.006067275997562 ], [ -73.844356536334274, 5.006088257290391 ], [ -73.844333171179116, 5.00611114497354 ], [ -73.844296455247147, 5.00614356970521 ], [ -73.844270706382872, 5.006167412444058 ], [ -73.844242571717288, 5.006207466405311 ], [ -73.844223023036236, 5.006250381531991 ], [ -73.844205855556595, 5.006287575354448 ], [ -73.844194411988511, 5.006322861449003 ], [ -73.844183921485595, 5.006366730451615 ], [ -73.844177245532791, 5.00639534018166 ], [ -73.844166755171813, 5.006431579744951 ], [ -73.844152450780669, 5.006479263408073 ], [ -73.844143867503135, 5.0065059652968 ], [ -73.844120026302505, 5.006578445397025 ], [ -73.844100952540529, 5.006635665900751 ], [ -73.844091414945552, 5.00666618328709 ], [ -73.844077109992412, 5.006701470356203 ], [ -73.844060897072254, 5.006732941093616 ], [ -73.844038009468903, 5.006767273671972 ], [ -73.844021797650328, 5.006793975442337 ], [ -73.843966484336335, 5.006883621863029 ], [ -73.843931926405631, 5.006943200660504 ], [ -73.843915939504058, 5.006979942304612 ], [ -73.843901634769381, 5.007026673078849 ], [ -73.843838692034481, 5.00720787084201 ], [ -73.843828200629062, 5.007238387647223 ], [ -73.843109131322066, 5.009363174672798 ], [ -73.843072892174504, 5.00946998557836 ], [ -73.843064308833334, 5.009496688369436 ], [ -73.843051910304737, 5.009523390647168 ], [ -73.843028068736984, 5.009571075736628 ], [ -73.843004226733143, 5.009612084273877 ], [ -73.842972754838257, 5.009662627905028 ], [ -73.842958450628657, 5.00969505358692 ], [ -73.842954952955296, 5.009735107454309 ], [ -73.842956542400415, 5.009764988815378 ], [ -73.842961310958529, 5.009794236250729 ], [ -73.842969893888608, 5.009822846226887 ], [ -73.842980067157171, 5.009855270231261 ], [ -73.843010424904023, 5.009894371020599 ], [ -73.843047618727041, 5.00992202833923 ], [ -73.843080520857484, 5.009946822567189 ], [ -73.843104361616838, 5.009963989076717 ], [ -73.843124389485027, 5.009990693001376 ], [ -73.843138694569248, 5.010017395251719 ], [ -73.843141555424026, 5.010050773420049 ], [ -73.843127249995803, 5.010082245313694 ], [ -73.843102136909835, 5.010110855278145 ], [ -73.843061446710635, 5.010143280581723 ], [ -73.843026160644229, 5.010169983399352 ], [ -73.84300041179695, 5.010189056248587 ], [ -73.842965125989338, 5.010213852381906 ], [ -73.842941284358474, 5.010229111218557 ], [ -73.842917442199408, 5.01024818432308 ], [ -73.842888831802981, 5.010274887582215 ], [ -73.84286594366317, 5.01030540497467 ], [ -73.842842101723974, 5.010335922690667 ], [ -73.842811583835214, 5.010368346640023 ], [ -73.842790603326321, 5.010385513897335 ], [ -73.842767079666785, 5.01039822856931 ], [ -73.842727183785129, 5.010418892400552 ], [ -73.842676162111161, 5.010437011428643 ], [ -73.842647553168703, 5.010446548209303 ], [ -73.842611312730455, 5.010460853831658 ], [ -73.84257507292773, 5.010477066133071 ], [ -73.842541376302634, 5.010494232570009 ], [ -73.842489242695635, 5.010517121079123 ], [ -73.842437743180724, 5.010541916354634 ], [ -73.842407225573822, 5.010559082311151 ], [ -73.842349052971983, 5.010594368852219 ], [ -73.842319489212201, 5.010614395862002 ], [ -73.842286109407226, 5.010637282830239 ], [ -73.842257499496711, 5.010660171799457 ], [ -73.842229843382142, 5.010683060444527 ], [ -73.842206954981904, 5.010702133205924 ], [ -73.842145920322551, 5.010751723984071 ], [ -73.842105387680277, 5.010786056625991 ], [ -73.842061995708718, 5.010818482645625 ], [ -73.842007636769736, 5.010854721666307 ], [ -73.841975212279337, 5.010879516789222 ], [ -73.84194755577235, 5.010898589347289 ], [ -73.841904639970181, 5.01091670965434 ], [ -73.841863632029046, 5.010932922631198 ], [ -73.841820716538706, 5.010951995821622 ], [ -73.841797828013583, 5.010965347621362 ], [ -73.841768264803378, 5.010984421722355 ], [ -73.84173965538875, 5.011003494594767 ], [ -73.841706275645322, 5.011032104300599 ], [ -73.841682433684966, 5.011049270688208 ], [ -73.84165668449468, 5.011070251988659 ], [ -73.84163093593763, 5.011093139969582 ], [ -73.841611861533096, 5.011114120823798 ], [ -73.841585159008503, 5.011144637664249 ], [ -73.841556548834447, 5.011172295578108 ], [ -73.841524124295617, 5.011213301554001 ], [ -73.841503142554018, 5.011232376368322 ], [ -73.841483116248568, 5.011259079396112 ], [ -73.841439246793939, 5.011304854583505 ], [ -73.841417312147826, 5.011323927907116 ], [ -73.841398238900311, 5.011343002073573 ], [ -73.841360091765324, 5.011379241914137 ], [ -73.841317176530737, 5.011415482457367 ], [ -73.841285705249646, 5.011444092407626 ], [ -73.841253280901284, 5.011480332121491 ], [ -73.841224669843101, 5.011510848692416 ], [ -73.841205596951198, 5.011533737123925 ], [ -73.841184615556557, 5.011556626200064 ], [ -73.841159343878459, 5.011589050585619 ], [ -73.841113089993385, 5.011650084998077 ], [ -73.841094969723699, 5.011674880694481 ], [ -73.841071604954337, 5.011702537277094 ], [ -73.841036478314734, 5.011739730633439 ], [ -73.841008663441457, 5.011771202682676 ], [ -73.840974330656763, 5.011813163984034 ], [ -73.840948104037167, 5.011850356750956 ], [ -73.840931892527792, 5.011873245117528 ], [ -73.840908050978285, 5.011899947611004 ], [ -73.84088373085666, 5.01192569692566 ], [ -73.840862274036681, 5.011957168034605 ], [ -73.840837955545851, 5.011990547695345 ], [ -73.84081458968015, 5.012025832813065 ], [ -73.840800285227758, 5.012052536615094 ], [ -73.840783436659692, 5.012094498052358 ], [ -73.840763092227334, 5.012130737602615 ], [ -73.840743064964443, 5.012157440617855 ], [ -73.840723037967194, 5.01218223514009 ], [ -73.84069395009108, 5.012211799420649 ], [ -73.840657710643384, 5.012240410051622 ], [ -73.840603827905795, 5.012273788803102 ], [ -73.840566634917195, 5.012300491258769 ], [ -73.840532302966679, 5.012323380289717 ], [ -73.840468406526782, 5.012367249156607 ], [ -73.840445518284909, 5.012384415190945 ], [ -73.840414523592273, 5.012408257341026 ], [ -73.840370178476618, 5.01243782040762 ], [ -73.840341090432204, 5.012458801438035 ], [ -73.840301514001993, 5.012487411817949 ], [ -73.84027576407702, 5.012506485493239 ], [ -73.840236663141624, 5.012532234782635 ], [ -73.84018993300819, 5.012558937713271 ], [ -73.840118885039061, 5.012607575662813 ], [ -73.840094566526105, 5.012624740810633 ], [ -73.840065002645801, 5.012647629125599 ], [ -73.84004306791384, 5.01266670241658 ], [ -73.839997998738951, 5.012698130544837 ], [ -73.839973450125626, 5.012712478039776 ], [ -73.839935779733366, 5.012739181985855 ], [ -73.839905737948399, 5.012765885179781 ], [ -73.839887619046038, 5.012786864772479 ], [ -73.839870452141824, 5.012807845856727 ], [ -73.839847950963815, 5.012832061670173 ], [ -73.839821399673895, 5.01285534699016 ], [ -73.839784622660645, 5.012889862023846 ], [ -73.839752107140725, 5.012917717648477 ], [ -73.839682102427474, 5.012975693076895 ], [ -73.839625358113395, 5.013025283602696 ], [ -73.839603423715431, 5.013048172058225 ], [ -73.839583396649019, 5.013072967461609 ], [ -73.839565277459087, 5.013095856446393 ], [ -73.839546202747101, 5.013124466706768 ], [ -73.839518547320736, 5.01316642752683 ], [ -73.839503287457063, 5.013191223141591 ], [ -73.839483261460131, 5.013227463164276 ], [ -73.839462298414375, 5.013263398524285 ], [ -73.839443206122411, 5.013298035625153 ], [ -73.839410782113703, 5.013349533266066 ], [ -73.839391707746643, 5.013381957794564 ], [ -73.839375495604429, 5.013408661313539 ], [ -73.839341162806193, 5.013462067181556 ], [ -73.839321135804383, 5.013492584439228 ], [ -73.839306830632196, 5.013517379730854 ], [ -73.839292526634424, 5.013540268337773 ], [ -73.839279174633916, 5.013563156627234 ], [ -73.839263915926693, 5.013586043744755 ], [ -73.839244365054938, 5.013615608405766 ], [ -73.83920574170368, 5.013664245378625 ], [ -73.839183807356093, 5.013692855684687 ], [ -73.839133262030515, 5.013750076721832 ], [ -73.83910512848847, 5.013784408698849 ], [ -73.839075087881582, 5.013814926137049 ], [ -73.839050292930693, 5.013837814633162 ], [ -73.839031218996155, 5.013860703024858 ], [ -73.839015006744361, 5.013881683774787 ], [ -73.838993072108039, 5.013912200760395 ], [ -73.838922500701287, 5.014005660896909 ], [ -73.838880062172819, 5.014060020994044 ], [ -73.838773727559442, 5.014204024712991 ], [ -73.838755606863302, 5.014230727957841 ], [ -73.83871841420526, 5.014272690138101 ], [ -73.838693619223932, 5.014295577720421 ], [ -73.838660444072204, 5.014324938145616 ], [ -73.838621139722264, 5.014360428271674 ], [ -73.838590144360666, 5.014390946015256 ], [ -73.838566779980326, 5.014417647840181 ], [ -73.838536739007054, 5.014447212373288 ], [ -73.83850574520801, 5.014482498177943 ], [ -73.838465690637733, 5.014533997437062 ], [ -73.838435172693423, 5.014570236423303 ], [ -73.838415146168657, 5.014596939392462 ], [ -73.838393212112365, 5.014629364858438 ], [ -73.838375091469459, 5.014661789957002 ], [ -73.838345936138836, 5.014773764242607 ], [ -73.838349607999191, 5.01489058574577 ], [ -73.838352864082651, 5.014994131582083 ], [ -73.838346981846882, 5.015143647721994 ], [ -73.838340861059038, 5.015299272432014 ], [ -73.838432709387078, 5.01581174202859 ], [ -73.838431199440876, 5.015985504624213 ], [ -73.83842990494486, 5.016134339795627 ], [ -73.838427066297342, 5.01653194437123 ], [ -73.838432311781332, 5.016572952596333 ], [ -73.838438987591545, 5.016597747200565 ], [ -73.838450114254542, 5.016632715627616 ], [ -73.838464736620722, 5.016668320256902 ], [ -73.838487148114268, 5.016720771887223 ], [ -73.838502884153527, 5.016752244089342 ], [ -73.838521957482527, 5.01678466851623 ], [ -73.838565349389313, 5.016832352295491 ], [ -73.838595389451896, 5.016857147673582 ], [ -73.838623047249968, 5.016881941583355 ], [ -73.838652133783327, 5.016904831498918 ], [ -73.838676453078961, 5.016927719388605 ], [ -73.83869552652331, 5.01694679250119 ], [ -73.838714599339411, 5.016963958930678 ], [ -73.838737487933344, 5.016977309808962 ], [ -73.83876419040395, 5.017000199159278 ], [ -73.838787078727194, 5.017015456718875 ], [ -73.838823318382921, 5.017038345584637 ], [ -73.838850975209752, 5.017057419433968 ], [ -73.83888053911167, 5.017080307818729 ], [ -73.838908195125697, 5.017105102620105 ], [ -73.838937282306986, 5.01712989829679 ], [ -73.838968276652835, 5.017164230367021 ], [ -73.838997840651786, 5.017192840603596 ], [ -73.839034080047242, 5.017236709302153 ], [ -73.839080810172547, 5.017282486589376 ], [ -73.839105605407937, 5.017309189022385 ], [ -73.83912467977909, 5.017328263022018 ], [ -73.839139938643655, 5.017349243175667 ], [ -73.839159012024382, 5.017381668480112 ], [ -73.839182376780869, 5.017432213069615 ], [ -73.839201449670881, 5.017471314024994 ], [ -73.839221955124898, 5.017503738391498 ], [ -73.839241027882736, 5.017534256105005 ], [ -73.839277266595261, 5.017589568501331 ], [ -73.839328765816319, 5.017654419132571 ], [ -73.839351653727533, 5.017679213700276 ], [ -73.839368820229765, 5.017700195919083 ], [ -73.839387893809587, 5.017724990861894 ], [ -73.839410781996207, 5.017747878743588 ], [ -73.839434623501759, 5.017777442860803 ], [ -73.839454650943878, 5.017805099766298 ], [ -73.839472770546536, 5.017837525377218 ], [ -73.839491843957973, 5.017869948856479 ], [ -73.839504242147896, 5.017898559404768 ], [ -73.83951377827816, 5.017925263328864 ], [ -73.839525859022274, 5.017965317095295 ], [ -73.839532851549478, 5.018003464384259 ], [ -73.839546839292552, 5.018054325964898 ], [ -73.839557647780197, 5.018087387179016 ], [ -73.839567819550709, 5.018117904554533 ], [ -73.839582442735747, 5.018148421637097 ], [ -73.839593886493418, 5.01817512491631 ], [ -73.839624404856394, 5.018232345888121 ], [ -73.839641570747418, 5.018251418698932 ], [ -73.839661597678017, 5.018282890769554 ], [ -73.839693069228687, 5.01833820382809 ], [ -73.839717865311371, 5.018375397051444 ], [ -73.839739799284402, 5.01840782226992 ], [ -73.839767456120256, 5.018440246463109 ], [ -73.839799176378648, 5.018470573236852 ], [ -73.839878055735554, 5.018412751898591 ], [ -73.840034513174132, 5.018277348160348 ], [ -73.84007549337413, 5.01824188291932 ], [ -73.840098467667943, 5.018218473659295 ], [ -73.840203824254701, 5.018111129555369 ], [ -73.840245242539567, 5.018074607692753 ], [ -73.840280053516139, 5.018044341043503 ], [ -73.840309143435192, 5.018022537396213 ], [ -73.840385436885668, 5.017961502321914 ], [ -73.840409279376019, 5.017942429254708 ], [ -73.840446472282736, 5.017911910679032 ], [ -73.840505599889966, 5.017869950025602 ], [ -73.840546608025377, 5.017839431965642 ], [ -73.840570448700305, 5.017820357991426 ], [ -73.840600013296097, 5.017793656255978 ], [ -73.840642929416362, 5.017750740039604 ], [ -73.840671538871817, 5.017717362071451 ], [ -73.840697288221037, 5.017690658908804 ], [ -73.840736389307253, 5.017642975011176 ], [ -73.840764998647941, 5.017603874279452 ], [ -73.840793609686713, 5.017559052593572 ], [ -73.840820312466121, 5.01751232215666 ], [ -73.840846061804214, 5.017469406310678 ], [ -73.840867995692079, 5.017431258913611 ], [ -73.840900421421978, 5.017374039333886 ], [ -73.840919494621374, 5.017343521441838 ], [ -73.840930938094473, 5.017320632860292 ], [ -73.841020584027518, 5.017141341827254 ], [ -73.841034888813724, 5.017112732229961 ], [ -73.841050148042612, 5.017086028990676 ], [ -73.841064452826615, 5.017057419393122 ], [ -73.841076850363436, 5.017032622900172 ], [ -73.841093063557508, 5.016998291704284 ], [ -73.8411102304499, 5.016958237424533 ], [ -73.841132183787934, 5.016902882804435 ], [ -73.841148376644782, 5.016872405719893 ], [ -73.841170309863983, 5.016832352542083 ], [ -73.841186523791762, 5.016805648977075 ], [ -73.841231822443348, 5.016734124011666 ], [ -73.841262340129319, 5.016689300765598 ], [ -73.841286658785407, 5.016658783353281 ], [ -73.841310501094213, 5.016633987504463 ], [ -73.841357230372168, 5.01661491389955 ], [ -73.841409206108878, 5.016631127510077 ], [ -73.8414440154923, 5.01665115396611 ], [ -73.841518402246408, 5.016698837411382 ], [ -73.841553688145709, 5.0167217264365 ], [ -73.84158134358681, 5.016744614429615 ], [ -73.841610908337998, 5.016761779916359 ], [ -73.84169769340501, 5.016824721631679 ], [ -73.841720580872348, 5.016839980889157 ], [ -73.841758250062057, 5.016868591399612 ], [ -73.841787338746087, 5.016889571758251 ], [ -73.841826438465446, 5.01691627554869 ], [ -73.841848373032605, 5.016931534218679 ], [ -73.842098236409569, 5.017114639109521 ], [ -73.842128754210407, 5.017137527003156 ], [ -73.842428207705353, 5.017353058309805 ], [ -73.842468261923202, 5.017381668407741 ], [ -73.842495917683166, 5.017402649670037 ], [ -73.842535495333834, 5.017425537618903 ], [ -73.842897415570121, 5.017669677891022 ], [ -73.842932700400041, 5.017694473506647 ], [ -73.842962264965195, 5.017713547409802 ], [ -73.842996597151796, 5.017736434854765 ], [ -73.843046665176047, 5.017770767411604 ], [ -73.843087196281331, 5.017803192923667 ], [ -73.843110083809549, 5.017818451215902 ], [ -73.843146641345484, 5.017840703234739 ], [ -73.843186696265647, 5.01787122176786 ], [ -73.843524933042971, 5.018110274821042 ], [ -73.843553542930692, 5.018129349019231 ], [ -73.843977451210804, 5.018423080821725 ], [ -73.844016075033693, 5.018453597520716 ], [ -73.844041824033354, 5.018468857504113 ], [ -73.844299316937082, 5.018640518640885 ], [ -73.844321251612058, 5.018655777207619 ], [ -73.844347953922949, 5.01867485020938 ], [ -73.84438419266516, 5.018699646304137 ], [ -73.844417571136944, 5.018722533984991 ], [ -73.844671250423886, 5.018903732367681 ], [ -73.844697952754984, 5.018922806256493 ], [ -73.844806670614147, 5.018999100233951 ], [ -73.844839096206897, 5.019021988215848 ], [ -73.844869613786301, 5.019041061684559 ], [ -73.844896316126906, 5.019060134658338 ], [ -73.844919204638757, 5.019075393775861 ], [ -73.845176696174647, 5.019247055391887 ], [ -73.845213890011877, 5.019272803985803 ], [ -73.845252990246038, 5.01929759993667 ], [ -73.845275878846962, 5.019315720415799 ], [ -73.845312118555043, 5.019340514635672 ], [ -73.845335006833508, 5.019357681320242 ], [ -73.845543384259528, 5.019500732842447 ], [ -73.845593451130512, 5.019538880327977 ], [ -73.845623016095303, 5.019556046497666 ], [ -73.845662116358312, 5.019580841513434 ], [ -73.845736503556111, 5.01962280342294 ], [ -73.845777511198108, 5.019649506259027 ], [ -73.845816612874941, 5.019670486997737 ], [ -73.845840454083245, 5.019687652425831 ], [ -73.845870335627453, 5.019706090498151 ], [ -73.845896720551792, 5.019723892411117 ], [ -73.845921516055313, 5.019747734954481 ], [ -73.845941544059684, 5.019773483113592 ], [ -73.845944404605675, 5.019807815926447 ], [ -73.845935820553578, 5.019850731408504 ], [ -73.845907212164818, 5.019960403901574 ], [ -73.845894495873807, 5.020008722622221 ], [ -73.845888137679339, 5.02003669669895 ], [ -73.845880508108976, 5.020071030434313 ], [ -73.845859527511081, 5.020170212189626 ], [ -73.845848082745704, 5.020217894909658 ], [ -73.845834732065896, 5.020273208626824 ], [ -73.845828056149458, 5.020301819278376 ], [ -73.845823287854913, 5.020330429268283 ], [ -73.845813751057491, 5.020368576118927 ], [ -73.84580802910466, 5.020402909192744 ], [ -73.845797061324433, 5.020470620026441 ], [ -73.845787048451257, 5.02052307166238 ], [ -73.845754623576724, 5.02070045567881 ], [ -73.845739364119723, 5.020792006924249 ], [ -73.845733245086578, 5.02082141318953 ], [ -73.845726013982357, 5.020856857658299 ], [ -73.845718383996555, 5.020887375320686 ], [ -73.845714568606809, 5.020915984981171 ], [ -73.845720290690636, 5.020942688274515 ], [ -73.845745563195635, 5.02096271503019 ], [ -73.845779418960362, 5.020977020579169 ], [ -73.845823288077455, 5.020990372028082 ], [ -73.845853805547705, 5.021000862204934 ], [ -73.845886230393887, 5.021013259302709 ], [ -73.845944404150899, 5.021032333057093 ], [ -73.846439362138725, 5.021215439370486 ], [ -73.846464156668688, 5.021223068321109 ], [ -73.846498489239181, 5.02123832700148 ], [ -73.84652900705477, 5.02124977093451 ], [ -73.846553802243108, 5.021259308369403 ], [ -73.84659576441554, 5.021274566197951 ], [ -73.846626281987056, 5.021287917710139 ], [ -73.846709325312787, 5.021323792563171 ], [ -73.846798489078452, 5.02136076166356 ], [ -73.846912861791623, 5.021411116282483 ], [ -73.847007546090097, 5.021452800995344 ], [ -73.847070436918827, 5.02148048883963 ], [ -73.847116516322771, 5.021502476650053 ], [ -73.847179501221916, 5.021531030374171 ], [ -73.847308158885284, 5.021589279043154 ], [ -73.84735679655769, 5.021614074212332 ], [ -73.847381591521824, 5.021625518290284 ], [ -73.847416877285099, 5.021638870808711 ], [ -73.84744453459129, 5.021650313882327 ], [ -73.847604274852031, 5.021717071863985 ], [ -73.847639083678871, 5.021734238345194 ], [ -73.847667693903205, 5.021745681980251 ], [ -73.847711562775586, 5.021768570299315 ], [ -73.847738266277901, 5.021780013692569 ], [ -73.847828864398835, 5.021820068374862 ], [ -73.847856521475677, 5.021833419917026 ], [ -73.847916126195571, 5.021862030435889 ], [ -73.847955702956625, 5.021881103715824 ], [ -73.847983360037929, 5.021894455251714 ], [ -73.848018168881453, 5.021911621709355 ], [ -73.848065376086623, 5.021938324449033 ], [ -73.848110382824984, 5.021965359437112 ], [ -73.84815788197777, 5.021991729681688 ], [ -73.848180770659908, 5.022006988653363 ], [ -73.848203658682479, 5.022020340041765 ], [ -73.848233223093104, 5.022043228811863 ], [ -73.848257064689221, 5.022058487446651 ], [ -73.848287581772396, 5.022083283463425 ], [ -73.848320960054508, 5.02210998515215 ], [ -73.848358154674955, 5.02214241005649 ], [ -73.848388671586903, 5.022161483318213 ], [ -73.848423005140233, 5.022176741879845 ], [ -73.848461150341748, 5.022192001818325 ], [ -73.848543167656558, 5.022226333026994 ], [ -73.848568915811441, 5.022235870039741 ], [ -73.848600386367607, 5.022249222015644 ], [ -73.848635673501718, 5.022266387812337 ], [ -73.848869323413794, 5.022375106634631 ], [ -73.848905563473167, 5.022392273889556 ], [ -73.84893608112813, 5.022405624371594 ], [ -73.848970412898325, 5.022420882902336 ], [ -73.849396705497071, 5.02260780426885 ], [ -73.849456786366048, 5.022632599743261 ], [ -73.849497196474772, 5.022650566915311 ], [ -73.84960174604231, 5.022699355586651 ], [ -73.84962908464658, 5.022710618888179 ], [ -73.849657812091081, 5.022724730894544 ], [ -73.849698415753451, 5.022739549565291 ], [ -73.849724499203106, 5.022751549295942 ], [ -73.849756485921901, 5.022766265162825 ], [ -73.849841059336981, 5.022801638044145 ], [ -73.849956870178431, 5.022850076256026 ], [ -73.849994280420233, 5.022867050977559 ], [ -73.850028032076935, 5.022882367210188 ], [ -73.850079460890797, 5.022905700671592 ], [ -73.85015964412689, 5.022944450975939 ], [ -73.850193658876009, 5.022958755149577 ], [ -73.850245475715425, 5.022980689980989 ], [ -73.850287437484013, 5.022996903139774 ], [ -73.850330352968626, 5.023010253679536 ], [ -73.850362777067559, 5.023022652333995 ], [ -73.850395202969921, 5.023035049174435 ], [ -73.850439070939387, 5.023044586015626 ], [ -73.85048103275264, 5.023053169737331 ], [ -73.850517273718651, 5.023059845186935 ], [ -73.850545882933588, 5.023065566837497 ], [ -73.850578307918255, 5.02307446794371 ], [ -73.85061550101652, 5.02308750195928 ], [ -73.850659051728627, 5.023104985344554 ], [ -73.850708008070285, 5.023130416874277 ], [ -73.850744247535943, 5.023145675525532 ], [ -73.850881575767332, 5.023214340430147 ], [ -73.850912094158133, 5.023229599291928 ], [ -73.851114273104443, 5.023332594761519 ], [ -73.851171493745852, 5.023363112911625 ], [ -73.851198195551774, 5.023374557953692 ], [ -73.851229667435959, 5.023388863573146 ], [ -73.851272582799112, 5.023414612418731 ], [ -73.851310730124055, 5.023435593098782 ], [ -73.851331711285866, 5.023450850807667 ], [ -73.851669310964922, 5.023668288941622 ], [ -73.851692198870623, 5.023683547766746 ], [ -73.851734160894296, 5.023713112077701 ], [ -73.851768493555241, 5.023733139390221 ], [ -73.851812362438224, 5.023757934966955 ], [ -73.852308273303521, 5.024034500083282 ], [ -73.852357864887395, 5.024061203864905 ], [ -73.852386474810075, 5.024076462423637 ], [ -73.852413176645626, 5.02409553592129 ], [ -73.852443694874736, 5.024112701374321 ], [ -73.852469444028941, 5.024129867628109 ], [ -73.85269737323307, 5.024290085248296 ], [ -73.85284423885679, 5.024391175117487 ], [ -73.852885245686906, 5.024421692566681 ], [ -73.85292196317674, 5.024443626983236 ], [ -73.852951050148263, 5.024457932002807 ], [ -73.852981566381104, 5.024469376495658 ], [ -73.85301733006493, 5.024483680925461 ], [ -73.853061198805847, 5.02451801430457 ], [ -73.853093147438344, 5.024560928378759 ], [ -73.853147507234269, 5.024648665715987 ], [ -73.853204726688091, 5.024744033247408 ], [ -73.853378296401374, 5.025022506590131 ], [ -73.853399277208155, 5.025056839115058 ], [ -73.853433608744908, 5.025114059613774 ], [ -73.853452683276785, 5.025144576754646 ], [ -73.853828430019021, 5.02578353970428 ], [ -73.853866576915266, 5.025848389111186 ], [ -73.853883743178898, 5.025876999340339 ], [ -73.853912352795817, 5.025926589730264 ], [ -73.854063033781614, 5.026193618311613 ], [ -73.854078292651863, 5.026220321640645 ], [ -73.854111670502178, 5.026277542425551 ], [ -73.854133606113649, 5.026311873661625 ], [ -73.854331015912678, 5.026620864702308 ], [ -73.854349136720529, 5.026651383050725 ], [ -73.854372024611152, 5.026691437575888 ], [ -73.854393005310044, 5.026727676724367 ], [ -73.854404450279247, 5.02675056535428 ], [ -73.85464668279694, 5.027214050379166 ], [ -73.854673385585244, 5.027265548983574 ], [ -73.854696274203548, 5.027307511068357 ], [ -73.854743480263323, 5.027392388055309 ], [ -73.854772568168329, 5.027439118196362 ], [ -73.85480022387226, 5.027482986129026 ], [ -73.85486412015814, 5.02758216797291 ], [ -73.854880332237727, 5.027606964251381 ], [ -73.854903219958473, 5.027641296912082 ], [ -73.854935646806751, 5.027683258238766 ], [ -73.854971885232388, 5.027729988037557 ], [ -73.85503959714535, 5.027814865243953 ], [ -73.855056762813803, 5.027833939336422 ], [ -73.855079650990618, 5.027864456828282 ], [ -73.855096817125002, 5.027887345172618 ], [ -73.855112075618521, 5.027910232398987 ], [ -73.855146407946037, 5.027971267909857 ], [ -73.855198859832385, 5.028066635078488 ], [ -73.855215073086512, 5.028097153175775 ], [ -73.85523414646245, 5.028131484488419 ], [ -73.855249404997608, 5.028162002931925 ], [ -73.855329513498901, 5.02833366411618 ], [ -73.855340957632009, 5.028356551814459 ], [ -73.855373382833662, 5.028421402251422 ], [ -73.855386734176989, 5.02844810531875 ], [ -73.855575560750935, 5.028821944801713 ], [ -73.855588913449111, 5.028844832701714 ], [ -73.855600357168541, 5.028871535550859 ], [ -73.855659484261906, 5.028989792986811 ], [ -73.855683327087917, 5.02903747559345 ], [ -73.855695724421608, 5.029066086576421 ], [ -73.855710983039501, 5.029104233507289 ], [ -73.85572528805325, 5.029140472300671 ], [ -73.855734825044323, 5.02916717583918 ], [ -73.855745315171916, 5.029191971451707 ], [ -73.855754852378837, 5.029216765600428 ], [ -73.855767249467817, 5.029239654748916 ], [ -73.855846404159976, 5.029397964018382 ], [ -73.855857849022115, 5.029422760183592 ], [ -73.855884552054476, 5.029481888114234 ], [ -73.85600089983798, 5.02973365787594 ], [ -73.856012344065221, 5.029764174963849 ], [ -73.856058120868354, 5.029863357794758 ], [ -73.856070517766739, 5.029888153607344 ], [ -73.856093406497607, 5.029934882746199 ], [ -73.856116294761975, 5.029977798536462 ], [ -73.856132507173143, 5.030000687184696 ], [ -73.856206893768899, 5.030103682856756 ], [ -73.856222153266287, 5.030126571848829 ], [ -73.856392859988233, 5.030372619715671 ], [ -73.85642623893601, 5.030424118472436 ], [ -73.856454850053979, 5.030464172592529 ], [ -73.856524466952095, 5.030565261471137 ], [ -73.856554985435594, 5.030611992316881 ], [ -73.85659646970548, 5.030671119767594 ], [ -73.85661601978984, 5.030700684153834 ], [ -73.856619834591513, 5.030729293721039 ], [ -73.856602668874828, 5.030757904630955 ], [ -73.856571218757821, 5.030782682967364 ], [ -73.856462478572084, 5.030860900910088 ], [ -73.856418608944892, 5.030893325882122 ], [ -73.856392383190837, 5.030914307524884 ], [ -73.856349944742817, 5.030946731517044 ], [ -73.856325149269679, 5.03096771308758 ], [ -73.856292723930636, 5.03099822991055 ], [ -73.856259346095939, 5.031024932826917 ], [ -73.856233596791427, 5.031045913838737 ], [ -73.856153488597613, 5.031122207345414 ], [ -73.856112480669893, 5.031160354897217 ], [ -73.856087684278279, 5.031181336462444 ], [ -73.856031417677755, 5.031229019332965 ], [ -73.855996131956303, 5.031257630515481 ], [ -73.855965614452131, 5.031286239955954 ], [ -73.855934143335432, 5.031312942164639 ], [ -73.855898856271622, 5.031345367597841 ], [ -73.855872154491308, 5.031370163198593 ], [ -73.855836868107446, 5.031404495302484 ], [ -73.855809810032113, 5.031428717647992 ], [ -73.855777892804824, 5.031460703381188 ], [ -73.855706296007824, 5.031515709104099 ], [ -73.855632316052578, 5.031565928190743 ], [ -73.855596160438338, 5.031587666700151 ], [ -73.855551207113535, 5.031614692467731 ], [ -73.855472429355316, 5.03165679343701 ], [ -73.855438329182221, 5.031672166721689 ], [ -73.8553769793523, 5.031699827550162 ], [ -73.855274372618112, 5.031733289716326 ], [ -73.855247020216524, 5.031738766031171 ], [ -73.855190860237414, 5.03175001014373 ], [ -73.855040541687075, 5.03176431433476 ], [ -73.854970857837458, 5.031765382215347 ], [ -73.854823419664896, 5.031776203144977 ], [ -73.854477412554786, 5.031805133274898 ], [ -73.854317027594533, 5.031821364422917 ], [ -73.8542785650003, 5.031824112446349 ], [ -73.854220389963288, 5.031829833656453 ], [ -73.85418510539148, 5.03183174135704 ], [ -73.854040146398759, 5.031847000229755 ], [ -73.854002475462352, 5.031852721684485 ], [ -73.853960037198988, 5.031858443957723 ], [ -73.853927612296673, 5.031860351515326 ], [ -73.853887160412668, 5.031864166314852 ], [ -73.853805542170903, 5.031869889263278 ], [ -73.853775978062586, 5.031869888198477 ], [ -73.853737830880874, 5.031873703587763 ], [ -73.853712082078189, 5.031873702948936 ], [ -73.853648186092002, 5.031877517693252 ], [ -73.853599547718005, 5.031881332345089 ], [ -73.853573798915278, 5.031881332605748 ], [ -73.85354614155672, 5.031881332651616 ], [ -73.853511000607, 5.031881280062678 ], [ -73.853444327143379, 5.031881004550068 ], [ -73.853356055206319, 5.031859440029493 ], [ -73.853256153256694, 5.031819855592246 ], [ -73.853171064933946, 5.031785798015164 ], [ -73.853104911893666, 5.031753450366046 ], [ -73.85308171562049, 5.031742107658204 ], [ -73.853056307600554, 5.031730773275462 ], [ -73.853016433474352, 5.031713286252615 ], [ -73.852989065589981, 5.031709670722253 ], [ -73.852962432411474, 5.031706178203234 ], [ -73.852876536882036, 5.031713325555433 ], [ -73.85284775204164, 5.031722029703267 ], [ -73.85275577512644, 5.031749839899006 ], [ -73.852713002197902, 5.031773692687946 ], [ -73.852684859563013, 5.031790492346307 ], [ -73.852637910384317, 5.03181851867945 ], [ -73.852529265654695, 5.031900613547218 ], [ -73.852498234276965, 5.031920048500044 ], [ -73.852474490978068, 5.031934917619285 ], [ -73.852384168515044, 5.031991484100885 ], [ -73.852283978154389, 5.032061044624995 ], [ -73.852256774248275, 5.032078743440073 ], [ -73.852227211362134, 5.032102585252825 ], [ -73.852203368390775, 5.032125473029724 ], [ -73.852180481050468, 5.032155990783189 ], [ -73.852163314867894, 5.032186509195198 ], [ -73.852144241026565, 5.032217025578241 ], [ -73.852130889247888, 5.032239914106261 ], [ -73.85211753791873, 5.032266616889969 ], [ -73.852104186588619, 5.032293319673552 ], [ -73.852089882106711, 5.032329559797541 ], [ -73.852085113191691, 5.032358169792528 ], [ -73.852084477904853, 5.032396316807566 ], [ -73.852099030522496, 5.032442599130885 ], [ -73.852132802954173, 5.032483854789629 ], [ -73.852181514120289, 5.032531075164099 ], [ -73.852210957199944, 5.032547604898507 ], [ -73.852256333771038, 5.032570347805011 ], [ -73.852321909962356, 5.032596931014546 ], [ -73.852384856522463, 5.032621382941748 ], [ -73.852493143076103, 5.032655716108043 ], [ -73.852544616882113, 5.032672036001832 ], [ -73.852642651635378, 5.03270656716523 ], [ -73.852682451111249, 5.032720734132536 ], [ -73.852896453258253, 5.032796249453882 ], [ -73.852927212792196, 5.032807112601072 ], [ -73.852952508028551, 5.032816346800454 ], [ -73.852981954172179, 5.032826200864595 ], [ -73.853031233605535, 5.032842692810481 ], [ -73.853148125857331, 5.032895370969845 ], [ -73.853265010084868, 5.032969581785055 ], [ -73.853346107263562, 5.033043780650691 ], [ -73.853458197396748, 5.033182591185435 ], [ -73.85347788640108, 5.03321283509087 ], [ -73.853513717563757, 5.033258437927351 ], [ -73.853536605690579, 5.033290863933491 ], [ -73.853566169411678, 5.033337593466766 ], [ -73.853588104753996, 5.03338050788374 ], [ -73.853602408891632, 5.033416748534178 ], [ -73.853618621608319, 5.033460617001449 ], [ -73.853633880499217, 5.033504485813378 ], [ -73.853643417300958, 5.033540724567359 ], [ -73.853650569184239, 5.033572197498038 ], [ -73.853656768640775, 5.033622742045887 ], [ -73.853660583374975, 5.033658981061377 ], [ -73.853665186771508, 5.033688967827655 ], [ -73.85366821280715, 5.033716202073159 ], [ -73.853673935402838, 5.033742905212461 ], [ -73.853683471713424, 5.033802985998101 ], [ -73.853708267001267, 5.033929824737894 ], [ -73.85371589638018, 5.033964157504898 ], [ -73.853721619003238, 5.033998490057049 ], [ -73.853727975986743, 5.034025192363058 ], [ -73.853736878182858, 5.03405571011071 ], [ -73.853751182370218, 5.034099579262376 ], [ -73.853761672559898, 5.034132003411603 ], [ -73.853772511578327, 5.034165505772404 ], [ -73.853782652946691, 5.034196854423703 ], [ -73.853791236822985, 5.034225464102401 ], [ -73.853802680848247, 5.034257888809179 ], [ -73.853823661243823, 5.034322738913398 ], [ -73.853870392199553, 5.034482955945637 ], [ -73.853883743701289, 5.034524917855681 ], [ -73.853891372637122, 5.034555435458564 ], [ -73.853902816287246, 5.034606934148592 ], [ -73.853908538712091, 5.034643174275736 ], [ -73.853915214966747, 5.034679413151558 ], [ -73.853926657918095, 5.03475666054656 ], [ -73.853933334840448, 5.034822464190252 ], [ -73.853940963030738, 5.034863472575256 ], [ -73.853950500004274, 5.034902572686255 ], [ -73.853966712578909, 5.034948349617445 ], [ -73.853981017738249, 5.034999847264235 ], [ -73.853990553912723, 5.035034180235692 ], [ -73.854002952017296, 5.035064697007783 ], [ -73.854014396048129, 5.035089493197322 ], [ -73.854028701791492, 5.035112381672155 ], [ -73.854051590018742, 5.035144805833162 ], [ -73.854071617630666, 5.035169601618242 ], [ -73.854096411939565, 5.035200119316189 ], [ -73.854131118259559, 5.035232792204257 ], [ -73.8541821767448, 5.035256372675235 ], [ -73.854218592907102, 5.035271602716401 ], [ -73.854330721393097, 5.035300351586895 ], [ -73.854433310394128, 5.035317136292117 ], [ -73.854566921243205, 5.035319574313982 ], [ -73.854692156038865, 5.035310246629058 ], [ -73.854726782967774, 5.035307665565123 ], [ -73.854855635599378, 5.035269428026343 ], [ -73.855029823763388, 5.035221635551995 ], [ -73.855250971858084, 5.035147797361408 ], [ -73.855323325853803, 5.035123638566174 ], [ -73.855447047162386, 5.035108019894286 ], [ -73.855486870320888, 5.035110474197574 ], [ -73.855533600163483, 5.035116196149156 ], [ -73.855606078196899, 5.035132408514873 ], [ -73.85563659687179, 5.035139083837695 ], [ -73.855669020633528, 5.035148621642543 ], [ -73.855714797382831, 5.035163880012106 ], [ -73.855772972011152, 5.035196304766105 ], [ -73.85579967559363, 5.035221099854168 ], [ -73.855821132706595, 5.03525352491397 ], [ -73.855833053530702, 5.035284042263382 ], [ -73.855844973814882, 5.035335541168424 ], [ -73.855845768904345, 5.03538322415976 ], [ -73.85584068325457, 5.035421371560492 ], [ -73.855837821482766, 5.035448075089911 ], [ -73.855830192063038, 5.035481453269003 ], [ -73.855819702264725, 5.035512924010667 ], [ -73.85580921164707, 5.035539627616589 ], [ -73.855793952347113, 5.035570145410313 ], [ -73.855766773015432, 5.035607338207941 ], [ -73.855728148606715, 5.035644531573347 ], [ -73.855691137994938, 5.035672995733447 ], [ -73.855665205942259, 5.03569030752937 ], [ -73.855638503953656, 5.035707472834111 ], [ -73.855616569317945, 5.035724639110376 ], [ -73.855587005405781, 5.035745620618393 ], [ -73.855564117149783, 5.035760879663179 ], [ -73.855541229366395, 5.035779952959341 ], [ -73.855512618164127, 5.035802841696182 ], [ -73.855477333317694, 5.035829544407322 ], [ -73.85544204666347, 5.035856247119374 ], [ -73.855422973298488, 5.035875320828567 ], [ -73.855400084603133, 5.035894393217346 ], [ -73.85537719681119, 5.035913467414193 ], [ -73.855356215778443, 5.035932540914397 ], [ -73.855329513644946, 5.03596687260956 ], [ -73.855311393891938, 5.035987854452 ], [ -73.855284749789007, 5.036020330071556 ], [ -73.855260979769071, 5.036048628406035 ], [ -73.855230331103556, 5.036081313799322 ], [ -73.855213165176139, 5.036102295291549 ], [ -73.855180740292795, 5.036142349095373 ], [ -73.855161667385104, 5.036165237956731 ], [ -73.855130639901716, 5.036200147242027 ], [ -73.855105399949338, 5.036224365393915 ], [ -73.855081558087903, 5.03624534570137 ], [ -73.85505703503388, 5.036269869679131 ], [ -73.85502450416422, 5.036304100433705 ], [ -73.854992356500517, 5.036335331766852 ], [ -73.854961869569081, 5.036363359297289 ], [ -73.854921728253018, 5.03638820422415 ], [ -73.854894763895771, 5.036404892051097 ], [ -73.854795584889445, 5.036453751563992 ], [ -73.854685819592902, 5.036487209592513 ], [ -73.854542659072266, 5.036503908833569 ], [ -73.854464212088317, 5.036502633640573 ], [ -73.854319252285549, 5.036477944887446 ], [ -73.854195199615262, 5.036437666683445 ], [ -73.854084595887215, 5.036398476619922 ], [ -73.853996863407033, 5.036350298681655 ], [ -73.853964056743465, 5.036332283070435 ], [ -73.853873880278599, 5.036264500428479 ], [ -73.853851673673049, 5.036244105431498 ], [ -73.853806561243971, 5.036199268627163 ], [ -73.853789329181552, 5.03617858928948 ], [ -73.853754043531211, 5.0361328129463 ], [ -73.853736876954031, 5.036111832181027 ], [ -73.853683472001762, 5.036035538417701 ], [ -73.853641510417489, 5.035982132359141 ], [ -73.853622435939528, 5.035955429542892 ], [ -73.853601455163201, 5.035932540765732 ], [ -73.85358619626156, 5.035911560207448 ], [ -73.853569030598408, 5.035890579434521 ], [ -73.85354804960663, 5.035869598234963 ], [ -73.85352897584194, 5.035852432407662 ], [ -73.853502750533949, 5.035831069871124 ], [ -73.853483799828041, 5.035812773630641 ], [ -73.853460025689472, 5.035793686476235 ], [ -73.853416442762907, 5.035757065243876 ], [ -73.853391648035824, 5.035737991188482 ], [ -73.853233337518304, 5.035610199040751 ], [ -73.853199958075052, 5.035585403535566 ], [ -73.853178024413324, 5.035570143594111 ], [ -73.853150366622387, 5.035549163890066 ], [ -73.853125571910255, 5.035530089821743 ], [ -73.852980468352612, 5.035437850137089 ], [ -73.852827306942629, 5.035337682070582 ], [ -73.852773591354193, 5.035301960884788 ], [ -73.852710481424609, 5.035251375046353 ], [ -73.852667082229502, 5.035215807746055 ], [ -73.852627754123276, 5.035186767757506 ], [ -73.852584780210762, 5.0351541608052 ], [ -73.852532385540826, 5.035116196367103 ], [ -73.852500915241222, 5.035094579125352 ], [ -73.852466583292511, 5.035066604916643 ], [ -73.852433471713766, 5.035049278256261 ], [ -73.852403640768784, 5.035039902487335 ], [ -73.852377891617351, 5.035049438814123 ], [ -73.85233951402941, 5.035085064353908 ], [ -73.852304458849943, 5.035121918048849 ], [ -73.852271079516086, 5.035158156914626 ], [ -73.852245331050895, 5.035184860555332 ], [ -73.852223396098353, 5.035203934310381 ], [ -73.85219955461325, 5.035228729682586 ], [ -73.852172852234503, 5.03525606801722 ], [ -73.852141380396333, 5.035285950002715 ], [ -73.852121352876125, 5.035306930648621 ], [ -73.852056503403347, 5.035366059138145 ], [ -73.852025984633457, 5.035394669358393 ], [ -73.852004051245501, 5.035415648876826 ], [ -73.851982116053691, 5.035436630206966 ], [ -73.85195226159577, 5.035461199972889 ], [ -73.851923942245477, 5.035482406839493 ], [ -73.851900100058742, 5.035497666111968 ], [ -73.851871890299023, 5.03551502328508 ], [ -73.851837158430328, 5.03553962838794 ], [ -73.851808148820041, 5.0355553495974 ], [ -73.851700042681358, 5.035608724148417 ], [ -73.851641665212355, 5.035641567847869 ], [ -73.851488933213474, 5.035739612629093 ], [ -73.85138869574854, 5.035818533720719 ], [ -73.851281293667029, 5.035921378611794 ], [ -73.851214460173892, 5.036000312097713 ], [ -73.851130907827482, 5.036131877041812 ], [ -73.851040196731432, 5.036263438672761 ], [ -73.850934617150145, 5.036386937856763 ], [ -73.850856401395134, 5.036490672992302 ], [ -73.850744229143402, 5.036588730676488 ], [ -73.85068212214567, 5.036622438865718 ], [ -73.850629682923341, 5.036650899423854 ], [ -73.850481744025117, 5.0366843442422 ], [ -73.850278943404135, 5.036672310424759 ], [ -73.850049897834566, 5.036662659105848 ], [ -73.850020950564144, 5.036661147686636 ], [ -73.849910171030515, 5.036655363311744 ], [ -73.849874847887833, 5.036653519056405 ], [ -73.849846767878361, 5.036652051742905 ], [ -73.849806566772187, 5.036651904253707 ], [ -73.849760051825299, 5.036653328716855 ], [ -73.849730808972112, 5.036653518929251 ], [ -73.849612821645721, 5.036653729992772 ], [ -73.849563598721915, 5.036657333416901 ], [ -73.849508285095197, 5.036666870236636 ], [ -73.849481582889467, 5.036676405900489 ], [ -73.849447280604693, 5.036689353096874 ], [ -73.84940361639643, 5.036708908509396 ], [ -73.849373500139762, 5.036727269833849 ], [ -73.849344438369883, 5.036752959672871 ], [ -73.849319458219838, 5.036779403415777 ], [ -73.849301656542309, 5.036802292293212 ], [ -73.849283218645965, 5.036832808708148 ], [ -73.849263810612484, 5.036871624550751 ], [ -73.849248250911771, 5.03691291848479 ], [ -73.849237486646842, 5.036961237427187 ], [ -73.84923394566043, 5.036987678526138 ], [ -73.849231720147216, 5.037014642764742 ], [ -73.849229812688307, 5.037042618294357 ], [ -73.849229812866227, 5.037092818101014 ], [ -73.849233440957406, 5.037132101587666 ], [ -73.849241521167414, 5.037169055416239 ], [ -73.849251746773049, 5.037202835587413 ], [ -73.849265098797389, 5.037231445461121 ], [ -73.849291629801868, 5.037287438354706 ], [ -73.849308897320242, 5.037331329108005 ], [ -73.849322318318855, 5.037378311580284 ], [ -73.849336511377672, 5.037414561539449 ], [ -73.849361904986338, 5.03745426635897 ], [ -73.849391969741646, 5.03748310055054 ], [ -73.849419717089958, 5.037507031262845 ], [ -73.849453438972219, 5.037521037101633 ], [ -73.849488899815455, 5.037535766417753 ], [ -73.84953181158302, 5.037555217855253 ], [ -73.849562851623944, 5.037569288724095 ], [ -73.849608723287304, 5.037576249232833 ], [ -73.849689299931455, 5.037588473610426 ], [ -73.849796658784484, 5.03761243787912 ], [ -73.849923108103937, 5.037626838378799 ], [ -73.850008992648227, 5.037633493208428 ], [ -73.850125903324155, 5.037653227991223 ], [ -73.850202243015559, 5.037681966379676 ], [ -73.850259496559246, 5.037708303597911 ], [ -73.850292880653669, 5.037760952828763 ], [ -73.85031194518487, 5.037827952969251 ], [ -73.850314017381265, 5.037898994992716 ], [ -73.85029757155786, 5.037993039066328 ], [ -73.850261747341776, 5.038095907954593 ], [ -73.850250316182411, 5.038121935859592 ], [ -73.850209215288913, 5.038215520781589 ], [ -73.850137582727882, 5.038371015305066 ], [ -73.850072796293745, 5.038473460526761 ], [ -73.850048311452611, 5.038508169237582 ], [ -73.850017547189211, 5.038549423329429 ], [ -73.849988937197224, 5.038589477390107 ], [ -73.849964141663193, 5.038621903379966 ], [ -73.849946974802307, 5.038648605706745 ], [ -73.849925994625025, 5.038673400909722 ], [ -73.849880601916581, 5.038729536595014 ], [ -73.849854469061853, 5.038766860877493 ], [ -73.849821725675582, 5.038810094810223 ], [ -73.849803924569812, 5.038835525639273 ], [ -73.849780083069547, 5.038873673122862 ], [ -73.849759101059519, 5.038906097745788 ], [ -73.849735978243473, 5.038941757556362 ], [ -73.849712371225166, 5.038972854463312 ], [ -73.849684991027402, 5.039008630235234 ], [ -73.849650859860489, 5.039045715201947 ], [ -73.849626093685146, 5.039075063496571 ], [ -73.849598884313039, 5.039108276296048 ], [ -73.849572017203101, 5.03914237999873 ], [ -73.849542617167344, 5.039188384960628 ], [ -73.849525451179957, 5.039215088184991 ], [ -73.849510192638377, 5.039243699214141 ], [ -73.849489748695348, 5.039291609108163 ], [ -73.84947967622746, 5.039332707660813 ], [ -73.849475860498146, 5.03936576864371 ], [ -73.849476496603643, 5.039403914919271 ], [ -73.849486721529118, 5.039450321493617 ], [ -73.849508522049987, 5.039494323946561 ], [ -73.84953292620628, 5.039522504006618 ], [ -73.849563598574193, 5.039550781753751 ], [ -73.849608421235146, 5.039592743385463 ], [ -73.849629962923629, 5.039608375872942 ], [ -73.849675178110246, 5.039646148993933 ], [ -73.849709612669315, 5.039673782940032 ], [ -73.849756540153919, 5.039709805501959 ], [ -73.849791487983524, 5.039735199988052 ], [ -73.849829673627312, 5.039760589335973 ], [ -73.849893570161626, 5.039804458032155 ], [ -73.849925040496643, 5.03982734679258 ], [ -73.849962234312642, 5.0398540495679 ], [ -73.850000614919708, 5.03988154621822 ], [ -73.850064277387858, 5.039934158581767 ], [ -73.850096702475554, 5.039957046988683 ], [ -73.850130082296801, 5.039987563565365 ], [ -73.850157737064634, 5.040012360355951 ], [ -73.850269316980629, 5.040113449303027 ], [ -73.850327382896609, 5.040165448172176 ], [ -73.850437546912929, 5.040285209336622 ], [ -73.850540102284526, 5.040402482835377 ], [ -73.850574497887209, 5.040439654677927 ], [ -73.850597242434873, 5.040464234349828 ], [ -73.850625062917558, 5.040494300272629 ], [ -73.850672252219567, 5.040540738992929 ], [ -73.850712142234713, 5.040568637210594 ], [ -73.850771467307538, 5.040608328311048 ], [ -73.850883569090854, 5.040713642432315 ], [ -73.851014740835097, 5.040873992601455 ], [ -73.851098211643006, 5.040981688802865 ], [ -73.85115066834274, 5.041082197053457 ], [ -73.851179263693837, 5.041182697623762 ], [ -73.851181617227425, 5.041278402060599 ], [ -73.85117920510848, 5.041352572821167 ], [ -73.85114815524669, 5.041448266693793 ], [ -73.851132209386961, 5.041472234583773 ], [ -73.851095637026859, 5.04152720413348 ], [ -73.851009713404324, 5.041615700579797 ], [ -73.85092379412842, 5.041687448671313 ], [ -73.850830724126695, 5.041737661671735 ], [ -73.850680401067237, 5.041761534836045 ], [ -73.850499070099559, 5.041756687318354 ], [ -73.850179358703897, 5.041739826874347 ], [ -73.849926448355674, 5.04174213121239 ], [ -73.849823408802976, 5.041758578992774 ], [ -73.849770914280867, 5.04177189751998 ], [ -73.849668557062657, 5.041791916123212 ], [ -73.84960193678117, 5.041804226010263 ], [ -73.849576288618664, 5.041804216997614 ], [ -73.84944923627117, 5.04180417217618 ], [ -73.849301306772475, 5.041804120217576 ], [ -73.849189171879573, 5.0417921171832 ], [ -73.849074648620842, 5.041787292397379 ], [ -73.848938654130023, 5.041775280663799 ], [ -73.848778798636047, 5.041765653764341 ], [ -73.848659497220396, 5.041777575349299 ], [ -73.848544961586526, 5.041801461040198 ], [ -73.848517549382777, 5.041815486055195 ], [ -73.84843280303491, 5.041858843933815 ], [ -73.848337336627921, 5.04194015929914 ], [ -73.848229933137247, 5.042043003013475 ], [ -73.848127306373982, 5.042131493801103 ], [ -73.848027070382372, 5.042205629346016 ], [ -73.847948317707193, 5.042251060683375 ], [ -73.847864796926785, 5.042286921409573 ], [ -73.84777889360609, 5.042310816693889 ], [ -73.847652431731504, 5.042329912649784 ], [ -73.847509270926381, 5.042344217962478 ], [ -73.847467864986925, 5.042349833616977 ], [ -73.847397126329597, 5.042356140864919 ], [ -73.847226539693096, 5.042364967255514 ], [ -73.847190549820553, 5.042364882948785 ], [ -73.846996285839737, 5.04235839170016 ], [ -73.846867445749965, 5.042353560761334 ], [ -73.846755305360318, 5.042358306586534 ], [ -73.846659859014792, 5.042382198778721 ], [ -73.846559634960101, 5.042420444773002 ], [ -73.846507107020315, 5.042454073246371 ], [ -73.846473722193679, 5.042475444005325 ], [ -73.846421207766923, 5.042537633712839 ], [ -73.846361541604423, 5.042587857851294 ], [ -73.84628516931518, 5.042650037894639 ], [ -73.846213576257142, 5.042690687151263 ], [ -73.84612766495782, 5.042738507572124 ], [ -73.846065625377832, 5.042755235341385 ], [ -73.845974958186773, 5.042757594856469 ], [ -73.845896225704152, 5.042745603900911 ], [ -73.845822277755545, 5.04270011812787 ], [ -73.845760269927595, 5.042623531708811 ], [ -73.845746932825108, 5.042586235360147 ], [ -73.845728431513251, 5.042534495877964 ], [ -73.845655408313732, 5.042283743689307 ], [ -73.845537745527579, 5.041982500397046 ], [ -73.845510042203117, 5.041914543933611 ], [ -73.845495223789811, 5.041879653888367 ], [ -73.845483780137045, 5.041852951745673 ], [ -73.845470427896743, 5.041826249370025 ], [ -73.845449447739341, 5.041784287197774 ], [ -73.845428467104398, 5.041746140191752 ], [ -73.84541320766381, 5.041715622412751 ], [ -73.845399856753886, 5.04169273519967 ], [ -73.845386504940251, 5.041669846177487 ], [ -73.845362293946081, 5.041633981971563 ], [ -73.845334052983134, 5.041595458902973 ], [ -73.845294952720209, 5.041559218600746 ], [ -73.845265706525865, 5.041538874078443 ], [ -73.845226287195004, 5.04152107295296 ], [ -73.845190409438672, 5.041505080691831 ], [ -73.845143449729747, 5.041493653706241 ], [ -73.845090865990514, 5.041484832974379 ], [ -73.845062255225642, 5.04148483306202 ], [ -73.84502220057297, 5.041488647806312 ], [ -73.844994544003171, 5.041500092152478 ], [ -73.844966888091705, 5.041513443175468 ], [ -73.844938696299039, 5.04152621121676 ], [ -73.84489675049214, 5.041556786163718 ], [ -73.844867705902175, 5.041582107537084 ], [ -73.844840049851058, 5.041610718320395 ], [ -73.844817608376118, 5.041634112668524 ], [ -73.844796470923299, 5.041656147027899 ], [ -73.844691677145235, 5.04174267013384 ], [ -73.844586670222782, 5.041814410634704 ], [ -73.844517379090888, 5.041863397419342 ], [ -73.844443482567399, 5.041898101400148 ], [ -73.844362351923721, 5.041921998190129 ], [ -73.844231116945096, 5.041945876788353 ], [ -73.844159819115944, 5.041948275127773 ], [ -73.844090344066714, 5.041950612272466 ], [ -73.843937650699061, 5.041929022614533 ], [ -73.843773033356044, 5.041893074549927 ], [ -73.843572636306689, 5.041833186898207 ], [ -73.843405645907538, 5.04175895619584 ], [ -73.843205765835648, 5.041633877767498 ], [ -73.843140439439054, 5.041583253141352 ], [ -73.84303829766084, 5.041512385085632 ], [ -73.84291810327899, 5.041415624231604 ], [ -73.842858465453574, 5.04136761557558 ], [ -73.84282123957972, 5.041337647428284 ], [ -73.842701988818149, 5.041208402968516 ], [ -73.842628055579013, 5.041122241209441 ], [ -73.842599449757003, 5.04105045337011 ], [ -73.842599461211989, 5.041021529193419 ], [ -73.842599471936722, 5.040990637707688 ], [ -73.842594731218696, 5.040902108568744 ], [ -73.842604349206198, 5.040696348422524 ], [ -73.842597227351604, 5.040598249151798 ], [ -73.842585296486703, 5.040548394118178 ], [ -73.842578418005715, 5.040513104567136 ], [ -73.842570855541467, 5.040486248911233 ], [ -73.842556328077407, 5.040455703845563 ], [ -73.84253787992678, 5.040428161880439 ], [ -73.842519759682617, 5.04040718111109 ], [ -73.842490834673356, 5.040378280849727 ], [ -73.842461144031091, 5.040353275476948 ], [ -73.842429160545237, 5.040334701670165 ], [ -73.842405318965163, 5.04032135050381 ], [ -73.84237576658758, 5.040311905157312 ], [ -73.842343520547729, 5.040300369298719 ], [ -73.842309416930746, 5.040293403913237 ], [ -73.842211965673243, 5.040301345983336 ], [ -73.842095181362993, 5.040340172879024 ], [ -73.842047144687456, 5.040378813005916 ], [ -73.842020096888618, 5.040406125230065 ], [ -73.841957832928784, 5.040490350445403 ], [ -73.841919622351497, 5.040588433326991 ], [ -73.84188452527718, 5.040674768039988 ], [ -73.841870307802893, 5.040710449603189 ], [ -73.841859816780271, 5.040735244599801 ], [ -73.841850280419067, 5.040760676333576 ], [ -73.841836929253958, 5.040788650420361 ], [ -73.841824531447713, 5.040813446075591 ], [ -73.841806411384823, 5.040845871335558 ], [ -73.841783676369872, 5.040886669521015 ], [ -73.841761123403728, 5.040916771238286 ], [ -73.841735840122155, 5.040945053967561 ], [ -73.841711521119834, 5.040970229739873 ], [ -73.841692314296523, 5.040987735975409 ], [ -73.841671626643389, 5.041007359845841 ], [ -73.841636547241905, 5.041040161787835 ], [ -73.841540336025858, 5.041120528878803 ], [ -73.841494560308249, 5.041156768901867 ], [ -73.841470718676774, 5.041177749715047 ], [ -73.841371536763162, 5.041261673374287 ], [ -73.841347694221312, 5.041282654185375 ], [ -73.84130821350513, 5.041318769317062 ], [ -73.841281890151066, 5.041341781277249 ], [ -73.841244697441454, 5.041376114359718 ], [ -73.841211318801641, 5.041406631859461 ], [ -73.84119224636774, 5.041427611924044 ], [ -73.841148760774189, 5.04147286022616 ], [ -73.841112039947902, 5.041509951814307 ], [ -73.8410822868765, 5.041528321407251 ], [ -73.841043471933716, 5.041543959889218 ], [ -73.841018676794718, 5.041555403996125 ], [ -73.84098529861339, 5.041568755931515 ], [ -73.84095096554266, 5.041576385438949 ], [ -73.840919494763654, 5.041578293010249 ], [ -73.840871810584986, 5.041585921684387 ], [ -73.840839386356222, 5.041591644751443 ], [ -73.840798385045872, 5.041593386372777 ], [ -73.84076576170925, 5.04159164404786 ], [ -73.840717316126458, 5.041584014820151 ], [ -73.840547560767916, 5.041557311841482 ], [ -73.840510367296517, 5.04154968343334 ], [ -73.840461271170938, 5.041537210048183 ], [ -73.840408325181556, 5.041521072157163 ], [ -73.840341567698744, 5.041501999337422 ], [ -73.84031677200106, 5.041490554199278 ], [ -73.840284346715578, 5.041477204095801 ], [ -73.840229987265886, 5.041452407865007 ], [ -73.840196609295987, 5.041437148687039 ], [ -73.840088628372897, 5.041388097300913 ], [ -73.840053543238227, 5.041368766339236 ], [ -73.840021133710451, 5.041349412009927 ], [ -73.83989071054053, 5.041272710579729 ], [ -73.839853286199855, 5.041248322275157 ], [ -73.839817461395384, 5.041223597078868 ], [ -73.839788437203183, 5.041196823390705 ], [ -73.839759355430289, 5.041170182799502 ], [ -73.839682723222197, 5.041104234766724 ], [ -73.839609145706277, 5.041040420215389 ], [ -73.839589118739113, 5.04101944000427 ], [ -73.839563369615504, 5.040998459036674 ], [ -73.839543342392062, 5.040979385505351 ], [ -73.83952522337222, 5.040956497051575 ], [ -73.839496612210112, 5.040925979129539 ], [ -73.839332580936997, 5.040746688641651 ], [ -73.839244842152951, 5.040651321216603 ], [ -73.839218138704567, 5.040620804435163 ], [ -73.839199065604149, 5.040599822976482 ], [ -73.839181518901242, 5.040576362761446 ], [ -73.839165854056148, 5.040548949205094 ], [ -73.839148520787518, 5.040508270663711 ], [ -73.839117075446296, 5.040443480448476 ], [ -73.839097032309553, 5.040398620113138 ], [ -73.839088032932253, 5.040365105982592 ], [ -73.839083379002332, 5.040333986111637 ], [ -73.839080810207406, 5.040299097242992 ], [ -73.839083995555782, 5.04026382269003 ], [ -73.83909766093899, 5.040223237170602 ], [ -73.839118003031672, 5.040191650681214 ], [ -73.839146295555508, 5.040169397305694 ], [ -73.839175223410138, 5.040153503842614 ], [ -73.839211223259497, 5.040129054215002 ], [ -73.83924835448174, 5.040105120744094 ], [ -73.839279174456806, 5.04008483955835 ], [ -73.839303016645559, 5.04007339494151 ], [ -73.839354566213188, 5.040049250107611 ], [ -73.839426041399079, 5.040014266576506 ], [ -73.839474721112524, 5.039992077366686 ], [ -73.839524227056899, 5.039963977913108 ], [ -73.839568433625359, 5.039943961772252 ], [ -73.83962058982803, 5.039915085178476 ], [ -73.839653014903021, 5.039896010888614 ], [ -73.83969020789722, 5.03987312341312 ], [ -73.839738161679065, 5.039831665606986 ], [ -73.839772224737757, 5.039806366014 ], [ -73.839802742636792, 5.039783478103487 ], [ -73.839828491455194, 5.039766311869632 ], [ -73.839861869069153, 5.039743423883823 ], [ -73.839888945218163, 5.039719853575197 ], [ -73.839916228992621, 5.03969001728285 ], [ -73.839937209629568, 5.039665222334262 ], [ -73.839952469408757, 5.039644240896789 ], [ -73.83999061621202, 5.039594649589784 ], [ -73.840029716594358, 5.039546966445797 ], [ -73.840051014823601, 5.039515813067558 ], [ -73.84007012232432, 5.0394764702144 ], [ -73.840083046200007, 5.039436853010881 ], [ -73.840093612678345, 5.039396285964127 ], [ -73.840103756439078, 5.039354711374692 ], [ -73.840109824724806, 5.03931999144184 ], [ -73.840124130117857, 5.039236068132992 ], [ -73.840128898412019, 5.039209366627593 ], [ -73.840134620413323, 5.039176941132014 ], [ -73.840138435121716, 5.039148330557447 ], [ -73.840141956504937, 5.039110552546366 ], [ -73.840143203140741, 5.039070128752141 ], [ -73.840146461163386, 5.039015599072656 ], [ -73.840146318986086, 5.038953383715298 ], [ -73.840144156297356, 5.038908005324513 ], [ -73.840128898036326, 5.038663863961199 ], [ -73.840124371346434, 5.038594820256677 ], [ -73.840119361560198, 5.038536072530405 ], [ -73.840091704850195, 5.038274765322361 ], [ -73.840082168782857, 5.03819084203475 ], [ -73.840078354330615, 5.038164138943899 ], [ -73.84005165138278, 5.037923812132936 ], [ -73.840043068140702, 5.037847519766648 ], [ -73.840037346275054, 5.03781890883648 ], [ -73.840024947679424, 5.037755966354724 ], [ -73.840010642571897, 5.037691116937602 ], [ -73.840002886446001, 5.037653875628694 ], [ -73.839996338115853, 5.037614822906063 ], [ -73.839996338123839, 5.037588119413135 ], [ -73.839994521892748, 5.037541964142806 ], [ -73.839996338291499, 5.037473677810699 ], [ -73.839996338302768, 5.037446976127503 ], [ -73.839996337927133, 5.037416458367303 ], [ -73.839998856733956, 5.037382878701311 ], [ -73.840003966723529, 5.037343979243567 ], [ -73.840008735927142, 5.037303924633905 ], [ -73.840031623193639, 5.037139892438095 ], [ -73.840038279617602, 5.037083202832515 ], [ -73.840044021828746, 5.037042617584471 ], [ -73.840059279911983, 5.03694725115038 ], [ -73.840065228423086, 5.036913423631471 ], [ -73.840076446562023, 5.036865234451416 ], [ -73.840086936980583, 5.036825180600311 ], [ -73.840097668870868, 5.036791867239193 ], [ -73.840110778673818, 5.036756514722251 ], [ -73.840126990559895, 5.036727905336576 ], [ -73.840145334691286, 5.036690764260328 ], [ -73.840158462683775, 5.03666114805222 ], [ -73.840170860120935, 5.036632538161173 ], [ -73.840185165360708, 5.036596298176783 ], [ -73.840192795159467, 5.036569595692764 ], [ -73.840201221226593, 5.036531921750019 ], [ -73.840203670475503, 5.036489855768561 ], [ -73.840192794810605, 5.036445617971881 ], [ -73.84018135058848, 5.036418915680384 ], [ -73.840156554852626, 5.036382675500384 ], [ -73.84013176001605, 5.036359786611811 ], [ -73.840097054878512, 5.036334670820548 ], [ -73.840057245846054, 5.036311721676137 ], [ -73.840031814327588, 5.036301803924608 ], [ -73.840000151663489, 5.03629112231184 ], [ -73.839975356568203, 5.036283493201957 ], [ -73.839941978109053, 5.036273956723536 ], [ -73.83990001628537, 5.036262511970187 ], [ -73.839855640240501, 5.036250830523722 ], [ -73.839817047123461, 5.036241532429078 ], [ -73.839789390262069, 5.036235810066142 ], [ -73.839758872535384, 5.036231995360162 ], [ -73.839692415462537, 5.036225066113125 ], [ -73.839650153653579, 5.03622245834344 ], [ -73.839612795637507, 5.036219970934352 ], [ -73.839573857346451, 5.036218755174585 ], [ -73.839527378216403, 5.036218643197 ], [ -73.839488982402983, 5.036222458127683 ], [ -73.839413642733291, 5.036230087014677 ], [ -73.839382171029101, 5.036233902057766 ], [ -73.83932274191362, 5.036237583934324 ], [ -73.83928108228578, 5.036241530657087 ], [ -73.839255332054378, 5.036243438873456 ], [ -73.839229583104213, 5.03624916135567 ], [ -73.839195252071335, 5.036256790726057 ], [ -73.83916664044591, 5.036264419959406 ], [ -73.839138030624426, 5.03627204918928 ], [ -73.839082718128026, 5.036291122170102 ], [ -73.839057921845537, 5.036298751909523 ], [ -73.838926316044208, 5.036336898658266 ], [ -73.838894843541155, 5.036346435535809 ], [ -73.838852384360848, 5.036362340973574 ], [ -73.838649749994588, 5.036424636716447 ], [ -73.838577269682361, 5.036447525238128 ], [ -73.838553428762268, 5.036457061316207 ], [ -73.838514328107962, 5.036474228400289 ], [ -73.838481903293399, 5.036485672264148 ], [ -73.838451385097684, 5.036504745828271 ], [ -73.838426589170894, 5.036516189814917 ], [ -73.838363647429361, 5.036550522408303 ], [ -73.838340759172084, 5.036561965744454 ], [ -73.838310240593842, 5.036577225034317 ], [ -73.838257652083058, 5.036600994637465 ], [ -73.838167190185061, 5.036649703954777 ], [ -73.838140487475229, 5.036661148578278 ], [ -73.838087081630462, 5.036693573044405 ], [ -73.838062285953754, 5.036703110336699 ], [ -73.83791598385929, 5.036773260495186 ], [ -73.837865828606709, 5.036802291806993 ], [ -73.837820053858991, 5.036825180256806 ], [ -73.837711323421743, 5.03688425455449 ], [ -73.837654113452075, 5.036920547929616 ], [ -73.837621688805797, 5.036943436376162 ], [ -73.837593078338756, 5.036968231119048 ], [ -73.837564467870664, 5.036993026765941 ], [ -73.837503434281473, 5.037042616629668 ], [ -73.837477683782467, 5.037065505529899 ], [ -73.837447167007213, 5.03709983884935 ], [ -73.837424548592438, 5.037136010770134 ], [ -73.837406561982846, 5.037174832692318 ], [ -73.837375872123445, 5.037248093506585 ], [ -73.837362289766816, 5.037294388082761 ], [ -73.837350845230191, 5.037328720383435 ], [ -73.837341309109433, 5.037370682388236 ], [ -73.837336540168181, 5.037401199972187 ], [ -73.837324512201064, 5.037463365884529 ], [ -73.837310265625803, 5.037527254014623 ], [ -73.837301255384403, 5.03756904612126 ], [ -73.837296485169745, 5.037595749436719 ], [ -73.837290764133172, 5.037639618644196 ], [ -73.837285042089547, 5.037677765090291 ], [ -73.83727802038662, 5.037723511886731 ], [ -73.837271197588521, 5.037752629475997 ], [ -73.83726043674757, 5.037789535416168 ], [ -73.837247848028341, 5.037824630233478 ], [ -73.837228775518298, 5.037878036462092 ], [ -73.83721482084843, 5.03791124173815 ], [ -73.837197319783456, 5.037947304814767 ], [ -73.837175369222805, 5.037977218298594 ], [ -73.837153037101785, 5.037998792459173 ], [ -73.837100029302491, 5.038036346392181 ], [ -73.83706474242905, 5.038057327298029 ], [ -73.837014273536141, 5.038084659514828 ], [ -73.836980819800374, 5.038103103355867 ], [ -73.836957711808594, 5.038122722960748 ], [ -73.836914917634303, 5.038159769651402 ], [ -73.836866378903608, 5.038206100144325 ], [ -73.836845397804254, 5.038227080736468 ], [ -73.836824416436471, 5.038249968916245 ], [ -73.836810111947017, 5.038272857556295 ], [ -73.836788212849299, 5.0383063409054 ], [ -73.836764335246869, 5.038347244492115 ], [ -73.83674783682828, 5.03837845585954 ], [ -73.836724280874066, 5.038433075022449 ], [ -73.836696624680187, 5.038505554589253 ], [ -73.836687088212472, 5.038530350112761 ], [ -73.836675644163449, 5.038560868138394 ], [ -73.83666515368499, 5.038593292525349 ], [ -73.836652755723762, 5.038637161272804 ], [ -73.836639022838966, 5.038682937515148 ], [ -73.836632918916578, 5.038710403590305 ], [ -73.836629866775866, 5.038736343651825 ], [ -73.836626052911384, 5.038770676088647 ], [ -73.836624145289022, 5.038808822154298 ], [ -73.836622237202405, 5.038837432996204 ], [ -73.836620330929847, 5.038872400953641 ], [ -73.836622237959759, 5.038915635046604 ], [ -73.836626052848871, 5.03895759616694 ], [ -73.836629867272876, 5.038990021158503 ], [ -73.836634888857049, 5.039029300330287 ], [ -73.836642074655146, 5.039063834896492 ], [ -73.836656571167552, 5.039125441832896 ], [ -73.836664199524279, 5.039161682522924 ], [ -73.836670875108481, 5.039190292277303 ], [ -73.836680071734619, 5.03922009691293 ], [ -73.836718560334759, 5.039348603251356 ], [ -73.836729336748746, 5.039383794697958 ], [ -73.836744308453092, 5.039440155151691 ], [ -73.83675193842133, 5.039464950310528 ], [ -73.83677351198881, 5.039555061504068 ], [ -73.836785315927585, 5.039598464750747 ], [ -73.836791862787862, 5.039625198752291 ], [ -73.836797714589423, 5.039652475699682 ], [ -73.836807251553992, 5.03971481385543 ], [ -73.836815833114457, 5.03978157109717 ], [ -73.836819648830229, 5.039817810353235 ], [ -73.836822508572155, 5.039869308825804 ], [ -73.836826325336574, 5.039930344005076 ], [ -73.836828231831561, 5.039964675414964 ], [ -73.836830075115003, 5.040003203960937 ], [ -73.836828231569882, 5.040050506905652 ], [ -73.836826324235375, 5.040086746286007 ], [ -73.836821874067709, 5.040147781243481 ], [ -73.836817741032661, 5.040180206502716 ], [ -73.836809157702348, 5.040216446329462 ], [ -73.836802482219596, 5.04024505606536 ], [ -73.836784518692141, 5.040297053705054 ], [ -73.836758629463944, 5.040350564628157 ], [ -73.836739482336995, 5.040383098794832 ], [ -73.836718558754328, 5.040410995682473 ], [ -73.836697578226406, 5.040433883867886 ], [ -73.836675008012946, 5.040454228536461 ], [ -73.836636543112348, 5.040485382203679 ], [ -73.836601257372251, 5.040510178281135 ], [ -73.836574665541633, 5.040532961471977 ], [ -73.836542907056966, 5.040554039185491 ], [ -73.836477281432138, 5.040605579612786 ], [ -73.836334092679465, 5.040689267819451 ], [ -73.83618136073656, 5.040777738147622 ], [ -73.836050107181819, 5.040849467716713 ], [ -73.835920826060857, 5.040945749042086 ], [ -73.835895538043232, 5.040969849015442 ], [ -73.835861205915904, 5.041002274187618 ], [ -73.835824966729106, 5.041036605778427 ], [ -73.835795402279913, 5.041067123565719 ], [ -73.835773467852519, 5.041090011146004 ], [ -73.835747215288592, 5.041119866791989 ], [ -73.835721969695598, 5.041151045957465 ], [ -73.835624695331902, 5.041261672643637 ], [ -73.835567474445654, 5.041326523644148 ], [ -73.835546493307419, 5.041353226075522 ], [ -73.83552932745279, 5.041374206268306 ], [ -73.835514068478759, 5.041400909489678 ], [ -73.835496902083094, 5.041425704859074 ], [ -73.835463963761981, 5.041474082106542 ], [ -73.835433006886376, 5.041522979855274 ], [ -73.835402755366985, 5.041569506690396 ], [ -73.835359573226768, 5.04163932760335 ], [ -73.835335731354306, 5.041679383204847 ], [ -73.835318299265808, 5.041705300118877 ], [ -73.835291862162919, 5.041746140007021 ], [ -73.835203171352632, 5.041875838748521 ], [ -73.835186005206722, 5.041898728334565 ], [ -73.835166931726775, 5.041925430117842 ], [ -73.835147857073906, 5.04195404039556 ], [ -73.835102082128515, 5.042018102953256 ], [ -73.835073470740966, 5.042055130452852 ], [ -73.835046767568784, 5.042093276706339 ], [ -73.835028647925938, 5.042119979976777 ], [ -73.835002899408266, 5.042152404952481 ], [ -73.834976692324318, 5.042182600773764 ], [ -73.834946632233596, 5.042217255599468 ], [ -73.834922791309452, 5.042243957167513 ], [ -73.834867045523723, 5.042299475521603 ], [ -73.83482878878587, 5.04234680534002 ], [ -73.834804534918121, 5.042385101374715 ], [ -73.83479199064152, 5.042418398931646 ], [ -73.834785638201438, 5.042456962457774 ], [ -73.834783554422131, 5.042499266904285 ], [ -73.83478254926311, 5.042526215145041 ], [ -73.834787295768066, 5.042593209022856 ], [ -73.834810777574191, 5.042662617619207 ], [ -73.834849271371965, 5.042753536981667 ], [ -73.834886835334899, 5.042825802441489 ], [ -73.834906493002819, 5.042863618568799 ], [ -73.83497087603692, 5.042966524821876 ], [ -73.835066265801188, 5.043093368200383 ], [ -73.835190279961864, 5.043244149032385 ], [ -73.835261829780748, 5.043320738869947 ], [ -73.835319064674991, 5.043397323567959 ], [ -73.83536913198769, 5.0435002246329 ], [ -73.835381010592528, 5.04363660825098 ], [ -73.835354715956569, 5.043770584964576 ], [ -73.835311186056771, 5.043897416803836 ], [ -73.835302167559036, 5.043923692121019 ], [ -73.835220987223238, 5.044081574281869 ], [ -73.835149363747419, 5.044198784835244 ], [ -73.835061033088877, 5.044335130745635 ], [ -73.834987022277843, 5.044461911256845 ], [ -73.83493926086868, 5.044576738320899 ], [ -73.834889104334991, 5.044715491139336 ], [ -73.834867596551916, 5.044804009880347 ], [ -73.834846086554677, 5.044902098238365 ], [ -73.834772030331465, 5.04515090201343 ], [ -73.834755276019564, 5.045292059741499 ], [ -73.83473412785446, 5.04545652229834 ], [ -73.834707441808249, 5.045600688100342 ], [ -73.834671621906864, 5.045684417348805 ], [ -73.834633427357801, 5.045734647400448 ], [ -73.834596473149404, 5.04577603199498 ], [ -73.834552271195179, 5.045825535865256 ], [ -73.834487830256819, 5.045878148824226 ], [ -73.834397142380013, 5.045935538222425 ], [ -73.834366243055456, 5.045956916118411 ], [ -73.834296905974753, 5.04600488583113 ], [ -73.834194283010035, 5.046076626407962 ], [ -73.834108373076106, 5.046119660191815 ], [ -73.833991429024934, 5.046205749576253 ], [ -73.833895961032283, 5.046282277953763 ], [ -73.83378536381548, 5.046413773890731 ], [ -73.833721696956346, 5.046521474211699 ], [ -73.83363096543998, 5.046696099757066 ], [ -73.833585597374508, 5.046789394559037 ], [ -73.833540234993563, 5.04686594093955 ], [ -73.833451909392863, 5.046985539219994 ], [ -73.833379182700327, 5.04707950619449 ], [ -73.83336119922842, 5.047102741588274 ], [ -73.833268114794834, 5.047188840988276 ], [ -73.833148768107037, 5.047317997082135 ], [ -73.833095510891283, 5.047380779658799 ], [ -73.83302703023368, 5.047461508393108 ], [ -73.832895750359754, 5.047600228568434 ], [ -73.832795506917662, 5.047686325339632 ], [ -73.832688101220711, 5.047786775305251 ], [ -73.832575930337413, 5.047865687735777 ], [ -73.832447058384034, 5.047944596224871 ], [ -73.832372464266257, 5.047981165902684 ], [ -73.832344054711811, 5.047998428540899 ], [ -73.832283020160503, 5.048032761038372 ], [ -73.832199096353548, 5.048088073774654 ], [ -73.832167625665718, 5.048105239882982 ], [ -73.832139968040295, 5.048126220806726 ], [ -73.832108879078305, 5.048153305345734 ], [ -73.832088412174912, 5.04817378386631 ], [ -73.832023620236669, 5.048244476666016 ], [ -73.832002639036645, 5.04826927235323 ], [ -73.831976413783792, 5.048300362203783 ], [ -73.83195983727488, 5.048325152245922 ], [ -73.831946945130767, 5.048348363895937 ], [ -73.831912994018396, 5.048410415823157 ], [ -73.831897401168135, 5.048441601544532 ], [ -73.83187945258625, 5.048495829767035 ], [ -73.8318693645097, 5.048548282402041 ], [ -73.831846237180386, 5.048662186444051 ], [ -73.8318290707182, 5.048753739255698 ], [ -73.83180236819814, 5.04887771611475 ], [ -73.83179473867682, 5.048912048023612 ], [ -73.831785838251932, 5.048954645369176 ], [ -73.831778526126584, 5.048984528242205 ], [ -73.831763268322192, 5.049032211287864 ], [ -73.831754684110635, 5.049072265378819 ], [ -73.831746515749302, 5.049118564754453 ], [ -73.831740379134757, 5.049158097185318 ], [ -73.831739424526532, 5.04919433627587 ], [ -73.831741235283644, 5.049234393336866 ], [ -73.831742216266363, 5.049260639535126 ], [ -73.83174826298648, 5.049295035364434 ], [ -73.831760964533984, 5.049330442521107 ], [ -73.831771659319102, 5.049353980489971 ], [ -73.831787109203617, 5.04938125605514 ], [ -73.831803320832947, 5.049402237769952 ], [ -73.831824302928041, 5.049421311211125 ], [ -73.831850051603112, 5.049440383972644 ], [ -73.831890105783302, 5.049463271677167 ], [ -73.831922530563091, 5.049482345833471 ], [ -73.831947327190903, 5.049501418905451 ], [ -73.831979751070378, 5.049520492154531 ], [ -73.832006453612777, 5.049539566400589 ], [ -73.832033627882112, 5.049557036507196 ], [ -73.832070032193059, 5.049586613583979 ], [ -73.832104229245019, 5.049611279725721 ], [ -73.832130433179017, 5.049634932638084 ], [ -73.832148234262817, 5.049654007429052 ], [ -73.832170486231718, 5.049684524763964 ], [ -73.832204819049551, 5.049726486623618 ], [ -73.832230949882444, 5.049755083248693 ], [ -73.83226394561386, 5.04979515099304 ], [ -73.832292704487045, 5.049830264254759 ], [ -73.832321166985906, 5.049871445440232 ], [ -73.832339286083126, 5.049894332279755 ], [ -73.832365035851168, 5.049924850549034 ], [ -73.832385062590987, 5.049942016697345 ], [ -73.832405089763782, 5.04996871988543 ], [ -73.83243560745386, 5.050008773601692 ], [ -73.832462310460585, 5.050037383958699 ], [ -73.832492829256125, 5.050069809122882 ], [ -73.832509993606195, 5.050092697180236 ], [ -73.832530021062993, 5.050117492773243 ], [ -73.832582473832503, 5.050195693653422 ], [ -73.832601547162767, 5.050222396246378 ], [ -73.832623481249016, 5.050254821555462 ], [ -73.832638739971372, 5.050275802653508 ], [ -73.832659720831288, 5.050310134962853 ], [ -73.832680529466089, 5.050340329254531 ], [ -73.832710265753434, 5.050376891835701 ], [ -73.832733153983455, 5.050407410135787 ], [ -73.832746505625025, 5.050430298551279 ], [ -73.832759857348478, 5.050458907923396 ], [ -73.832774161484252, 5.050491333060758 ], [ -73.832790382200002, 5.050535651926468 ], [ -73.832794188614912, 5.050575255756491 ], [ -73.832787900474472, 5.050604192575594 ], [ -73.832771801006899, 5.050643574903996 ], [ -73.832750320277839, 5.050668716945235 ], [ -73.832721074063627, 5.050678889670958 ], [ -73.83268254971307, 5.050684548753422 ], [ -73.832647323332765, 5.050687790158266 ], [ -73.832612990724684, 5.050687789865957 ], [ -73.832584127010563, 5.050683720331946 ], [ -73.832556930415294, 5.050677800794031 ], [ -73.832527923104536, 5.050670813952377 ], [ -73.83248233780624, 5.050659179849639 ], [ -73.832430313382062, 5.050647268950442 ], [ -73.832385063094549, 5.050634384704408 ], [ -73.832351684816416, 5.050624847942534 ], [ -73.832324027967545, 5.050621033848037 ], [ -73.832285881022187, 5.050613403548232 ], [ -73.832258224173742, 5.050609589450767 ], [ -73.832208633198206, 5.050592422301825 ], [ -73.832178115950853, 5.050586700659728 ], [ -73.832132339865083, 5.050573349220705 ], [ -73.832101186503095, 5.050566991320673 ], [ -73.832057317311325, 5.050559362008822 ], [ -73.832027435552874, 5.05055236811979 ], [ -73.831968307802171, 5.05053520231811 ], [ -73.831942558048027, 5.050529480886906 ], [ -73.83187293124962, 5.050508551362692 ], [ -73.831827163853831, 5.050497054992664 ], [ -73.831782340807379, 5.050489425073614 ], [ -73.831746101315531, 5.050483704409186 ], [ -73.831718445096101, 5.050481796066125 ], [ -73.831650415394762, 5.05047416692003 ], [ -73.831609694757773, 5.050474328596547 ], [ -73.831560015703914, 5.050477965815941 ], [ -73.831518707726133, 5.050491691310056 ], [ -73.831484794573043, 5.050514221332775 ], [ -73.831464766801929, 5.050535202425278 ], [ -73.831450461906059, 5.050558090109598 ], [ -73.831434249987907, 5.050588607880709 ], [ -73.831414223049904, 5.050628662152883 ], [ -73.831402193754784, 5.050659812539902 ], [ -73.831387519865714, 5.050706863196968 ], [ -73.831376173668531, 5.05074507115246 ], [ -73.831364631490757, 5.050783158098557 ], [ -73.831356482536265, 5.050825588879954 ], [ -73.831351344737655, 5.050867135308208 ], [ -73.831348419180443, 5.050907583938693 ], [ -73.831348418972823, 5.050985337221199 ], [ -73.831348419324996, 5.051013946541005 ], [ -73.831345652877204, 5.051073741437844 ], [ -73.831347461593381, 5.051121404428907 ], [ -73.831361770281688, 5.051177978526656 ], [ -73.831368437994939, 5.051203254596068 ], [ -73.831373214678621, 5.051240921561607 ], [ -73.831377983646888, 5.051286697602635 ], [ -73.83138405155313, 5.051321417370633 ], [ -73.831390380175321, 5.051355362185451 ], [ -73.831402778082207, 5.051389694677345 ], [ -73.831414233378027, 5.051425772174081 ], [ -73.831434078573679, 5.05147749056579 ], [ -73.831452357442657, 5.051526592099928 ], [ -73.831474303960093, 5.051570893716272 ], [ -73.831485749396961, 5.051595687667872 ], [ -73.831501007294662, 5.051622389752549 ], [ -73.831518173267924, 5.051652909095094 ], [ -73.831545829147956, 5.051694870484577 ], [ -73.83156204181482, 5.051721573153175 ], [ -73.831613540652143, 5.051813124835089 ], [ -73.831649217437729, 5.051875739981404 ], [ -73.83166313178522, 5.051904678050733 ], [ -73.831681251433665, 5.051942825616644 ], [ -73.831691741850349, 5.05196952928055 ], [ -73.831726074134821, 5.052053451781401 ], [ -73.83174133303423, 5.052085876623639 ], [ -73.831775665258519, 5.052164078161304 ], [ -73.831787109543711, 5.052190780599341 ], [ -73.831806181693224, 5.052238463979673 ], [ -73.831819535190093, 5.052286148356679 ], [ -73.83184917564499, 5.052418770159804 ], [ -73.831853501462177, 5.052449593718095 ], [ -73.83185549157227, 5.052484478875707 ], [ -73.831851005855725, 5.052520752353045 ], [ -73.83184432936325, 5.052560806716165 ], [ -73.83183670144011, 5.05260276807877 ], [ -73.83182716269036, 5.05265998898654 ], [ -73.831819534610787, 5.052690505718306 ], [ -73.83180618296322, 5.052736282359513 ], [ -73.831735611254274, 5.05295753376286 ], [ -73.831726075093172, 5.052984236857425 ], [ -73.831713474911624, 5.053024868016084 ], [ -73.831703186250266, 5.053070068814873 ], [ -73.831666455612734, 5.053242638727382 ], [ -73.831659317360419, 5.053277969050888 ], [ -73.831656392287314, 5.053303908958444 ], [ -73.831655608070378, 5.053331503045228 ], [ -73.831655501880803, 5.053365706765676 ], [ -73.831655503155986, 5.053438187015911 ], [ -73.831657409264437, 5.053474426960062 ], [ -73.831659316781057, 5.053525924902488 ], [ -73.831661224066835, 5.053560256350661 ], [ -73.831663131354276, 5.053594588703683 ], [ -73.831687927128115, 5.053915023773275 ], [ -73.831703186309511, 5.054140090695114 ], [ -73.831709861161599, 5.054243087432621 ], [ -73.831716537351383, 5.05431175208507 ], [ -73.831726709712967, 5.054354371125533 ], [ -73.831742286640534, 5.054403305064332 ], [ -73.831773757677027, 5.0544986731201 ], [ -73.831819534081689, 5.054643631001604 ], [ -73.831838702104918, 5.05470130646249 ], [ -73.831848145000691, 5.054735183920109 ], [ -73.83191204124013, 5.054962158451132 ], [ -73.831923555361882, 5.055010295825954 ], [ -73.831931292563738, 5.055054689832556 ], [ -73.831935026690019, 5.055104812647347 ], [ -73.831935023953747, 5.055200974870936 ], [ -73.831930325370152, 5.055264905044095 ], [ -73.831923484952085, 5.055301667489212 ], [ -73.831915854515344, 5.055335999405303 ], [ -73.831903457619248, 5.055381775732538 ], [ -73.831891059573636, 5.055410385568767 ], [ -73.831874846882798, 5.055433273007194 ], [ -73.831852912607914, 5.055463790903488 ], [ -73.83181953425786, 5.055509567001615 ], [ -73.831802367696426, 5.055532454757828 ], [ -73.831780433964468, 5.055559159283465 ], [ -73.831753730074382, 5.055591583646554 ], [ -73.831731795706276, 5.055616377867962 ], [ -73.831543922332926, 5.055820464862618 ], [ -73.831518172836738, 5.055849074626547 ], [ -73.831493377205959, 5.05587768497626 ], [ -73.83146667509638, 5.055910111139271 ], [ -73.8313140871917, 5.05609702977745 ], [ -73.831289290641777, 5.056125641028256 ], [ -73.831254958277086, 5.056165695563546 ], [ -73.831221580677749, 5.056205749778376 ], [ -73.831155776550602, 5.056280136026828 ], [ -73.831138610850715, 5.056303024675903 ], [ -73.831119537964199, 5.056322097876176 ], [ -73.831102371008498, 5.056341172252238 ], [ -73.831075668430287, 5.0563640586483 ], [ -73.831046312188278, 5.056391492092073 ], [ -73.831012724747254, 5.056421280153807 ], [ -73.830993651854698, 5.056440354256425 ], [ -73.830973274363529, 5.056469586044894 ], [ -73.830946917564887, 5.05651029456313 ], [ -73.830912265265468, 5.05655708759524 ], [ -73.830880844303422, 5.056602262091655 ], [ -73.830855368960641, 5.056646347576566 ], [ -73.830830438547807, 5.056681831920673 ], [ -73.830800157806422, 5.056718165610379 ], [ -73.830770492744321, 5.056739807898303 ], [ -73.830743153503391, 5.056753158962723 ], [ -73.830712318247819, 5.056766509981951 ], [ -73.830682198402855, 5.056772611604409 ], [ -73.83064746825444, 5.056776046879215 ], [ -73.830601862528383, 5.056774215829511 ], [ -73.830568313348323, 5.056770325093931 ], [ -73.830537795804673, 5.056764603421022 ], [ -73.830492159357661, 5.056752118676971 ], [ -73.830446242568783, 5.056739170965082 ], [ -73.83042144689405, 5.056730270180382 ], [ -73.830378699781605, 5.056714047989979 ], [ -73.830341339370293, 5.056703567908473 ], [ -73.830312829669907, 5.056689292980238 ], [ -73.830274581703534, 5.056669235360336 ], [ -73.830251057394534, 5.056655248145026 ], [ -73.830225944277515, 5.056638717398985 ], [ -73.830196380054886, 5.056612013713496 ], [ -73.830167770397608, 5.056592940973198 ], [ -73.830150604106194, 5.056570052875356 ], [ -73.8301362987971, 5.056545258047708 ], [ -73.830121040521576, 5.056520461725125 ], [ -73.830111503931306, 5.056493759534228 ], [ -73.830096244562711, 5.056427002567787 ], [ -73.83009147578646, 5.056398391205429 ], [ -73.83009147587255, 5.05635452297093 ], [ -73.830086708559591, 5.056322099141375 ], [ -73.830077066989787, 5.056256181992892 ], [ -73.830075079505249, 5.056199933256954 ], [ -73.830069940844538, 5.056158649744116 ], [ -73.830066978590253, 5.05613134097511 ], [ -73.830064357641504, 5.056087878789318 ], [ -73.83006015137849, 5.056040362742202 ], [ -73.830057779807817, 5.055997849507189 ], [ -73.830052454183928, 5.055955018804587 ], [ -73.830045699309025, 5.055921555040278 ], [ -73.830035209489253, 5.055896758941527 ], [ -73.830022811313981, 5.055870056790767 ], [ -73.830007553686244, 5.055847168050925 ], [ -73.829981570665211, 5.05581504195372 ], [ -73.829953479574286, 5.055785751885976 ], [ -73.82991949213293, 5.055762223807271 ], [ -73.829871853644534, 5.055733724327284 ], [ -73.829830170121326, 5.055707931102787 ], [ -73.829805374522849, 5.055692673160824 ], [ -73.829776764358044, 5.055677413765365 ], [ -73.829754829459091, 5.055662154874538 ], [ -73.829689978635727, 5.055616378785736 ], [ -73.829664229736323, 5.055597305971856 ], [ -73.829599380168972, 5.055555344145751 ], [ -73.829572677405594, 5.055536269833094 ], [ -73.829534530609351, 5.055513382311713 ], [ -73.829506872800366, 5.055496215903026 ], [ -73.829483032044493, 5.055486678590399 ], [ -73.829439699968347, 5.05547164705032 ], [ -73.829395446561691, 5.055461618228176 ], [ -73.829360961281182, 5.055469513505725 ], [ -73.829337119581382, 5.055484771243445 ], [ -73.829311370207677, 5.055505752381849 ], [ -73.829290389885088, 5.055528640439481 ], [ -73.829273224127064, 5.055551529047207 ], [ -73.829253195923229, 5.05558013956237 ], [ -73.829236983748373, 5.055604935445192 ], [ -73.829200744546412, 5.05565643334517 ], [ -73.829178079967065, 5.055693263081633 ], [ -73.82916197117855, 5.055724849418763 ], [ -73.829151153128819, 5.055749892686796 ], [ -73.829140662685518, 5.055778503671026 ], [ -73.829111099364113, 5.055862426592886 ], [ -73.829099655389811, 5.055894852167444 ], [ -73.829067230117246, 5.055974959948215 ], [ -73.829051971405548, 5.056020737199774 ], [ -73.829037665879767, 5.05605888377534 ], [ -73.828998566009986, 5.056177140136224 ], [ -73.828989028801132, 5.056203842310349 ], [ -73.828984260030651, 5.056230545626126 ], [ -73.828977584654808, 5.056280136131408 ], [ -73.828968047681272, 5.056360245409413 ], [ -73.828963279304546, 5.056396483962395 ], [ -73.828953483049602, 5.056458630729906 ], [ -73.828948974740314, 5.056501388059392 ], [ -73.828946114043859, 5.056531905926063 ], [ -73.82894325210512, 5.056558608613322 ], [ -73.828938802228436, 5.056589125797448 ], [ -73.82892990106258, 5.056629181196777 ], [ -73.828924860339768, 5.056664149577704 ], [ -73.828925178004965, 5.056703185097008 ], [ -73.828928946880509, 5.056747436738599 ], [ -73.828932762138948, 5.056785583669199 ], [ -73.828942101190762, 5.056830129528363 ], [ -73.828952788441669, 5.056861877061032 ], [ -73.828968048151978, 5.056882858234077 ], [ -73.828984260829472, 5.0569038390927 ], [ -73.829009374180288, 5.056924820330984 ], [ -73.829036713205838, 5.056943892940727 ], [ -73.82907199869706, 5.056959151968027 ], [ -73.829105730446798, 5.056978857992003 ], [ -73.829142284839676, 5.057003402678268 ], [ -73.829170470111265, 5.057018739556574 ], [ -73.829220929559497, 5.05703792465324 ], [ -73.829256057931929, 5.057054520450074 ], [ -73.829293250609027, 5.057073593108904 ], [ -73.829321861455114, 5.05709076010633 ], [ -73.829347610133013, 5.057111740515521 ], [ -73.82937622070105, 5.057130814195696 ], [ -73.829399452324779, 5.057153072868005 ], [ -73.829430579861224, 5.057189941466895 ], [ -73.829459190218216, 5.05721664459857 ], [ -73.829483985722391, 5.057245254771465 ], [ -73.829518811598319, 5.057282964739851 ], [ -73.829552190596445, 5.057318323742389 ], [ -73.829576968945275, 5.057341957728232 ], [ -73.829606055623259, 5.057369232156621 ], [ -73.829637526766021, 5.057401657101012 ], [ -73.829671891903715, 5.057435417633382 ], [ -73.829707335676275, 5.057462267650464 ], [ -73.829738616758178, 5.057477950742609 ], [ -73.829771041584067, 5.057493209766874 ], [ -73.829814253008934, 5.057511177004386 ], [ -73.829847335592746, 5.05752563522497 ], [ -73.829877853306272, 5.05754280065528 ], [ -73.829906152990461, 5.057554410851285 ], [ -73.829947703996837, 5.057580210553876 ], [ -73.829972266886784, 5.057596206292267 ], [ -73.829994201863272, 5.057611466068194 ], [ -73.830017089806546, 5.057626724622735 ], [ -73.830038439072638, 5.057645499890411 ], [ -73.830063228444999, 5.057673514598678 ], [ -73.830090522574906, 5.057712555369401 ], [ -73.830101857456498, 5.057739038070529 ], [ -73.83012771626197, 5.057793299769385 ], [ -73.830144882061475, 5.057838440060898 ], [ -73.830156326492173, 5.057870864382194 ], [ -73.830165863184718, 5.057903289337075 ], [ -73.830172537643648, 5.057933807653657 ], [ -73.830177732205172, 5.057969354745143 ], [ -73.830178396078423, 5.058003106832341 ], [ -73.830171584837444, 5.058069228747969 ], [ -73.830163001747579, 5.058113098020603 ], [ -73.830151787550008, 5.058156560731158 ], [ -73.830141448493848, 5.058192061662313 ], [ -73.830131531327041, 5.058218002385554 ], [ -73.830117977418809, 5.058251074081554 ], [ -73.830097283178333, 5.058290294866045 ], [ -73.830058931815643, 5.058339329597965 ], [ -73.830024718644168, 5.05837249834104 ], [ -73.829999923068684, 5.058393479203173 ], [ -73.829970359661615, 5.058416365617041 ], [ -73.829948424724279, 5.058431624568609 ], [ -73.829911231875741, 5.05845642110275 ], [ -73.829885482977772, 5.05847358709778 ], [ -73.829857826059225, 5.058492661315678 ], [ -73.829822540320151, 5.058515549623273 ], [ -73.829799651571335, 5.058536529847472 ], [ -73.829778671120792, 5.058553696067127 ], [ -73.829755897177805, 5.058580502075029 ], [ -73.829735755365419, 5.0586071011029 ], [ -73.82972145117553, 5.058629989686404 ], [ -73.829704284188978, 5.058654785000922 ], [ -73.829671859827087, 5.058710097763891 ], [ -73.829632759051748, 5.058773041290455 ], [ -73.829610823735464, 5.058809280104906 ], [ -73.829593658267143, 5.058835983005914 ], [ -73.829559325734053, 5.058881759353917 ], [ -73.829535008129483, 5.058914566107068 ], [ -73.829516943150026, 5.058932936668512 ], [ -73.829481124641845, 5.058973311586051 ], [ -73.829458235932876, 5.05900001457258 ], [ -73.829429625581582, 5.059034347099372 ], [ -73.829400061979356, 5.059070587530861 ], [ -73.829375935080122, 5.059109305936738 ], [ -73.829363727041383, 5.059132053378424 ], [ -73.829351107652897, 5.059157053714625 ], [ -73.829336167100493, 5.059186934588797 ], [ -73.829321860587427, 5.059219360216268 ], [ -73.829308724510724, 5.059256733401686 ], [ -73.82929515798736, 5.059309005887776 ], [ -73.829287942616844, 5.059347671877283 ], [ -73.829284668725919, 5.059386062247858 ], [ -73.829284667957197, 5.059420903822113 ], [ -73.829288864115824, 5.059458350743975 ], [ -73.829309098682884, 5.059491111321642 ], [ -73.829348696353151, 5.059529917373659 ], [ -73.829402543199805, 5.059583402129991 ], [ -73.829436111723453, 5.059620794250407 ], [ -73.829456329058416, 5.059641428796428 ], [ -73.829487184997049, 5.059667580645089 ], [ -73.829507827273943, 5.059692382747204 ], [ -73.829514503817066, 5.059720992573333 ], [ -73.82950243532396, 5.05975056843281 ], [ -73.829478263975219, 5.059782028467297 ], [ -73.829474398030058, 5.059821072048647 ], [ -73.829469775854392, 5.059853744994188 ], [ -73.829448699131419, 5.059894561650086 ], [ -73.829436489303518, 5.059934336238508 ], [ -73.829431534235042, 5.059972763148111 ], [ -73.829427915121698, 5.060018553563215 ], [ -73.829426511385179, 5.060045838966034 ], [ -73.82942644729863, 5.06008338907154 ], [ -73.829431033752513, 5.060124713110142 ], [ -73.829435984053021, 5.060171126907536 ], [ -73.829429627358763, 5.060201644723742 ], [ -73.829424858325112, 5.060230254726825 ], [ -73.829421043578748, 5.060268402363154 ], [ -73.829411506356905, 5.060295105452114 ], [ -73.829392432477988, 5.060319900493109 ], [ -73.829372146681649, 5.060365290551912 ], [ -73.829360962368696, 5.060415267805477 ], [ -73.829357146582552, 5.060441970807842 ], [ -73.829352731114028, 5.060475395484824 ], [ -73.829350789489311, 5.060524622481993 ], [ -73.829347609734057, 5.060552597 ], [ -73.829344431597718, 5.060581842941014 ], [ -73.829342622908882, 5.060621366215626 ], [ -73.829336165694912, 5.060659409549149 ], [ -73.829322814559873, 5.060693740642329 ], [ -73.82931137138705, 5.060720444361702 ], [ -73.829296555404952, 5.060752498719383 ], [ -73.829283714337237, 5.060789108675063 ], [ -73.829274177449946, 5.060819626038551 ], [ -73.829264640495651, 5.060844421536774 ], [ -73.829253514165515, 5.060870488685158 ], [ -73.829236983582391, 5.060899733623594 ], [ -73.829217909750355, 5.060930252338163 ], [ -73.829202651627114, 5.060953140331383 ], [ -73.829183578069475, 5.060981750550011 ], [ -73.829164505134187, 5.061012268357656 ], [ -73.829147338766603, 5.061044694029073 ], [ -73.829133033397653, 5.061075211162201 ], [ -73.8291225438727, 5.061109543115062 ], [ -73.829105377269386, 5.061174392389264 ], [ -73.829082150284066, 5.061250884092962 ], [ -73.829067230228716, 5.061292647564273 ], [ -73.829057693885787, 5.061319350650884 ], [ -73.829047521324327, 5.061346053646991 ], [ -73.829031944478743, 5.061382293367812 ], [ -73.828997611907553, 5.061464309399734 ], [ -73.828985213997953, 5.061496734395059 ], [ -73.82897186249086, 5.061527252115892 ], [ -73.828958511113129, 5.061569214472692 ], [ -73.82894992863875, 5.061595917242772 ], [ -73.828938484600727, 5.061628341921766 ], [ -73.828924025598752, 5.061669335612441 ], [ -73.828915147755168, 5.061719928884558 ], [ -73.828902244409448, 5.061777115192202 ], [ -73.828896980018911, 5.061806516737677 ], [ -73.828890800411514, 5.061840057694711 ], [ -73.828888045608224, 5.061884275144181 ], [ -73.828881582080641, 5.06192588752593 ], [ -73.828868734473289, 5.061968022984161 ], [ -73.828865051514867, 5.062004090021843 ], [ -73.828868865819217, 5.062030793212188 ], [ -73.828881803761988, 5.062066706854313 ], [ -73.828891753940283, 5.062101363754569 ], [ -73.828894493218414, 5.062132143215564 ], [ -73.828886985273485, 5.062164306761502 ], [ -73.828866958635018, 5.062187195427248 ], [ -73.82884597714947, 5.062204360734378 ], [ -73.828825950443942, 5.062221527533612 ], [ -73.828800387390942, 5.062255086062559 ], [ -73.828780173936977, 5.062297820962558 ], [ -73.828767776566067, 5.062326431681016 ], [ -73.828687941160211, 5.062484993260915 ], [ -73.828668880997895, 5.062518501837437 ], [ -73.828647614343396, 5.062553405923361 ], [ -73.828594208430218, 5.062643052288076 ], [ -73.828565689940675, 5.062689433818428 ], [ -73.828532218007524, 5.062742233109071 ], [ -73.828472069783331, 5.062836715892906 ], [ -73.828448963543977, 5.062875564200187 ], [ -73.828430175590853, 5.062902450154278 ], [ -73.828403472235493, 5.062940597218886 ], [ -73.828308105699776, 5.063072204524361 ], [ -73.828284263063338, 5.063110351545686 ], [ -73.828264235815496, 5.063137054477052 ], [ -73.828243592302414, 5.063167384247185 ], [ -73.828193665092201, 5.063253402807824 ], [ -73.828179359584354, 5.063278198971672 ], [ -73.828162705136251, 5.063311594061544 ], [ -73.828145651844196, 5.063347854666884 ], [ -73.828124443565031, 5.063404565649869 ], [ -73.828104426228577, 5.063449711020493 ], [ -73.828085899349205, 5.063480377428859 ], [ -73.828059733744809, 5.063506415846706 ], [ -73.828021362385712, 5.063537930218703 ], [ -73.82798940390181, 5.063559623335293 ], [ -73.827957280834553, 5.063578923123662 ], [ -73.827932357672751, 5.063600541179779 ], [ -73.827904701449768, 5.063625336317084 ], [ -73.827867507791524, 5.063665389897043 ], [ -73.827852248665891, 5.063688278780925 ], [ -73.827833175205228, 5.063709259522485 ], [ -73.827813148261058, 5.063739776721326 ], [ -73.827799796889821, 5.063762664974621 ], [ -73.827750205787311, 5.063861847090929 ], [ -73.827738761267611, 5.063884734715039 ], [ -73.82772445663214, 5.063909529967389 ], [ -73.827706337438386, 5.063940048344735 ], [ -73.827690124196721, 5.063970566094484 ], [ -73.82766132344382, 5.064028549155859 ], [ -73.827651564582482, 5.064059877612942 ], [ -73.827645426495579, 5.064094188611366 ], [ -73.827644347844242, 5.064122390298117 ], [ -73.827644348258744, 5.064188003996312 ], [ -73.827643712604768, 5.064214706553861 ], [ -73.827638626602479, 5.06425031025574 ], [ -73.827626837768506, 5.064292694113499 ], [ -73.827610969633696, 5.064334868719201 ], [ -73.827600478478914, 5.064367294886883 ], [ -73.827591895645043, 5.064395904338003 ], [ -73.827583312586853, 5.064432144152121 ], [ -73.827576637231388, 5.064462661469659 ], [ -73.827568772654672, 5.064508236519329 ], [ -73.827560424147492, 5.064540863556308 ], [ -73.827548344689532, 5.064573288135096 ], [ -73.827531814221004, 5.064619064300508 ], [ -73.827518462601859, 5.064649582915068 ], [ -73.827505558014579, 5.064678937219028 ], [ -73.827491339049089, 5.064710088582951 ], [ -73.827477812445053, 5.064759841690713 ], [ -73.827476873861841, 5.064814454461992 ], [ -73.827483177308693, 5.064849853566376 ], [ -73.827486038196966, 5.064877647522887 ], [ -73.827486038395492, 5.064975739130561 ], [ -73.827480316012256, 5.065006256134634 ], [ -73.827456473722023, 5.06505966205805 ], [ -73.82744407591683, 5.065084457585912 ], [ -73.827424384522047, 5.065119148790595 ], [ -73.827403054935857, 5.065142282524053 ], [ -73.827375411682851, 5.065164565551488 ], [ -73.827348709205737, 5.065183640306173 ], [ -73.82730894023733, 5.065212630785441 ], [ -73.827280915615447, 5.065230236718257 ], [ -73.827215194535128, 5.065263748818507 ], [ -73.827184677084603, 5.065279006928336 ], [ -73.827159771441629, 5.065295306676806 ], [ -73.827135086054497, 5.065309524805713 ], [ -73.827106475797265, 5.065328597466296 ], [ -73.827077451561465, 5.065349282334004 ], [ -73.827045441329389, 5.065374375307749 ], [ -73.826954841851716, 5.065444946173321 ], [ -73.826930045307606, 5.065464020288611 ], [ -73.826901590272456, 5.065489496023434 ], [ -73.82687950142649, 5.06551170406703 ], [ -73.826850890637473, 5.065540313769456 ], [ -73.826771736336767, 5.065626145198016 ], [ -73.826743125538002, 5.065654754897195 ], [ -73.826723099009399, 5.065675735932752 ], [ -73.826698302782461, 5.06569862341334 ], [ -73.826672553625784, 5.065727233978905 ], [ -73.826644896985144, 5.065753936674859 ], [ -73.826616287077641, 5.065782546368993 ], [ -73.826592127445792, 5.065802891991824 ], [ -73.826555727189572, 5.065829724400476 ], [ -73.826503753374269, 5.06586074842513 ], [ -73.826464217963377, 5.065881851201885 ], [ -73.826431274684197, 5.06590207410982 ], [ -73.826407432227015, 5.065925598339189 ], [ -73.82638835870732, 5.0659523009236 ], [ -73.826361357665633, 5.066002801511676 ], [ -73.826345719395647, 5.066030649873294 ], [ -73.826334423522567, 5.066054108305903 ], [ -73.826320361990184, 5.066088485529037 ], [ -73.826308476819221, 5.066121180423637 ], [ -73.826297760226836, 5.066160202902061 ], [ -73.826290130920384, 5.066190719625862 ], [ -73.826284288639187, 5.066225646503241 ], [ -73.826280594184567, 5.066261291866372 ], [ -73.82627868637222, 5.066291808522633 ], [ -73.826276595764995, 5.066336140969672 ], [ -73.826267991165025, 5.066373249540028 ], [ -73.82625389030629, 5.066410064693147 ], [ -73.826229917243481, 5.066432381910621 ], [ -73.826190928413766, 5.066449019057563 ], [ -73.826152962541869, 5.066456804686309 ], [ -73.826109300152098, 5.066475023278993 ], [ -73.826076030678834, 5.066497086313227 ], [ -73.826040267662805, 5.06652832037024 ], [ -73.826002168764887, 5.066558566510373 ], [ -73.825951258402171, 5.066596348969094 ], [ -73.825927734752327, 5.066617966093795 ], [ -73.825903892677132, 5.066644668423169 ], [ -73.825874481526895, 5.066669169833421 ], [ -73.82584190387081, 5.066698074147165 ], [ -73.825817107816604, 5.06671333304869 ], [ -73.825790404653446, 5.066736221129715 ], [ -73.825765609829787, 5.066755295210935 ], [ -73.825744629307778, 5.06677055376462 ], [ -73.825723533450031, 5.066785952729062 ], [ -73.825685502040528, 5.066812514800881 ], [ -73.825651935144549, 5.066834906687251 ], [ -73.825578689170001, 5.06688117962578 ], [ -73.825557708640204, 5.066896439079649 ], [ -73.825518932947475, 5.066916085716881 ], [ -73.825477599785458, 5.066936493041639 ], [ -73.825448989650141, 5.066947937090956 ], [ -73.825420379226955, 5.066961288731098 ], [ -73.825391495216877, 5.066971681599465 ], [ -73.82534145159876, 5.066987785326136 ], [ -73.825301102143854, 5.066997565702649 ], [ -73.825257504572932, 5.067002909730856 ], [ -73.825218200517824, 5.067005157944503 ], [ -73.825178344638914, 5.067010624789521 ], [ -73.825131416078591, 5.067022323854806 ], [ -73.825088391495399, 5.067037580645663 ], [ -73.825041771322248, 5.067060470576903 ], [ -73.825014197449292, 5.067076397213963 ], [ -73.824984550518067, 5.067098617564993 ], [ -73.824960707983792, 5.067110061849477 ], [ -73.824939727429722, 5.067125321286785 ], [ -73.824916203914157, 5.067145665146632 ], [ -73.824893950850537, 5.067167282431736 ], [ -73.824870109324493, 5.067195892323809 ], [ -73.82484245323316, 5.067235947200786 ], [ -73.82482465024647, 5.067264777434185 ], [ -73.824810027281245, 5.067302704490663 ], [ -73.824809045128106, 5.067338768097073 ], [ -73.824814891223667, 5.067387199720323 ], [ -73.824821586764372, 5.067424436279638 ], [ -73.82482529554531, 5.0674541096251 ], [ -73.824827193593478, 5.067487716294095 ], [ -73.824819949246134, 5.067523682913769 ], [ -73.824809074111457, 5.067554474345628 ], [ -73.824796676165008, 5.067579269845155 ], [ -73.824778556456963, 5.067611694863526 ], [ -73.824752370782463, 5.067639217303136 ], [ -73.824721336564949, 5.067661285578205 ], [ -73.824684142671629, 5.067682265835799 ], [ -73.824651718206368, 5.067703247250311 ], [ -73.824628830141933, 5.067716597901875 ], [ -73.82458924845514, 5.067736222899681 ], [ -73.824556350113738, 5.067758560499207 ], [ -73.824526786684288, 5.067777634289118 ], [ -73.824501990877351, 5.067796707430064 ], [ -73.824478598768337, 5.067826770058004 ], [ -73.824454307458936, 5.06785583569408 ], [ -73.824431419487212, 5.067886352858039 ], [ -73.824407577236187, 5.067901611406818 ], [ -73.824380442712055, 5.067908923437993 ], [ -73.824333720890607, 5.067913632516567 ], [ -73.82430394441289, 5.067927677874961 ], [ -73.824278328699648, 5.067952787031127 ], [ -73.824253219278503, 5.067975064920862 ], [ -73.824225425517213, 5.067996978829216 ], [ -73.82419624313988, 5.068016243061788 ], [ -73.824170914353687, 5.068022803502299 ], [ -73.824141311307031, 5.068025589496397 ], [ -73.824106852015376, 5.068015416746975 ], [ -73.824077605708339, 5.068014145483025 ], [ -73.82404804251037, 5.068025589791043 ], [ -73.82401593537233, 5.068048476557548 ], [ -73.82398319159779, 5.068050385144452 ], [ -73.82395224400598, 5.068034021811957 ], [ -73.823904415135033, 5.068000478170112 ], [ -73.823883533306258, 5.067984008803301 ], [ -73.8238487241331, 5.067962646121457 ], [ -73.823808954927841, 5.067938999377388 ], [ -73.823740082623601, 5.067906730422034 ], [ -73.823696136556876, 5.067892074943776 ], [ -73.823648198007376, 5.067878085145302 ], [ -73.823613086647441, 5.067871782677927 ], [ -73.823583207854924, 5.067869185568457 ], [ -73.823540687266473, 5.067869186319441 ], [ -73.823513030880349, 5.067869187145718 ], [ -73.823454856446162, 5.067869187008479 ], [ -73.8234246565722, 5.06787172939788 ], [ -73.823379516300903, 5.067876816465327 ], [ -73.823332506598376, 5.067880825422985 ], [ -73.823271450390692, 5.067887038567742 ], [ -73.823214242715764, 5.067892221522857 ], [ -73.823164939459787, 5.067895889514437 ], [ -73.823137283384213, 5.067899703699763 ], [ -73.8230972285901, 5.067903519183817 ], [ -73.823070526085559, 5.067903519682421 ], [ -73.823042870007328, 5.067907332958939 ], [ -73.822868374574185, 5.06792296594381 ], [ -73.822825431470818, 5.067926407730285 ], [ -73.822794914024868, 5.067928315234139 ], [ -73.822760581933736, 5.067930222159574 ], [ -73.822643279770546, 5.067937850615248 ], [ -73.822613715307142, 5.067939758708475 ], [ -73.822536467649002, 5.067945480188414 ], [ -73.822498320615225, 5.067949295020039 ], [ -73.82229709566667, 5.067960739441101 ], [ -73.822245279259278, 5.067964554443284 ], [ -73.822197443149705, 5.067965914735292 ], [ -73.822137015065877, 5.067968603178882 ], [ -73.822076786766559, 5.067970850661915 ], [ -73.821992459160072, 5.067975676146719 ], [ -73.821932792157057, 5.067977905709487 ], [ -73.821887016119106, 5.067979813558479 ], [ -73.821853636701107, 5.067983626819212 ], [ -73.821361541134223, 5.067995071284504 ], [ -73.821331023968938, 5.0679950720316 ], [ -73.820940018398844, 5.068002701110398 ], [ -73.820545196630604, 5.06801414455381 ], [ -73.820499701532739, 5.068014145260297 ], [ -73.820462226487422, 5.068014145744018 ], [ -73.820434570071555, 5.068014144629805 ], [ -73.820315361834318, 5.068010330429179 ], [ -73.820278174836076, 5.068011179361879 ], [ -73.820227304885989, 5.068014145084426 ], [ -73.820194244612694, 5.068014145383429 ], [ -73.820072343925574, 5.068017852716921 ], [ -73.820009367028717, 5.068015329079565 ], [ -73.819955826011039, 5.068014145440147 ], [ -73.819918631919293, 5.068017960724398 ], [ -73.819875497399281, 5.06802208306908 ], [ -73.819781500586629, 5.068032389928208 ], [ -73.819713686148646, 5.068028820864039 ], [ -73.819681563833342, 5.06818229621957 ], [ -73.819442427732284, 5.068839027974914 ], [ -73.819174739145296, 5.069584987682314 ], [ -73.818778558192591, 5.070712851626674 ], [ -73.818482315169916, 5.071562319951325 ], [ -73.818275302086576, 5.07215123701079 ], [ -73.817971919594584, 5.073000705267443 ], [ -73.817704231944759, 5.073735957671802 ], [ -73.817661401680922, 5.073843033562106 ], [ -73.817600725325036, 5.073950109414311 ], [ -73.817197406443384, 5.074567580121532 ], [ -73.816579936208953, 5.075574091746311 ], [ -73.816219447684361, 5.076116607699173 ], [ -73.815680500048003, 5.076958938345304 ], [ -73.81518081322254, 5.077744159610194 ], [ -73.814802479419413, 5.078340215310431 ], [ -73.81470611120622, 5.078493690293842 ], [ -73.814556204893876, 5.078679288234147 ], [ -73.814374176187684, 5.078864885963308 ], [ -73.814010118184314, 5.079264634628304 ], [ -73.813128528379366, 5.080228316736069 ], [ -73.812357583086168, 5.081038524294651 ], [ -73.811493837975377, 5.081966513604749 ], [ -73.810683631997392, 5.082844535039231 ], [ -73.810491511627276, 5.083051968954287 ], [ -73.810462951471195, 5.083068847451884 ], [ -73.810411452632536, 5.083038330883223 ] ] ] ] } }
]
}
