{
"type": "FeatureCollection",
"name": "perdida_bosque_con_carbono_2001_2024_PROYECTADO",
"crs": { "type": "name", "properties": { "name": "urn:ogc:def:crs:EPSG::9377" } },
"features": [
{ "type": "Feature", "properties": { "id": "+393863+278195", "Area_ha": 1.4230388566308232, "count": 16, "value": 1, "Porcentaje_Cobertura_Forestal": 4.0923859027881004, "NDVI_Medio_Poligono": 0.74085913912434342, "Codigo_Tipo_Bosque_Predom": 0.0, "Densidad_C_Media_tC_ha": 26.241111755371094, "Carbono_Perdido_tC": 37.342121669084932, "Nombre_Tipo_Bosque_Predom": "Sin Datos" }, "geometry": { "type": "MultiPolygon", "coordinates": [ [ [ [ 4905104.0006, 2113910.864199999719858 ], [ 4905103.520917543210089, 2113911.604326056316495 ], [ 4905111.669023796916008, 2113911.593645513057709 ], [ 4905111.653612036257982, 2113899.833650328684598 ], [ 4905104.0006, 2113910.864199999719858 ] ] ] ] } },
{ "type": "Feature", "properties": { "id": "+393864+278182", "Area_ha": 0.088939590194787893, "count": 1, "value": 1, "Porcentaje_Cobertura_Forestal": 0.0, "NDVI_Medio_Poligono": 0.66331127088467723, "Codigo_Tipo_Bosque_Predom": 0.0, "Densidad_C_Media_tC_ha": 4.0942144393920898, "Carbono_Perdido_tC": 0.36413775440911572, "Nombre_Tipo_Bosque_Predom": "Sin Datos" }, "geometry": { "type": "MultiPolygon", "coordinates": [ [ [ [ 4905171.929046634584665, 2114030.638584566768259 ], [ 4905201.418859228491783, 2114030.599957541096956 ], [ 4905201.379858083091676, 2114000.819037734996527 ], [ 4905171.515282578766346, 2114000.858153551351279 ], [ 4905171.553805409930646, 2114030.264572389889508 ], [ 4905171.929046634584665, 2114030.638584566768259 ] ] ] ] } },
{ "type": "Feature", "properties": { "id": "+393864+278342", "Area_ha": 0.08894530449155863, "count": 1, "value": 1, "Porcentaje_Cobertura_Forestal": 0.0, "NDVI_Medio_Poligono": 0.63945447035073943, "Codigo_Tipo_Bosque_Predom": 0.0, "Densidad_C_Media_tC_ha": 106.06011962890624, "Carbono_Perdido_tC": 9.4335496348041996, "Nombre_Tipo_Bosque_Predom": "Sin Datos" }, "geometry": { "type": "MultiPolygon", "coordinates": [ [ [ [ 4905165.299983617849648, 2109235.913738904520869 ], [ 4905165.338663500733674, 2109265.69462250219658 ], [ 4905195.205184806138277, 2109265.655836455058306 ], [ 4905195.166517107747495, 2109235.874954931437969 ], [ 4905165.299983617849648, 2109235.913738904520869 ] ] ] ] } },
{ "type": "Feature", "properties": { "id": "+393865+278339", "Area_ha": 0.088945185311048405, "count": 1, "value": 1, "Porcentaje_Cobertura_Forestal": 0.0, "NDVI_Medio_Poligono": 0.68292600858674557, "Codigo_Tipo_Bosque_Predom": 0.0, "Densidad_C_Media_tC_ha": 106.06011962890625, "Carbono_Perdido_tC": 9.4335369945050296, "Nombre_Tipo_Bosque_Predom": "Sin Datos" }, "geometry": { "type": "MultiPolygon", "coordinates": [ [ [ [ 4905195.282526454888284, 2109325.217600215226412 ], [ 4905195.321200405247509, 2109354.998482453636825 ], [ 4905225.187683070078492, 2109354.959702405612916 ], [ 4905225.149021307006478, 2109325.178822241257876 ], [ 4905195.282526454888284, 2109325.217600215226412 ] ] ] ] } },
{ "type": "Feature", "properties": { "id": "+393867+278182", "Area_ha": 0.17787911801315495, "count": 2, "value": 1, "Porcentaje_Cobertura_Forestal": 0.0, "NDVI_Medio_Poligono": 0.73984193614394622, "Codigo_Tipo_Bosque_Predom": 0.74012666940689087, "Densidad_C_Media_tC_ha": 4.0942144393920898, "Carbono_Perdido_tC": 0.72827525343578858, "Nombre_Tipo_Bosque_Predom": "Sin Datos" }, "geometry": { "type": "MultiPolygon", "coordinates": [ [ [ [ 4905231.24443150870502, 2114000.779934243299067 ], [ 4905231.28342036344111, 2114030.560851975809783 ], [ 4905291.012536401860416, 2114030.482677821535617 ], [ 4905290.973572127521038, 2114000.701764232944697 ], [ 4905231.24443150870502, 2114000.779934243299067 ] ] ] ] } },
{ "type": "Feature", "properties": { "id": "+393867+278187", "Area_ha": 0.35575888155201685, "count": 4, "value": 1, "Porcentaje_Cobertura_Forestal": 0.0, "NDVI_Medio_Poligono": 0.80389669566436783, "Codigo_Tipo_Bosque_Predom": 0.65798944234848022, "Densidad_C_Media_tC_ha": 26.241111755371094, "Carbono_Perdido_tC": 9.3355085687723012, "Nombre_Tipo_Bosque_Predom": "Sin Datos" }, "geometry": { "type": "MultiPolygon", "coordinates": [ [ [ [ 4905231.049518487416208, 2113851.875349185895175 ], [ 4905231.12747744563967, 2113911.437182487454265 ], [ 4905290.856691798195243, 2113911.359024909790605 ], [ 4905290.778781988658011, 2113851.797199896536767 ], [ 4905231.049518487416208, 2113851.875349185895175 ] ] ] ] } },
{ "type": "Feature", "properties": { "id": "+393867+278189", "Area_ha": 0.17787962006636079, "count": 2, "value": 1, "Porcentaje_Cobertura_Forestal": 0.0, "NDVI_Medio_Poligono": 0.77896900415442472, "Codigo_Tipo_Bosque_Predom": 0.59513336420059204, "Densidad_C_Media_tC_ha": 26.241111755371094, "Carbono_Perdido_tC": 4.6677589891643239, "Nombre_Tipo_Bosque_Predom": "Sin Datos" }, "geometry": { "type": "MultiPolygon", "coordinates": [ [ [ [ 4905230.971567861735821, 2113792.313516843132675 ], [ 4905231.010542132891715, 2113822.094432894606143 ], [ 4905290.739830207079649, 2113822.016287749633193 ], [ 4905290.700880507938564, 2113792.235375842545182 ], [ 4905230.971567861735821, 2113792.313516843132675 ] ] ] ] } },
{ "type": "Feature", "properties": { "id": "+393869+278188", "Area_ha": 0.088939743001636817, "count": 1, "value": 1, "Porcentaje_Cobertura_Forestal": 0.0, "NDVI_Medio_Poligono": 0.77218947134978022, "Codigo_Tipo_Bosque_Predom": 0.60374623537063599, "Densidad_C_Media_tC_ha": 26.241111755371094, "Carbono_Perdido_tC": 2.3338777355999358, "Nombre_Tipo_Bosque_Predom": "Sin Datos" }, "geometry": { "type": "MultiPolygon", "coordinates": [ [ [ [ 4905320.604471126571298, 2113821.977233658079058 ], [ 4905320.643410622142255, 2113851.758143733721226 ], [ 4905350.508037178777158, 2113851.719099892303348 ], [ 4905350.469109969213605, 2113821.938191886991262 ], [ 4905320.604471126571298, 2113821.977233658079058 ] ] ] ] } },
{ "type": "Feature", "properties": { "id": "+393870+278195", "Area_ha": 0.088939981490364875, "count": 1, "value": 1, "Porcentaje_Cobertura_Forestal": 0.0, "NDVI_Medio_Poligono": 0.89494732398454313, "Codigo_Tipo_Bosque_Predom": 0.0, "Densidad_C_Media_tC_ha": 26.241111755371094, "Carbono_Perdido_tC": 2.3338839938093012, "Nombre_Tipo_Bosque_Predom": "Sin Datos" }, "geometry": { "type": "MultiPolygon", "coordinates": [ [ [ [ 4905350.196677765809, 2113613.471842576749623 ], [ 4905350.235590409487486, 2113643.252748899627477 ], [ 4905380.100300882011652, 2113643.213731868192554 ], [ 4905380.061400519683957, 2113613.432827615179121 ], [ 4905350.196677765809, 2113613.471842576749623 ] ] ] ] } },
{ "type": "Feature", "properties": { "id": "+393871+278170", "Area_ha": 1.9566571418050065, "count": 22, "value": 1, "Porcentaje_Cobertura_Forestal": 0.0, "NDVI_Medio_Poligono": 0.73136967630465, "Codigo_Tipo_Bosque_Predom": 0.0, "Densidad_C_Media_tC_ha": 4.0942144393920898, "Carbono_Perdido_tC": 8.0109739229177137, "Nombre_Tipo_Bosque_Predom": "Sin Datos" }, "geometry": { "type": "MultiPolygon", "coordinates": [ [ [ [ 4905384.127000000327826, 2114364.717299999669194 ], [ 4905382.6535, 2114369.356300000101328 ], [ 4905381.8125, 2114372.729800000786781 ], [ 4905380.551799999549985, 2114378.422399999573827 ], [ 4905379.922899999655783, 2114382.427999999374151 ], [ 4905379.188299999572337, 2114386.433599999174476 ], [ 4905377.931400000117719, 2114394.971599999815226 ], [ 4905377.201000000350177, 2114402.244300000369549 ], [ 4905376.361600000411272, 2114406.777100000530481 ], [ 4905375.310399999842048, 2114411.099300000816584 ], [ 4905373.520399999804795, 2114416.160299999639392 ], [ 4905371.942599999718368, 2114421.853199999779463 ], [ 4905370.890800000168383, 2114425.648600000888109 ], [ 4905369.521300000138581, 2114429.022700000554323 ], [ 4905368.256699999794364, 2114431.764499999582767 ], [ 4905366.674700000323355, 2114434.29590000025928 ], [ 4905364.143000000156462, 2114437.88230000063777 ], [ 4905361.927199999801815, 2114440.62529999949038 ], [ 4905359.184000000357628, 2114444.001299999654293 ], [ 4905355.645801285281777, 2114447.331607779953629 ], [ 4905381.151397163979709, 2114447.298237656243145 ], [ 4905381.190355766564608, 2114477.079148638993502 ], [ 4905351.325989449396729, 2114477.11822362523526 ], [ 4905351.364962433464825, 2114506.899136918596923 ], [ 4905321.500606342218816, 2114506.938226310070604 ], [ 4905321.461621057242155, 2114477.157310946844518 ], [ 4905291.597250586375594, 2114477.196410602889955 ], [ 4905291.636248172260821, 2114506.977328037377447 ], [ 4905231.907525602728128, 2114507.055568498559296 ], [ 4905231.946549872867763, 2114536.836490317713469 ], [ 4905291.675247840583324, 2114536.758245712611824 ], [ 4905291.71424958948046, 2114566.539163628127426 ], [ 4905351.442914644256234, 2114566.460964226163924 ], [ 4905351.403937498107553, 2114536.680050452239811 ], [ 4905381.268279214389622, 2114536.640971326269209 ], [ 4905381.22931645065546, 2114506.860059862490743 ], [ 4905411.093668390996754, 2114506.820995141752064 ], [ 4905410.898947270587087, 2114357.916451775468886 ], [ 4905386.09709093067795, 2114357.948890849016607 ], [ 4905384.127000000327826, 2114364.717299999669194 ] ] ], [ [ [ 4905174.1398, 2114489.244100000709295 ], [ 4905178.4254, 2114493.348600000143051 ], [ 4905182.530899999663234, 2114496.488700000569224 ], [ 4905185.407100000418723, 2114498.398 ], [ 4905188.368599999696016, 2114500.290999999269843 ], [ 4905190.801799999549985, 2114502.184800000861287 ], [ 4905194.081000000238419, 2114504.499099999666214 ], [ 4905196.619599999859929, 2114506.182 ], [ 4905197.727675051428378, 2114507.100369949359447 ], [ 4905231.907525602728128, 2114507.055568498559296 ], [ 4905231.868503415025771, 2114477.274646920152009 ], [ 4905172.139747929759324, 2114477.352932576555759 ], [ 4905172.151791721582413, 2114486.538714128546417 ], [ 4905174.1398, 2114489.244100000709295 ] ] ], [ [ [ 4905260.0631, 2114569.579700000584126 ], [ 4905263.445600000210106, 2114572.672499999403954 ], [ 4905267.8975, 2114575.412200000137091 ], [ 4905270.888000000268221, 2114577.252399999648333 ], [ 4905281.885700000450015, 2114582.637299999594688 ], [ 4905291.739237406291068, 2114585.618317751679569 ], [ 4905291.71424958948046, 2114566.539163628127426 ], [ 4905256.96346496231854, 2114566.584689592476934 ], [ 4905260.0631, 2114569.579700000584126 ] ] ], [ [ [ 4905360.6667, 2114576.425899999216199 ], [ 4905370.38190000038594, 2114571.089199999347329 ], [ 4905374.0148, 2114569.093599999323487 ], [ 4905377.562926621176302, 2114566.426782936323434 ], [ 4905351.442914644256234, 2114566.460964226163924 ], [ 4905351.460232904180884, 2114579.69246364152059 ], [ 4905360.6667, 2114576.425899999216199 ] ] ] ] } },
{ "type": "Feature", "properties": { "id": "+393873+278174", "Area_ha": 0.088939191009824572, "count": 1, "value": 1, "Porcentaje_Cobertura_Forestal": 0.0, "NDVI_Medio_Poligono": 0.7884959352428994, "Codigo_Tipo_Bosque_Predom": 0.0, "Densidad_C_Media_tC_ha": 4.0942144393920898, "Carbono_Perdido_tC": 0.3641361200602749, "Nombre_Tipo_Bosque_Predom": "Sin Datos" }, "geometry": { "type": "MultiPolygon", "coordinates": [ [ [ [ 4905440.607668113894761, 2114238.753787527792156 ], [ 4905440.64658756647259, 2114268.534692690242082 ], [ 4905470.511033745482564, 2114268.495669183321297 ], [ 4905470.472126589156687, 2114238.714766088873148 ], [ 4905440.607668113894761, 2114238.753787527792156 ] ] ] ] } },
{ "type": "Feature", "properties": { "id": "+393873+278182", "Area_ha": 0.08893947801079484, "count": 1, "value": 1, "Porcentaje_Cobertura_Forestal": 0.0, "NDVI_Medio_Poligono": 0.66493732736314159, "Codigo_Tipo_Bosque_Predom": 0.9392775297164917, "Densidad_C_Media_tC_ha": 4.0942144393920898, "Carbono_Perdido_tC": 0.3641372951037915, "Nombre_Tipo_Bosque_Predom": "Sin Datos" }, "geometry": { "type": "MultiPolygon", "coordinates": [ [ [ [ 4905440.296387329697609, 2114000.506554884836078 ], [ 4905440.335290152579546, 2114030.287458124104887 ], [ 4905470.199834677390754, 2114030.248451160266995 ], [ 4905470.160944145172834, 2114000.467549988534302 ], [ 4905440.296387329697609, 2114000.506554884836078 ] ] ] ] } },
{ "type": "Feature", "properties": { "id": "+393873+278336", "Area_ha": 0.26683482992376084, "count": 3, "value": 1, "Porcentaje_Cobertura_Forestal": 62.155161961373118, "NDVI_Medio_Poligono": 0.83242981784551684, "Codigo_Tipo_Bosque_Predom": 2.0, "Densidad_C_Media_tC_ha": 106.06011962890625, "Carbono_Perdido_tC": 28.300533982872928, "Nombre_Tipo_Bosque_Predom": "Bosque Secundario Joven" }, "geometry": { "type": "MultiPolygon", "coordinates": [ [ [ [ 4905434.330162693746388, 2109414.250316351186484 ], [ 4905434.445917, 2109503.592916212510318 ], [ 4905464.312322104349732, 2109503.55422360310331 ], [ 4905464.196604367345572, 2109414.21162994671613 ], [ 4905434.330162693746388, 2109414.250316351186484 ] ] ] ] } },
{ "type": "Feature", "properties": { "id": "+393874+278206", "Area_ha": 0.35576112575136359, "count": 4, "value": 1, "Porcentaje_Cobertura_Forestal": 0.0, "NDVI_Medio_Poligono": 0.63612071929584169, "Codigo_Tipo_Bosque_Predom": 0.0, "Densidad_C_Media_tC_ha": 26.241111755371094, "Carbono_Perdido_tC": 9.3355674590581614, "Nombre_Tipo_Bosque_Predom": "Sin Datos" }, "geometry": { "type": "MultiPolygon", "coordinates": [ [ [ [ 4905499.170703387819231, 2113345.248838018625975 ], [ 4905499.093044542707503, 2113285.687051098328084 ], [ 4905469.228195031173527, 2113285.725994056090713 ], [ 4905469.305878425948322, 2113345.287785110995173 ], [ 4905499.170703387819231, 2113345.248838018625975 ] ] ], [ [ [ 4905439.441051390022039, 2113345.326744513586164 ], [ 4905439.479908481240273, 2113375.107642468530685 ], [ 4905469.344723240472376, 2113375.068680998403579 ], [ 4905469.305878425948322, 2113345.287785110995173 ], [ 4905439.441051390022039, 2113345.326744513586164 ] ] ], [ [ [ 4905409.615091647952795, 2113375.146616249810904 ], [ 4905409.653963093645871, 2113404.927516513969749 ], [ 4905439.51876765023917, 2113404.888540664222091 ], [ 4905439.479908481240273, 2113375.107642468530685 ], [ 4905409.615091647952795, 2113375.146616249810904 ] ] ] ] } },
{ "type": "Feature", "properties": { "id": "+393876+278331", "Area_ha": 0.26683432833583209, "count": 3, "value": 1, "Porcentaje_Cobertura_Forestal": 94.157218173818734, "NDVI_Medio_Poligono": 0.83572167684367671, "Codigo_Tipo_Bosque_Predom": 2.0, "Densidad_C_Media_tC_ha": 106.06011962890625, "Carbono_Perdido_tC": 28.300480784397202, "Nombre_Tipo_Bosque_Predom": "Bosque Secundario Joven" }, "geometry": { "type": "MultiPolygon", "coordinates": [ [ [ [ 4905464.389477653428912, 2109563.115953899919987 ], [ 4905464.428058545105159, 2109592.896819406189024 ], [ 4905554.02715169172734, 2109592.780796328559518 ], [ 4905553.988607377745211, 2109562.999937023501843 ], [ 4905464.389477653428912, 2109563.115953899919987 ] ] ] ] } },
{ "type": "Feature", "properties": { "id": "+393877+278195", "Area_ha": 0.26681972041442642, "count": 3, "value": 1, "Porcentaje_Cobertura_Forestal": 0.0, "NDVI_Medio_Poligono": 0.60845449532897289, "Codigo_Tipo_Bosque_Predom": 1.3352469205856323, "Densidad_C_Media_tC_ha": 26.241111755371097, "Carbono_Perdido_tC": 7.0016461019318346, "Nombre_Tipo_Bosque_Predom": "Sin Datos" }, "geometry": { "type": "MultiPolygon", "coordinates": [ [ [ [ 4905499.520270785316825, 2113613.276890928391367 ], [ 4905499.559122021310031, 2113643.057786908000708 ], [ 4905589.153216108679771, 2113642.940957512240857 ], [ 4905589.114401718601584, 2113613.160067730117589 ], [ 4905499.520270785316825, 2113613.276890928391367 ] ] ] ] } },
{ "type": "Feature", "properties": { "id": "+393877+278343", "Area_ha": 0.088945178077934547, "count": 1, "value": 1, "Porcentaje_Cobertura_Forestal": 0.0, "NDVI_Medio_Poligono": 0.69594725819353209, "Codigo_Tipo_Bosque_Predom": 1.7108546495437622, "Densidad_C_Media_tC_ha": 106.06011962890625, "Carbono_Perdido_tC": 9.4335362273601078, "Nombre_Tipo_Bosque_Predom": "Sin Datos" }, "geometry": { "type": "MultiPolygon", "coordinates": [ [ [ [ 4905553.526237547397614, 2109205.629643962252885 ], [ 4905553.564756947569549, 2109235.410500406753272 ], [ 4905583.431263450533152, 2109235.371875292155892 ], [ 4905583.39275623485446, 2109205.591020913794637 ], [ 4905553.526237547397614, 2109205.629643962252885 ] ] ] ] } },
{ "type": "Feature", "properties": { "id": "+393879+278339", "Area_ha": 1.8678436305434791, "count": 21, "value": 1, "Porcentaje_Cobertura_Forestal": 71.631187589395978, "NDVI_Medio_Poligono": 0.73042785999071458, "Codigo_Tipo_Bosque_Predom": 2.0, "Densidad_C_Media_tC_ha": 106.06011962890625, "Carbono_Perdido_tC": 198.10371890353196, "Nombre_Tipo_Bosque_Predom": "Bosque Secundario Joven" }, "geometry": { "type": "MultiPolygon", "coordinates": [ [ [ [ 4905553.680327604524791, 2109324.753071169368923 ], [ 4905553.757385089993477, 2109384.314786202274263 ], [ 4905494.024487733840942, 2109384.392093758098781 ], [ 4905494.217289680615067, 2109533.296406181063503 ], [ 4905553.950065138749778, 2109533.219077956862748 ], [ 4905553.79591694753617, 2109414.095644076354802 ], [ 4905583.662350330501795, 2109414.057006567250937 ], [ 4905583.777921790257096, 2109503.399575422517955 ], [ 4905613.6443165326491, 2109503.360943941399455 ], [ 4905613.490274161100388, 2109384.237527538090944 ], [ 4905643.356715589761734, 2109384.198916540946811 ], [ 4905643.279731228947639, 2109324.637213898822665 ], [ 4905553.680327604524791, 2109324.753071169368923 ] ] ] ] } },
{ "type": "Feature", "properties": { "id": "+393879+278346", "Area_ha": 0.26683564814329147, "count": 3, "value": 1, "Porcentaje_Cobertura_Forestal": 0.0, "NDVI_Medio_Poligono": 0.66630108878963046, "Codigo_Tipo_Bosque_Predom": 0.0, "Densidad_C_Media_tC_ha": 106.06011962890625, "Carbono_Perdido_tC": 28.30062076333423, "Nombre_Tipo_Bosque_Predom": "Sin Datos" }, "geometry": { "type": "MultiPolygon", "coordinates": [ [ [ [ 4905643.048828165046871, 2109145.952111805323511 ], [ 4905643.01035154145211, 2109116.171262271236628 ], [ 4905613.143800447694957, 2109116.209854688029736 ], [ 4905613.182289253920317, 2109145.990706286393106 ], [ 4905643.048828165046871, 2109145.952111805323511 ] ] ], [ [ [ 4905672.992300109937787, 2109205.475225197151303 ], [ 4905672.915365006774664, 2109145.913529541809112 ], [ 4905643.048828165046871, 2109145.952111805323511 ], [ 4905643.125787635333836, 2109205.513811588287354 ], [ 4905672.992300109937787, 2109205.475225197151303 ] ] ] ] } },
{ "type": "Feature", "properties": { "id": "+393879+278351", "Area_ha": 0.17789088768880174, "count": 2, "value": 1, "Porcentaje_Cobertura_Forestal": 0.0, "NDVI_Medio_Poligono": 0.66914261090480864, "Codigo_Tipo_Bosque_Predom": 1.1794167757034302, "Densidad_C_Media_tC_ha": 106.06011962890625, "Carbono_Perdido_tC": 18.867128829166639, "Nombre_Tipo_Bosque_Predom": "Sin Datos" }, "geometry": { "type": "MultiPolygon", "coordinates": [ [ [ [ 4905639.549700000323355, 2108980.991100000217557 ], [ 4905635.852900000289083, 2108982.892899999395013 ], [ 4905633.74170000012964, 2108984.792600000277162 ], [ 4905632.5828, 2108987.744799999520183 ], [ 4905634.332499999552965, 2108992.1689 ], [ 4905634.2856, 2108996.80599999986589 ], [ 4905634.077257734723389, 2108997.059209908824414 ], [ 4905642.856465551070869, 2108997.047866402659565 ], [ 4905642.8334328122437, 2108979.215755010489374 ], [ 4905639.549700000323355, 2108980.991100000217557 ] ] ] ] } },
{ "type": "Feature", "properties": { "id": "+393880+278190", "Area_ha": 0.17787931985166214, "count": 2, "value": 1, "Porcentaje_Cobertura_Forestal": 0.0, "NDVI_Medio_Poligono": 0.55210563632271048, "Codigo_Tipo_Bosque_Predom": 0.0, "Densidad_C_Media_tC_ha": 26.241111755371094, "Carbono_Perdido_tC": 4.6677511111968659, "Nombre_Tipo_Bosque_Predom": "Sin Datos" }, "geometry": { "type": "MultiPolygon", "coordinates": [ [ [ [ 4905649.037781865336001, 2113761.986677851527929 ], [ 4905649.115384334698319, 2113821.54845180362463 ], [ 4905678.980000376701355, 2113821.509545558132231 ], [ 4905678.9024224774912, 2113761.947775732725859 ], [ 4905649.037781865336001, 2113761.986677851527929 ] ] ] ] } },
{ "type": "Feature", "properties": { "id": "+393880+278208", "Area_ha": 0.17788062237054109, "count": 2, "value": 1, "Porcentaje_Cobertura_Forestal": 0.0, "NDVI_Medio_Poligono": 0.54366112217433393, "Codigo_Tipo_Bosque_Predom": 0.0, "Densidad_C_Media_tC_ha": 26.241111755371097, "Carbono_Perdido_tC": 4.6677852907403325, "Nombre_Tipo_Bosque_Predom": "Sin Datos" }, "geometry": { "type": "MultiPolygon", "coordinates": [ [ [ [ 4905678.243345437571406, 2113255.672771125100553 ], [ 4905678.204594847746193, 2113225.891890654806048 ], [ 4905648.339733216911554, 2113225.930755633395165 ], [ 4905648.378496080636978, 2113255.711638167034835 ], [ 4905678.243345437571406, 2113255.672771125100553 ] ] ], [ [ [ 4905648.417261018417776, 2113285.492520940490067 ], [ 4905648.378496080636978, 2113255.711638167034835 ], [ 4905618.513644654303789, 2113255.750517517328262 ], [ 4905618.552421865053475, 2113285.53140235459432 ], [ 4905648.417261018417776, 2113285.492520940490067 ] ] ] ] } },
{ "type": "Feature", "properties": { "id": "+393882+278207", "Area_ha": 1.0672819223325278, "count": 12, "value": 1, "Porcentaje_Cobertura_Forestal": 0.0, "NDVI_Medio_Poligono": 0.82011844967765357, "Codigo_Tipo_Bosque_Predom": 0.0, "Densidad_C_Media_tC_ha": 15.330149387379317, "Carbono_Perdido_tC": 16.361591307807021, "Nombre_Tipo_Bosque_Predom": "Sin Datos" }, "geometry": { "type": "MultiPolygon", "coordinates": [ [ [ [ 4905708.108192727901042, 2113255.633916391059756 ], [ 4905708.146933117881417, 2113285.414795038290322 ], [ 4905738.011766065843403, 2113285.37595055019483 ], [ 4905737.973037948831916, 2113255.595073965378106 ], [ 4905708.108192727901042, 2113255.633916391059756 ] ] ], [ [ [ 4905797.741425756365061, 2113285.298298500478268 ], [ 4905797.818839105777442, 2113344.860044146887958 ], [ 4905827.68364130333066, 2113344.821232464630157 ], [ 4905827.606252503581345, 2113285.259490938391536 ], [ 4905797.741425756365061, 2113285.298298500478268 ] ] ], [ [ [ 4905797.896260739304125, 2113404.421790753025562 ], [ 4905797.818839105777442, 2113344.860044146887958 ], [ 4905767.954034842550755, 2113344.898868138901889 ], [ 4905767.876596942543983, 2113285.337118370924145 ], [ 4905738.011766065843403, 2113285.37595055019483 ], [ 4905738.089228514581919, 2113344.937704441137612 ], [ 4905708.224420116283, 2113344.976553053129464 ], [ 4905708.301915406249464, 2113404.538312028162181 ], [ 4905797.896260739304125, 2113404.421790753025562 ] ] ], [ [ [ 4905827.68364130333066, 2113344.821232464630157 ], [ 4905827.722338809631765, 2113374.602103587705642 ], [ 4905857.587126665748656, 2113374.563302156515419 ], [ 4905857.548441436141729, 2113344.782433092594147 ], [ 4905827.68364130333066, 2113344.821232464630157 ] ] ] ] } },
{ "type": "Feature", "properties": { "id": "+393886+278213", "Area_ha": 0.088940427503417602, "count": 1, "value": 1, "Porcentaje_Cobertura_Forestal": 0.0, "NDVI_Medio_Poligono": 0.4816027252237568, "Codigo_Tipo_Bosque_Predom": 0.0, "Densidad_C_Media_tC_ha": 10.83981990814209, "Carbono_Perdido_tC": 0.96409821669021434, "Nombre_Tipo_Bosque_Predom": "Sin Datos" }, "geometry": { "type": "MultiPolygon", "coordinates": [ [ [ [ 4905827.335456673055887, 2113076.793403044342995 ], [ 4905827.374135546386242, 2113106.574272006284446 ], [ 4905857.239033861085773, 2113106.535489109810442 ], [ 4905857.200367256999016, 2113076.754622207488865 ], [ 4905827.335456673055887, 2113076.793403044342995 ] ] ] ] } },
{ "type": "Feature", "properties": { "id": "+393887+278176", "Area_ha": 0.088939088894604362, "count": 1, "value": 1, "Porcentaje_Cobertura_Forestal": 0.0, "NDVI_Medio_Poligono": 0.18265654261127109, "Codigo_Tipo_Bosque_Predom": 0.0, "Densidad_C_Media_tC_ha": 4.1334414482116699, "Carbono_Perdido_tC": 0.36762451640313992, "Nombre_Tipo_Bosque_Predom": "Sin Datos" }, "geometry": { "type": "MultiPolygon", "coordinates": [ [ [ [ 4905858.632409917190671, 2114178.646857555489987 ], [ 4905858.67115309368819, 2114208.427733344957232 ], [ 4905888.535594896413386, 2114208.388886579312384 ], [ 4905888.496864013373852, 2114178.60801284853369 ], [ 4905858.632409917190671, 2114178.646857555489987 ] ] ] ] } },
{ "type": "Feature", "properties": { "id": "+393887+278211", "Area_ha": 0.26682093540775387, "count": 3, "value": 1, "Porcentaje_Cobertura_Forestal": 0.0, "NDVI_Medio_Poligono": 0.544920938193587, "Codigo_Tipo_Bosque_Predom": 0.0, "Densidad_C_Media_tC_ha": 10.83981990814209, "Carbono_Perdido_tC": 2.8922908875420652, "Nombre_Tipo_Bosque_Predom": "Sin Datos" }, "geometry": { "type": "MultiPolygon", "coordinates": [ [ [ [ 4905887.181245221756399, 2113166.05844904249534 ], [ 4905887.142586749978364, 2113136.277583717834204 ], [ 4905857.277702773921192, 2113136.316356368362904 ], [ 4905857.31637351680547, 2113166.09722375171259 ], [ 4905887.181245221756399, 2113166.05844904249534 ] ] ], [ [ [ 4905827.451499744318426, 2113166.13601076696068 ], [ 4905827.49018482863903, 2113195.916880449745804 ], [ 4905857.355046330019832, 2113195.878091375343502 ], [ 4905857.31637351680547, 2113166.09722375171259 ], [ 4905827.451499744318426, 2113166.13601076696068 ] ] ], [ [ [ 4905857.355046330019832, 2113195.878091375343502 ], [ 4905857.393721211701632, 2113225.658959238324314 ], [ 4905887.258568372577429, 2113225.620180411729962 ], [ 4905887.219905762933195, 2113195.839314606972039 ], [ 4905857.355046330019832, 2113195.878091375343502 ] ] ] ] } },
{ "type": "Feature", "properties": { "id": "+393889+278211", "Area_ha": 0.088940318715864844, "count": 1, "value": 1, "Porcentaje_Cobertura_Forestal": 0.0, "NDVI_Medio_Poligono": 0.32013992279155556, "Codigo_Tipo_Bosque_Predom": 0.0, "Densidad_C_Media_tC_ha": 10.83981990814209, "Carbono_Perdido_tC": 0.96409703745273423, "Nombre_Tipo_Bosque_Predom": "Sin Datos" }, "geometry": { "type": "MultiPolygon", "coordinates": [ [ [ [ 4905917.007468424737453, 2113136.238823258318007 ], [ 4905917.046114625409245, 2113166.019686525221914 ], [ 4905946.910982205532491, 2113165.980936428066343 ], [ 4905946.872348275966942, 2113136.200075218454003 ], [ 4905917.007468424737453, 2113136.238823258318007 ] ] ] ] } },
{ "type": "Feature", "properties": { "id": "+393889+278215", "Area_ha": 0.26682127841338804, "count": 3, "value": 1, "Porcentaje_Cobertura_Forestal": 0.0, "NDVI_Medio_Poligono": 0.6742122948082816, "Codigo_Tipo_Bosque_Predom": 0.0, "Densidad_C_Media_tC_ha": 10.83981990814209, "Carbono_Perdido_tC": 2.892294605661367, "Nombre_Tipo_Bosque_Predom": "Sin Datos" }, "geometry": { "type": "MultiPolygon", "coordinates": [ [ [ [ 4905936.589300000108778, 2113026.000199999660254 ], [ 4905932.5757, 2113027.902499999850988 ], [ 4905929.1957, 2113029.382200000807643 ], [ 4905925.393299999646842, 2113031.073300000280142 ], [ 4905916.875863589346409, 2113034.810698607936502 ], [ 4905916.9688242925331, 2113106.457960231229663 ], [ 4905946.833716413006186, 2113106.419214249122888 ], [ 4905946.723287974484265, 2113021.282080623786896 ], [ 4905936.589300000108778, 2113026.000199999660254 ] ] ] ] } },
{ "type": "Feature", "properties": { "id": "+393889+278346", "Area_ha": 0.088945135827464397, "count": 1, "value": 1, "Porcentaje_Cobertura_Forestal": 0.0, "NDVI_Medio_Poligono": 0.77665940795614519, "Codigo_Tipo_Bosque_Predom": 2.1270508766174316, "Densidad_C_Media_tC_ha": 110.06163787841797, "Carbono_Perdido_tC": 9.7894473304890859, "Nombre_Tipo_Bosque_Predom": "Sin Datos" }, "geometry": { "type": "MultiPolygon", "coordinates": [ [ [ [ 4905911.809218074195087, 2109115.824480180628598 ], [ 4905911.847585055977106, 2109145.605311163701117 ], [ 4905941.714103297330439, 2109145.566838860977441 ], [ 4905941.675748498179018, 2109115.78600993566215 ], [ 4905911.809218074195087, 2109115.824480180628598 ] ] ] ] } },
{ "type": "Feature", "properties": { "id": "+393890+278163", "Area_ha": 0.088938585159945072, "count": 1, "value": 1, "Porcentaje_Cobertura_Forestal": 0.0, "NDVI_Medio_Poligono": 0.75976828023579634, "Codigo_Tipo_Bosque_Predom": 0.0, "Densidad_C_Media_tC_ha": 4.1334414482116699, "Carbono_Perdido_tC": 0.36762243424542029, "Nombre_Tipo_Bosque_Predom": "Sin Datos" }, "geometry": { "type": "MultiPolygon", "coordinates": [ [ [ [ 4905948.729109114035964, 2114565.68168419552967 ], [ 4905948.767842287197709, 2114595.462556939572096 ], [ 4905978.632118017412722, 2114595.423720423597842 ], [ 4905978.59339714795351, 2114565.642849735915661 ], [ 4905948.729109114035964, 2114565.68168419552967 ] ] ] ] } },
{ "type": "Feature", "properties": { "id": "+393890+278179", "Area_ha": 0.088939159375293828, "count": 1, "value": 1, "Porcentaje_Cobertura_Forestal": 0.0, "NDVI_Medio_Poligono": 0.43322482918729488, "Codigo_Tipo_Bosque_Predom": 0.0, "Densidad_C_Media_tC_ha": 4.1334414482116699, "Carbono_Perdido_tC": 0.36762480773094303, "Nombre_Tipo_Bosque_Predom": "Sin Datos" }, "geometry": { "type": "MultiPolygon", "coordinates": [ [ [ [ 4905948.109659539535642, 2114089.187753010541201 ], [ 4905948.148359631188214, 2114118.968621906358749 ], [ 4905978.012832125648856, 2114118.929818297736347 ], [ 4905977.974144325591624, 2114089.148951458279043 ], [ 4905948.109659539535642, 2114089.187753010541201 ] ] ] ] } },
{ "type": "Feature", "properties": { "id": "+393891+278161", "Area_ha": 0.17787701430644665, "count": 2, "value": 1, "Porcentaje_Cobertura_Forestal": 0.0, "NDVI_Medio_Poligono": 0.60606239536711626, "Codigo_Tipo_Bosque_Predom": 0.0, "Densidad_C_Media_tC_ha": 4.1334414482116699, "Carbono_Perdido_tC": 0.7352442236184068, "Nombre_Tipo_Bosque_Predom": "Sin Datos" }, "geometry": { "type": "MultiPolygon", "coordinates": [ [ [ [ 4905948.806577526964247, 2114625.243429924361408 ], [ 4905948.845314834266901, 2114655.02430314803496 ], [ 4906008.573815017938614, 2114654.94663422787562 ], [ 4906008.535102318972349, 2114625.165765116922557 ], [ 4905948.806577526964247, 2114625.243429924361408 ] ] ] ] } },
{ "type": "Feature", "properties": { "id": "+393891+278215", "Area_ha": 0.17788083855102887, "count": 2, "value": 1, "Porcentaje_Cobertura_Forestal": 0.0, "NDVI_Medio_Poligono": 0.62685495427955684, "Codigo_Tipo_Bosque_Predom": 0.0, "Densidad_C_Media_tC_ha": 10.83981990814209, "Carbono_Perdido_tC": 1.9281962550024516, "Nombre_Tipo_Bosque_Predom": "Sin Datos" }, "geometry": { "type": "MultiPolygon", "coordinates": [ [ [ [ 4905976.582760098390281, 2113017.037905275821686 ], [ 4905976.659988947212696, 2113076.599621900822967 ], [ 4906006.524889211170375, 2113076.560902584344149 ], [ 4906006.447684900835156, 2113016.999190071597695 ], [ 4905976.582760098390281, 2113017.037905275821686 ] ] ] ] } },
{ "type": "Feature", "properties": { "id": "+393892+278212", "Area_ha": 0.088940317381844214, "count": 1, "value": 1, "Porcentaje_Cobertura_Forestal": 0.0, "NDVI_Medio_Poligono": 0.35760154046139458, "Codigo_Tipo_Bosque_Predom": 0.0, "Densidad_C_Media_tC_ha": 10.83981990814209, "Carbono_Perdido_tC": 0.96409702299219091, "Nombre_Tipo_Bosque_Predom": "Sin Datos" }, "geometry": { "type": "MultiPolygon", "coordinates": [ [ [ [ 4906006.563494466245174, 2113106.341759199276567 ], [ 4906006.602101787924767, 2113136.122616055421531 ], [ 4906036.466975449584424, 2113136.083904932253063 ], [ 4906036.428380399011075, 2113106.30305013153702 ], [ 4906006.563494466245174, 2113106.341759199276567 ] ] ] ] } },
{ "type": "Feature", "properties": { "id": "+393892+278359", "Area_ha": 0.088945560704833768, "count": 1, "value": 1, "Porcentaje_Cobertura_Forestal": 0.0, "NDVI_Medio_Poligono": 0.70006731622310125, "Codigo_Tipo_Bosque_Predom": 0.0, "Densidad_C_Media_tC_ha": 38.893970489501953, "Carbono_Perdido_tC": 3.459446013226009, "Nombre_Tipo_Bosque_Predom": "Sin Datos" }, "geometry": { "type": "MultiPolygon", "coordinates": [ [ [ [ 4906000.91318876016885, 2108730.496861185878515 ], [ 4906000.948999122716486, 2108758.339226947631687 ], [ 4906030.81566949468106, 2108758.300818026997149 ], [ 4906030.777378097176552, 2108728.519998367875814 ], [ 4906002.812504439614713, 2108728.555959613993764 ], [ 4906000.91318876016885, 2108730.496861185878515 ] ] ] ] } },
{ "type": "Feature", "properties": { "id": "+393895+278172", "Area_ha": 2.7571012837529181, "count": 31, "value": 1, "Porcentaje_Cobertura_Forestal": 0.0, "NDVI_Medio_Poligono": 0.65979732066690888, "Codigo_Tipo_Bosque_Predom": 0.0, "Densidad_C_Media_tC_ha": 4.1334414482116699, "Carbono_Perdido_tC": 11.396316723181917, "Nombre_Tipo_Bosque_Predom": "Sin Datos" }, "geometry": { "type": "MultiPolygon", "coordinates": [ [ [ [ 4905978.322408931329846, 2114357.176761663984507 ], [ 4905978.361115332692862, 2114386.957630667369813 ], [ 4905948.496753497049212, 2114386.996452786494046 ], [ 4905948.574197099544108, 2114446.55819562682882 ], [ 4905918.709857799112797, 2114446.597034193575382 ], [ 4905918.748595002107322, 2114476.377908032853156 ], [ 4906068.070209378376603, 2114476.183828260283917 ], [ 4906068.108887146227062, 2114505.964692059438676 ], [ 4906127.83749386947602, 2114505.887142386753112 ], [ 4906127.876149098388851, 2114535.668002317659557 ], [ 4906157.740437069907784, 2114535.629243931267411 ], [ 4906157.624514473602176, 2114446.286671015433967 ], [ 4906127.760189601220191, 2114446.325423243455589 ], [ 4906127.644248675554991, 2114356.982846334576607 ], [ 4906067.915518958121538, 2114357.060375469736755 ], [ 4906067.876851515844464, 2114327.27951287291944 ], [ 4906127.605605827644467, 2114327.201987845357507 ], [ 4906127.566965042613447, 2114297.421129598282278 ], [ 4906037.973793595097959, 2114297.537429474759847 ], [ 4906038.051151009276509, 2114357.099158535711467 ], [ 4905978.322408931329846, 2114357.176761663984507 ] ], [ [ 4906008.302869510836899, 2114446.480555495712906 ], [ 4906008.225475104525685, 2114386.918820880819112 ], [ 4906038.089832815341651, 2114386.880023427773267 ], [ 4906038.167202623561025, 2114446.441753931343555 ], [ 4906008.302869510836899, 2114446.480555495712906 ] ] ] ] } },
{ "type": "Feature", "properties": { "id": "+393895+278211", "Area_ha": 0.17788045313266776, "count": 2, "value": 1, "Porcentaje_Cobertura_Forestal": 0.0, "NDVI_Medio_Poligono": 0.4828218003053158, "Codigo_Tipo_Bosque_Predom": 0.0, "Densidad_C_Media_tC_ha": 10.83981990814209, "Carbono_Perdido_tC": 1.9281920771368279, "Nombre_Tipo_Bosque_Predom": "Sin Datos" }, "geometry": { "type": "MultiPolygon", "coordinates": [ [ [ [ 4906096.196716595441103, 2113136.006519601214677 ], [ 4906096.273863807320595, 2113195.568221704568714 ], [ 4906126.138706745579839, 2113195.529543390497565 ], [ 4906126.061584076844156, 2113135.967845394276083 ], [ 4906096.196716595441103, 2113136.006519601214677 ] ] ] ] } },
{ "type": "Feature", "properties": { "id": "+393895+278216", "Area_ha": 0.1778808593798778, "count": 2, "value": 1, "Porcentaje_Cobertura_Forestal": 0.0, "NDVI_Medio_Poligono": 0.59661553254587929, "Codigo_Tipo_Bosque_Predom": 0.0, "Densidad_C_Media_tC_ha": 10.83981990814209, "Carbono_Perdido_tC": 1.9281964807834229, "Nombre_Tipo_Bosque_Predom": "Sin Datos" }, "geometry": { "type": "MultiPolygon", "coordinates": [ [ [ [ 4906066.138953801244497, 2112987.140944786369801 ], [ 4906066.177528321743011, 2113016.921796572394669 ], [ 4906125.907363500446081, 2113016.844452283810824 ], [ 4906125.868813515640795, 2112987.063604605849832 ], [ 4906066.138953801244497, 2112987.140944786369801 ] ] ] ] } },
{ "type": "Feature", "properties": { "id": "+393896+278148", "Area_ha": 0.088937972175980401, "count": 1, "value": 1, "Porcentaje_Cobertura_Forestal": 0.0, "NDVI_Medio_Poligono": 0.63496092343069632, "Codigo_Tipo_Bosque_Predom": 0.0, "Densidad_C_Media_tC_ha": 15.171874046325684, "Carbono_Perdido_tC": 1.3493557117895929, "Nombre_Tipo_Bosque_Predom": "Sin Datos" }, "geometry": { "type": "MultiPolygon", "coordinates": [ [ [ [ 4906128.494913421571255, 2115012.161793963052332 ], [ 4906128.533603732474148, 2115041.942657987587154 ], [ 4906158.397682481445372, 2115041.903864705003798 ], [ 4906158.359004482626915, 2115012.123002733103931 ], [ 4906128.494913421571255, 2115012.161793963052332 ] ] ] ] } },
{ "type": "Feature", "properties": { "id": "+393896+278163", "Area_ha": 0.088938510948773183, "count": 1, "value": 1, "Porcentaje_Cobertura_Forestal": 0.0, "NDVI_Medio_Poligono": 0.69868888236499405, "Codigo_Tipo_Bosque_Predom": 0.0, "Densidad_C_Media_tC_ha": 4.1334414482116699, "Carbono_Perdido_tC": 0.36762212749788648, "Nombre_Tipo_Bosque_Predom": "Sin Datos" }, "geometry": { "type": "MultiPolygon", "coordinates": [ [ [ [ 4906127.914806392043829, 2114565.448862490709871 ], [ 4906127.95346574857831, 2114595.229722904507071 ], [ 4906157.817729115486145, 2114595.190960412845016 ], [ 4906157.779082060791552, 2114565.41010205168277 ], [ 4906127.914806392043829, 2114565.448862490709871 ] ] ] ] } },
{ "type": "Feature", "properties": { "id": "+393897+278145", "Area_ha": 0.088937852019924324, "count": 1, "value": 1, "Porcentaje_Cobertura_Forestal": 0.0, "NDVI_Medio_Poligono": 0.61243743860325028, "Codigo_Tipo_Bosque_Predom": 0.0, "Densidad_C_Media_tC_ha": 15.171874046325684, "Carbono_Perdido_tC": 1.3493538887970442, "Nombre_Tipo_Bosque_Predom": "Sin Datos" }, "geometry": { "type": "MultiPolygon", "coordinates": [ [ [ [ 4906158.475044666789472, 2115101.465589369647205 ], [ 4906158.513728853315115, 2115131.24645206425339 ], [ 4906188.377768604084849, 2115131.207664972171187 ], [ 4906188.339096731506288, 2115101.426804330199957 ], [ 4906158.475044666789472, 2115101.465589369647205 ] ] ] ] } },
{ "type": "Feature", "properties": { "id": "+393897+278158", "Area_ha": 0.088938319052873707, "count": 1, "value": 1, "Porcentaje_Cobertura_Forestal": 0.0, "NDVI_Medio_Poligono": 0.52503701795171953, "Codigo_Tipo_Bosque_Predom": 0.0, "Densidad_C_Media_tC_ha": 4.1334414482116699, "Carbono_Perdido_tC": 0.36762133430742183, "Nombre_Tipo_Bosque_Predom": "Sin Datos" }, "geometry": { "type": "MultiPolygon", "coordinates": [ [ [ [ 4906157.972337961196899, 2114714.314396261237562 ], [ 4906158.010995330289006, 2114744.09525582427159 ], [ 4906187.875195117667317, 2114744.056495409458876 ], [ 4906187.836550054140389, 2114714.275637898594141 ], [ 4906157.972337961196899, 2114714.314396261237562 ] ] ] ] } },
{ "type": "Feature", "properties": { "id": "+393897+278212", "Area_ha": 0.088940255572066237, "count": 1, "value": 1, "Porcentaje_Cobertura_Forestal": 0.0, "NDVI_Medio_Poligono": 0.47120579990847267, "Codigo_Tipo_Bosque_Predom": 0.0, "Densidad_C_Media_tC_ha": 10.83981990814209, "Carbono_Perdido_tC": 0.96409635298532903, "Nombre_Tipo_Bosque_Predom": "Sin Datos" }, "geometry": { "type": "MultiPolygon", "coordinates": [ [ [ [ 4906155.887903530150652, 2113106.148336907383054 ], [ 4906155.926449499092996, 2113135.929183492437005 ], [ 4906185.791312864050269, 2113135.890533895697445 ], [ 4906185.752779165282845, 2113106.109689363278449 ], [ 4906155.887903530150652, 2113106.148336907383054 ] ] ] ] } },
{ "type": "Feature", "properties": { "id": "+393898+278193", "Area_ha": 0.08893956249012408, "count": 1, "value": 1, "Porcentaje_Cobertura_Forestal": 0.0, "NDVI_Medio_Poligono": 0.497395793015665, "Codigo_Tipo_Bosque_Predom": 0.0, "Densidad_C_Media_tC_ha": 10.83981990814209, "Carbono_Perdido_tC": 0.96408884010189444, "Nombre_Tipo_Bosque_Predom": "Sin Datos" }, "geometry": { "type": "MultiPolygon", "coordinates": [ [ [ [ 4906186.485272093676031, 2113671.94577653426677 ], [ 4906186.523844976909459, 2113701.72662562970072 ], [ 4906216.388473019935191, 2113701.687949358485639 ], [ 4906216.349912419915199, 2113671.907102314289659 ], [ 4906186.485272093676031, 2113671.94577653426677 ] ] ] ] } },
{ "type": "Feature", "properties": { "id": "+393898+278210", "Area_ha": 0.088940171599142193, "count": 1, "value": 1, "Porcentaje_Cobertura_Forestal": 0.0, "NDVI_Medio_Poligono": 0.36249280947867124, "Codigo_Tipo_Bosque_Predom": 0.0, "Densidad_C_Media_tC_ha": 10.83981990814209, "Carbono_Perdido_tC": 0.9640954427339552, "Nombre_Tipo_Bosque_Predom": "Sin Datos" }, "geometry": { "type": "MultiPolygon", "coordinates": [ [ [ [ 4906185.829848624765873, 2113165.671378668863326 ], [ 4906185.868386447429657, 2113195.452223681844771 ], [ 4906215.733223211020231, 2113195.413582287263125 ], [ 4906215.69469765946269, 2113165.632739325985312 ], [ 4906185.829848624765873, 2113165.671378668863326 ] ] ] ] } },
{ "type": "Feature", "properties": { "id": "+393898+278221", "Area_ha": 0.53364320251257158, "count": 6, "value": 1, "Porcentaje_Cobertura_Forestal": 0.0, "NDVI_Medio_Poligono": 0.48560954578544896, "Codigo_Tipo_Bosque_Predom": 0.0, "Densidad_C_Media_tC_ha": 2.2505872249603271, "Carbono_Perdido_tC": 1.2010105742617103, "Nombre_Tipo_Bosque_Predom": "Sin Datos" }, "geometry": { "type": "MultiPolygon", "coordinates": [ [ [ [ 4906205.707600000314415, 2112897.500900000333786 ], [ 4906202.96100000012666, 2112898.347500000149012 ], [ 4906199.1585, 2112900.038599999621511 ], [ 4906195.778199999593198, 2112901.307600000873208 ], [ 4906193.0318, 2112902.3651 ], [ 4906188.3838, 2112904.057199999690056 ], [ 4906185.493033257313073, 2112905.322808469645679 ], [ 4906185.521620283834636, 2112927.424627209547907 ], [ 4906215.386567468754947, 2112927.386004279833287 ], [ 4906215.34806047193706, 2112897.605163478292525 ], [ 4906245.213017867878079, 2112897.566554900724441 ], [ 4906245.194030243903399, 2112882.87629353813827 ], [ 4906205.707600000314415, 2112897.500900000333786 ] ] ] ] } },
{ "type": "Feature", "properties": { "id": "+393899+278362", "Area_ha": 0.088945580753685499, "count": 1, "value": 1, "Porcentaje_Cobertura_Forestal": 0.0, "NDVI_Medio_Poligono": 0.62226302319589621, "Codigo_Tipo_Bosque_Predom": 0.0, "Densidad_C_Media_tC_ha": 38.893970489501953, "Carbono_Perdido_tC": 3.4594467930054567, "Nombre_Tipo_Bosque_Predom": "Sin Datos" }, "geometry": { "type": "MultiPolygon", "coordinates": [ [ [ [ 4906209.862787411548197, 2108638.94739298382774 ], [ 4906209.900999580509961, 2108668.728199605364352 ], [ 4906239.767692054621875, 2108668.689882304519415 ], [ 4906239.729492058046162, 2108638.909077734220773 ], [ 4906209.862787411548197, 2108638.94739298382774 ] ] ] ] } },
{ "type": "Feature", "properties": { "id": "+393900+278195", "Area_ha": 0.088939609480912618, "count": 1, "value": 1, "Porcentaje_Cobertura_Forestal": 0.0, "NDVI_Medio_Poligono": 0.095446727002994572, "Codigo_Tipo_Bosque_Predom": 0.0, "Densidad_C_Media_tC_ha": 10.83981990814209, "Carbono_Perdido_tC": 0.9640893494735796, "Nombre_Tipo_Bosque_Predom": "Sin Datos" }, "geometry": { "type": "MultiPolygon", "coordinates": [ [ [ [ 4906246.137460240162909, 2113612.306751148309559 ], [ 4906246.176004434935749, 2113642.087595658842474 ], [ 4906276.040652929805219, 2113642.048948123585433 ], [ 4906276.002121016383171, 2113612.268105662893504 ], [ 4906246.137460240162909, 2113612.306751148309559 ] ] ] ] } },
{ "type": "Feature", "properties": { "id": "+393901+278221", "Area_ha": 0.088940528402607008, "count": 1, "value": 1, "Porcentaje_Cobertura_Forestal": 0.0, "NDVI_Medio_Poligono": 0.55315598509210917, "Codigo_Tipo_Bosque_Predom": 0.0, "Densidad_C_Media_tC_ha": 2.2505872249603271, "Carbono_Perdido_tC": 0.20016841700412846, "Nombre_Tipo_Bosque_Predom": "Sin Datos" }, "geometry": { "type": "MultiPolygon", "coordinates": [ [ [ [ 4906281.515700000338256, 2112840.493899999186397 ], [ 4906283.2198, 2112850.60869999974966 ], [ 4906283.902099999599159, 2112853.8574 ], [ 4906284.708499999716878, 2112857.773199999704957 ], [ 4906285.558400000445545, 2112861.144500000402331 ], [ 4906285.985299999825656, 2112864.305500000715256 ], [ 4906285.355000000447035, 2112867.257200000807643 ], [ 4906284.752483915537596, 2112867.734574153088033 ], [ 4906304.904458349570632, 2112867.708540236577392 ], [ 4906304.865992269478738, 2112837.927706066053361 ], [ 4906281.04754152148962, 2112837.958474979735911 ], [ 4906281.515700000338256, 2112840.493899999186397 ] ] ] ] } },
{ "type": "Feature", "properties": { "id": "+393901+278346", "Area_ha": 0.08894498747118923, "count": 1, "value": 1, "Porcentaje_Cobertura_Forestal": 0.0, "NDVI_Medio_Poligono": 0.71886516835686631, "Codigo_Tipo_Bosque_Predom": 2.6031327247619629, "Densidad_C_Media_tC_ha": 110.06163787841797, "Carbono_Perdido_tC": 9.7894310021544531, "Nombre_Tipo_Bosque_Predom": "Sin Datos" }, "geometry": { "type": "MultiPolygon", "coordinates": [ [ [ [ 4906270.207447096705437, 2109115.363643577788025 ], [ 4906270.245667888782918, 2109145.144449908286333 ], [ 4906300.112161410972476, 2109145.106124219484627 ], [ 4906300.07395280059427, 2109115.325319938827306 ], [ 4906270.207447096705437, 2109115.363643577788025 ] ] ] ] } },
{ "type": "Feature", "properties": { "id": "+393902+278195", "Area_ha": 0.17787913377675285, "count": 2, "value": 1, "Porcentaje_Cobertura_Forestal": 0.0, "NDVI_Medio_Poligono": 0.14209248911949623, "Codigo_Tipo_Bosque_Predom": 0.0, "Densidad_C_Media_tC_ha": 10.83981990814209, "Carbono_Perdido_tC": 1.9281777755563156, "Nombre_Tipo_Bosque_Predom": "Sin Datos" }, "geometry": { "type": "MultiPolygon", "coordinates": [ [ [ [ 4906305.866779739037156, 2113612.229472493752837 ], [ 4906305.943821061402559, 2113671.791153557598591 ], [ 4906335.808453164063394, 2113671.752528605982661 ], [ 4906335.731436404399574, 2113612.190851639956236 ], [ 4906305.866779739037156, 2113612.229472493752837 ] ] ] ] } },
{ "type": "Feature", "properties": { "id": "+393904+278288", "Area_ha": 0.88942858161192273, "count": 10, "value": 1, "Porcentaje_Cobertura_Forestal": 15.711185374662826, "NDVI_Medio_Poligono": 0.67545648750082632, "Codigo_Tipo_Bosque_Predom": 2.0, "Densidad_C_Media_tC_ha": 130.32600402832031, "Carbono_Perdido_tC": 115.91567291005866, "Nombre_Tipo_Bosque_Predom": "Bosque Secundario Joven" }, "geometry": { "type": "MultiPolygon", "coordinates": [ [ [ [ 4906302.293457001447678, 2110842.612362545914948 ], [ 4906302.408447412773967, 2110931.954817636404186 ], [ 4906392.005719204433262, 2110931.839545107912272 ], [ 4906391.967423673719168, 2110902.058732652105391 ], [ 4906421.833189052529633, 2110902.020335037261248 ], [ 4906421.79490779992193, 2110872.239524866919965 ], [ 4906391.929130199365318, 2110872.277920434251428 ], [ 4906391.89083878416568, 2110842.497108455281705 ], [ 4906302.293457001447678, 2110842.612362545914948 ] ] ] ] } },
{ "type": "Feature", "properties": { "id": "+393905+278183", "Area_ha": 0.088939117593730049, "count": 1, "value": 1, "Porcentaje_Cobertura_Forestal": 0.0, "NDVI_Medio_Poligono": 0.73147090017051086, "Codigo_Tipo_Bosque_Predom": 0.0, "Densidad_C_Media_tC_ha": 4.1334414482116699, "Carbono_Perdido_tC": 0.36762463502929554, "Nombre_Tipo_Bosque_Predom": "Sin Datos" }, "geometry": { "type": "MultiPolygon", "coordinates": [ [ [ [ 4906395.92267282679677, 2113969.483673945534974 ], [ 4906395.961180306971073, 2113999.264511097222567 ], [ 4906425.825671100988984, 2113999.225900580640882 ], [ 4906425.787175911478698, 2113969.445065476000309 ], [ 4906395.92267282679677, 2113969.483673945534974 ] ] ] ] } },
{ "type": "Feature", "properties": { "id": "+393907+278151", "Area_ha": 0.088937944291208992, "count": 1, "value": 1, "Porcentaje_Cobertura_Forestal": 0.0, "NDVI_Medio_Poligono": 0.69941005831273118, "Codigo_Tipo_Bosque_Predom": 0.0, "Densidad_C_Media_tC_ha": 15.171874046325684, "Carbono_Perdido_tC": 1.3493552887253533, "Nombre_Tipo_Bosque_Predom": "Sin Datos" }, "geometry": { "type": "MultiPolygon", "coordinates": [ [ [ [ 4906456.884149726480246, 2114922.393246495630592 ], [ 4906456.922698431648314, 2114952.174087253864855 ], [ 4906486.786791513673961, 2114952.135435926727951 ], [ 4906486.748255118727684, 2114922.354597214143723 ], [ 4906456.884149726480246, 2114922.393246495630592 ] ] ] ] } },
{ "type": "Feature", "properties": { "id": "+393907+278339", "Area_ha": 4.5361717480666037, "count": 51, "value": 1, "Porcentaje_Cobertura_Forestal": 0.0, "NDVI_Medio_Poligono": 0.66583190202426368, "Codigo_Tipo_Bosque_Predom": 0.0, "Densidad_C_Media_tC_ha": 110.06163787841797, "Carbono_Perdido_tC": 499.25849229001676, "Nombre_Tipo_Bosque_Predom": "Sin Datos" }, "geometry": { "type": "MultiPolygon", "coordinates": [ [ [ [ 4906419.845291705802083, 2109353.41852292092517 ], [ 4906419.8071174249053, 2109323.637725165579468 ], [ 4906389.940705230459571, 2109323.676014268305153 ], [ 4906389.978891697712243, 2109353.456814071163535 ], [ 4906300.379679352976382, 2109353.571760855615139 ], [ 4906300.532592064701021, 2109472.694987035822123 ], [ 4906390.131658145226538, 2109472.580015665851533 ], [ 4906390.055270805954933, 2109413.018414390739053 ], [ 4906449.788020014762878, 2109412.941836123820394 ], [ 4906449.940705405548215, 2109532.065023249015212 ], [ 4906509.673348885029554, 2109531.988477510400116 ], [ 4906509.711500991135836, 2109561.769270796794444 ], [ 4906539.577807461842895, 2109561.731014221906662 ], [ 4906539.539667547680438, 2109531.950222980231047 ], [ 4906569.405984160490334, 2109531.911980676930398 ], [ 4906569.444111883640289, 2109561.692769874352962 ], [ 4906599.310414255596697, 2109561.654537753202021 ], [ 4906599.196073821745813, 2109472.31217700894922 ], [ 4906658.928745562210679, 2109472.235761702992022 ], [ 4906658.814496740698814, 2109382.893415359780192 ], [ 4906569.215376355685294, 2109383.008038269821554 ], [ 4906569.177260956726968, 2109353.227250505238771 ], [ 4906539.310871207155287, 2109353.265480543486774 ], [ 4906539.387128436006606, 2109412.827060401439667 ], [ 4906509.520761013962328, 2109412.865306752268225 ], [ 4906509.444479409605265, 2109353.303722804412246 ], [ 4906479.57808556035161, 2109353.341977287549525 ], [ 4906479.53993565402925, 2109323.561183625366539 ], [ 4906449.67352756485343, 2109323.59944828459993 ], [ 4906449.711689658463001, 2109353.380243993364275 ], [ 4906419.845291705802083, 2109353.41852292092517 ] ], [ [ 4906569.329734877683222, 2109472.350402999669313 ], [ 4906569.253493809141219, 2109412.788826274685562 ], [ 4906599.119857132434845, 2109412.750604371540248 ], [ 4906599.196073821745813, 2109472.31217700894922 ], [ 4906569.329734877683222, 2109472.350402999669313 ] ] ] ] } },
{ "type": "Feature", "properties": { "id": "+393908+278179", "Area_ha": 0.088938937164853266, "count": 1, "value": 1, "Porcentaje_Cobertura_Forestal": 0.0, "NDVI_Medio_Poligono": 0.75856158583590449, "Codigo_Tipo_Bosque_Predom": 0.0, "Densidad_C_Media_tC_ha": 4.1334414482116699, "Carbono_Perdido_tC": 0.36762388923709777, "Nombre_Tipo_Bosque_Predom": "Sin Datos" }, "geometry": { "type": "MultiPolygon", "coordinates": [ [ [ [ 4906485.670070700347424, 2114088.49121099896729 ], [ 4906485.708549533970654, 2114118.27204297343269 ], [ 4906515.572985007427633, 2114118.233461249619722 ], [ 4906515.534518465399742, 2114088.452631319873035 ], [ 4906485.670070700347424, 2114088.49121099896729 ] ] ] ] } },
{ "type": "Feature", "properties": { "id": "+393908+278186", "Area_ha": 0.088939188224852847, "count": 1, "value": 1, "Porcentaje_Cobertura_Forestal": 0.0, "NDVI_Medio_Poligono": 0.68871871098418558, "Codigo_Tipo_Bosque_Predom": 0.0, "Densidad_C_Media_tC_ha": 10.83981990814209, "Carbono_Perdido_tC": 0.96408478313375645, "Nombre_Tipo_Bosque_Predom": "Sin Datos" }, "geometry": { "type": "MultiPolygon", "coordinates": [ [ [ [ 4906485.400776421651244, 2113880.025393913500011 ], [ 4906485.439240866340697, 2113909.806224204599857 ], [ 4906515.303762369789183, 2113909.767656795680523 ], [ 4906515.265310213901103, 2113879.986828549299389 ], [ 4906485.400776421651244, 2113880.025393913500011 ] ] ] ] } },
{ "type": "Feature", "properties": { "id": "+393908+278197", "Area_ha": 0.26681864017163459, "count": 3, "value": 1, "Porcentaje_Cobertura_Forestal": 0.0, "NDVI_Medio_Poligono": 0.3012854949749797, "Codigo_Tipo_Bosque_Predom": 0.0, "Densidad_C_Media_tC_ha": 10.83981990814209, "Carbono_Perdido_tC": 2.8922660075958855, "Nombre_Tipo_Bosque_Predom": "Sin Datos" }, "geometry": { "type": "MultiPolygon", "coordinates": [ [ [ [ 4906484.977803218178451, 2113552.436276573687792 ], [ 4906485.09313487727195, 2113641.77876023715362 ], [ 4906514.95776694547385, 2113641.740211233496666 ], [ 4906514.84247212857008, 2113552.397733705118299 ], [ 4906484.977803218178451, 2113552.436276573687792 ] ] ] ] } },
{ "type": "Feature", "properties": { "id": "+393909+278182", "Area_ha": 0.088939032467479404, "count": 1, "value": 1, "Porcentaje_Cobertura_Forestal": 0.0, "NDVI_Medio_Poligono": 0.64349487297424923, "Codigo_Tipo_Bosque_Predom": 0.0, "Densidad_C_Media_tC_ha": 4.1334414482116699, "Carbono_Perdido_tC": 0.36762428316492279, "Nombre_Tipo_Bosque_Predom": "Sin Datos" }, "geometry": { "type": "MultiPolygon", "coordinates": [ [ [ [ 4906515.419131170026958, 2113999.110142976045609 ], [ 4906515.457591546699405, 2114028.890972184017301 ], [ 4906545.322061844170094, 2114028.852408919949085 ], [ 4906545.283613757230341, 2113999.071581756230444 ], [ 4906515.419131170026958, 2113999.110142976045609 ] ] ] ] } },
{ "type": "Feature", "properties": { "id": "+393909+278189", "Area_ha": 0.088939283489824453, "count": 1, "value": 1, "Porcentaje_Cobertura_Forestal": 0.0, "NDVI_Medio_Poligono": 0.66539591081055893, "Codigo_Tipo_Bosque_Predom": 0.0, "Densidad_C_Media_tC_ha": 10.83981990814209, "Carbono_Perdido_tC": 0.96408581578889219, "Nombre_Tipo_Bosque_Predom": "Sin Datos" }, "geometry": { "type": "MultiPolygon", "coordinates": [ [ [ [ 4906515.149966075085104, 2113790.644345253705978 ], [ 4906515.188412066549063, 2113820.425172779243439 ], [ 4906545.05296838004142, 2113820.386623825877905 ], [ 4906545.014534674584866, 2113790.605798344593495 ], [ 4906515.149966075085104, 2113790.644345253705978 ] ] ] ] } },
{ "type": "Feature", "properties": { "id": "+393909+278368", "Area_ha": 0.088945670570513169, "count": 1, "value": 1, "Porcentaje_Cobertura_Forestal": 0.0, "NDVI_Medio_Poligono": 0.6522407250312946, "Codigo_Tipo_Bosque_Predom": 2.4202320575714111, "Densidad_C_Media_tC_ha": 38.893970489501953, "Carbono_Perdido_tC": 3.4594502863385017, "Nombre_Tipo_Bosque_Predom": "Sin Datos" }, "geometry": { "type": "MultiPolygon", "coordinates": [ [ [ [ 4906508.301241844892502, 2108459.880077973473817 ], [ 4906508.339319963008165, 2108489.66086268145591 ], [ 4906538.20606491714716, 2108489.622679722961038 ], [ 4906538.167998966760933, 2108459.841897060163319 ], [ 4906508.301241844892502, 2108459.880077973473817 ] ] ] ] } },
{ "type": "Feature", "properties": { "id": "+393910+278289", "Area_ha": 0.17788565826147679, "count": 2, "value": 1, "Porcentaje_Cobertura_Forestal": 0.0, "NDVI_Medio_Poligono": 0.61990820398470314, "Codigo_Tipo_Bosque_Predom": 0.0, "Densidad_C_Media_tC_ha": 130.32600402832031, "Carbono_Perdido_tC": 23.183127015165635, "Nombre_Tipo_Bosque_Predom": "Sin Datos" }, "geometry": { "type": "MultiPolygon", "coordinates": [ [ [ [ 4906541.181539102457464, 2110812.52446189429611 ], [ 4906541.257997674867511, 2110872.086065153125674 ], [ 4906571.123765016905963, 2110872.047730864025652 ], [ 4906571.047330885194242, 2110812.48613169323653 ], [ 4906541.181539102457464, 2110812.52446189429611 ] ] ] ] } },
{ "type": "Feature", "properties": { "id": "+393913+278150", "Area_ha": 0.35575129093048163, "count": 4, "value": 1, "Porcentaje_Cobertura_Forestal": 0.0, "NDVI_Medio_Poligono": 0.68957588914392043, "Codigo_Tipo_Bosque_Predom": 0.0, "Densidad_C_Media_tC_ha": 15.171874046325684, "Carbono_Perdido_tC": 5.3974137778150322, "Nombre_Tipo_Bosque_Predom": "Sin Datos" }, "geometry": { "type": "MultiPolygon", "coordinates": [ [ [ [ 4906652.835799999535084, 2115009.72440000064671 ], [ 4906655.4759, 2115008.2456 ], [ 4906658.7494, 2115007.197599999606609 ], [ 4906662.321100000292063, 2115005.918199999257922 ], [ 4906666.040088414214551, 2115005.155739456415176 ], [ 4906665.971306951716542, 2114951.903787211515009 ], [ 4906606.243143334984779, 2114951.980954069178551 ], [ 4906606.320123799145222, 2115011.542615864425898 ], [ 4906649.802202188409865, 2115011.486432431731373 ], [ 4906652.835799999535084, 2115009.72440000064671 ] ] ] ] } },
{ "type": "Feature", "properties": { "id": "+393913+278228", "Area_ha": 0.35576247753392382, "count": 4, "value": 1, "Porcentaje_Cobertura_Forestal": 0.0, "NDVI_Medio_Poligono": 0.30386291457012793, "Codigo_Tipo_Bosque_Predom": 0.0, "Densidad_C_Media_tC_ha": 2.2505872249603271, "Carbono_Perdido_tC": 0.80067448705808431, "Nombre_Tipo_Bosque_Predom": "Sin Datos" }, "geometry": { "type": "MultiPolygon", "coordinates": [ [ [ [ 4906603.247310910373926, 2112629.076894474681467 ], [ 4906603.323971088044345, 2112688.638518773019314 ], [ 4906663.054002146236598, 2112688.561662311200052 ], [ 4906662.977391008287668, 2112629.000046181492507 ], [ 4906603.247310910373926, 2112629.076894474681467 ] ] ] ] } },
{ "type": "Feature", "properties": { "id": "+393914+278154", "Area_ha": 0.71150327853113415, "count": 8, "value": 1, "Porcentaje_Cobertura_Forestal": 0.0, "NDVI_Medio_Poligono": 0.76000031408175739, "Codigo_Tipo_Bosque_Predom": 0.0, "Densidad_C_Media_tC_ha": 6.4929362525294811, "Carbono_Perdido_tC": 4.6197454309683819, "Nombre_Tipo_Bosque_Predom": "Sin Datos" }, "geometry": { "type": "MultiPolygon", "coordinates": [ [ [ [ 4906695.720041420310736, 2114862.522749901749194 ], [ 4906695.681597352027893, 2114832.741926212329417 ], [ 4906606.08920728135854, 2114832.857633481733501 ], [ 4906606.127688274718821, 2114862.638463295996189 ], [ 4906665.855925751850009, 2114862.561308689881116 ], [ 4906665.89438418019563, 2114892.3421346610412 ], [ 4906725.622588850557804, 2114892.265025346539915 ], [ 4906725.584155040793121, 2114862.484203456901014 ], [ 4906695.720041420310736, 2114862.522749901749194 ] ] ], [ [ [ 4906755.525111666880548, 2114922.007309295702726 ], [ 4906755.563537267968059, 2114951.78812962770462 ], [ 4906785.42760987021029, 2114951.749601752031595 ], [ 4906785.350785338319838, 2114892.187965407501906 ], [ 4906725.622588850557804, 2114892.265025346539915 ], [ 4906725.661024711094797, 2114922.045847476925701 ], [ 4906755.525111666880548, 2114922.007309295702726 ] ] ] ] } },
{ "type": "Feature", "properties": { "id": "+393916+278156", "Area_ha": 0.17787599055960163, "count": 2, "value": 1, "Porcentaje_Cobertura_Forestal": 0.0, "NDVI_Medio_Poligono": 0.76486299368812494, "Codigo_Tipo_Bosque_Predom": 0.0, "Densidad_C_Media_tC_ha": 8.3811793350283814, "Carbono_Perdido_tC": 1.4908105762758366, "Nombre_Tipo_Bosque_Predom": "Sin Datos" }, "geometry": { "type": "MultiPolygon", "coordinates": [ [ [ [ 4906725.46886567492038, 2114773.141739118378609 ], [ 4906725.545723043382168, 2114832.703381694387645 ], [ 4906755.409846926108003, 2114832.664849632419646 ], [ 4906755.333014173433185, 2114773.103211135603487 ], [ 4906725.46886567492038, 2114773.141739118378609 ] ] ] ] } },
{ "type": "Feature", "properties": { "id": "+393916+278162", "Area_ha": 0.088938228704498037, "count": 1, "value": 1, "Porcentaje_Cobertura_Forestal": 0.0, "NDVI_Medio_Poligono": 0.77683906153005222, "Codigo_Tipo_Bosque_Predom": 0.0, "Densidad_C_Media_tC_ha": 8.3258828771183495, "Carbono_Perdido_tC": 0.74048927549201593, "Nombre_Tipo_Bosque_Predom": "Sin Datos" }, "geometry": { "type": "MultiPolygon", "coordinates": [ [ [ [ 4906725.238342783413827, 2114594.456817171536386 ], [ 4906725.276758139021695, 2114624.237636894453317 ], [ 4906755.140968163497746, 2114624.19911911059171 ], [ 4906755.102565110661089, 2114594.418301426805556 ], [ 4906725.238342783413827, 2114594.456817171536386 ] ] ] ] } },
{ "type": "Feature", "properties": { "id": "+393916+278234", "Area_ha": 0.17788158205649232, "count": 2, "value": 1, "Porcentaje_Cobertura_Forestal": 0.0, "NDVI_Medio_Poligono": 0.61275719200213241, "Codigo_Tipo_Bosque_Predom": 0.0, "Densidad_C_Media_tC_ha": 42.939414061664003, "Carbono_Perdido_tC": 7.6381309058675857, "Nombre_Tipo_Bosque_Predom": "Sin Datos" }, "geometry": { "type": "MultiPolygon", "coordinates": [ [ [ [ 4906722.477825842797756, 2112450.238428920973092 ], [ 4906722.554363333620131, 2112509.800034010317177 ], [ 4906752.419445251114666, 2112509.761661053169519 ], [ 4906752.342932272702456, 2112450.200060043949634 ], [ 4906722.477825842797756, 2112450.238428920973092 ] ] ] ] } },
{ "type": "Feature", "properties": { "id": "+393916+278359", "Area_ha": 0.088945264837147264, "count": 1, "value": 1, "Porcentaje_Cobertura_Forestal": 0.0, "NDVI_Medio_Poligono": 0.63886939228965467, "Codigo_Tipo_Bosque_Predom": 0.8502349853515625, "Densidad_C_Media_tC_ha": 56.872600471706505, "Carbono_Perdido_tC": 5.0585485109332016, "Nombre_Tipo_Bosque_Predom": "Sin Datos" }, "geometry": { "type": "MultiPolygon", "coordinates": [ [ [ [ 4906717.71050896961242, 2108727.640010065864772 ], [ 4906717.748520367778838, 2108757.420782615896314 ], [ 4906747.615141441114247, 2108757.38266671821475 ], [ 4906747.577142216265202, 2108727.601896208710968 ], [ 4906717.71050896961242, 2108727.640010065864772 ] ] ] ] } },
{ "type": "Feature", "properties": { "id": "+393917+278210", "Area_ha": 9.6054814158558841, "count": 108, "value": 1, "Porcentaje_Cobertura_Forestal": 15.617061180420983, "NDVI_Medio_Poligono": 0.64599251277214575, "Codigo_Tipo_Bosque_Predom": 0.0, "Densidad_C_Media_tC_ha": 75.537609082134125, "Carbono_Perdido_tC": 725.57510023662599, "Nombre_Tipo_Bosque_Predom": "Sin Datos" }, "geometry": { "type": "MultiPolygon", "coordinates": [ [ [ [ 4906693.570332117378712, 2113194.796993682626635 ], [ 4906693.646996679715812, 2113254.358614849857986 ], [ 4906663.78221729490906, 2113254.397063420154154 ], [ 4906663.743871714919806, 2113224.616250674705952 ], [ 4906574.149484458379447, 2113224.731664105784148 ], [ 4906574.187866857275367, 2113254.51248297886923 ], [ 4906604.052652386017144, 2113254.473997484426945 ], [ 4906604.20615341886878, 2113373.597267203498632 ], [ 4906663.935620130971074, 2113373.520316801965237 ], [ 4906663.973975969478488, 2113403.301130747888237 ], [ 4906723.703409942798316, 2113403.224225507117808 ], [ 4906723.741743278689682, 2113433.005035610403866 ], [ 4906783.471144512295723, 2113432.928175535053015 ], [ 4906783.547768224962056, 2113492.489788306877017 ], [ 4906813.412441220134497, 2113492.451372660230845 ], [ 4906813.489048571325839, 2113552.01298231491819 ], [ 4906843.353694963268936, 2113551.97457490535453 ], [ 4906843.430285947397351, 2113611.536181446630508 ], [ 4906873.294905733317137, 2113611.497782276943326 ], [ 4906873.218339310027659, 2113551.936179809737951 ], [ 4906962.812260104343295, 2113551.821068410761654 ], [ 4906962.774016802199185, 2113522.040273646824062 ], [ 4907022.50331168435514, 2113521.963598354719579 ], [ 4907022.541530427522957, 2113551.744389050640166 ], [ 4907052.406162531115115, 2113551.706067841500044 ], [ 4907052.482581588439643, 2113611.267645889893174 ], [ 4907112.211790555156767, 2113611.191032286267728 ], [ 4907112.097238714806736, 2113521.848677769768983 ], [ 4907141.961876983754337, 2113521.810395536012948 ], [ 4907141.923709399998188, 2113492.029613208491355 ], [ 4907112.05905885156244, 2113492.067893411498517 ], [ 4907112.020881030708551, 2113462.287109293043613 ], [ 4907082.1562161706388, 2113462.325399776920676 ], [ 4907082.118028114549816, 2113432.544613866601139 ], [ 4907052.253348935395479, 2113432.582914630416781 ], [ 4907052.291549269109964, 2113462.363702573347837 ], [ 4907022.426880329847336, 2113462.402017682325095 ], [ 4907022.388667718507349, 2113432.621227705851197 ], [ 4906992.523984461091459, 2113432.65955309337005 ], [ 4906992.485761616379023, 2113402.878761325031519 ], [ 4906962.621064045466483, 2113402.917096989694983 ], [ 4906962.544599939137697, 2113343.355510101653636 ], [ 4906843.085691026411951, 2113343.508959581144154 ], [ 4906843.123971159569919, 2113373.289761049672961 ], [ 4906813.25925110001117, 2113373.328156232368201 ], [ 4906813.220958691090345, 2113343.547352725639939 ], [ 4906783.356224311515689, 2113343.585758179891855 ], [ 4906783.279621090739965, 2113284.024147810880095 ], [ 4906843.009136904031038, 2113283.947357364930212 ], [ 4906842.93259097263217, 2113224.385756108444184 ], [ 4906813.067809541709721, 2113224.424141101539135 ], [ 4906813.029527375474572, 2113194.643338796682656 ], [ 4906783.164731628261507, 2113194.681734058540314 ], [ 4906783.126439238898456, 2113164.90092995390296 ], [ 4906723.396817068569362, 2113164.977753317914903 ], [ 4906723.435134001076221, 2113194.758561501279473 ], [ 4906693.570332117378712, 2113194.796993682626635 ] ], [ [ 4906813.106093755923212, 2113254.204943647608161 ], [ 4906783.2413225537166, 2113254.24334298633039 ], [ 4906783.203026066534221, 2113224.462538401596248 ], [ 4906813.067809541709721, 2113224.424141101539135 ], [ 4906813.106093755923212, 2113254.204943647608161 ] ] ] ] } },
{ "type": "Feature", "properties": { "id": "+393917+278216", "Area_ha": 0.088940152515440421, "count": 1, "value": 1, "Porcentaje_Cobertura_Forestal": 0.0, "NDVI_Medio_Poligono": 0.74094927909046104, "Codigo_Tipo_Bosque_Predom": 0.0, "Densidad_C_Media_tC_ha": 96.894416809082031, "Carbono_Perdido_tC": 8.6178042088944107, "Nombre_Tipo_Bosque_Predom": "Sin Datos" }, "geometry": { "type": "MultiPolygon", "coordinates": [ [ [ [ 4906753.031844258308411, 2112986.254503664094955 ], [ 4906753.070136619731784, 2113016.035308367107064 ], [ 4906782.935008030384779, 2113015.996913034003228 ], [ 4906782.896727936342359, 2112986.216110370121896 ], [ 4906753.031844258308411, 2112986.254503664094955 ] ] ] ] } },
{ "type": "Feature", "properties": { "id": "+393917+278330", "Area_ha": 0.44472087832349499, "count": 5, "value": 1, "Porcentaje_Cobertura_Forestal": 0.0, "NDVI_Medio_Poligono": 0.63372864660313655, "Codigo_Tipo_Bosque_Predom": 0.0, "Densidad_C_Media_tC_ha": 46.111133575439453, "Carbono_Perdido_tC": 20.506583824161435, "Nombre_Tipo_Bosque_Predom": "Sin Datos" }, "geometry": { "type": "MultiPolygon", "coordinates": [ [ [ [ 4906748.679952011443675, 2109591.244337735697627 ], [ 4906748.794134180992842, 2109680.586670718621463 ], [ 4906808.526614763773978, 2109680.510349112097174 ], [ 4906808.450540042482316, 2109620.948801707476377 ], [ 4906778.584276385605335, 2109620.986952318344265 ], [ 4906778.546229905448854, 2109591.206176936626434 ], [ 4906748.679952011443675, 2109591.244337735697627 ] ] ] ] } },
{ "type": "Feature", "properties": { "id": "+393918+278184", "Area_ha": 0.088938993605184077, "count": 1, "value": 1, "Porcentaje_Cobertura_Forestal": 0.0, "NDVI_Medio_Poligono": 0.64698572459920745, "Codigo_Tipo_Bosque_Predom": 0.0, "Densidad_C_Media_tC_ha": 10.746505737304688, "Carbono_Perdido_tC": 0.95578340504821557, "Nombre_Tipo_Bosque_Predom": "Sin Datos" }, "geometry": { "type": "MultiPolygon", "coordinates": [ [ [ [ 4906784.12270734179765, 2113939.201914730481803 ], [ 4906784.161053010262549, 2113968.982725080102682 ], [ 4906814.025529463775456, 2113968.944276817608625 ], [ 4906813.987196085043252, 2113939.163468506187201 ], [ 4906784.12270734179765, 2113939.201914730481803 ] ] ] ] } },
{ "type": "Feature", "properties": { "id": "+393918+278359", "Area_ha": 0.088945240289029601, "count": 1, "value": 1, "Porcentaje_Cobertura_Forestal": 0.0, "NDVI_Medio_Poligono": 0.71267349752215892, "Codigo_Tipo_Bosque_Predom": 0.0, "Densidad_C_Media_tC_ha": 85.966094970703125, "Carbono_Perdido_tC": 7.6462749738787288, "Nombre_Tipo_Bosque_Predom": "Sin Datos" }, "geometry": { "type": "MultiPolygon", "coordinates": [ [ [ [ 4906777.443773416802287, 2108727.563794559799135 ], [ 4906777.481760467402637, 2108757.344563029240817 ], [ 4906807.348377451300621, 2108757.306471549905837 ], [ 4906807.310402574017644, 2108727.52570511912927 ], [ 4906777.443773416802287, 2108727.563794559799135 ] ] ] ] } },
{ "type": "Feature", "properties": { "id": "+393919+278164", "Area_ha": 0.088938263698857919, "count": 1, "value": 1, "Porcentaje_Cobertura_Forestal": 0.0, "NDVI_Medio_Poligono": 0.73101159225930712, "Codigo_Tipo_Bosque_Predom": 0.0, "Densidad_C_Media_tC_ha": 10.746505737304688, "Carbono_Perdido_tC": 0.95577556110569384, "Nombre_Tipo_Bosque_Predom": "Sin Datos" }, "geometry": { "type": "MultiPolygon", "coordinates": [ [ [ [ 4906814.754252884536982, 2114534.779680459760129 ], [ 4906814.792627234011889, 2114564.560493584256619 ], [ 4906844.656855731271207, 2114564.522016889415681 ], [ 4906844.618493684567511, 2114534.741205802652985 ], [ 4906814.754252884536982, 2114534.779680459760129 ] ] ] ] } },
{ "type": "Feature", "properties": { "id": "+393919+278215", "Area_ha": 0.35576022647321226, "count": 4, "value": 1, "Porcentaje_Cobertura_Forestal": 36.814327369027701, "NDVI_Medio_Poligono": 0.73048853034352201, "Codigo_Tipo_Bosque_Predom": 2.0, "Densidad_C_Media_tC_ha": 96.894416809082031, "Carbono_Perdido_tC": 34.471179667988849, "Nombre_Tipo_Bosque_Predom": "Bosque Secundario Joven" }, "geometry": { "type": "MultiPolygon", "coordinates": [ [ [ [ 4906842.741262220777571, 2113075.481757285539061 ], [ 4906842.664744960144162, 2113015.920159391127527 ], [ 4906812.79987763799727, 2113015.958530118688941 ], [ 4906812.876419436186552, 2113075.520132089033723 ], [ 4906842.741262220777571, 2113075.481757285539061 ] ] ], [ [ [ 4906812.914693408645689, 2113105.300933434162289 ], [ 4906812.876419436186552, 2113075.520132089033723 ], [ 4906753.146727731451392, 2113075.596918607596308 ], [ 4906753.185026242397726, 2113105.377724030986428 ], [ 4906812.914693408645689, 2113105.300933434162289 ] ] ] ] } },
{ "type": "Feature", "properties": { "id": "+393919+278259", "Area_ha": 1.1562405307641632, "count": 13, "value": 1, "Porcentaje_Cobertura_Forestal": 27.09146570898066, "NDVI_Medio_Poligono": 0.58530637971252319, "Codigo_Tipo_Bosque_Predom": 2.0, "Densidad_C_Media_tC_ha": 67.218597412109375, "Carbono_Perdido_tC": 77.720866748999953, "Nombre_Tipo_Bosque_Predom": "Bosque Secundario Joven" }, "geometry": { "type": "MultiPolygon", "coordinates": [ [ [ [ 4906781.252622686326504, 2111705.641822843812406 ], [ 4906781.290814663283527, 2111735.422615197952837 ], [ 4906751.425416332669556, 2111735.460922840982676 ], [ 4906751.463622599840164, 2111765.241717474069446 ], [ 4906811.194392737001181, 2111765.165110384579748 ], [ 4906811.232576572336257, 2111794.945901179220527 ], [ 4906841.097946331836283, 2111794.907614008989185 ], [ 4906841.059774737805128, 2111765.12682525254786 ], [ 4906870.925154694356024, 2111765.088552395813167 ], [ 4906870.886997387744486, 2111735.307765916921198 ], [ 4906841.021605190820992, 2111735.346036735922098 ], [ 4906840.983437691815197, 2111705.565248458646238 ], [ 4906781.252622686326504, 2111705.641822843812406 ] ] ], [ [ [ 4906870.925154694356024, 2111765.088552395813167 ], [ 4906870.963314048945904, 2111794.86933911498636 ], [ 4906900.828679723665118, 2111794.831076496746391 ], [ 4906900.790532610379159, 2111765.05029181484133 ], [ 4906870.925154694356024, 2111765.088552395813167 ] ] ], [ [ [ 4906960.63565634470433, 2111854.316150027792901 ], [ 4906960.597529622726142, 2111824.53536893799901 ], [ 4906930.732180274091661, 2111824.573609040118754 ], [ 4906930.694043355993927, 2111794.792826154734939 ], [ 4906900.828679723665118, 2111794.831076496746391 ], [ 4906900.866828883066773, 2111824.611861418467015 ], [ 4906871.00147544965148, 2111824.650126073509455 ], [ 4906871.039638898335397, 2111854.430913271382451 ], [ 4906960.63565634470433, 2111854.316150027792901 ] ] ], [ [ [ 4906960.63565634470433, 2111854.316150027792901 ], [ 4906960.673785111866891, 2111884.096931356936693 ], [ 4906990.539107934571803, 2111884.058699462097138 ], [ 4906990.500991409644485, 2111854.27792016742751 ], [ 4906960.63565634470433, 2111854.316150027792901 ] ] ] ] } },
{ "type": "Feature", "properties": { "id": "+393920+278167", "Area_ha": 0.71150682759720363, "count": 8, "value": 1, "Porcentaje_Cobertura_Forestal": 0.0, "NDVI_Medio_Poligono": 0.6191567006719082, "Codigo_Tipo_Bosque_Predom": 0.0, "Densidad_C_Media_tC_ha": 10.746505737304689, "Carbono_Perdido_tC": 7.6462122049048071, "Nombre_Tipo_Bosque_Predom": "Sin Datos" }, "geometry": { "type": "MultiPolygon", "coordinates": [ [ [ [ 4906754.910580594092607, 2114445.514216621406376 ], [ 4906754.94897339772433, 2114475.295033101458102 ], [ 4906784.813242886215448, 2114475.256537850480527 ], [ 4906784.851625438779593, 2114505.037352532148361 ], [ 4906904.308633754961193, 2114504.883486724924296 ], [ 4906904.270300404168665, 2114475.102680193260312 ], [ 4906874.40603908803314, 2114475.141126105561852 ], [ 4906874.367695484310389, 2114445.360317777842283 ], [ 4906754.910580594092607, 2114445.514216621406376 ] ] ] ] } },
{ "type": "Feature", "properties": { "id": "+393920+278292", "Area_ha": 0.62259961935889441, "count": 7, "value": 1, "Porcentaje_Cobertura_Forestal": 0.0, "NDVI_Medio_Poligono": 0.69677630204928631, "Codigo_Tipo_Bosque_Predom": 0.0, "Densidad_C_Media_tC_ha": 89.819114685058594, "Carbono_Perdido_tC": 55.921346614070366, "Nombre_Tipo_Bosque_Predom": "Sin Datos" }, "geometry": { "type": "MultiPolygon", "coordinates": [ [ [ [ 4906779.993436802178621, 2110722.875809316057712 ], [ 4906780.031561154872179, 2110752.656593774445355 ], [ 4906809.897360997274518, 2110752.618365685921162 ], [ 4906809.973591413348913, 2110812.179931240621954 ], [ 4906869.705136086791754, 2110812.103503671009094 ], [ 4906869.590866846963763, 2110722.761167923454195 ], [ 4906779.993436802178621, 2110722.875809316057712 ] ] ] ] } },
{ "type": "Feature", "properties": { "id": "+393921+278148", "Area_ha": 0.088937664506238065, "count": 1, "value": 1, "Porcentaje_Cobertura_Forestal": 0.0, "NDVI_Medio_Poligono": 0.45951298359865594, "Codigo_Tipo_Bosque_Predom": 0.0, "Densidad_C_Media_tC_ha": 11.256541252136232, "Carbono_Perdido_tC": 1.0011304893831212, "Nombre_Tipo_Bosque_Predom": "Sin Datos" }, "geometry": { "type": "MultiPolygon", "coordinates": [ [ [ [ 4906875.09657402895391, 2115011.195717163383961 ], [ 4906875.13495652936399, 2115040.976530066225678 ], [ 4906904.998984022065997, 2115040.938045462127775 ], [ 4906904.960613834671676, 2115011.157234595622867 ], [ 4906875.09657402895391, 2115011.195717163383961 ] ] ] ] } },
{ "type": "Feature", "properties": { "id": "+393921+278164", "Area_ha": 0.088938239177734066, "count": 1, "value": 1, "Porcentaje_Cobertura_Forestal": 0.0, "NDVI_Medio_Poligono": 0.6360696195808927, "Codigo_Tipo_Bosque_Predom": 0.0, "Densidad_C_Media_tC_ha": 10.746505737304688, "Carbono_Perdido_tC": 0.95577529758929569, "Nombre_Tipo_Bosque_Predom": "Sin Datos" }, "geometry": { "type": "MultiPolygon", "coordinates": [ [ [ [ 4906874.482732437551022, 2114534.702743481379002 ], [ 4906874.521082183346152, 2114564.483552531339228 ], [ 4906904.385306595824659, 2114564.445100509561598 ], [ 4906904.346969151869416, 2114534.664293496403843 ], [ 4906874.482732437551022, 2114534.702743481379002 ] ] ] ] } },
{ "type": "Feature", "properties": { "id": "+393921+278226", "Area_ha": 0.35576177593234171, "count": 4, "value": 1, "Porcentaje_Cobertura_Forestal": 0.0, "NDVI_Medio_Poligono": 0.28301577585526305, "Codigo_Tipo_Bosque_Predom": 0.0, "Densidad_C_Media_tC_ha": 77.29736328125, "Carbono_Perdido_tC": 27.499447235824881, "Nombre_Tipo_Bosque_Predom": "Sin Datos" }, "geometry": { "type": "MultiPolygon", "coordinates": [ [ [ [ 4906902.01225534081459, 2112718.035520511679351 ], [ 4906901.974044783972204, 2112688.254728398285806 ], [ 4906872.10904663708061, 2112688.293052117805928 ], [ 4906872.147269455716014, 2112718.073846267536283 ], [ 4906902.01225534081459, 2112718.035520511679351 ] ] ], [ [ [ 4906812.417291560210288, 2112718.150534668006003 ], [ 4906812.455540949478745, 2112747.931333133019507 ], [ 4906872.185494321398437, 2112747.854640657547861 ], [ 4906872.147269455716014, 2112718.073846267536283 ], [ 4906812.417291560210288, 2112718.150534668006003 ] ] ], [ [ [ 4906782.590561196208, 2112747.969697815831751 ], [ 4906782.62882489617914, 2112777.750498559791595 ], [ 4906812.493792386725545, 2112777.712131838314235 ], [ 4906812.455540949478745, 2112747.931333133019507 ], [ 4906782.590561196208, 2112747.969697815831751 ] ] ] ] } },
{ "type": "Feature", "properties": { "id": "+393922+278156", "Area_ha": 0.35575171126603089, "count": 4, "value": 1, "Porcentaje_Cobertura_Forestal": 0.0, "NDVI_Medio_Poligono": 0.67249394239570526, "Codigo_Tipo_Bosque_Predom": 0.0, "Densidad_C_Media_tC_ha": 10.746505737304688, "Carbono_Perdido_tC": 3.8230878061763618, "Nombre_Tipo_Bosque_Predom": "Sin Datos" }, "geometry": { "type": "MultiPolygon", "coordinates": [ [ [ [ 4906907.5016, 2114824.7577 ], [ 4906907.9934, 2114817.127299999818206 ], [ 4906908.540199999697506, 2114810.634600000455976 ], [ 4906911.567800000309944, 2114781.754599999636412 ], [ 4906912.565135581418872, 2114772.900573912542313 ], [ 4906874.789587724022567, 2114772.94922261685133 ], [ 4906874.866322017274797, 2114832.510844809468836 ], [ 4906907.028258044272661, 2114832.469421096146107 ], [ 4906907.5016, 2114824.7577 ] ] ] ] } },
{ "type": "Feature", "properties": { "id": "+393922+278185", "Area_ha": 5.3363165751520425, "count": 60, "value": 1, "Porcentaje_Cobertura_Forestal": 0.0, "NDVI_Medio_Poligono": 0.39462956373531688, "Codigo_Tipo_Bosque_Predom": 0.0, "Densidad_C_Media_tC_ha": 12.618523073777192, "Carbono_Perdido_tC": 67.336433832535732, "Nombre_Tipo_Bosque_Predom": "Sin Datos" }, "geometry": { "type": "MultiPolygon", "coordinates": [ [ [ [ 4906933.483415084891021, 2113968.790607117116451 ], [ 4906933.40684868209064, 2113909.229007026646286 ], [ 4906843.813363979570568, 2113909.344228683970869 ], [ 4906843.851683022454381, 2113939.125034718774259 ], [ 4906873.716167676262558, 2113939.086613140068948 ], [ 4906873.831100222654641, 2114028.429026574362069 ], [ 4906903.695545967668295, 2114028.390611209440976 ], [ 4906903.73384862113744, 2114058.171414132229984 ], [ 4906993.327136732637882, 2114058.056235880125314 ], [ 4906993.365404557436705, 2114087.837032937910408 ], [ 4907023.229817557148635, 2114087.798662804067135 ], [ 4907023.344596421346068, 2114177.141049318481237 ], [ 4907083.073342544957995, 2114177.06433383282274 ], [ 4907083.111581666395068, 2114206.845125752966851 ], [ 4907112.975939378142357, 2114206.806784470565617 ], [ 4907113.052399159409106, 2114266.368364968337119 ], [ 4907142.916730243712664, 2114266.330031951889396 ], [ 4907142.954950901679695, 2114296.11082053091377 ], [ 4907232.547895047813654, 2114295.995889372192323 ], [ 4907232.509711277671158, 2114266.215106883086264 ], [ 4907172.781059292145073, 2114266.291711265686899 ], [ 4907172.666446450166404, 2114176.94935306487605 ], [ 4907142.802080518566072, 2114176.987667659297585 ], [ 4907142.725657574832439, 2114117.426092667039484 ], [ 4907112.861265020444989, 2114117.464415527414531 ], [ 4907112.823044318705797, 2114087.683626360725611 ], [ 4907082.958637435920537, 2114087.721959515940398 ], [ 4907082.920406484045088, 2114057.941168557852507 ], [ 4907053.055985274724662, 2114057.979512006510049 ], [ 4907052.979504918679595, 2113998.417926746886224 ], [ 4906963.386155305430293, 2113998.533018842339516 ], [ 4906963.347881324589252, 2113968.752220471855253 ], [ 4906933.483415084891021, 2113968.790607117116451 ] ], [ [ 4907082.996870429255068, 2114117.502750714309514 ], [ 4907053.132473802193999, 2114117.541098227724433 ], [ 4907053.094228517264128, 2114087.760304996743798 ], [ 4907082.958637435920537, 2114087.721959515940398 ], [ 4907082.996870429255068, 2114117.502750714309514 ] ] ], [ [ [ 4907142.954950901679695, 2114296.11082053091377 ], [ 4907113.090632112696767, 2114296.149155578576028 ], [ 4907113.052399159409106, 2114266.368364968337119 ], [ 4907083.188066037371755, 2114266.406710314564407 ], [ 4907083.264558578841388, 2114325.968295839149505 ], [ 4907142.993173600174487, 2114325.891609350219369 ], [ 4907142.954950901679695, 2114296.11082053091377 ] ] ], [ [ [ 4907292.35283877607435, 2114355.480887840036303 ], [ 4907292.276514305733144, 2114295.919330253265798 ], [ 4907232.547895047813654, 2114295.995889372192323 ], [ 4907232.586080856621265, 2114325.776672102045268 ], [ 4907262.450379206798971, 2114325.738384348340333 ], [ 4907262.488554758019745, 2114355.519165290053934 ], [ 4907292.35283877607435, 2114355.480887840036303 ] ] ], [ [ [ 4907322.255273752845824, 2114385.223399849142879 ], [ 4907322.217120758257806, 2114355.442622722126544 ], [ 4907292.35283877607435, 2114355.480887840036303 ], [ 4907292.391004068776965, 2114385.261666994541883 ], [ 4907322.255273752845824, 2114385.223399849142879 ] ] ], [ [ [ 4907262.641277349554002, 2114474.642291463445872 ], [ 4907262.526732347905636, 2114385.299946472514421 ], [ 4907232.662458593025804, 2114385.338238283060491 ], [ 4907232.624268705025315, 2114355.557455072179437 ], [ 4907172.895690498873591, 2114355.634071632288396 ], [ 4907172.857478056102991, 2114325.853284602519125 ], [ 4907142.993173600174487, 2114325.891609350219369 ], [ 4907143.069625121541321, 2114385.453187711071223 ], [ 4907172.933904982171953, 2114385.414858902338892 ], [ 4907173.010340071283281, 2114444.976434164680541 ], [ 4907232.738844486884773, 2114444.899805427063257 ], [ 4907232.777040492743254, 2114474.680589359719306 ], [ 4907262.641277349554002, 2114474.642291463445872 ] ] ] ] } },
{ "type": "Feature", "properties": { "id": "+393922+278212", "Area_ha": 0.80045886579146319, "count": 9, "value": 1, "Porcentaje_Cobertura_Forestal": 61.181443574115178, "NDVI_Medio_Poligono": 0.74796154903714573, "Codigo_Tipo_Bosque_Predom": 2.0, "Densidad_C_Media_tC_ha": 96.894416809082031, "Carbono_Perdido_tC": 77.559994980523086, "Nombre_Tipo_Bosque_Predom": "Bosque Secundario Joven" }, "geometry": { "type": "MultiPolygon", "coordinates": [ [ [ [ 4906962.315256942994893, 2113164.670755318831652 ], [ 4906992.180052706971765, 2113164.632435931358486 ], [ 4906992.141848263330758, 2113134.851646323688328 ], [ 4906932.412230153568089, 2113134.928293334320188 ], [ 4906932.374003214761615, 2113105.147499896585941 ], [ 4906902.509178825654089, 2113105.18583982437849 ], [ 4906902.623902593739331, 2113194.528226965107024 ], [ 4906962.353475701995194, 2113194.451547201257199 ], [ 4906962.315256942994893, 2113164.670755318831652 ] ] ], [ [ [ 4906872.83563026599586, 2113254.128182008396834 ], [ 4906932.565158369019628, 2113254.05146948620677 ], [ 4906932.52692324668169, 2113224.270675087813288 ], [ 4906902.66214794293046, 2113224.30902315909043 ], [ 4906902.623902593739331, 2113194.528226965107024 ], [ 4906872.759112976491451, 2113194.566585307009518 ], [ 4906872.83563026599586, 2113254.128182008396834 ] ] ] ] } },
{ "type": "Feature", "properties": { "id": "+393922+278222", "Area_ha": 0.88940264849525552, "count": 10, "value": 1, "Porcentaje_Cobertura_Forestal": 1.5121393208957536, "NDVI_Medio_Poligono": 0.61873759814887963, "Codigo_Tipo_Bosque_Predom": 0.0, "Densidad_C_Media_tC_ha": 77.29736328125, "Carbono_Perdido_tC": 68.748479624043668, "Nombre_Tipo_Bosque_Predom": "Sin Datos" }, "geometry": { "type": "MultiPolygon", "coordinates": [ [ [ [ 4906902.12689905334264, 2112807.37789817713201 ], [ 4906902.165117796510458, 2112837.15869125071913 ], [ 4906812.570301168598235, 2112837.273729854263365 ], [ 4906812.64681838452816, 2112896.835328944027424 ], [ 4906842.511734775267541, 2112896.796966367866844 ], [ 4906842.549984189681709, 2112926.577764235436916 ], [ 4906872.414886268787086, 2112926.539411922451109 ], [ 4906872.376649118959904, 2112896.758616092149168 ], [ 4906932.106471686623991, 2112896.681952440645546 ], [ 4906931.991846108809114, 2112807.339578609447926 ], [ 4906902.12689905334264, 2112807.37789817713201 ] ] ] ] } },
{ "type": "Feature", "properties": { "id": "+393923+278164", "Area_ha": 0.088938214665919071, "count": 1, "value": 1, "Porcentaje_Cobertura_Forestal": 0.0, "NDVI_Medio_Poligono": 0.58805944426784296, "Codigo_Tipo_Bosque_Predom": 0.0, "Densidad_C_Media_tC_ha": 10.746505737304688, "Carbono_Perdido_tC": 0.95577503417293519, "Nombre_Tipo_Bosque_Predom": "Sin Datos" }, "geometry": { "type": "MultiPolygon", "coordinates": [ [ [ [ 4906937.439500000327826, 2114558.063699999824166 ], [ 4906941.7149, 2114557.0307 ], [ 4906944.778900000266731, 2114556.394400000572205 ], [ 4906948.160199999809265, 2114555.968499999493361 ], [ 4906955.523699999786913, 2114555.193299999460578 ], [ 4906960.206600000150502, 2114554.8991 ], [ 4906964.101228155195713, 2114554.635475211311132 ], [ 4906964.075436455197632, 2114534.587430533953011 ], [ 4906934.211203823797405, 2114534.625855847261846 ], [ 4906934.242451838217676, 2114558.907332065980881 ], [ 4906937.439500000327826, 2114558.063699999824166 ] ] ] ] } },
{ "type": "Feature", "properties": { "id": "+393923+278226", "Area_ha": 0.088940436863523792, "count": 1, "value": 1, "Porcentaje_Cobertura_Forestal": 0.0, "NDVI_Medio_Poligono": 0.72523011901979184, "Codigo_Tipo_Bosque_Predom": 1.7148188352584839, "Densidad_C_Media_tC_ha": 77.29736328125, "Carbono_Perdido_tC": 6.8748612586328779, "Nombre_Tipo_Bosque_Predom": "Sin Datos" }, "geometry": { "type": "MultiPolygon", "coordinates": [ [ [ [ 4906931.839040648192167, 2112688.216416859999299 ], [ 4906931.877238944172859, 2112717.997206937521696 ], [ 4906961.742220745421946, 2112717.958905773703009 ], [ 4906961.704034710302949, 2112688.178117731586099 ], [ 4906931.839040648192167, 2112688.216416859999299 ] ] ] ] } },
{ "type": "Feature", "properties": { "id": "+393924+278193", "Area_ha": 0.17787846189588308, "count": 2, "value": 1, "Porcentaje_Cobertura_Forestal": 0.0, "NDVI_Medio_Poligono": 0.72851238085282566, "Codigo_Tipo_Bosque_Predom": 0.0, "Densidad_C_Media_tC_ha": 96.894416809082031, "Carbono_Perdido_tC": 17.235429828298113, "Nombre_Tipo_Bosque_Predom": "Sin Datos" }, "geometry": { "type": "MultiPolygon", "coordinates": [ [ [ [ 4906992.86808230727911, 2113700.686689944937825 ], [ 4906992.829841061495245, 2113670.905896012671292 ], [ 4906962.965254005044699, 2113670.944249988533556 ], [ 4906963.003507533110678, 2113700.725045955274254 ], [ 4906992.86808230727911, 2113700.686689944937825 ] ] ], [ [ [ 4906963.041763106361032, 2113730.505842162296176 ], [ 4906963.003507533110678, 2113700.725045955274254 ], [ 4906933.138930718414485, 2113700.763414283283055 ], [ 4906933.177198575809598, 2113730.544212525710464 ], [ 4906963.041763106361032, 2113730.505842162296176 ] ] ] ] } },
{ "type": "Feature", "properties": { "id": "+393924+278215", "Area_ha": 0.17788002596681182, "count": 2, "value": 1, "Porcentaje_Cobertura_Forestal": 100.0, "NDVI_Medio_Poligono": 0.59189237071797951, "Codigo_Tipo_Bosque_Predom": 2.0, "Densidad_C_Media_tC_ha": 96.894416809082031, "Carbono_Perdido_tC": 17.235581378038599, "Nombre_Tipo_Bosque_Predom": "Bosque Secundario Joven" }, "geometry": { "type": "MultiPolygon", "coordinates": [ [ [ [ 4906962.124193586409092, 2113015.766799393109977 ], [ 4906962.20061269775033, 2113075.328380997758359 ], [ 4906992.065445271320641, 2113075.290067714173347 ], [ 4906991.989050697535276, 2113015.728490178473294 ], [ 4906962.124193586409092, 2113015.766799393109977 ] ] ] ] } },
{ "type": "Feature", "properties": { "id": "+393924+278373", "Area_ha": 0.53367380721476798, "count": 6, "value": 1, "Porcentaje_Cobertura_Forestal": 6.0454315961145308, "NDVI_Medio_Poligono": 0.65469958368429115, "Codigo_Tipo_Bosque_Predom": 0.0, "Densidad_C_Media_tC_ha": 85.966094970703125, "Carbono_Perdido_tC": 45.877853194401453, "Nombre_Tipo_Bosque_Predom": "Sin Datos" }, "geometry": { "type": "MultiPolygon", "coordinates": [ [ [ [ 4906926.2461470477283, 2108310.442878521047533 ], [ 4906926.359845797531307, 2108399.785144075285643 ], [ 4906986.093349371105433, 2108399.709144269116223 ], [ 4906985.979723611846566, 2108310.366890927776694 ], [ 4906926.2461470477283, 2108310.442878521047533 ] ] ] ] } },
{ "type": "Feature", "properties": { "id": "+393925+278195", "Area_ha": 0.088939302190237504, "count": 1, "value": 1, "Porcentaje_Cobertura_Forestal": 0.0, "NDVI_Medio_Poligono": 0.73784001467052929, "Codigo_Tipo_Bosque_Predom": 0.0, "Densidad_C_Media_tC_ha": 96.894416809082031, "Carbono_Perdido_tC": 8.6177218171297749, "Nombre_Tipo_Bosque_Predom": "Sin Datos" }, "geometry": { "type": "MultiPolygon", "coordinates": [ [ [ [ 4906992.753364464268088, 2113611.344308755826205 ], [ 4906992.791601620614529, 2113641.125102206133306 ], [ 4907022.656198920682073, 2113641.086762581020594 ], [ 4907022.617974045686424, 2113611.305971164721996 ], [ 4906992.753364464268088, 2113611.344308755826205 ] ] ] ] } },
{ "type": "Feature", "properties": { "id": "+393925+278218", "Area_ha": 0.17788026433794002, "count": 2, "value": 1, "Porcentaje_Cobertura_Forestal": 80.999433868110728, "NDVI_Medio_Poligono": 0.63550589272520608, "Codigo_Tipo_Bosque_Predom": 1.8388010263442993, "Densidad_C_Media_tC_ha": 95.929263330254244, "Carbono_Perdido_tC": 17.063922718929483, "Nombre_Tipo_Bosque_Predom": "Sin Datos" }, "geometry": { "type": "MultiPolygon", "coordinates": [ [ [ [ 4906962.009580259211361, 2112926.424428787548095 ], [ 4906962.047782656736672, 2112956.205218749586493 ], [ 4907021.777543909847736, 2112956.128620760980994 ], [ 4907021.739366045221686, 2112926.347834867425263 ], [ 4906962.009580259211361, 2112926.424428787548095 ] ] ] ] } },
{ "type": "Feature", "properties": { "id": "+393927+278193", "Area_ha": 0.088939206030977949, "count": 1, "value": 1, "Porcentaje_Cobertura_Forestal": 0.0, "NDVI_Medio_Poligono": 0.73074016293604283, "Codigo_Tipo_Bosque_Predom": 0.0, "Densidad_C_Media_tC_ha": 96.894416809082031, "Carbono_Perdido_tC": 8.6177124998344006, "Nombre_Tipo_Bosque_Predom": "Sin Datos" }, "geometry": { "type": "MultiPolygon", "coordinates": [ [ [ [ 4907052.559008818119764, 2113670.829224897548556 ], [ 4907052.597225498408079, 2113700.610014762729406 ], [ 4907082.461794155649841, 2113700.571695705410093 ], [ 4907082.423589758574963, 2113670.790907872840762 ], [ 4907052.559008818119764, 2113670.829224897548556 ] ] ] ] } },
{ "type": "Feature", "properties": { "id": "+393928+278185", "Area_ha": 0.17787777805573859, "count": 2, "value": 1, "Porcentaje_Cobertura_Forestal": 0.0, "NDVI_Medio_Poligono": 0.69393598741741414, "Codigo_Tipo_Bosque_Predom": 0.0, "Densidad_C_Media_tC_ha": 29.855066018279235, "Carbono_Perdido_tC": 5.3105528070388974, "Nombre_Tipo_Bosque_Predom": "Sin Datos" }, "geometry": { "type": "MultiPolygon", "coordinates": [ [ [ [ 4907082.729282130487263, 2113909.037217261269689 ], [ 4907082.805725648999214, 2113968.598797012120485 ], [ 4907112.670181691646576, 2113968.560471984557807 ], [ 4907112.593762748874724, 2113908.998896297998726 ], [ 4907082.729282130487263, 2113909.037217261269689 ] ] ] ] } },
{ "type": "Feature", "properties": { "id": "+393933+278164", "Area_ha": 0.088938092362470342, "count": 1, "value": 1, "Porcentaje_Cobertura_Forestal": 0.0, "NDVI_Medio_Poligono": 0.67457297752740009, "Codigo_Tipo_Bosque_Predom": 0.0, "Densidad_C_Media_tC_ha": 10.746505737304688, "Carbono_Perdido_tC": 0.95577371983822179, "Nombre_Tipo_Bosque_Predom": "Sin Datos" }, "geometry": { "type": "MultiPolygon", "coordinates": [ [ [ [ 4907232.853438382036984, 2114534.242157833185047 ], [ 4907232.891640505753458, 2114564.022942488547415 ], [ 4907262.755840458907187, 2114563.984638506080955 ], [ 4907262.717650637030602, 2114534.203855879139155 ], [ 4907232.853438382036984, 2114534.242157833185047 ] ] ] ] } },
{ "type": "Feature", "properties": { "id": "+393933+278380", "Area_ha": 3.8246657834167315, "count": 43, "value": 1, "Porcentaje_Cobertura_Forestal": 0.0, "NDVI_Medio_Poligono": 0.16035526461249239, "Codigo_Tipo_Bosque_Predom": 0.0, "Densidad_C_Media_tC_ha": 85.966094970703125, "Carbono_Perdido_tC": 328.79158196840143, "Nombre_Tipo_Bosque_Predom": "Sin Datos" }, "geometry": { "type": "MultiPolygon", "coordinates": [ [ [ [ 4907105.366563021205366, 2108246.994609210640192 ], [ 4907105.371209527365863, 2108250.653577480465174 ], [ 4907087.584369460120797, 2108250.676169145852327 ], [ 4907075.507562963292003, 2108253.176506733056158 ], [ 4907075.542238724417984, 2108280.472256612498313 ], [ 4907254.742955770343542, 2108280.244818393141031 ], [ 4907254.780717458575964, 2108310.025550743564963 ], [ 4907224.913948538713157, 2108310.063428645953536 ], [ 4907224.98950236197561, 2108369.624898119829595 ], [ 4907284.72298950701952, 2108369.549146398436278 ], [ 4907284.647484343498945, 2108309.987685040570796 ], [ 4907314.514249191619456, 2108309.949831536971033 ], [ 4907314.379650084301829, 2108203.721308614127338 ], [ 4907105.366563021205366, 2108246.994609210640192 ] ] ] ] } },
{ "type": "Feature", "properties": { "id": "+393934+278189", "Area_ha": 0.088938977085324583, "count": 1, "value": 1, "Porcentaje_Cobertura_Forestal": 0.0, "NDVI_Medio_Poligono": 0.70999803184003596, "Codigo_Tipo_Bosque_Predom": 1.4365577697753906, "Densidad_C_Media_tC_ha": 96.894416809082031, "Carbono_Perdido_tC": 8.6176903162788356, "Nombre_Tipo_Bosque_Predom": "Sin Datos" }, "geometry": { "type": "MultiPolygon", "coordinates": [ [ [ [ 4907261.763567653484643, 2113789.684368424117565 ], [ 4907261.801706509664655, 2113819.465145036578178 ], [ 4907291.666211776435375, 2113819.426904090680182 ], [ 4907291.62808520719409, 2113789.646129506174475 ], [ 4907261.763567653484643, 2113789.684368424117565 ] ] ] ] } },
{ "type": "Feature", "properties": { "id": "+393935+278167", "Area_ha": 0.088938175637387026, "count": 1, "value": 1, "Porcentaje_Cobertura_Forestal": 0.0, "NDVI_Medio_Poligono": 0.38041135058394426, "Codigo_Tipo_Bosque_Predom": 0.0, "Densidad_C_Media_tC_ha": 10.746505737304688, "Carbono_Perdido_tC": 0.95577461475259162, "Nombre_Tipo_Bosque_Predom": "Sin Datos" }, "geometry": { "type": "MultiPolygon", "coordinates": [ [ [ [ 4907292.467340527102351, 2114444.823225910309702 ], [ 4907292.505511933006346, 2114474.604005787055939 ], [ 4907322.369744719937444, 2114474.565732560120523 ], [ 4907322.331585613079369, 2114444.784954710397869 ], [ 4907292.467340527102351, 2114444.823225910309702 ] ] ] ] } },
{ "type": "Feature", "properties": { "id": "+393935+278238", "Area_ha": 0.088940719378634819, "count": 1, "value": 1, "Porcentaje_Cobertura_Forestal": 0.0, "NDVI_Medio_Poligono": 0.56464133143576722, "Codigo_Tipo_Bosque_Predom": 0.0, "Densidad_C_Media_tC_ha": 77.29736328125, "Carbono_Perdido_tC": 6.8748830963060472, "Nombre_Tipo_Bosque_Predom": "Sin Datos" }, "geometry": { "type": "MultiPolygon", "coordinates": [ [ [ [ 4907289.762379855848849, 2112330.388469174969941 ], [ 4907289.800406562164426, 2112360.169231993146241 ], [ 4907319.665511004626751, 2112360.131102712824941 ], [ 4907319.627496550790966, 2112330.350341922137886 ], [ 4907289.762379855848849, 2112330.388469174969941 ] ] ] ] } },
{ "type": "Feature", "properties": { "id": "+393935+278247", "Area_ha": 0.088941041132851381, "count": 1, "value": 1, "Porcentaje_Cobertura_Forestal": 0.0, "NDVI_Medio_Poligono": 0.81971697069364502, "Codigo_Tipo_Bosque_Predom": 1.050024151802063, "Densidad_C_Media_tC_ha": 77.297363281250014, "Carbono_Perdido_tC": 6.874907967058614, "Nombre_Tipo_Bosque_Predom": "Sin Datos" }, "geometry": { "type": "MultiPolygon", "coordinates": [ [ [ [ 4907289.420231209136546, 2112062.361614604946226 ], [ 4907289.458239573054016, 2112092.14237526524812 ], [ 4907319.323454271070659, 2112092.104264232795686 ], [ 4907319.285458154045045, 2112062.323505599983037 ], [ 4907289.420231209136546, 2112062.361614604946226 ] ] ] ] } },
{ "type": "Feature", "properties": { "id": "+393935+278249", "Area_ha": 0.17788223744070275, "count": 2, "value": 1, "Porcentaje_Cobertura_Forestal": 0.0, "NDVI_Medio_Poligono": 0.76311578577310135, "Codigo_Tipo_Bosque_Predom": 0.0, "Densidad_C_Media_tC_ha": 77.29736328125, "Carbono_Perdido_tC": 13.74982792873557, "Nombre_Tipo_Bosque_Predom": "Sin Datos" }, "geometry": { "type": "MultiPolygon", "coordinates": [ [ [ [ 4907259.47896712180227, 2112002.838211232796311 ], [ 4907259.516983655281365, 2112032.618973442353308 ], [ 4907319.247464074753225, 2112032.54274720698595 ], [ 4907319.209472032263875, 2112002.761989053338766 ], [ 4907259.47896712180227, 2112002.838211232796311 ] ] ] ] } },
{ "type": "Feature", "properties": { "id": "+393936+278157", "Area_ha": 0.08893780439162656, "count": 1, "value": 1, "Porcentaje_Cobertura_Forestal": 31.812648496685998, "NDVI_Medio_Poligono": 0.74566502810753899, "Codigo_Tipo_Bosque_Predom": 2.7525949478149414, "Densidad_C_Media_tC_ha": 10.746505737304689, "Carbono_Perdido_tC": 0.95577062515789701, "Nombre_Tipo_Bosque_Predom": "Sin Datos" }, "geometry": { "type": "MultiPolygon", "coordinates": [ [ [ [ 4907322.713268356397748, 2114742.592744035180658 ], [ 4907322.751447835937142, 2114772.373524292372167 ], [ 4907352.615555558353662, 2114772.335243133362383 ], [ 4907352.577388385310769, 2114742.554464902728796 ], [ 4907322.713268356397748, 2114742.592744035180658 ] ] ] ] } },
{ "type": "Feature", "properties": { "id": "+393936+278277", "Area_ha": 1.2451878026774532, "count": 14, "value": 1, "Porcentaje_Cobertura_Forestal": 0.0, "NDVI_Medio_Poligono": 0.61638248959743425, "Codigo_Tipo_Bosque_Predom": 0.0, "Densidad_C_Media_tC_ha": 67.218597412109375, "Carbono_Perdido_tC": 83.699777610644816, "Nombre_Tipo_Bosque_Predom": "Sin Datos" }, "geometry": { "type": "MultiPolygon", "coordinates": [ [ [ [ 4907288.280927988700569, 2111168.938906200230122 ], [ 4907288.318875210359693, 2111198.719659675844014 ], [ 4907318.184457040391862, 2111198.681609471794218 ], [ 4907318.222394072450697, 2111228.462361159268767 ], [ 4907348.08796164393425, 2111228.424321191385388 ], [ 4907348.125888484530151, 2111258.205071088857949 ], [ 4907377.991441794671118, 2111258.167041358072311 ], [ 4907378.029358442872763, 2111287.947789470665157 ], [ 4907407.894897491671145, 2111287.909769977908581 ], [ 4907408.00862295832485, 2111377.252009672578424 ], [ 4907467.739621575921774, 2111377.175995333120227 ], [ 4907467.701735514216125, 2111347.395252577960491 ], [ 4907437.836224988102913, 2111347.433251590002328 ], [ 4907437.684652164578438, 2111228.310274867806584 ], [ 4907407.819090691395104, 2111228.348278045188636 ], [ 4907407.781190344132483, 2111198.567532437387854 ], [ 4907348.050036841072142, 2111198.643571531400084 ], [ 4907348.012114074081182, 2111168.862822110299021 ], [ 4907288.280927988700569, 2111168.938906200230122 ] ] ] ] } },
{ "type": "Feature", "properties": { "id": "+393937+278164", "Area_ha": 0.088938043553105667, "count": 1, "value": 1, "Porcentaje_Cobertura_Forestal": 0.0, "NDVI_Medio_Poligono": 0.27517245429113391, "Codigo_Tipo_Bosque_Predom": 0.0, "Densidad_C_Media_tC_ha": 10.746505737304688, "Carbono_Perdido_tC": 0.95577319530810423, "Nombre_Tipo_Bosque_Predom": "Sin Datos" }, "geometry": { "type": "MultiPolygon", "coordinates": [ [ [ [ 4907352.310275199823081, 2114534.089024033863097 ], [ 4907352.348428116180003, 2114563.869800578802824 ], [ 4907382.212619937956333, 2114563.831545942928642 ], [ 4907382.1744793234393, 2114534.050771423615515 ], [ 4907352.310275199823081, 2114534.089024033863097 ] ] ] ] } },
{ "type": "Feature", "properties": { "id": "+393939+278160", "Area_ha": 2.1345054149398797, "count": 24, "value": 1, "Porcentaje_Cobertura_Forestal": 0.0, "NDVI_Medio_Poligono": 0.63678582953240337, "Codigo_Tipo_Bosque_Predom": 0.0, "Densidad_C_Media_tC_ha": 10.746505737304688, "Carbono_Perdido_tC": 22.938474687959339, "Nombre_Tipo_Bosque_Predom": "Sin Datos" }, "geometry": { "type": "MultiPolygon", "coordinates": [ [ [ [ 4907382.327054237946868, 2114653.173871058039367 ], [ 4907382.441506622359157, 2114742.516198225785047 ], [ 4907412.305622586049139, 2114742.477943774778396 ], [ 4907412.458205039612949, 2114861.601041935849935 ], [ 4907502.050393068231642, 2114861.486328336875886 ], [ 4907502.012281326577067, 2114831.705559507012367 ], [ 4907531.876352249644697, 2114831.66734834946692 ], [ 4907531.838254849426448, 2114801.88658178364858 ], [ 4907501.974171617999673, 2114801.924790918361396 ], [ 4907501.936063943430781, 2114772.144022570457309 ], [ 4907531.800159481354058, 2114772.105815458577126 ], [ 4907531.762066146358848, 2114742.325049373786896 ], [ 4907442.169736521318555, 2114742.439701663795859 ], [ 4907442.055357966572046, 2114653.097386645618826 ], [ 4907382.327054237946868, 2114653.173871058039367 ] ] ], [ [ [ 4907531.800159481354058, 2114772.105815458577126 ], [ 4907531.838254849426448, 2114801.88658178364858 ], [ 4907561.702336055226624, 2114801.848384990356863 ], [ 4907561.664252994582057, 2114772.067620687186718 ], [ 4907531.800159481354058, 2114772.105815458577126 ] ] ], [ [ [ 4907561.702336055226624, 2114801.848384990356863 ], [ 4907561.740421148017049, 2114831.629149534273893 ], [ 4907621.468552863225341, 2114831.55278893141076 ], [ 4907621.430492386221886, 2114801.772028429899365 ], [ 4907561.702336055226624, 2114801.848384990356863 ] ] ], [ [ [ 4907382.59413830563426, 2114861.639304488431662 ], [ 4907382.632301316596568, 2114891.42008165596053 ], [ 4907412.496355741284788, 2114891.381817078217864 ], [ 4907412.458205039612949, 2114861.601041935849935 ], [ 4907382.59413830563426, 2114861.639304488431662 ] ] ] ] } },
{ "type": "Feature", "properties": { "id": "+393941+278137", "Area_ha": 0.17787406173375783, "count": 2, "value": 1, "Porcentaje_Cobertura_Forestal": 0.0, "NDVI_Medio_Poligono": 0.64462105482509513, "Codigo_Tipo_Bosque_Predom": 0.0, "Densidad_C_Media_tC_ha": 11.25654125213623, "Carbono_Perdido_tC": 2.0022467135910715, "Nombre_Tipo_Bosque_Predom": "Sin Datos" }, "geometry": { "type": "MultiPolygon", "coordinates": [ [ [ [ 4907447.506, 2115338.677799999713898 ], [ 4907442.94135369732976, 2115344.784950129222125 ], [ 4907442.970898902975023, 2115367.83596738986671 ], [ 4907502.698603541590273, 2115367.759435196872801 ], [ 4907502.660457232967019, 2115337.978662269655615 ], [ 4907448.093944174237549, 2115338.048577435314655 ], [ 4907447.506, 2115338.677799999713898 ] ] ] ] } },
{ "type": "Feature", "properties": { "id": "+393941+278169", "Area_ha": 1.0672572277324275, "count": 12, "value": 1, "Porcentaje_Cobertura_Forestal": 0.0, "NDVI_Medio_Poligono": 0.52436296551632178, "Codigo_Tipo_Bosque_Predom": 0.0, "Densidad_C_Media_tC_ha": 10.746505737304688, "Carbono_Perdido_tC": 11.469285921006428, "Nombre_Tipo_Bosque_Predom": "Sin Datos" }, "geometry": { "type": "MultiPolygon", "coordinates": [ [ [ [ 4907441.712331939488649, 2114385.0704544801265 ], [ 4907441.902881474234164, 2114533.97430321155116 ], [ 4907561.35966142360121, 2114533.821514817886055 ], [ 4907561.321596652269363, 2114504.040752683300525 ], [ 4907501.593186133541167, 2114504.117118163499981 ], [ 4907501.440848970785737, 2114384.994055849034339 ], [ 4907441.712331939488649, 2114385.0704544801265 ] ] ] ] } },
{ "type": "Feature", "properties": { "id": "+393942+278329", "Area_ha": 1.2452139319479523, "count": 14, "value": 1, "Porcentaje_Cobertura_Forestal": 7.1465259300952599, "NDVI_Medio_Poligono": 0.56511273089241387, "Codigo_Tipo_Bosque_Predom": 0.0, "Densidad_C_Media_tC_ha": 46.111133575439446, "Carbono_Perdido_tC": 57.418225946050192, "Nombre_Tipo_Bosque_Predom": "Sin Datos" }, "geometry": { "type": "MultiPolygon", "coordinates": [ [ [ [ 4907435.641605558805168, 2109620.150463584344834 ], [ 4907435.679385832510889, 2109649.93119450006634 ], [ 4907405.813177168369293, 2109649.969090345315635 ], [ 4907405.850971670821309, 2109679.74982352508232 ], [ 4907316.252370060421526, 2109679.863590512424707 ], [ 4907316.365875539369881, 2109769.205809720326215 ], [ 4907346.232041522860527, 2109769.167869080323726 ], [ 4907346.194216521456838, 2109739.387131132185459 ], [ 4907405.926566782407463, 2109739.311290598474443 ], [ 4907405.888768208213151, 2109709.530556941404939 ], [ 4907435.754952483810484, 2109709.492657045833766 ], [ 4907435.717168141156435, 2109679.711925654672086 ], [ 4907495.449554995633662, 2109679.636166601907462 ], [ 4907495.411797075532377, 2109649.855439495760947 ], [ 4907525.277999652549624, 2109649.817580337170511 ], [ 4907525.240255959331989, 2109620.03685549274087 ], [ 4907435.641605558805168, 2109620.150463584344834 ] ] ] ] } },
{ "type": "Feature", "properties": { "id": "+393944+278340", "Area_ha": 0.53366537632370603, "count": 6, "value": 1, "Porcentaje_Cobertura_Forestal": 0.0, "NDVI_Medio_Poligono": 0.72385768872656586, "Codigo_Tipo_Bosque_Predom": 2.174506664276123, "Densidad_C_Media_tC_ha": 46.111133575439453, "Carbono_Perdido_tC": 24.607915452249571, "Nombre_Tipo_Bosque_Predom": "Sin Datos" }, "geometry": { "type": "MultiPolygon", "coordinates": [ [ [ [ 4907494.95886064786464, 2109292.486732842866331 ], [ 4907494.996594165451825, 2109322.267457085195929 ], [ 4907554.729265470057726, 2109322.191795501392335 ], [ 4907554.766976648010314, 2109351.972515936475247 ], [ 4907644.365931838750839, 2109351.859109158162028 ], [ 4907644.328257221728563, 2109322.078394786920398 ], [ 4907584.595598082058132, 2109322.153983041644096 ], [ 4907584.557901122607291, 2109292.373264866881073 ], [ 4907494.95886064786464, 2109292.486732842866331 ] ] ] ] } },
{ "type": "Feature", "properties": { "id": "+393945+278248", "Area_ha": 4.8028003047857606, "count": 54, "value": 1, "Porcentaje_Cobertura_Forestal": 9.2643386078802141, "NDVI_Medio_Poligono": 0.81305221313555487, "Codigo_Tipo_Bosque_Predom": 0.0, "Densidad_C_Media_tC_ha": 75.663692908769377, "Carbono_Perdido_tC": 363.39760736345374, "Nombre_Tipo_Bosque_Predom": "Sin Datos" }, "geometry": { "type": "MultiPolygon", "coordinates": [ [ [ [ 4907558.169304489158094, 2112032.238333506509662 ], [ 4907558.207200596109033, 2112062.019075702875853 ], [ 4907528.341989896260202, 2112062.057086454238743 ], [ 4907528.683256550692022, 2112330.083795204758644 ], [ 4907678.00873853918165, 2112329.893773318268359 ], [ 4907678.04660595394671, 2112359.674509829375893 ], [ 4907648.181525862775743, 2112359.712491651531309 ], [ 4907648.21940756123513, 2112389.493230422027409 ], [ 4907707.94954121299088, 2112389.417275027837604 ], [ 4907707.760275546461344, 2112240.51360376784578 ], [ 4907767.490523625165224, 2112240.437717709690332 ], [ 4907767.414880561642349, 2112180.876258957665414 ], [ 4907647.95427830517292, 2112181.028064066544175 ], [ 4907647.878545359708369, 2112121.466590122319758 ], [ 4907618.013365236110985, 2112121.504568069707602 ], [ 4907617.975489561446011, 2112091.723829438444227 ], [ 4907647.840681932866573, 2112091.685853511560708 ], [ 4907647.802820536307991, 2112061.905117138754576 ], [ 4907617.93761591706425, 2112061.94309104513377 ], [ 4907617.899744303897023, 2112032.162352891638875 ], [ 4907558.169304489158094, 2112032.238333506509662 ] ] ] ] } },
{ "type": "Feature", "properties": { "id": "+393947+278132", "Area_ha": 0.17787350799119303, "count": 2, "value": 1, "Porcentaje_Cobertura_Forestal": 0.0, "NDVI_Medio_Poligono": 0.62866669935863129, "Codigo_Tipo_Bosque_Predom": 1.2193590402603149, "Densidad_C_Media_tC_ha": 11.25654125213623, "Carbono_Perdido_tC": 2.0022404803650478, "Nombre_Tipo_Bosque_Predom": "Sin Datos" }, "geometry": { "type": "MultiPolygon", "coordinates": [ [ [ [ 4907652.170188791118562, 2115486.691374604590237 ], [ 4907652.246380545198917, 2115546.252902897074819 ], [ 4907682.110145756043494, 2115546.214704986661673 ], [ 4907682.033978647552431, 2115486.653180732857436 ], [ 4907652.170188791118562, 2115486.691374604590237 ] ] ] ] } },
{ "type": "Feature", "properties": { "id": "+393948+278320", "Area_ha": 0.17788698588348051, "count": 2, "value": 1, "Porcentaje_Cobertura_Forestal": 0.0, "NDVI_Medio_Poligono": 0.59885392612812471, "Codigo_Tipo_Bosque_Predom": 2.0354099273681641, "Densidad_C_Media_tC_ha": 46.111133575439453, "Carbono_Perdido_tC": 8.2025705674054823, "Nombre_Tipo_Bosque_Predom": "Sin Datos" }, "geometry": { "type": "MultiPolygon", "coordinates": [ [ [ [ 4907645.044422121718526, 2109887.912008638493717 ], [ 4907645.082135314121842, 2109917.692727544810623 ], [ 4907704.814298626966774, 2109917.617107389029115 ], [ 4907704.776609833352268, 2109887.836392521858215 ], [ 4907645.044422121718526, 2109887.912008638493717 ] ] ] ] } },
{ "type": "Feature", "properties": { "id": "+393949+278356", "Area_ha": 0.9783916353581692, "count": 11, "value": 1, "Porcentaje_Cobertura_Forestal": 0.0, "NDVI_Medio_Poligono": -0.051609877458310374, "Codigo_Tipo_Bosque_Predom": 0.0, "Densidad_C_Media_tC_ha": 32.33368066005017, "Carbono_Perdido_tC": 31.635002698135295, "Nombre_Tipo_Bosque_Predom": "Sin Datos" }, "geometry": { "type": "MultiPolygon", "coordinates": [ [ [ [ 4907703.421164541505277, 2108815.730816275812685 ], [ 4907703.571639722213149, 2108934.853642816189677 ], [ 4907852.904023729264736, 2108934.665139405056834 ], [ 4907852.866462778300047, 2108904.884442499373108 ], [ 4907793.133490888401866, 2108904.959803191944957 ], [ 4907793.095907609909773, 2108875.1791024915874 ], [ 4907763.229406455531716, 2108875.216799138579518 ], [ 4907763.191813027486205, 2108845.436096659395844 ], [ 4907733.325297673232853, 2108845.473803500179201 ], [ 4907733.287694097496569, 2108815.693099242635071 ], [ 4907703.421164541505277, 2108815.730816275812685 ] ] ] ] } },
{ "type": "Feature", "properties": { "id": "+393950+278111", "Area_ha": 0.17787197195744667, "count": 2, "value": 1, "Porcentaje_Cobertura_Forestal": 0.0, "NDVI_Medio_Poligono": 0.81756875443677335, "Codigo_Tipo_Bosque_Predom": 0.0, "Densidad_C_Media_tC_ha": 16.695970305784989, "Carbono_Perdido_tC": 2.9697451620329498, "Nombre_Tipo_Bosque_Predom": "Sin Datos" }, "geometry": { "type": "MultiPolygon", "coordinates": [ [ [ [ 4907734.5428, 2116114.018400000408292 ], [ 4907731.2528, 2116118.062999999150634 ], [ 4907728.720800000242889, 2116121.438699999824166 ], [ 4907727.2445, 2116123.969900000840425 ], [ 4907725.769000000320375, 2116127.133300000801682 ], [ 4907724.188500000163913, 2116130.718499999493361 ], [ 4907722.397300000302494, 2116135.618300000205636 ], [ 4907721.981100000441074, 2116139.995300000533462 ], [ 4907722.372274852357805, 2116141.779445766471326 ], [ 4907772.462806980125606, 2116141.7153599569574 ], [ 4907772.424718832597136, 2116111.934598935768008 ], [ 4907735.946760604158044, 2116111.981266338843852 ], [ 4907734.5428, 2116114.018400000408292 ] ] ] ] } },
{ "type": "Feature", "properties": { "id": "+393950+278137", "Area_ha": 0.53362131262999024, "count": 6, "value": 1, "Porcentaje_Cobertura_Forestal": 0.0, "NDVI_Medio_Poligono": 0.59394241574957851, "Codigo_Tipo_Bosque_Predom": 0.0, "Densidad_C_Media_tC_ha": 11.969098220042781, "Carbono_Perdido_tC": 6.3869659031765087, "Nombre_Tipo_Bosque_Predom": "Sin Datos" }, "geometry": { "type": "MultiPolygon", "coordinates": [ [ [ [ 4907711.707445831038058, 2115337.711202894337475 ], [ 4907711.821632134728134, 2115427.05347996391356 ], [ 4907771.549251016229391, 2115426.977162075228989 ], [ 4907771.435138632543385, 2115337.634897111449391 ], [ 4907711.707445831038058, 2115337.711202894337475 ] ] ] ] } },
{ "type": "Feature", "properties": { "id": "+393950+278246", "Area_ha": 0.35576324390398223, "count": 4, "value": 1, "Porcentaje_Cobertura_Forestal": 0.0, "NDVI_Medio_Poligono": 0.84250853074799259, "Codigo_Tipo_Bosque_Predom": 0.0, "Densidad_C_Media_tC_ha": 55.310614587076842, "Carbono_Perdido_tC": 19.677483667821377, "Nombre_Tipo_Bosque_Predom": "Sin Datos" }, "geometry": { "type": "MultiPolygon", "coordinates": [ [ [ [ 4907707.571060601621866, 2112091.609938505105674 ], [ 4907707.646740493364632, 2112151.171403890475631 ], [ 4907767.377062071114779, 2112151.095529940444976 ], [ 4907767.301431172527373, 2112091.534072627313435 ], [ 4907707.571060601621866, 2112091.609938505105674 ] ] ] ] } },
{ "type": "Feature", "properties": { "id": "+393951+278133", "Area_ha": 1.9566060574929258, "count": 22, "value": 1, "Porcentaje_Cobertura_Forestal": 0.0, "NDVI_Medio_Poligono": 0.63050125717775296, "Codigo_Tipo_Bosque_Predom": 0.0, "Densidad_C_Media_tC_ha": 12.120237675318664, "Carbono_Perdido_tC": 23.714530453782476, "Nombre_Tipo_Bosque_Predom": "Sin Datos" }, "geometry": { "type": "MultiPolygon", "coordinates": [ [ [ [ 4907771.58729253243655, 2115456.757917545735836 ], [ 4907771.625336076132953, 2115486.53867325745523 ], [ 4907711.897766481153667, 2115486.614999217446893 ], [ 4907712.126218211837113, 2115665.299562763888389 ], [ 4907771.853639913722873, 2115665.22321259137243 ], [ 4907771.777530524879694, 2115605.66169851552695 ], [ 4907801.641262992285192, 2115605.623546003829688 ], [ 4907801.679304347373545, 2115635.404300903435796 ], [ 4907831.543022468686104, 2115635.366158735007048 ], [ 4907831.581053525209427, 2115665.146911861374974 ], [ 4907861.444757299497724, 2115665.108780037611723 ], [ 4907861.368721864186227, 2115605.547278058249503 ], [ 4907831.504993438720703, 2115605.585405851248652 ], [ 4907831.428941457532346, 2115546.023900804575533 ], [ 4907801.565186361782253, 2115546.062036924995482 ], [ 4907801.451086617074907, 2115456.719775117468089 ], [ 4907771.58729253243655, 2115456.757917545735836 ] ] ] ] } },
{ "type": "Feature", "properties": { "id": "+393951+278236", "Area_ha": 0.62258313300323209, "count": 7, "value": 1, "Porcentaje_Cobertura_Forestal": 0.0, "NDVI_Medio_Poligono": 0.61665493832073726, "Codigo_Tipo_Bosque_Predom": 0.0, "Densidad_C_Media_tC_ha": 60.744030147077474, "Carbono_Perdido_tC": 37.818208600210276, "Nombre_Tipo_Bosque_Predom": "Sin Datos" }, "geometry": { "type": "MultiPolygon", "coordinates": [ [ [ [ 4907797.544726748019457, 2112389.303434216883034 ], [ 4907767.679667005315423, 2112389.341368902940303 ], [ 4907767.717501716688275, 2112419.122099838219583 ], [ 4907678.122347113676369, 2112419.235983685124665 ], [ 4907678.160220617428422, 2112449.016720915678889 ], [ 4907797.62037368863821, 2112448.864892293233424 ], [ 4907797.544726748019457, 2112389.303434216883034 ] ] ], [ [ [ 4907678.23597371391952, 2112508.578196095768362 ], [ 4907678.160220617428422, 2112449.016720915678889 ], [ 4907648.295177287422121, 2112449.054708796553314 ], [ 4907648.370954896323383, 2112508.616188016254455 ], [ 4907678.23597371391952, 2112508.578196095768362 ] ] ] ] } },
{ "type": "Feature", "properties": { "id": "+393952+278096", "Area_ha": 0.088935415375421878, "count": 1, "value": 1, "Porcentaje_Cobertura_Forestal": 0.0, "NDVI_Medio_Poligono": 0.61992386602939487, "Codigo_Tipo_Bosque_Predom": 1.4492876529693604, "Densidad_C_Media_tC_ha": 18.180936813354492, "Carbono_Perdido_tC": 1.6169291674099808, "Nombre_Tipo_Bosque_Predom": "Sin Datos" }, "geometry": { "type": "MultiPolygon", "coordinates": [ [ [ [ 4907830.902186715044081, 2116588.352756679058075 ], [ 4907832.761021232232451, 2116588.350378514733166 ], [ 4907832.753512652590871, 2116582.480373229831457 ], [ 4907830.902186715044081, 2116588.352756679058075 ] ] ] ] } },
{ "type": "Feature", "properties": { "id": "+393952+278225", "Area_ha": 0.088940047454395973, "count": 1, "value": 1, "Porcentaje_Cobertura_Forestal": 0.0, "NDVI_Medio_Poligono": 0.64123981929444474, "Codigo_Tipo_Bosque_Predom": 0.0, "Densidad_C_Media_tC_ha": 41.584926605224609, "Carbono_Perdido_tC": 3.6985653456562506, "Nombre_Tipo_Bosque_Predom": "Sin Datos" }, "geometry": { "type": "MultiPolygon", "coordinates": [ [ [ [ 4907797.96088500879705, 2112716.891465399414301 ], [ 4907797.998729761689901, 2112746.672196957282722 ], [ 4907827.863640384748578, 2112746.634250362869352 ], [ 4907827.825807894580066, 2112716.853520821314305 ], [ 4907797.96088500879705, 2112716.891465399414301 ] ] ] ] } },
{ "type": "Feature", "properties": { "id": "+393952+278262", "Area_ha": 0.35576534153319661, "count": 4, "value": 1, "Porcentaje_Cobertura_Forestal": 0.0, "NDVI_Medio_Poligono": 0.64353198224415309, "Codigo_Tipo_Bosque_Predom": 0.0, "Densidad_C_Media_tC_ha": 44.317546844482422, "Carbono_Perdido_tC": 15.766647189040729, "Nombre_Tipo_Bosque_Predom": "Sin Datos" }, "geometry": { "type": "MultiPolygon", "coordinates": [ [ [ [ 4907796.562054077163339, 2111615.004566390998662 ], [ 4907796.637595618143678, 2111674.566012000665069 ], [ 4907766.772241967730224, 2111674.603898276109248 ], [ 4907766.810028017498553, 2111704.384623457677662 ], [ 4907826.540708820335567, 2111704.308859146665782 ], [ 4907826.427430181764066, 2111614.966696421615779 ], [ 4907796.562054077163339, 2111615.004566390998662 ] ] ] ] } },
{ "type": "Feature", "properties": { "id": "+393952+278317", "Area_ha": 0.17788662731648655, "count": 2, "value": 1, "Porcentaje_Cobertura_Forestal": 0.0, "NDVI_Medio_Poligono": 0.64229147484667737, "Codigo_Tipo_Bosque_Predom": 2.3792123794555664, "Densidad_C_Media_tC_ha": 41.03685379028321, "Carbono_Perdido_tC": 7.2999075164332581, "Nombre_Tipo_Bosque_Predom": "Sin Datos" }, "geometry": { "type": "MultiPolygon", "coordinates": [ [ [ [ 4907794.487838882021606, 2109977.065187254920602 ], [ 4907794.563157462514937, 2110036.626606550998986 ], [ 4907824.42918120790273, 2110036.58884346159175 ], [ 4907824.353887030854821, 2109977.027428199071437 ], [ 4907794.487838882021606, 2109977.065187254920602 ] ] ] ] } },
{ "type": "Feature", "properties": { "id": "+393953+278102", "Area_ha": 0.088935619395491092, "count": 1, "value": 1, "Porcentaje_Cobertura_Forestal": 0.0, "NDVI_Medio_Poligono": 0.60966942533368418, "Codigo_Tipo_Bosque_Predom": 0.14619532227516174, "Densidad_C_Media_tC_ha": 18.180936813354492, "Carbono_Perdido_tC": 1.6169328766859679, "Nombre_Tipo_Bosque_Predom": "Sin Datos" }, "geometry": { "type": "MultiPolygon", "coordinates": [ [ [ [ 4907839.621799999848008, 2116403.101199999451637 ], [ 4907840.682300000451505, 2116406.050699999555945 ], [ 4907841.80786694586277, 2116409.653959318064153 ], [ 4907862.395883835852146, 2116409.627636258490384 ], [ 4907862.357814469374716, 2116379.846879111137241 ], [ 4907832.494406715966761, 2116379.885059303604066 ], [ 4907832.495729705318809, 2116380.919666843023151 ], [ 4907839.621799999848008, 2116403.101199999451637 ] ] ] ] } },
{ "type": "Feature", "properties": { "id": "+393953+278119", "Area_ha": 0.44468078211694956, "count": 5, "value": 1, "Porcentaje_Cobertura_Forestal": 0.0, "NDVI_Medio_Poligono": 0.63761414955042162, "Codigo_Tipo_Bosque_Predom": 0.0, "Densidad_C_Media_tC_ha": 16.701834858335683, "Carbono_Perdido_tC": 7.4269849875928431, "Nombre_Tipo_Bosque_Predom": "Sin Datos" }, "geometry": { "type": "MultiPolygon", "coordinates": [ [ [ [ 4907861.748980296775699, 2115903.35479772510007 ], [ 4907861.710945363156497, 2115873.574044683948159 ], [ 4907831.8473278908059, 2115873.612190615385771 ], [ 4907831.885375156067312, 2115903.392945672385395 ], [ 4907861.748980296775699, 2115903.35479772510007 ] ] ], [ [ [ 4907921.590227479115129, 2115992.620787415187806 ], [ 4907921.552211134694517, 2115962.84003767836839 ], [ 4907891.688634697347879, 2115962.878164921887219 ], [ 4907891.612583417445421, 2115903.316662144381553 ], [ 4907861.748980296775699, 2115903.35479772510007 ], [ 4907861.863097252324224, 2115992.697058297693729 ], [ 4907921.590227479115129, 2115992.620787415187806 ] ] ] ] } },
{ "type": "Feature", "properties": { "id": "+393953+278147", "Area_ha": 0.26681168190465832, "count": 3, "value": 1, "Porcentaje_Cobertura_Forestal": 0.0, "NDVI_Medio_Poligono": 0.61819081674551224, "Codigo_Tipo_Bosque_Predom": 1.1430778503417969, "Densidad_C_Media_tC_ha": 12.296436309814453, "Carbono_Perdido_tC": 3.2808328532551045, "Nombre_Tipo_Bosque_Predom": "Sin Datos" }, "geometry": { "type": "MultiPolygon", "coordinates": [ [ [ [ 4907800.918862330727279, 2115039.789248712360859 ], [ 4907800.994870049878955, 2115099.350749590434134 ], [ 4907830.858809927478433, 2115099.312643711920828 ], [ 4907830.820817368105054, 2115069.531895167659968 ], [ 4907860.684767537750304, 2115069.493803652469069 ], [ 4907860.646789317019284, 2115039.713057366199791 ], [ 4907800.918862330727279, 2115039.789248712360859 ] ] ] ] } },
{ "type": "Feature", "properties": { "id": "+393953+278163", "Area_ha": 0.088937813034950519, "count": 1, "value": 1, "Porcentaje_Cobertura_Forestal": 0.0, "NDVI_Medio_Poligono": 0.72712670914814648, "Codigo_Tipo_Bosque_Predom": 0.0, "Densidad_C_Media_tC_ha": 8.2445478439331055, "Carbono_Perdido_tC": 0.73325205470142696, "Nombre_Tipo_Bosque_Predom": "Sin Datos" }, "geometry": { "type": "MultiPolygon", "coordinates": [ [ [ [ 4907830.175253860652447, 2114563.259206788614392 ], [ 4907830.213211975060403, 2114593.03995123738423 ], [ 4907860.077359071932733, 2114593.001891970168799 ], [ 4907860.039413259364665, 2114563.221149537246674 ], [ 4907830.175253860652447, 2114563.259206788614392 ] ] ] ] } },
{ "type": "Feature", "properties": { "id": "+393953+278166", "Area_ha": 0.17787580556506147, "count": 2, "value": 1, "Porcentaje_Cobertura_Forestal": 0.0, "NDVI_Medio_Poligono": 0.74359007923243448, "Codigo_Tipo_Bosque_Predom": 0.0, "Densidad_C_Media_tC_ha": 8.2445478439331055, "Carbono_Perdido_tC": 1.4665055892592918, "Nombre_Tipo_Bosque_Predom": "Sin Datos" }, "geometry": { "type": "MultiPolygon", "coordinates": [ [ [ [ 4907830.061391673050821, 2114473.91697488958016 ], [ 4907830.13729777187109, 2114533.478462581057101 ], [ 4907860.001469472423196, 2114533.440407345071435 ], [ 4907859.925587975420058, 2114473.878923684824258 ], [ 4907830.061391673050821, 2114473.91697488958016 ] ] ] ] } },
{ "type": "Feature", "properties": { "id": "+393953+278265", "Area_ha": 0.08894146514601016, "count": 1, "value": 1, "Porcentaje_Cobertura_Forestal": 0.0, "NDVI_Medio_Poligono": 0.65247006402806218, "Codigo_Tipo_Bosque_Predom": 0.0, "Densidad_C_Media_tC_ha": 44.317546844482422, "Carbono_Perdido_tC": 3.9416675480252059, "Nombre_Tipo_Bosque_Predom": "Sin Datos" }, "geometry": { "type": "MultiPolygon", "coordinates": [ [ [ [ 4907826.314169780351222, 2111525.624535852577537 ], [ 4907826.351921221241355, 2111555.405255803372711 ], [ 4907856.217319777235389, 2111555.36740213772282 ], [ 4907856.179580571129918, 2111525.586684202775359 ], [ 4907826.314169780351222, 2111525.624535852577537 ] ] ] ] } },
{ "type": "Feature", "properties": { "id": "+393954+278114", "Area_ha": 0.62255166475939472, "count": 7, "value": 1, "Porcentaje_Cobertura_Forestal": 0.0, "NDVI_Medio_Poligono": 0.40085360451427532, "Codigo_Tipo_Bosque_Predom": 0.0, "Densidad_C_Media_tC_ha": 18.180936813354492, "Carbono_Perdido_tC": 11.318572480039204, "Nombre_Tipo_Bosque_Predom": "Sin Datos" }, "geometry": { "type": "MultiPolygon", "coordinates": [ [ [ [ 4907891.802726804278791, 2116052.220420898869634 ], [ 4907891.764694076962769, 2116022.439668665174395 ], [ 4907861.901140288449824, 2116022.477812305092812 ], [ 4907861.939185350202024, 2116052.258566553704441 ], [ 4907891.802726804278791, 2116052.220420898869634 ] ] ], [ [ [ 4907951.643839970231056, 2116141.486412764992565 ], [ 4907951.5298036551103, 2116052.144166697282344 ], [ 4907891.802726804278791, 2116052.220420898869634 ], [ 4907891.878798332065344, 2116111.781926090829074 ], [ 4907921.742313096299767, 2116111.743788776919246 ], [ 4907921.780339561402798, 2116141.52453972119838 ], [ 4907951.643839970231056, 2116141.486412764992565 ] ] ], [ [ [ 4907951.643839970231056, 2116141.486412764992565 ], [ 4907951.681856121867895, 2116171.26716193696484 ], [ 4907981.545342173427343, 2116171.229045338928699 ], [ 4907981.50733835902065, 2116141.448298179544508 ], [ 4907951.643839970231056, 2116141.486412764992565 ] ] ] ] } },
{ "type": "Feature", "properties": { "id": "+393954+278158", "Area_ha": 0.088937621358432806, "count": 1, "value": 1, "Porcentaje_Cobertura_Forestal": 0.0, "NDVI_Medio_Poligono": 0.69192627266879392, "Codigo_Tipo_Bosque_Predom": 0.40590474009513855, "Densidad_C_Media_tC_ha": 8.2445478439331055, "Carbono_Perdido_tC": 0.73325047441520608, "Nombre_Tipo_Bosque_Predom": "Sin Datos" }, "geometry": { "type": "MultiPolygon", "coordinates": [ [ [ [ 4907860.229162575677037, 2114712.124864108860493 ], [ 4907860.267118515446782, 2114741.905607744585723 ], [ 4907890.131202068179846, 2114741.867550740484148 ], [ 4907890.093258433975279, 2114712.086809119675308 ], [ 4907860.229162575677037, 2114712.124864108860493 ] ] ] ] } },
{ "type": "Feature", "properties": { "id": "+393955+278102", "Area_ha": 0.088935595134802856, "count": 1, "value": 1, "Porcentaje_Cobertura_Forestal": 0.0, "NDVI_Medio_Poligono": 0.5269941413890904, "Codigo_Tipo_Bosque_Predom": 0.16889938712120056, "Densidad_C_Media_tC_ha": 18.180936813354492, "Carbono_Perdido_tC": 1.6169324356039279, "Nombre_Tipo_Bosque_Predom": "Sin Datos" }, "geometry": { "type": "MultiPolygon", "coordinates": [ [ [ [ 4907892.221220199950039, 2116379.80871129501611 ], [ 4907892.25927722454071, 2116409.589466427452862 ], [ 4907922.12266859319061, 2116409.551308973692358 ], [ 4907922.084623910486698, 2116379.770555855240673 ], [ 4907892.221220199950039, 2116379.80871129501611 ] ] ] ] } },
{ "type": "Feature", "properties": { "id": "+393955+278213", "Area_ha": 0.62257639075633198, "count": 7, "value": 1, "Porcentaje_Cobertura_Forestal": 0.0, "NDVI_Medio_Poligono": 0.5639075104194099, "Codigo_Tipo_Bosque_Predom": 0.0, "Densidad_C_Media_tC_ha": 76.554840087890625, "Carbono_Perdido_tC": 47.6612360368471, "Nombre_Tipo_Bosque_Predom": "Sin Datos" }, "geometry": { "type": "MultiPolygon", "coordinates": [ [ [ [ 4907917.912066724151373, 2113103.889185155276209 ], [ 4907917.874246726743877, 2113074.108458777423948 ], [ 4907888.009477088227868, 2113074.146390640176833 ], [ 4907888.047309353947639, 2113103.927119032479823 ], [ 4907917.912066724151373, 2113103.889185155276209 ] ] ], [ [ [ 4907947.814631823450327, 2113133.631988186389208 ], [ 4907947.776822073385119, 2113103.85126358224079 ], [ 4907917.912066724151373, 2113103.889185155276209 ], [ 4907917.987712789326906, 2113163.450638630893081 ], [ 4907977.71717238612473, 2113163.374799735844135 ], [ 4907977.679372882470489, 2113133.5940769049339 ], [ 4907947.814631823450327, 2113133.631988186389208 ] ] ], [ [ [ 4907977.71717238612473, 2113163.374799735844135 ], [ 4907977.754973912611604, 2113193.155522807501256 ], [ 4908067.34911135584116, 2113193.041850722860545 ], [ 4908067.311346643604338, 2113163.261133686639369 ], [ 4907977.71717238612473, 2113163.374799735844135 ] ] ] ] } },
{ "type": "Feature", "properties": { "id": "+393955+278221", "Area_ha": 0.088939867910163589, "count": 1, "value": 1, "Porcentaje_Cobertura_Forestal": 0.0, "NDVI_Medio_Poligono": 0.73950919476057564, "Codigo_Tipo_Bosque_Predom": 1.1457552909851074, "Densidad_C_Media_tC_ha": 41.584926605224609, "Carbono_Perdido_tC": 3.6985578793225242, "Nombre_Tipo_Bosque_Predom": "Sin Datos" }, "geometry": { "type": "MultiPolygon", "coordinates": [ [ [ [ 4907887.70689161773771, 2112835.900572035927325 ], [ 4907887.744707684032619, 2112865.681298507377505 ], [ 4907917.609563190490007, 2112865.643380745314062 ], [ 4907917.571759387850761, 2112835.862656288314611 ], [ 4907887.70689161773771, 2112835.900572035927325 ] ] ] ] } },
{ "type": "Feature", "properties": { "id": "+393956+278139", "Area_ha": 0.088936914431503103, "count": 1, "value": 1, "Porcentaje_Cobertura_Forestal": 0.0, "NDVI_Medio_Poligono": 0.62079708615764695, "Codigo_Tipo_Bosque_Predom": 0.15619350969791412, "Densidad_C_Media_tC_ha": 12.296436309814453, "Carbono_Perdido_tC": 1.0936071038983959, "Nombre_Tipo_Bosque_Predom": "Sin Datos" }, "geometry": { "type": "MultiPolygon", "coordinates": [ [ [ [ 4907920.678393651731312, 2115277.882860226090997 ], [ 4907920.716363439336419, 2115307.663604412227869 ], [ 4907950.580209022387862, 2115307.625533831771463 ], [ 4907950.542251552455127, 2115277.844791659153998 ], [ 4907920.678393651731312, 2115277.882860226090997 ] ] ] ] } },
{ "type": "Feature", "properties": { "id": "+393956+278164", "Area_ha": 1.5119429724033631, "count": 17, "value": 1, "Porcentaje_Cobertura_Forestal": 0.0, "NDVI_Medio_Poligono": 0.68198120929196338, "Codigo_Tipo_Bosque_Predom": 0.0, "Densidad_C_Media_tC_ha": 8.2445478439331055, "Carbono_Perdido_tC": 12.465286173277958, "Nombre_Tipo_Bosque_Predom": "Sin Datos" }, "geometry": { "type": "MultiPolygon", "coordinates": [ [ [ [ 4907949.631879570893943, 2114563.10705191642046 ], [ 4907949.593972689472139, 2114533.326315767597407 ], [ 4907919.729807049036026, 2114533.364333995617926 ], [ 4907919.767726232297719, 2114563.145072158426046 ], [ 4907949.631879570893943, 2114563.10705191642046 ] ] ], [ [ [ 4907949.631879570893943, 2114563.10705191642046 ], [ 4907949.669788476079702, 2114592.887788306456059 ], [ 4907979.533927491866052, 2114592.849778388161212 ], [ 4907979.496030889451504, 2114563.069044010713696 ], [ 4907949.631879570893943, 2114563.10705191642046 ] ] ], [ [ [ 4908128.93026855494827, 2114652.221363219898194 ], [ 4908128.892429424449801, 2114622.440638415981084 ], [ 4908099.0283127957955, 2114622.478588658384979 ], [ 4908098.990463382564485, 2114592.6978620858863 ], [ 4908069.126332433894277, 2114592.735822655726224 ], [ 4908069.088472737930715, 2114562.955094313248992 ], [ 4908009.360180188901722, 2114563.031048441771418 ], [ 4908009.398064489476383, 2114592.81178080663085 ], [ 4907979.533927491866052, 2114592.849778388161212 ], [ 4907979.571826118044555, 2114622.630513005889952 ], [ 4907860.115307147614658, 2114622.782634757459164 ], [ 4907860.153257011435926, 2114652.56337767187506 ], [ 4908128.93026855494827, 2114652.221363219898194 ] ] ] ] } },
{ "type": "Feature", "properties": { "id": "+393956+278230", "Area_ha": 0.35576066402830475, "count": 4, "value": 1, "Porcentaje_Cobertura_Forestal": 0.0, "NDVI_Medio_Poligono": 0.61143684325489611, "Codigo_Tipo_Bosque_Predom": 0.0, "Densidad_C_Media_tC_ha": 41.584926605224609, "Carbono_Perdido_tC": 14.794281102643025, "Nombre_Tipo_Bosque_Predom": "Sin Datos" }, "geometry": { "type": "MultiPolygon", "coordinates": [ [ [ [ 4907887.366638136096299, 2112567.874044599942863 ], [ 4907887.442235847003758, 2112627.435493461787701 ], [ 4907947.172141031362116, 2112627.359702462330461 ], [ 4907947.096592355519533, 2112567.798261656891555 ], [ 4907887.366638136096299, 2112567.874044599942863 ] ] ] ] } },
{ "type": "Feature", "properties": { "id": "+393956+278308", "Area_ha": 0.17788588916558221, "count": 2, "value": 1, "Porcentaje_Cobertura_Forestal": 0.0, "NDVI_Medio_Poligono": 0.69724119486374658, "Codigo_Tipo_Bosque_Predom": 2.3952507972717285, "Densidad_C_Media_tC_ha": 41.036853790283203, "Carbono_Perdido_tC": 7.2998772250425201, "Nombre_Tipo_Bosque_Predom": "Sin Datos" }, "geometry": { "type": "MultiPolygon", "coordinates": [ [ [ [ 4907914.29057746194303, 2110244.940546242520213 ], [ 4907914.365834866650403, 2110304.501953713595867 ], [ 4907944.231740681454539, 2110304.4642214467749 ], [ 4907944.156507691368461, 2110244.902818003669381 ], [ 4907914.29057746194303, 2110244.940546242520213 ] ] ] ] } },
{ "type": "Feature", "properties": { "id": "+393958+278099", "Area_ha": 0.088935450716859488, "count": 1, "value": 1, "Porcentaje_Cobertura_Forestal": 0.0, "NDVI_Medio_Poligono": 0.5777686884353963, "Codigo_Tipo_Bosque_Predom": 2.232551097869873, "Densidad_C_Media_tC_ha": 18.180936813354492, "Carbono_Perdido_tC": 1.6169298099504248, "Nombre_Tipo_Bosque_Predom": "Sin Datos" }, "geometry": { "type": "MultiPolygon", "coordinates": [ [ [ [ 4907981.925491337664425, 2116469.036530106328428 ], [ 4907981.963517403230071, 2116498.817279922775924 ], [ 4908011.826865686103702, 2116498.779153563547879 ], [ 4908011.78885196428746, 2116468.998405759688467 ], [ 4907981.925491337664425, 2116469.036530106328428 ] ] ] ] } },
{ "type": "Feature", "properties": { "id": "+393958+278101", "Area_ha": 0.088935522767130168, "count": 1, "value": 1, "Porcentaje_Cobertura_Forestal": 0.0, "NDVI_Medio_Poligono": 0.59411985948688506, "Codigo_Tipo_Bosque_Predom": 0.83441412448883057, "Densidad_C_Media_tC_ha": 18.180936813354496, "Carbono_Perdido_tC": 1.6169311198918437, "Nombre_Tipo_Bosque_Predom": "Sin Datos" }, "geometry": { "type": "MultiPolygon", "coordinates": [ [ [ [ 4907981.849445274099708, 2116409.475031196605414 ], [ 4907981.887467294000089, 2116439.255780530627817 ], [ 4908011.75084026530385, 2116439.217658195644617 ], [ 4908011.712830587290227, 2116409.436910873744637 ], [ 4907981.849445274099708, 2116409.475031196605414 ] ] ] ] } },
{ "type": "Feature", "properties": { "id": "+393958+278137", "Area_ha": 0.26681034703706391, "count": 3, "value": 1, "Porcentaje_Cobertura_Forestal": 0.0, "NDVI_Medio_Poligono": 0.6884944629175781, "Codigo_Tipo_Bosque_Predom": 0.0, "Densidad_C_Media_tC_ha": 12.296436309814451, "Carbono_Perdido_tC": 3.2808164391407475, "Nombre_Tipo_Bosque_Predom": "Sin Datos" }, "geometry": { "type": "MultiPolygon", "coordinates": [ [ [ [ 4907980.481999759562314, 2115337.368216007016599 ], [ 4907980.595853420905769, 2115426.71043865988031 ], [ 4908010.45964568760246, 2115426.672384736593813 ], [ 4908010.345828985795379, 2115337.330168120097369 ], [ 4907980.481999759562314, 2115337.368216007016599 ] ] ] ] } },
{ "type": "Feature", "properties": { "id": "+393958+278158", "Area_ha": 0.35575024062838057, "count": 4, "value": 1, "Porcentaje_Cobertura_Forestal": 0.0, "NDVI_Medio_Poligono": 0.73993179002675691, "Codigo_Tipo_Bosque_Predom": 0.0, "Densidad_C_Media_tC_ha": 8.2445478439331055, "Carbono_Perdido_tC": 2.9329998793513985, "Nombre_Tipo_Bosque_Predom": "Sin Datos" }, "geometry": { "type": "MultiPolygon", "coordinates": [ [ [ [ 4907979.761349589563906, 2114771.534189708065242 ], [ 4908009.625412759371102, 2114771.496180053334683 ], [ 4908009.549621913582087, 2114711.934712674003094 ], [ 4907949.82144433259964, 2114712.010736274532974 ], [ 4907949.85936335567385, 2114741.791473868768662 ], [ 4907979.723440849222243, 2114741.753453885670751 ], [ 4907979.761349589563906, 2114771.534189708065242 ] ] ], [ [ [ 4907949.897284401580691, 2114771.572211703751236 ], [ 4907949.85936335567385, 2114741.791473868768662 ], [ 4907919.995283841155469, 2114741.829506191890687 ], [ 4907920.033217193558812, 2114771.610246040858328 ], [ 4907949.897284401580691, 2114771.572211703751236 ] ] ] ] } },
{ "type": "Feature", "properties": { "id": "+393958+278235", "Area_ha": 0.088940332448757542, "count": 1, "value": 1, "Porcentaje_Cobertura_Forestal": 0.0, "NDVI_Medio_Poligono": 0.55378445564799761, "Codigo_Tipo_Bosque_Predom": 0.87898093461990356, "Densidad_C_Media_tC_ha": 41.584926605224609, "Carbono_Perdido_tC": 3.698577197125859, "Nombre_Tipo_Bosque_Predom": "Sin Datos" }, "geometry": { "type": "MultiPolygon", "coordinates": [ [ [ [ 4907976.772791441529989, 2112418.856800879351795 ], [ 4907976.810542394407094, 2112448.6375179477036 ], [ 4908006.675563484430313, 2112448.599665258079767 ], [ 4908006.637824786826968, 2112418.818950201850384 ], [ 4907976.772791441529989, 2112418.856800879351795 ] ] ] ] } },
{ "type": "Feature", "properties": { "id": "+393958+278300", "Area_ha": 0.088942653103667543, "count": 1, "value": 1, "Porcentaje_Cobertura_Forestal": 0.0, "NDVI_Medio_Poligono": 0.70164231958734224, "Codigo_Tipo_Bosque_Predom": 1.212520956993103, "Densidad_C_Media_tC_ha": 41.036853790283203, "Carbono_Perdido_tC": 3.6499266511350834, "Nombre_Tipo_Bosque_Predom": "Sin Datos" }, "geometry": { "type": "MultiPolygon", "coordinates": [ [ [ [ 4907974.323318751528859, 2110483.110705409198999 ], [ 4907974.360938210971653, 2110512.891406910959631 ], [ 4908004.226754514500499, 2110512.853685040958226 ], [ 4908004.189147266559303, 2110483.072985551785678 ], [ 4907974.323318751528859, 2110483.110705409198999 ] ] ] ] } },
{ "type": "Feature", "properties": { "id": "+393959+278151", "Area_ha": 0.3557493100444088, "count": 4, "value": 1, "Porcentaje_Cobertura_Forestal": 0.0, "NDVI_Medio_Poligono": 0.4239915854403164, "Codigo_Tipo_Bosque_Predom": 0.0, "Densidad_C_Media_tC_ha": 12.296436309814453, "Carbono_Perdido_tC": 4.3744487332215076, "Nombre_Tipo_Bosque_Predom": "Sin Datos" }, "geometry": { "type": "MultiPolygon", "coordinates": [ [ [ [ 4907920.222914080135524, 2114920.513948784209788 ], [ 4907920.260859577916563, 2114950.294690079055727 ], [ 4908039.716820891015232, 2114950.142578476574272 ], [ 4908039.678924634121358, 2114920.361845231615007 ], [ 4907920.222914080135524, 2114920.513948784209788 ] ] ] ] } },
{ "type": "Feature", "properties": { "id": "+393960+278146", "Area_ha": 0.17787424726809259, "count": 2, "value": 1, "Porcentaje_Cobertura_Forestal": 0.0, "NDVI_Medio_Poligono": 0.62662477786336579, "Codigo_Tipo_Bosque_Predom": 2.1412768363952637, "Densidad_C_Media_tC_ha": 12.296436309814453, "Carbono_Perdido_tC": 2.1872193526882882, "Nombre_Tipo_Bosque_Predom": "Sin Datos" }, "geometry": { "type": "MultiPolygon", "coordinates": [ [ [ [ 4908010.004488081671298, 2115069.303531291428953 ], [ 4908010.042406760156155, 2115099.08426775271073 ], [ 4908069.770256224088371, 2115099.008241219446063 ], [ 4908069.732362172566354, 2115069.227508780546486 ], [ 4908010.004488081671298, 2115069.303531291428953 ] ] ] ] } },
{ "type": "Feature", "properties": { "id": "+393960+278216", "Area_ha": 0.88939562795718963, "count": 10, "value": 1, "Porcentaje_Cobertura_Forestal": 30.016856545993349, "NDVI_Medio_Poligono": 0.62220292754507589, "Codigo_Tipo_Bosque_Predom": 2.0, "Densidad_C_Media_tC_ha": 76.554840087890625, "Carbono_Perdido_tC": 68.08754007313172, "Nombre_Tipo_Bosque_Predom": "Bosque Secundario Joven" }, "geometry": { "type": "MultiPolygon", "coordinates": [ [ [ [ 4908007.355205856263638, 2112984.652577322442085 ], [ 4908007.544111684896052, 2113133.556177813559771 ], [ 4908067.273583714850247, 2113133.48041677614674 ], [ 4908067.084800574928522, 2112984.576836399268359 ], [ 4908007.355205856263638, 2112984.652577322442085 ] ] ] ] } },
{ "type": "Feature", "properties": { "id": "+393961+278139", "Area_ha": 0.088936853876896205, "count": 1, "value": 1, "Porcentaje_Cobertura_Forestal": 0.0, "NDVI_Medio_Poligono": 0.59732624116270361, "Codigo_Tipo_Bosque_Predom": 2.4631862640380859, "Densidad_C_Media_tC_ha": 12.296436309814453, "Carbono_Perdido_tC": 1.0936063592925287, "Nombre_Tipo_Bosque_Predom": "Sin Datos" }, "geometry": { "type": "MultiPolygon", "coordinates": [ [ [ [ 4908069.997662970796227, 2115277.692640914116055 ], [ 4908070.03557116817683, 2115307.473375039175153 ], [ 4908099.899406662210822, 2115307.435366223100573 ], [ 4908099.861510782502592, 2115277.654634107835591 ], [ 4908069.997662970796227, 2115277.692640914116055 ] ] ] ] } },
{ "type": "Feature", "properties": { "id": "+393961+278154", "Area_ha": 0.17787474987019522, "count": 2, "value": 1, "Porcentaje_Cobertura_Forestal": 0.0, "NDVI_Medio_Poligono": 0.66575101716306073, "Codigo_Tipo_Bosque_Predom": 0.0, "Densidad_C_Media_tC_ha": 8.2445478439331055, "Carbono_Perdido_tC": 1.4664968855324585, "Nombre_Tipo_Bosque_Predom": "Sin Datos" }, "geometry": { "type": "MultiPolygon", "coordinates": [ [ [ [ 4908069.429282515309751, 2114830.981657951138914 ], [ 4908069.50504030380398, 2114890.543119212146848 ], [ 4908099.369048191234469, 2114890.50513853924349 ], [ 4908099.293315019458532, 2114830.943681298755109 ], [ 4908069.429282515309751, 2114830.981657951138914 ] ] ] ] } },
{ "type": "Feature", "properties": { "id": "+393961+278224", "Area_ha": 0.088939902588551917, "count": 1, "value": 1, "Porcentaje_Cobertura_Forestal": 0.0, "NDVI_Medio_Poligono": 0.80961746605769969, "Codigo_Tipo_Bosque_Predom": 2.2299916744232178, "Densidad_C_Media_tC_ha": 41.584926605224609, "Carbono_Perdido_tC": 3.6985593214207575, "Nombre_Tipo_Bosque_Predom": "Sin Datos" }, "geometry": { "type": "MultiPolygon", "coordinates": [ [ [ [ 4908066.782852640375495, 2112746.331120286602527 ], [ 4908066.8205890590325, 2112776.111833959352225 ], [ 4908096.685469246469438, 2112776.073996024206281 ], [ 4908096.647745090536773, 2112746.293284362182021 ], [ 4908066.782852640375495, 2112746.331120286602527 ] ] ] ] } },
{ "type": "Feature", "properties": { "id": "+393961+278339", "Area_ha": 0.62260811612827816, "count": 7, "value": 1, "Porcentaje_Cobertura_Forestal": 0.0, "NDVI_Medio_Poligono": -0.076598832163053521, "Codigo_Tipo_Bosque_Predom": 0.0, "Densidad_C_Media_tC_ha": 43.714450836181634, "Carbono_Perdido_tC": 27.21697188269728, "Nombre_Tipo_Bosque_Predom": "Sin Datos" }, "geometry": { "type": "MultiPolygon", "coordinates": [ [ [ [ 4908002.724042043089867, 2109321.625891865231097 ], [ 4908002.761570419184864, 2109351.406582038383931 ], [ 4907972.895278319716454, 2109351.44422540999949 ], [ 4907972.932820904999971, 2109381.224917834158987 ], [ 4908092.397928443737328, 2109381.074409633409232 ], [ 4908092.322942791506648, 2109321.513041117694229 ], [ 4908002.724042043089867, 2109321.625891865231097 ] ] ] ] } },
{ "type": "Feature", "properties": { "id": "+393962+278104", "Area_ha": 0.2668066391722852, "count": 3, "value": 1, "Porcentaje_Cobertura_Forestal": 0.0, "NDVI_Medio_Poligono": 0.58708114967495428, "Codigo_Tipo_Bosque_Predom": 0.0, "Densidad_C_Media_tC_ha": 18.180936813354492, "Carbono_Perdido_tC": 4.850794648174789, "Nombre_Tipo_Bosque_Predom": "Sin Datos" }, "geometry": { "type": "MultiPolygon", "coordinates": [ [ [ [ 4908101.189068602398038, 2116319.980401748325676 ], [ 4908101.302974425256252, 2116409.322624166496098 ], [ 4908131.166351674124599, 2116409.284553351346403 ], [ 4908131.052482875995338, 2116319.942336961627007 ], [ 4908101.189068602398038, 2116319.980401748325676 ] ] ] ] } },
{ "type": "Feature", "properties": { "id": "+393962+278114", "Area_ha": 0.44467954804358745, "count": 5, "value": 1, "Porcentaje_Cobertura_Forestal": 0.0, "NDVI_Medio_Poligono": 0.61540572114884295, "Codigo_Tipo_Bosque_Predom": 0.0, "Densidad_C_Media_tC_ha": 18.180936813354492, "Carbono_Perdido_tC": 8.0846907651714961, "Nombre_Tipo_Bosque_Predom": "Sin Datos" }, "geometry": { "type": "MultiPolygon", "coordinates": [ [ [ [ 4908100.809513839893043, 2116022.173009389545768 ], [ 4908100.847460225224495, 2116051.953747537452728 ], [ 4908070.98393289744854, 2116051.991806607693434 ], [ 4908071.059856398962438, 2116111.553287651855499 ], [ 4908130.786859699524939, 2116111.477173840161413 ], [ 4908130.67305148858577, 2116022.13496469752863 ], [ 4908100.809513839893043, 2116022.173009389545768 ] ] ] ] } },
{ "type": "Feature", "properties": { "id": "+393962+278118", "Area_ha": 0.62255252853869458, "count": 7, "value": 1, "Porcentaje_Cobertura_Forestal": 0.0, "NDVI_Medio_Poligono": 0.66660300794209237, "Codigo_Tipo_Bosque_Predom": 0.0, "Densidad_C_Media_tC_ha": 17.289548401980174, "Carbono_Perdido_tC": 10.763652074944904, "Nombre_Tipo_Bosque_Predom": "Sin Datos" }, "geometry": { "type": "MultiPolygon", "coordinates": [ [ [ [ 4908011.06697546876967, 2115903.164243364706635 ], [ 4908011.142928090877831, 2115962.725730036851019 ], [ 4908100.733627130277455, 2115962.611533814575523 ], [ 4908100.695686805061996, 2115932.830796391237527 ], [ 4908130.559261453337967, 2115932.792757727671415 ], [ 4908130.521335480734706, 2115903.012022553477436 ], [ 4908011.06697546876967, 2115903.164243364706635 ] ] ] ] } },
{ "type": "Feature", "properties": { "id": "+393963+278074", "Area_ha": 0.44467213246971371, "count": 5, "value": 1, "Porcentaje_Cobertura_Forestal": 0.0, "NDVI_Medio_Poligono": 0.61957030075128106, "Codigo_Tipo_Bosque_Predom": 0.0, "Densidad_C_Media_tC_ha": 17.344945907592773, "Carbono_Perdido_tC": 7.7128140843011126, "Nombre_Tipo_Bosque_Predom": "Sin Datos" }, "geometry": { "type": "MultiPolygon", "coordinates": [ [ [ [ 4908105.669599999673665, 2117245.294099999591708 ], [ 4908105.8756, 2117249.661399999633431 ], [ 4908106.5965, 2117253.864499999210238 ], [ 4908108.080799999646842, 2117257.656400000676513 ], [ 4908109.35259999986738, 2117260.605699999257922 ], [ 4908110.9989, 2117264.1458 ], [ 4908112.427000000141561, 2117268.189600000157952 ], [ 4908113.488099999725819, 2117271.560599999502301 ], [ 4908114.54839999973774, 2117274.2993 ], [ 4908115.785000000149012, 2117277.178300000727177 ], [ 4908117.620900000445545, 2117280.407700000330806 ], [ 4908119.738800000399351, 2117283.777499999850988 ], [ 4908121.432799999602139, 2117286.30460000038147 ], [ 4908123.5504, 2117289.463500000536442 ], [ 4908125.668200000189245, 2117292.833200000226498 ], [ 4908127.575000000186265, 2117296.414000000804663 ], [ 4908129.1645, 2117299.784299999475479 ], [ 4908130.3317, 2117303.5767 ], [ 4908132.24309999961406, 2117310.740499999374151 ], [ 4908132.316606647334993, 2117310.980805818922818 ], [ 4908132.230003842152655, 2117243.145344694145024 ], [ 4908105.436446215026081, 2117243.179552877787501 ], [ 4908105.669599999673665, 2117245.294099999591708 ] ] ], [ [ [ 4908162.055030750110745, 2117213.326486210804433 ], [ 4908132.191989009268582, 2117213.364598885178566 ], [ 4908132.230003842152655, 2117243.145344694145024 ], [ 4908162.093033222481608, 2117243.107230011373758 ], [ 4908162.055030750110745, 2117213.326486210804433 ] ] ] ] } },
{ "type": "Feature", "properties": { "id": "+393963+278136", "Area_ha": 0.17787340770478913, "count": 2, "value": 1, "Porcentaje_Cobertura_Forestal": 0.0, "NDVI_Medio_Poligono": 0.70908504867105759, "Codigo_Tipo_Bosque_Predom": 0.0, "Densidad_C_Media_tC_ha": 12.296436309814453, "Carbono_Perdido_tC": 2.1872090290515991, "Nombre_Tipo_Bosque_Predom": "Sin Datos" }, "geometry": { "type": "MultiPolygon", "coordinates": [ [ [ [ 4908129.839013323187828, 2115366.958830696996301 ], [ 4908129.914794582873583, 2115426.520292597822845 ], [ 4908159.778576767072082, 2115426.482300451491028 ], [ 4908159.702820148319006, 2115366.920842568855733 ], [ 4908129.839013323187828, 2115366.958830696996301 ] ] ] ] } },
{ "type": "Feature", "properties": { "id": "+393963+278169", "Area_ha": 0.35575142588317393, "count": 4, "value": 1, "Porcentaje_Cobertura_Forestal": 0.0, "NDVI_Medio_Poligono": 0.66936877230537395, "Codigo_Tipo_Bosque_Predom": 0.0, "Densidad_C_Media_tC_ha": 8.2445478439331055, "Carbono_Perdido_tC": 2.9330096512412496, "Nombre_Tipo_Bosque_Predom": "Sin Datos" }, "geometry": { "type": "MultiPolygon", "coordinates": [ [ [ [ 4908158.567440190352499, 2114473.499090149533004 ], [ 4908158.454002107493579, 2114384.156926822382957 ], [ 4908128.589789087884128, 2114384.194848655257374 ], [ 4908128.703264066949487, 2114473.537018008995801 ], [ 4908158.567440190352499, 2114473.499090149533004 ] ] ], [ [ [ 4908128.741093099117279, 2114503.317741609178483 ], [ 4908128.703264066949487, 2114473.537018008995801 ], [ 4908098.839085930027068, 2114473.574958203360438 ], [ 4908098.876927263103426, 2114503.355683812871575 ], [ 4908128.741093099117279, 2114503.317741609178483 ] ] ] ] } },
{ "type": "Feature", "properties": { "id": "+393963+278294", "Area_ha": 0.088942378696598462, "count": 1, "value": 1, "Porcentaje_Cobertura_Forestal": 0.0, "NDVI_Medio_Poligono": 0.70425119252863022, "Codigo_Tipo_Bosque_Predom": 2.6447408199310303, "Densidad_C_Media_tC_ha": 41.036853790283203, "Carbono_Perdido_tC": 3.6499153903323105, "Nombre_Tipo_Bosque_Predom": "Sin Datos" }, "geometry": { "type": "MultiPolygon", "coordinates": [ [ [ [ 4908123.877821835689247, 2110661.606380844954401 ], [ 4908123.915392351336777, 2110691.387073723133653 ], [ 4908153.781125281006098, 2110691.349401034414768 ], [ 4908153.743566981516778, 2110661.568710166029632 ], [ 4908123.877821835689247, 2110661.606380844954401 ] ] ] ] } },
{ "type": "Feature", "properties": { "id": "+393964+278109", "Area_ha": 0.17787148864829505, "count": 2, "value": 1, "Porcentaje_Cobertura_Forestal": 0.0, "NDVI_Medio_Poligono": 0.64049175359214494, "Codigo_Tipo_Bosque_Predom": 0.0, "Densidad_C_Media_tC_ha": 18.180936813354496, "Carbono_Perdido_tC": 3.2338702960119536, "Nombre_Tipo_Bosque_Predom": "Sin Datos" }, "geometry": { "type": "MultiPolygon", "coordinates": [ [ [ [ 4908130.862741937860847, 2116171.03864780953154 ], [ 4908130.900686086155474, 2116200.819385156966746 ], [ 4908190.627607304602861, 2116200.743308776523918 ], [ 4908190.589687831699848, 2116170.962575445882976 ], [ 4908130.862741937860847, 2116171.03864780953154 ] ] ] ] } },
{ "type": "Feature", "properties": { "id": "+393964+278296", "Area_ha": 0.17788482807874681, "count": 2, "value": 1, "Porcentaje_Cobertura_Forestal": 0.0, "NDVI_Medio_Poligono": 0.67306737457617316, "Codigo_Tipo_Bosque_Predom": 1.4756736755371094, "Densidad_C_Media_tC_ha": 41.036853790283203, "Carbono_Perdido_tC": 7.2998336813771969, "Nombre_Tipo_Bosque_Predom": "Sin Datos" }, "geometry": { "type": "MultiPolygon", "coordinates": [ [ [ [ 4908183.571766287088394, 2110631.750363229773939 ], [ 4908183.534224240109324, 2110601.969674847554415 ], [ 4908153.668456678278744, 2110602.007329258136451 ], [ 4908153.706010940484703, 2110631.788019649684429 ], [ 4908183.571766287088394, 2110631.750363229773939 ] ] ], [ [ [ 4908213.475051471032202, 2110661.493405674118549 ], [ 4908213.437519621104002, 2110631.712719060480595 ], [ 4908183.571766287088394, 2110631.750363229773939 ], [ 4908183.609310352243483, 2110661.531051851809025 ], [ 4908213.475051471032202, 2110661.493405674118549 ] ] ] ] } },
{ "type": "Feature", "properties": { "id": "+393964+278299", "Area_ha": 0.088942544846617969, "count": 1, "value": 1, "Porcentaje_Cobertura_Forestal": 0.0, "NDVI_Medio_Poligono": 0.61112324248430439, "Codigo_Tipo_Bosque_Predom": 0.0, "Densidad_C_Media_tC_ha": 41.036853790283203, "Carbono_Perdido_tC": 3.6499222086063683, "Nombre_Tipo_Bosque_Predom": "Sin Datos" }, "geometry": { "type": "MultiPolygon", "coordinates": [ [ [ [ 4908153.555805766955018, 2110512.66525940457359 ], [ 4908153.593353971838951, 2110542.445949079003185 ], [ 4908183.459145963191986, 2110542.408298685681075 ], [ 4908183.421609970740974, 2110512.627611020114273 ], [ 4908153.555805766955018, 2110512.66525940457359 ] ] ] ] } },
{ "type": "Feature", "properties": { "id": "+393964+278315", "Area_ha": 0.35577244674296232, "count": 4, "value": 1, "Porcentaje_Cobertura_Forestal": 0.0, "NDVI_Medio_Poligono": 0.24465478338116514, "Codigo_Tipo_Bosque_Predom": 0.0, "Densidad_C_Media_tC_ha": 41.036853790283203, "Carbono_Perdido_tC": 14.599781879602263, "Nombre_Tipo_Bosque_Predom": "Sin Datos" }, "geometry": { "type": "MultiPolygon", "coordinates": [ [ [ [ 4908152.955309082753956, 2110036.174257134087384 ], [ 4908152.992824981920421, 2110065.954942984040827 ], [ 4908093.260844296775758, 2110066.030216201674193 ], [ 4908093.298386622220278, 2110095.810906310100108 ], [ 4908182.896318018436432, 2110095.69800881203264 ], [ 4908182.821308605372906, 2110036.136640890967101 ], [ 4908152.955309082753956, 2110036.174257134087384 ] ] ] ] } },
{ "type": "Feature", "properties": { "id": "+393965+278098", "Area_ha": 0.08893533000341558, "count": 1, "value": 1, "Porcentaje_Cobertura_Forestal": 0.0, "NDVI_Medio_Poligono": 0.69023532443837254, "Codigo_Tipo_Bosque_Predom": 0.10500255972146988, "Densidad_C_Media_tC_ha": 18.180936813354492, "Carbono_Perdido_tC": 1.6169276152669285, "Nombre_Tipo_Bosque_Predom": "Sin Datos" }, "geometry": { "type": "MultiPolygon", "coordinates": [ [ [ [ 4908191.006913037970662, 2116498.550655366387218 ], [ 4908191.044854711741209, 2116528.331391354557127 ], [ 4908220.908176540397108, 2116528.293349640443921 ], [ 4908220.870247211307287, 2116498.512615659739822 ], [ 4908191.006913037970662, 2116498.550655366387218 ] ] ] ] } },
{ "type": "Feature", "properties": { "id": "+393965+278237", "Area_ha": 0.088940319273828936, "count": 1, "value": 1, "Porcentaje_Cobertura_Forestal": 0.0, "NDVI_Medio_Poligono": 0.68770793674129493, "Codigo_Tipo_Bosque_Predom": 2.6472117900848389, "Densidad_C_Media_tC_ha": 41.584926605224609, "Carbono_Perdido_tC": 3.6985766492474199, "Nombre_Tipo_Bosque_Predom": "Sin Datos" }, "geometry": { "type": "MultiPolygon", "coordinates": [ [ [ [ 4908185.75265821814537, 2112359.030698944814503 ], [ 4908185.790319349616766, 2112388.811401460785419 ], [ 4908215.655350835993886, 2112388.773638817481697 ], [ 4908215.617701958864927, 2112358.992938309442252 ], [ 4908185.75265821814537, 2112359.030698944814503 ] ] ] ] } },
{ "type": "Feature", "properties": { "id": "+393966+278108", "Area_ha": 0.44467798188628949, "count": 5, "value": 1, "Porcentaje_Cobertura_Forestal": 0.0, "NDVI_Medio_Poligono": 0.54072437046503929, "Codigo_Tipo_Bosque_Predom": 0.0, "Densidad_C_Media_tC_ha": 18.180936813354492, "Carbono_Perdido_tC": 8.0846622909646229, "Nombre_Tipo_Bosque_Predom": "Sin Datos" }, "geometry": { "type": "MultiPolygon", "coordinates": [ [ [ [ 4908250.392417521215975, 2116230.448011557105929 ], [ 4908250.354520707391202, 2116200.667282000184059 ], [ 4908220.491065132431686, 2116200.705289259087294 ], [ 4908220.528974284417927, 2116230.486020823474973 ], [ 4908250.392417521215975, 2116230.448011557105929 ] ] ], [ [ [ 4908250.392417521215975, 2116230.448011557105929 ], [ 4908250.468217200599611, 2116290.009471396915615 ], [ 4908280.331633748486638, 2116289.971470491494983 ], [ 4908280.255858747288585, 2116230.41001466428861 ], [ 4908250.392417521215975, 2116230.448011557105929 ] ] ], [ [ [ 4908280.331633748486638, 2116289.971470491494983 ], [ 4908280.369524273090065, 2116319.752198767382652 ], [ 4908340.096326651982963, 2116319.676230068784207 ], [ 4908340.058460807427764, 2116289.895505803171545 ], [ 4908280.331633748486638, 2116289.971470491494983 ] ] ] ] } },
{ "type": "Feature", "properties": { "id": "+393966+278128", "Area_ha": 0.26680922988845268, "count": 3, "value": 1, "Porcentaje_Cobertura_Forestal": 0.0, "NDVI_Medio_Poligono": 0.71616423586259248, "Codigo_Tipo_Bosque_Predom": 0.0, "Densidad_C_Media_tC_ha": 12.296436309814453, "Carbono_Perdido_tC": 3.2808027021940012, "Nombre_Tipo_Bosque_Predom": "Sin Datos" }, "geometry": { "type": "MultiPolygon", "coordinates": [ [ [ [ 4908160.005895079113543, 2115605.16667989268899 ], [ 4908160.043788529932499, 2115634.947410643100739 ], [ 4908249.634864213876426, 2115634.833466177340597 ], [ 4908249.597007738426328, 2115605.052741450257599 ], [ 4908160.005895079113543, 2115605.16667989268899 ] ] ] ] } },
{ "type": "Feature", "properties": { "id": "+393967+278258", "Area_ha": 0.088941045660841336, "count": 1, "value": 1, "Porcentaje_Cobertura_Forestal": 0.0, "NDVI_Medio_Poligono": 0.029049193867340197, "Codigo_Tipo_Bosque_Predom": 0.0, "Densidad_C_Media_tC_ha": 44.317546844482422, "Carbono_Perdido_tC": 3.9416489574715858, "Nombre_Tipo_Bosque_Predom": "Sin Datos" }, "geometry": { "type": "MultiPolygon", "coordinates": [ [ [ [ 4908244.692840531468391, 2111733.560576854739338 ], [ 4908244.730434796772897, 2111763.341270320117474 ], [ 4908274.595719447359443, 2111763.30357439443469 ], [ 4908274.558137421496212, 2111733.522882935591042 ], [ 4908244.692840531468391, 2111733.560576854739338 ] ] ] ] } },
{ "type": "Feature", "properties": { "id": "+393967+278295", "Area_ha": 0.088942366001769552, "count": 1, "value": 1, "Porcentaje_Cobertura_Forestal": 0.0, "NDVI_Medio_Poligono": 0.38690464906125377, "Codigo_Tipo_Bosque_Predom": 0.0, "Densidad_C_Media_tC_ha": 41.036853790283203, "Carbono_Perdido_tC": 3.6499148693764729, "Nombre_Tipo_Bosque_Predom": "Sin Datos" }, "geometry": { "type": "MultiPolygon", "coordinates": [ [ [ [ 4908243.303270701318979, 2110631.675087026786059 ], [ 4908243.340790336020291, 2110661.455771633423865 ], [ 4908273.206527425907552, 2110661.418149957899004 ], [ 4908273.169020007364452, 2110631.637467357795686 ], [ 4908243.303270701318979, 2110631.675087026786059 ] ] ] ] } },
{ "type": "Feature", "properties": { "id": "+393968+278303", "Area_ha": 0.17788524248828616, "count": 2, "value": 1, "Porcentaje_Cobertura_Forestal": 0.0, "NDVI_Medio_Poligono": 0.39557750445904494, "Codigo_Tipo_Bosque_Predom": 0.0, "Densidad_C_Media_tC_ha": 41.036853790283203, "Carbono_Perdido_tC": 7.2998506874408724, "Nombre_Tipo_Bosque_Predom": "Sin Datos" }, "geometry": { "type": "MultiPolygon", "coordinates": [ [ [ [ 4908272.86903325188905, 2110393.392015173099935 ], [ 4908272.944017841480672, 2110452.953376785386354 ], [ 4908302.809838416054845, 2110452.915781403891742 ], [ 4908302.734878246672451, 2110393.354423803742975 ], [ 4908272.86903325188905, 2110393.392015173099935 ] ] ] ] } },
{ "type": "Feature", "properties": { "id": "+393969+278057", "Area_ha": 0.80040375993154445, "count": 9, "value": 1, "Porcentaje_Cobertura_Forestal": 8.8239468468743159, "NDVI_Medio_Poligono": 0.79405234756376153, "Codigo_Tipo_Bosque_Predom": 0.0, "Densidad_C_Media_tC_ha": 17.344945907592773, "Carbono_Perdido_tC": 13.88295992024651, "Nombre_Tipo_Bosque_Predom": "Sin Datos" }, "geometry": { "type": "MultiPolygon", "coordinates": [ [ [ [ 4908312.205500000156462, 2117719.743100000545382 ], [ 4908312.2193, 2117730.582800000905991 ], [ 4908312.857699999585748, 2117733.954299999400973 ], [ 4908315.50719999987632, 2117739.852600000798702 ], [ 4908316.884499999694526, 2117742.590900000184774 ], [ 4908319.071399999782443, 2117746.421700000762939 ], [ 4908321.43819999974221, 2117748.975099999457598 ], [ 4908324.504499999806285, 2117751.433599999174476 ], [ 4908327.466099999845028, 2117753.537699999287724 ], [ 4908331.877000000327826, 2117756.7357 ], [ 4908334.984899999573827, 2117758.677300000563264 ], [ 4908342.272199999541044, 2117762.371300000697374 ], [ 4908345.656000000424683, 2117764.053099999204278 ], [ 4908348.418100000359118, 2117765.85080000013113 ], [ 4908351.155500000342727, 2117767.418500000610948 ], [ 4908354.328499999828637, 2117769.522099999710917 ], [ 4908357.547600000165403, 2117771.80379999987781 ], [ 4908361.098199999891222, 2117774.572200000286102 ], [ 4908371.1475, 2117782.357899999246001 ], [ 4908371.822086425498128, 2117782.874018460977823 ], [ 4908371.81701400782913, 2117778.893951338715851 ], [ 4908401.679804689250886, 2117778.855899755842984 ], [ 4908401.641864858567715, 2117749.075167642906308 ], [ 4908341.9162567416206, 2117749.151279208250344 ], [ 4908341.87829418014735, 2117719.370543329976499 ], [ 4908312.239621549844742, 2117719.408336105756462 ], [ 4908312.205500000156462, 2117719.743100000545382 ] ] ] ] } },
{ "type": "Feature", "properties": { "id": "+393969+278070", "Area_ha": 0.44467135951637177, "count": 5, "value": 1, "Porcentaje_Cobertura_Forestal": 0.0, "NDVI_Medio_Poligono": 0.76567844908247351, "Codigo_Tipo_Bosque_Predom": 0.0, "Densidad_C_Media_tC_ha": 17.344945907592773, "Carbono_Perdido_tC": 7.7128006774672073, "Nombre_Tipo_Bosque_Predom": "Sin Datos" }, "geometry": { "type": "MultiPolygon", "coordinates": [ [ [ [ 4908281.659001553431153, 2117332.297103886958212 ], [ 4908281.696962647140026, 2117362.077840625774115 ], [ 4908251.833990769460797, 2117362.11591375246644 ], [ 4908251.871966243721545, 2117391.896652741357684 ], [ 4908341.460838752798736, 2117391.782464539632201 ], [ 4908341.384964003227651, 2117332.220998838078231 ], [ 4908281.659001553431153, 2117332.297103886958212 ] ] ] ] } },
{ "type": "Feature", "properties": { "id": "+393969+278121", "Area_ha": 0.17787223170885699, "count": 2, "value": 1, "Porcentaje_Cobertura_Forestal": 0.0, "NDVI_Medio_Poligono": 0.64050276154946828, "Codigo_Tipo_Bosque_Predom": 0.0, "Densidad_C_Media_tC_ha": 12.296436309814453, "Carbono_Perdido_tC": 2.1871945684925187, "Nombre_Tipo_Bosque_Predom": "Sin Datos" }, "geometry": { "type": "MultiPolygon", "coordinates": [ [ [ [ 4908279.72565932571888, 2115813.479850811418146 ], [ 4908279.763517590239644, 2115843.260575222317129 ], [ 4908339.490714703686535, 2115843.184670690912753 ], [ 4908339.452881099656224, 2115813.403950291220099 ], [ 4908279.72565932571888, 2115813.479850811418146 ] ] ] ] } },
{ "type": "Feature", "properties": { "id": "+393969+278288", "Area_ha": 0.17788419659705251, "count": 2, "value": 1, "Porcentaje_Cobertura_Forestal": 0.0, "NDVI_Medio_Poligono": 0.724306105352996, "Codigo_Tipo_Bosque_Predom": 1.7420946359634399, "Densidad_C_Media_tC_ha": 41.036853790283203, "Carbono_Perdido_tC": 7.2998077673552366, "Nombre_Tipo_Bosque_Predom": "Sin Datos" }, "geometry": { "type": "MultiPolygon", "coordinates": [ [ [ [ 4908273.431614281609654, 2110840.102250576019287 ], [ 4908273.469135815277696, 2110869.882934850640595 ], [ 4908333.2004329059273, 2110869.807700169738382 ], [ 4908333.162935812957585, 2110840.027019907254726 ], [ 4908273.431614281609654, 2110840.102250576019287 ] ] ] ] } },
{ "type": "Feature", "properties": { "id": "+393970+278072", "Area_ha": 0.08893433228817739, "count": 1, "value": 1, "Porcentaje_Cobertura_Forestal": 0.0, "NDVI_Medio_Poligono": 0.76750747944952524, "Codigo_Tipo_Bosque_Predom": 0.0, "Densidad_C_Media_tC_ha": 17.344945907592773, "Carbono_Perdido_tC": 1.5425611828663182, "Nombre_Tipo_Bosque_Predom": "Sin Datos" }, "geometry": { "type": "MultiPolygon", "coordinates": [ [ [ [ 4908341.309097314253449, 2117272.659534102771431 ], [ 4908341.347029651515186, 2117302.440266349352896 ], [ 4908371.210020224563777, 2117302.402234424836934 ], [ 4908371.172100249677896, 2117272.621504182461649 ], [ 4908341.309097314253449, 2117272.659534102771431 ] ] ] ] } },
{ "type": "Feature", "properties": { "id": "+393970+278141", "Area_ha": 0.17787359813035875, "count": 2, "value": 1, "Porcentaje_Cobertura_Forestal": 0.0, "NDVI_Medio_Poligono": 0.43885397364559553, "Codigo_Tipo_Bosque_Predom": 0.2783697247505188, "Densidad_C_Media_tC_ha": 12.296436309814453, "Carbono_Perdido_tC": 2.1872113706074874, "Nombre_Tipo_Bosque_Predom": "Sin Datos" }, "geometry": { "type": "MultiPolygon", "coordinates": [ [ [ [ 4908338.69663215521723, 2115217.789592944551259 ], [ 4908338.772220779210329, 2115277.351024337578565 ], [ 4908368.636050476692617, 2115277.313128700945526 ], [ 4908368.560486486181617, 2115217.751701316796243 ], [ 4908338.69663215521723, 2115217.789592944551259 ] ] ] ] } },
{ "type": "Feature", "properties": { "id": "+393971+278064", "Area_ha": 0.088934031543425232, "count": 1, "value": 1, "Porcentaje_Cobertura_Forestal": 0.0, "NDVI_Medio_Poligono": 0.68751169445821481, "Codigo_Tipo_Bosque_Predom": 0.0, "Densidad_C_Media_tC_ha": 17.344945907592773, "Carbono_Perdido_tC": 1.54255596646486, "Nombre_Tipo_Bosque_Predom": "Sin Datos" }, "geometry": { "type": "MultiPolygon", "coordinates": [ [ [ [ 4908371.475516450591385, 2117510.867352896835655 ], [ 4908371.513452540151775, 2117540.648085075896233 ], [ 4908401.376342182978988, 2117540.610049520153552 ], [ 4908401.338418460451066, 2117510.829319344833493 ], [ 4908371.475516450591385, 2117510.867352896835655 ] ] ] ] } },
{ "type": "Feature", "properties": { "id": "+393971+278302", "Area_ha": 0.088942567216254251, "count": 1, "value": 1, "Porcentaje_Cobertura_Forestal": 0.0, "NDVI_Medio_Poligono": 0.14027447932919246, "Codigo_Tipo_Bosque_Predom": 0.0, "Densidad_C_Media_tC_ha": 41.036853790283203, "Carbono_Perdido_tC": 3.6499231265858616, "Nombre_Tipo_Bosque_Predom": "Sin Datos" }, "geometry": { "type": "MultiPolygon", "coordinates": [ [ [ [ 4908362.504016862250865, 2110423.059952470008284 ], [ 4908362.541473532095551, 2110452.84062737878412 ], [ 4908392.407288073562086, 2110452.803068736102432 ], [ 4908392.369843614287674, 2110423.022395831067115 ], [ 4908362.504016862250865, 2110423.059952470008284 ] ] ] ] } },
{ "type": "Feature", "properties": { "id": "+393972+278054", "Area_ha": 0.62253491091604229, "count": 7, "value": 1, "Porcentaje_Cobertura_Forestal": 0.0, "NDVI_Medio_Poligono": 0.56645362043138492, "Codigo_Tipo_Bosque_Predom": 0.0, "Densidad_C_Media_tC_ha": 11.806906757867916, "Carbono_Perdido_tC": 7.3502116467033209, "Nombre_Tipo_Bosque_Predom": "Sin Datos" }, "geometry": { "type": "MultiPolygon", "coordinates": [ [ [ [ 4908402.4677, 2117813.512499999254942 ], [ 4908405.536100000143051, 2117816.4594 ], [ 4908408.710400000214577, 2117819.616900000721216 ], [ 4908411.3904, 2117821.8618 ], [ 4908415.427699999883771, 2117824.82179999910295 ], [ 4908421.1913, 2117828.242799999192357 ], [ 4908425.575199999846518, 2117830.569199999794364 ], [ 4908429.228500000201166, 2117832.7993 ], [ 4908431.614329495467246, 2117835.140845585148782 ], [ 4908431.580522832460701, 2117808.598590932320803 ], [ 4908401.717746533453465, 2117808.636632110923529 ], [ 4908401.722910243086517, 2117812.689329155255109 ], [ 4908402.4677, 2117813.512499999254942 ] ] ], [ [ [ 4908436.990199999883771, 2117843.920399999246001 ], [ 4908438.727, 2117846.9956 ], [ 4908439.981999999843538, 2117849.586300000548363 ], [ 4908441.545, 2117853.383199999108911 ], [ 4908442.866600000299513, 2117856.9945 ], [ 4908444.059600000269711, 2117861.30519999936223 ], [ 4908444.909300000406802, 2117864.676400000229478 ], [ 4908445.561599999666214, 2117868.535199999809265 ], [ 4908445.975999999791384, 2117872.4737 ], [ 4908446.191700000315905, 2117875.84569999948144 ], [ 4908446.42960000038147, 2117880.744400000199676 ], [ 4908447.388299999758601, 2117884.843900000676513 ], [ 4908448.956000000238419, 2117888.910199999809265 ], [ 4908451.615600000135601, 2117891.372999999672174 ], [ 4908455.938299999572337, 2117893.206000000238419 ], [ 4908460.1464, 2117894.061000000685453 ], [ 4908461.552911089733243, 2117894.644169808831066 ], [ 4908461.481216235086322, 2117838.341290753800422 ], [ 4908434.008673377335072, 2117838.376277538947761 ], [ 4908436.990199999883771, 2117843.920399999246001 ] ] ], [ [ [ 4908468.676900000311434, 2117898.501499999314547 ], [ 4908472.6442, 2117901.948000000789762 ], [ 4908476.870199999772012, 2117905.285000000149012 ], [ 4908482.516900000162423, 2117909.45299999974668 ], [ 4908485.1266, 2117911.838500000536442 ], [ 4908487.772300000302494, 2117914.785900000482798 ], [ 4908491.034799999557436, 2117917.489299999549985 ], [ 4908491.445240132510662, 2117917.851529884617776 ], [ 4908491.419795652851462, 2117897.864726298023015 ], [ 4908467.757059628143907, 2117897.894854591693729 ], [ 4908468.676900000311434, 2117898.501499999314547 ] ] ], [ [ [ 4908505.438, 2117928.674499999731779 ], [ 4908507.777800000272691, 2117930.373199999332428 ], [ 4908511.995799999684095, 2117933.303099999204278 ], [ 4908515.718500000424683, 2117935.77280000038445 ], [ 4908521.335312793031335, 2117939.301485243719071 ], [ 4908521.32042920216918, 2117927.607441657222807 ], [ 4908503.993298513814807, 2117927.629497188609093 ], [ 4908505.438, 2117928.674499999731779 ] ] ] ] } },
{ "type": "Feature", "properties": { "id": "+393972+278133", "Area_ha": 0.97830077103030344, "count": 11, "value": 1, "Porcentaje_Cobertura_Forestal": 0.0, "NDVI_Medio_Poligono": 0.44832070243325312, "Codigo_Tipo_Bosque_Predom": 0.0, "Densidad_C_Media_tC_ha": 12.296436309814453, "Carbono_Perdido_tC": 12.0296131228165, "Nombre_Tipo_Bosque_Predom": "Sin Datos" }, "geometry": { "type": "MultiPolygon", "coordinates": [ [ [ [ 4908428.628069018013775, 2115485.702349990140647 ], [ 4908428.590296559967101, 2115455.921638496220112 ], [ 4908398.726544800214469, 2115455.9595214468427 ], [ 4908398.764329581521451, 2115485.740234943572432 ], [ 4908428.628069018013775, 2115485.702349990140647 ] ] ], [ [ [ 4908339.1124695725739, 2115545.37747765565291 ], [ 4908279.385025920346379, 2115545.453342081047595 ], [ 4908279.422866038046777, 2115575.234064320567995 ], [ 4908339.150285041891038, 2115575.158195884432644 ], [ 4908339.225922026671469, 2115634.719633066561073 ], [ 4908369.089603862725198, 2115634.681713378056884 ], [ 4908369.05179668776691, 2115604.900996670592576 ], [ 4908398.91548884101212, 2115604.863091345410794 ], [ 4908398.877696005627513, 2115575.082376882899553 ], [ 4908369.013991528190672, 2115575.120280204340816 ], [ 4908368.976188382133842, 2115545.339563979767263 ], [ 4908398.839905183762312, 2115545.301662662066519 ], [ 4908398.764329581521451, 2115485.740234943572432 ], [ 4908339.036844678223133, 2115485.816041921265423 ], [ 4908339.1124695725739, 2115545.37747765565291 ] ] ] ] } },
{ "type": "Feature", "properties": { "id": "+393973+278099", "Area_ha": 0.088935269487205371, "count": 1, "value": 1, "Porcentaje_Cobertura_Forestal": 0.0, "NDVI_Medio_Poligono": 0.62014245107011512, "Codigo_Tipo_Bosque_Predom": 0.0, "Densidad_C_Media_tC_ha": 18.180936813354492, "Carbono_Perdido_tC": 1.6169265150255345, "Nombre_Tipo_Bosque_Predom": "Sin Datos" }, "geometry": { "type": "MultiPolygon", "coordinates": [ [ [ [ 4908429.875689213164151, 2116468.46596461860463 ], [ 4908429.913530114106834, 2116498.246684322599322 ], [ 4908459.776848206296563, 2116498.208743647206575 ], [ 4908459.739019650034606, 2116468.428025945555419 ], [ 4908429.875689213164151, 2116468.46596461860463 ] ] ] ] } },
{ "type": "Feature", "properties": { "id": "+393974+278075", "Area_ha": 0.088934392287496306, "count": 1, "value": 1, "Porcentaje_Cobertura_Forestal": 0.0, "NDVI_Medio_Poligono": 0.7380234359574892, "Codigo_Tipo_Bosque_Predom": 1.4174391031265259, "Densidad_C_Media_tC_ha": 17.344945907592773, "Carbono_Perdido_tC": 1.5425622235512593, "Nombre_Tipo_Bosque_Predom": "Sin Datos" }, "geometry": { "type": "MultiPolygon", "coordinates": [ [ [ [ 4908460.64746040571481, 2117183.165317548438907 ], [ 4908460.685337258502841, 2117212.946041056420654 ], [ 4908490.548356882296503, 2117212.90806472254917 ], [ 4908490.510492390021682, 2117183.127343215979636 ], [ 4908460.64746040571481, 2117183.165317548438907 ] ] ] ] } },
{ "type": "Feature", "properties": { "id": "+393974+278083", "Area_ha": 0.088934680794111043, "count": 1, "value": 1, "Porcentaje_Cobertura_Forestal": 0.0, "NDVI_Medio_Poligono": 0.76390422820248061, "Codigo_Tipo_Bosque_Predom": 0.0, "Densidad_C_Media_tC_ha": 17.344945907592773, "Carbono_Perdido_tC": 1.5425672276828859, "Nombre_Tipo_Bosque_Predom": "Sin Datos" }, "geometry": { "type": "MultiPolygon", "coordinates": [ [ [ [ 4908460.344518031924963, 2116944.919538199901581 ], [ 4908460.382378785870969, 2116974.700259772129357 ], [ 4908490.245497272349894, 2116974.662299450486898 ], [ 4908490.207648873329163, 2116944.881579880136997 ], [ 4908460.344518031924963, 2116944.919538199901581 ] ] ] ] } },
{ "type": "Feature", "properties": { "id": "+393975+278088", "Area_ha": 0.088934848991467155, "count": 1, "value": 1, "Porcentaje_Cobertura_Forestal": 0.0, "NDVI_Medio_Poligono": 0.69281501603297246, "Codigo_Tipo_Bosque_Predom": 0.0, "Densidad_C_Media_tC_ha": 18.180936813354492, "Carbono_Perdido_tC": 1.6169188700190877, "Nombre_Tipo_Bosque_Predom": "Sin Datos" }, "geometry": { "type": "MultiPolygon", "coordinates": [ [ [ [ 4908490.018437054008245, 2116795.977985658682883 ], [ 4908490.056275394745171, 2116825.758704018313438 ], [ 4908519.919453640468419, 2116825.720766090322286 ], [ 4908519.881627650931478, 2116795.940049731638283 ], [ 4908490.018437054008245, 2116795.977985658682883 ] ] ] ] } },
{ "type": "Feature", "properties": { "id": "+393975+278093", "Area_ha": 0.08893502920450555, "count": 1, "value": 1, "Porcentaje_Cobertura_Forestal": 0.0, "NDVI_Medio_Poligono": 0.64999104705643262, "Codigo_Tipo_Bosque_Predom": 0.0, "Densidad_C_Media_tC_ha": 18.180936813354492, "Carbono_Perdido_tC": 1.6169221464609518, "Nombre_Tipo_Bosque_Predom": "Sin Datos" }, "geometry": { "type": "MultiPolygon", "coordinates": [ [ [ [ 4908489.82927552703768, 2116647.074397482443601 ], [ 4908489.867103808559477, 2116676.855114634148777 ], [ 4908519.730343805626035, 2116676.817186710890383 ], [ 4908519.692527871578932, 2116647.036471560131758 ], [ 4908489.82927552703768, 2116647.074397482443601 ] ] ] ] } },
{ "type": "Feature", "properties": { "id": "+393975+278144", "Area_ha": 0.088936864583681746, "count": 1, "value": 1, "Porcentaje_Cobertura_Forestal": 0.0, "NDVI_Medio_Poligono": 0.6786915824792682, "Codigo_Tipo_Bosque_Predom": 0.0, "Densidad_C_Media_tC_ha": 12.296436309814453, "Carbono_Perdido_tC": 1.0936064909478354, "Nombre_Tipo_Bosque_Predom": "Sin Datos" }, "geometry": { "type": "MultiPolygon", "coordinates": [ [ [ [ 4908487.902700626291335, 2115128.258143079001456 ], [ 4908487.94042631238699, 2115158.038847916293889 ], [ 4908517.804295232519507, 2115158.001022044103593 ], [ 4908517.766581861302257, 2115128.220319208223373 ], [ 4908487.902700626291335, 2115128.258143079001456 ] ] ] ] } },
{ "type": "Feature", "properties": { "id": "+393976+278072", "Area_ha": 0.44467109506131092, "count": 5, "value": 1, "Porcentaje_Cobertura_Forestal": 0.0, "NDVI_Medio_Poligono": 0.66662559186050097, "Codigo_Tipo_Bosque_Predom": 0.0, "Densidad_C_Media_tC_ha": 17.344945907592773, "Carbono_Perdido_tC": 7.7127960905084816, "Nombre_Tipo_Bosque_Predom": "Sin Datos" }, "geometry": { "type": "MultiPolygon", "coordinates": [ [ [ [ 4908490.624091900885105, 2117272.469508459791541 ], [ 4908490.775586078874767, 2117391.592398840468377 ], [ 4908520.638529521413147, 2117391.554422895889729 ], [ 4908520.524942959658802, 2117302.212260750122368 ], [ 4908550.387921486049891, 2117302.174303204752505 ], [ 4908550.350075682625175, 2117272.393584973644465 ], [ 4908490.624091900885105, 2117272.469508459791541 ] ] ] ] } },
{ "type": "Feature", "properties": { "id": "+393977+278286", "Area_ha": 0.97836056808450089, "count": 11, "value": 1, "Porcentaje_Cobertura_Forestal": 0.0, "NDVI_Medio_Poligono": 0.074462650269141659, "Codigo_Tipo_Bosque_Predom": 0.0, "Densidad_C_Media_tC_ha": 43.719245045917802, "Carbono_Perdido_tC": 42.773185419349645, "Nombre_Tipo_Bosque_Predom": "Sin Datos" }, "geometry": { "type": "MultiPolygon", "coordinates": [ [ [ [ 4908572.200345818884671, 2110929.068580978550017 ], [ 4908572.16294246725738, 2110899.287916258443147 ], [ 4908542.297323216684163, 2110899.325431427918375 ], [ 4908542.334738789126277, 2110929.106098148506135 ], [ 4908572.200345818884671, 2110929.068580978550017 ] ] ], [ [ [ 4908482.678404779173434, 2110988.742511423304677 ], [ 4908512.54399137571454, 2110988.704965736716986 ], [ 4908512.58142520301044, 2111018.485635176766664 ], [ 4908602.17813628539443, 2111018.373065664432943 ], [ 4908602.065950840711594, 2110929.031076065264642 ], [ 4908572.200345818884671, 2110929.068580978550017 ], [ 4908572.237751179374754, 2110958.84924593847245 ], [ 4908542.37215637229383, 2110958.886765108909458 ], [ 4908542.334738789126277, 2110929.106098148506135 ], [ 4908482.603518712334335, 2110929.181169258896261 ], [ 4908482.678404779173434, 2110988.742511423304677 ] ] ] ] } },
{ "type": "Feature", "properties": { "id": "+393978+278095", "Area_ha": 0.35574021264463662, "count": 4, "value": 1, "Porcentaje_Cobertura_Forestal": 0.0, "NDVI_Medio_Poligono": 0.74954259776113608, "Codigo_Tipo_Bosque_Predom": 0.0, "Densidad_C_Media_tC_ha": 18.180936813354492, "Carbono_Perdido_tC": 6.4676903280614289, "Nombre_Tipo_Bosque_Predom": "Sin Datos" }, "geometry": { "type": "MultiPolygon", "coordinates": [ [ [ [ 4908549.480177070014179, 2116587.437132444698364 ], [ 4908549.555778210051358, 2116646.998558019753546 ], [ 4908609.28227287530899, 2116646.922768085729331 ], [ 4908609.206721123307943, 2116587.361350507941097 ], [ 4908549.480177070014179, 2116587.437132444698364 ] ] ] ] } },
{ "type": "Feature", "properties": { "id": "+393978+278108", "Area_ha": 0.17787107889197068, "count": 2, "value": 1, "Porcentaje_Cobertura_Forestal": 0.0, "NDVI_Medio_Poligono": 0.61794356263156758, "Codigo_Tipo_Bosque_Predom": 0.0, "Densidad_C_Media_tC_ha": 18.180936813354492, "Carbono_Perdido_tC": 3.2338628462581109, "Nombre_Tipo_Bosque_Predom": "Sin Datos" }, "geometry": { "type": "MultiPolygon", "coordinates": [ [ [ [ 4908548.988965668715537, 2116200.287889772094786 ], [ 4908549.026739098131657, 2116230.068599297199398 ], [ 4908608.753579376265407, 2116229.992865344043821 ], [ 4908608.715830622240901, 2116200.212159817107022 ], [ 4908548.988965668715537, 2116200.287889772094786 ] ] ] ] } },
{ "type": "Feature", "properties": { "id": "+393978+278137", "Area_ha": 0.17787316573349818, "count": 2, "value": 1, "Porcentaje_Cobertura_Forestal": 0.0, "NDVI_Medio_Poligono": 0.65290987929905686, "Codigo_Tipo_Bosque_Predom": 0.0, "Densidad_C_Media_tC_ha": 12.296436309814453, "Carbono_Perdido_tC": 2.187206053667031, "Nombre_Tipo_Bosque_Predom": "Sin Datos" }, "geometry": { "type": "MultiPolygon", "coordinates": [ [ [ [ 4908547.894410703331232, 2115336.647418597247452 ], [ 4908547.932125832885504, 2115366.428121121134609 ], [ 4908607.659681202843785, 2115366.352503132075071 ], [ 4908607.621990712359548, 2115336.571804607287049 ], [ 4908547.894410703331232, 2115336.647418597247452 ] ] ] ] } },
{ "type": "Feature", "properties": { "id": "+393978+278228", "Area_ha": 1.7787950517752731, "count": 20, "value": 1, "Porcentaje_Cobertura_Forestal": 100.0, "NDVI_Medio_Poligono": 0.63090073709385996, "Codigo_Tipo_Bosque_Predom": 3.0, "Densidad_C_Media_tC_ha": 41.584926605224609, "Carbono_Perdido_tC": 73.971061673811434, "Nombre_Tipo_Bosque_Predom": "Bosque Secundario Antiguo" }, "geometry": { "type": "MultiPolygon", "coordinates": [ [ [ [ 4908574.33565884642303, 2112626.566865966655314 ], [ 4908574.373178767040372, 2112656.347544589545578 ], [ 4908544.508281708694994, 2112656.38517776876688 ], [ 4908544.545815899968147, 2112686.16585863288492 ], [ 4908514.680929096415639, 2112686.203506107442081 ], [ 4908514.718477558344603, 2112715.984189212787896 ], [ 4908484.853601009584963, 2112716.021850983612239 ], [ 4908484.928728491999209, 2112775.583221915643662 ], [ 4908514.793580517172813, 2112775.545556141529232 ], [ 4908514.831135012209415, 2112805.326239966787398 ], [ 4908574.56080851983279, 2112805.250941310077906 ], [ 4908574.523278549313545, 2112775.470261485315859 ], [ 4908634.252968559041619, 2112775.395016017835587 ], [ 4908634.102966866455972, 2112656.272315114736557 ], [ 4908604.238073821179569, 2112656.309923704713583 ], [ 4908604.200566159561276, 2112626.529247081372887 ], [ 4908574.33565884642303, 2112626.566865966655314 ] ] ] ] } },
{ "type": "Feature", "properties": { "id": "+393978+278231", "Area_ha": 0.17787990781523985, "count": 2, "value": 1, "Porcentaje_Cobertura_Forestal": 0.0, "NDVI_Medio_Poligono": 0.61034910387592489, "Codigo_Tipo_Bosque_Predom": 0.0, "Densidad_C_Media_tC_ha": 41.584926605224609, "Carbono_Perdido_tC": 7.3971229110408689, "Nombre_Tipo_Bosque_Predom": "Sin Datos" }, "geometry": { "type": "MultiPolygon", "coordinates": [ [ [ [ 4908544.358165048994124, 2112537.262456715572625 ], [ 4908544.395691198296845, 2112567.043136618100107 ], [ 4908604.125556863844395, 2112566.967894552275538 ], [ 4908604.088055229745805, 2112537.187218649312854 ], [ 4908544.358165048994124, 2112537.262456715572625 ] ] ] ] } },
{ "type": "Feature", "properties": { "id": "+393979+278059", "Area_ha": 0.53360256689378294, "count": 6, "value": 1, "Porcentaje_Cobertura_Forestal": 0.0, "NDVI_Medio_Poligono": 0.68924741567209546, "Codigo_Tipo_Bosque_Predom": 0.0, "Densidad_C_Media_tC_ha": 17.344945907592773, "Carbono_Perdido_tC": 9.2553076589253198, "Nombre_Tipo_Bosque_Predom": "Sin Datos" }, "geometry": { "type": "MultiPolygon", "coordinates": [ [ [ [ 4908640.468541355803609, 2117689.209786141756922 ], [ 4908640.43070652987808, 2117659.429070759564638 ], [ 4908610.567882413975894, 2117659.467015094123781 ], [ 4908610.605729609727859, 2117689.24773247493431 ], [ 4908640.468541355803609, 2117689.209786141756922 ] ] ], [ [ [ 4908521.05516866222024, 2117719.142369524110109 ], [ 4908521.01728234346956, 2117689.361645902972668 ], [ 4908550.880100104957819, 2117689.323662355076522 ], [ 4908550.842228167690337, 2117659.54294097609818 ], [ 4908491.116565899923444, 2117659.618916475679725 ], [ 4908491.192361268214881, 2117719.18036747770384 ], [ 4908521.05516866222024, 2117719.142369524110109 ] ] ], [ [ [ 4908550.880100104957819, 2117689.323662355076522 ], [ 4908550.917974052019417, 2117719.104383976198733 ], [ 4908610.643578815273941, 2117719.028450097423047 ], [ 4908610.605729609727859, 2117689.24773247493431 ], [ 4908550.880100104957819, 2117689.323662355076522 ] ] ] ] } },
{ "type": "Feature", "properties": { "id": "+393979+278063", "Area_ha": 0.088933899090706842, "count": 1, "value": 1, "Porcentaje_Cobertura_Forestal": 0.0, "NDVI_Medio_Poligono": 0.73934905450874888, "Codigo_Tipo_Bosque_Predom": 0.0, "Densidad_C_Media_tC_ha": 17.344945907592773, "Carbono_Perdido_tC": 1.5425536690796242, "Nombre_Tipo_Bosque_Predom": "Sin Datos" }, "geometry": { "type": "MultiPolygon", "coordinates": [ [ [ [ 4908610.41651348117739, 2117540.344147880095989 ], [ 4908610.454352640546858, 2117570.12486429233104 ], [ 4908640.317213863134384, 2117570.086925952229649 ], [ 4908640.279387070797384, 2117540.306211538147181 ], [ 4908610.41651348117739, 2117540.344147880095989 ] ] ] ] } },
{ "type": "Feature", "properties": { "id": "+393979+278083", "Area_ha": 0.088934620593173891, "count": 1, "value": 1, "Porcentaje_Cobertura_Forestal": 0.0, "NDVI_Medio_Poligono": 0.72976779148056314, "Codigo_Tipo_Bosque_Predom": 0.013143330812454224, "Densidad_C_Media_tC_ha": 17.344945907592773, "Carbono_Perdido_tC": 1.5425661835008875, "Nombre_Tipo_Bosque_Predom": "Sin Datos" }, "geometry": { "type": "MultiPolygon", "coordinates": [ [ [ [ 4908609.660152173601091, 2116944.729870486073196 ], [ 4908609.697951152920723, 2116974.510582057293504 ], [ 4908639.561059609986842, 2116974.472683682106435 ], [ 4908639.523272984661162, 2116944.691974109504372 ], [ 4908609.660152173601091, 2116944.729870486073196 ] ] ] ] } },
{ "type": "Feature", "properties": { "id": "+393979+278130", "Area_ha": 0.17787259022695798, "count": 2, "value": 1, "Porcentaje_Cobertura_Forestal": 0.0, "NDVI_Medio_Poligono": 0.55184956729850188, "Codigo_Tipo_Bosque_Predom": 0.0, "Densidad_C_Media_tC_ha": 12.296436309814453, "Carbono_Perdido_tC": 2.1871989769875135, "Nombre_Tipo_Bosque_Predom": "Sin Datos" }, "geometry": { "type": "MultiPolygon", "coordinates": [ [ [ [ 4908607.885866337455809, 2115545.036699346266687 ], [ 4908607.961277455091476, 2115604.598100015893579 ], [ 4908637.824953552335501, 2115604.560293565038592 ], [ 4908637.749567083083093, 2115544.99889689264819 ], [ 4908607.885866337455809, 2115545.036699346266687 ] ] ] ] } },
{ "type": "Feature", "properties": { "id": "+393980+278077", "Area_ha": 0.088934392202498561, "count": 1, "value": 1, "Porcentaje_Cobertura_Forestal": 0.0, "NDVI_Medio_Poligono": 0.78232532131551646, "Codigo_Tipo_Bosque_Predom": 0.0, "Densidad_C_Media_tC_ha": 17.344945907592773, "Carbono_Perdido_tC": 1.5425622220769781, "Nombre_Tipo_Bosque_Predom": "Sin Datos" }, "geometry": { "type": "MultiPolygon", "coordinates": [ [ [ [ 4908639.750022859312594, 2117123.376235173083842 ], [ 4908639.787821534089744, 2117153.156946196220815 ], [ 4908669.650853847153485, 2117153.119048224762082 ], [ 4908669.6130675310269, 2117123.338339199312031 ], [ 4908639.750022859312594, 2117123.376235173083842 ] ] ] ] } },
{ "type": "Feature", "properties": { "id": "+393980+278271", "Area_ha": 1.8677675139881642, "count": 21, "value": 1, "Porcentaje_Cobertura_Forestal": 3.8775570667239085, "NDVI_Medio_Poligono": 0.48761613093912914, "Codigo_Tipo_Bosque_Predom": 0.0, "Densidad_C_Media_tC_ha": 44.317546844482422, "Carbono_Perdido_tC": 82.774874295772946, "Nombre_Tipo_Bosque_Predom": "Sin Datos" }, "geometry": { "type": "MultiPolygon", "coordinates": [ [ [ [ 4908632.455069228075445, 2111345.922858539037406 ], [ 4908632.529889307916164, 2111405.484187406487763 ], [ 4908542.933661138638854, 2111405.59679812612012 ], [ 4908542.858767668716609, 2111346.035457261372358 ], [ 4908483.12788993306458, 2111346.110584405250847 ], [ 4908483.277782774530351, 2111465.233283101115376 ], [ 4908453.412389824166894, 2111465.270873080939054 ], [ 4908453.449880298227072, 2111495.051550356205553 ], [ 4908423.584497573785484, 2111495.089154606685042 ], [ 4908423.659509028308094, 2111554.65051388181746 ], [ 4908453.524867283180356, 2111554.612905625719577 ], [ 4908453.487372784875333, 2111524.832227870821953 ], [ 4908483.352741266600788, 2111524.794633887242526 ], [ 4908483.315261014737189, 2111495.013958374504 ], [ 4908513.180639722384512, 2111494.976378662046045 ], [ 4908513.143173716962337, 2111465.195705390069634 ], [ 4908602.739334505982697, 2111465.083045867737383 ], [ 4908602.701907210983336, 2111435.302378837950528 ], [ 4908662.43269550986588, 2111435.227337828837335 ], [ 4908662.320499072782695, 2111345.885350163094699 ], [ 4908632.455069228075445, 2111345.922858539037406 ] ] ] ] } },
{ "type": "Feature", "properties": { "id": "+393981+278121", "Area_ha": 0.088935965281589591, "count": 1, "value": 1, "Porcentaje_Cobertura_Forestal": 0.0, "NDVI_Medio_Poligono": 0.63524876124048324, "Codigo_Tipo_Bosque_Predom": 0.0, "Densidad_C_Media_tC_ha": 12.296436309814453, "Carbono_Perdido_tC": 1.0935954327369359, "Nombre_Tipo_Bosque_Predom": "Sin Datos" }, "geometry": { "type": "MultiPolygon", "coordinates": [ [ [ [ 4908667.952457264065742, 2115812.987381443846971 ], [ 4908667.990155239589512, 2115842.768079833127558 ], [ 4908697.853728712536395, 2115842.730282124131918 ], [ 4908697.81604306679219, 2115812.949585732072592 ], [ 4908667.952457264065742, 2115812.987381443846971 ] ] ] ] } },
{ "type": "Feature", "properties": { "id": "+393983+278088", "Area_ha": 0.088934752761463454, "count": 1, "value": 1, "Porcentaje_Cobertura_Forestal": 0.0, "NDVI_Medio_Poligono": 0.69201328580027721, "Codigo_Tipo_Bosque_Predom": 0.0, "Densidad_C_Media_tC_ha": 12.639378547668457, "Carbono_Perdido_tC": 1.1240800061954392, "Nombre_Tipo_Bosque_Predom": "Sin Datos" }, "geometry": { "type": "MultiPolygon", "coordinates": [ [ [ [ 4908728.92390570230782, 2116795.674845034256577 ], [ 4908728.961645230650902, 2116825.455547404941171 ], [ 4908758.824807443656027, 2116825.417708565481007 ], [ 4908758.787080267444253, 2116795.637008190620691 ], [ 4908728.92390570230782, 2116795.674845034256577 ] ] ] ] } },
{ "type": "Feature", "properties": { "id": "+393983+278118", "Area_ha": 0.97829332710967132, "count": 11, "value": 1, "Porcentaje_Cobertura_Forestal": 0.0, "NDVI_Medio_Poligono": 0.60007377849063082, "Codigo_Tipo_Bosque_Predom": 0.0, "Densidad_C_Media_tC_ha": 17.610395879424377, "Carbono_Perdido_tC": 17.228132776600521, "Nombre_Tipo_Bosque_Predom": "Sin Datos" }, "geometry": { "type": "MultiPolygon", "coordinates": [ [ [ [ 4908638.202006640844047, 2115902.367291521746665 ], [ 4908638.315161659382284, 2115991.709395583253354 ], [ 4908668.178675476461649, 2115991.671575520653278 ], [ 4908668.103261454030871, 2115932.11017656698823 ], [ 4908757.693864883854985, 2115931.996802564710379 ], [ 4908757.656197879463434, 2115902.216109439730644 ], [ 4908638.202006640844047, 2115902.367291521746665 ] ] ], [ [ [ 4908668.178675476461649, 2115991.671575520653278 ], [ 4908668.216385498642921, 2116021.452275359537452 ], [ 4908698.079884978942573, 2116021.414465668145567 ], [ 4908698.042187290266156, 2115991.633767826016992 ], [ 4908668.178675476461649, 2115991.671575520653278 ] ] ], [ [ [ 4908638.352884015068412, 2116021.490097419824451 ], [ 4908638.390608379617333, 2116051.270799498073757 ], [ 4908668.254097528755665, 2116051.232975440099835 ], [ 4908668.216385498642921, 2116021.452275359537452 ], [ 4908638.352884015068412, 2116021.490097419824451 ] ] ], [ [ [ 4908698.192990087904036, 2116110.756560642737895 ], [ 4908698.117584674619138, 2116051.195163751486689 ], [ 4908668.254097528755665, 2116051.232975440099835 ], [ 4908668.329527612775564, 2116110.794376325793564 ], [ 4908698.192990087904036, 2116110.756560642737895 ] ] ], [ [ [ 4908668.367245665751398, 2116140.575077131390572 ], [ 4908668.329527612775564, 2116110.794376325793564 ], [ 4908638.466063134372234, 2116110.832204379606992 ], [ 4908638.503793524578214, 2116140.612907182425261 ], [ 4908668.367245665751398, 2116140.575077131390572 ] ] ] ] } },
{ "type": "Feature", "properties": { "id": "+393984+278060", "Area_ha": 0.08893373071943933, "count": 1, "value": 1, "Porcentaje_Cobertura_Forestal": 0.0, "NDVI_Medio_Poligono": 0.80223832235657155, "Codigo_Tipo_Bosque_Predom": 0.0, "Densidad_C_Media_tC_ha": 7.7216572761535645, "Carbono_Perdido_tC": 0.68671578890524043, "Nombre_Tipo_Bosque_Predom": "Sin Datos" }, "geometry": { "type": "MultiPolygon", "coordinates": [ [ [ [ 4908759.844199392013252, 2117629.49671019660309 ], [ 4908759.881982729770243, 2117659.277417351026088 ], [ 4908789.744796836748719, 2117659.239535037893802 ], [ 4908789.707025869749486, 2117629.45882987882942 ], [ 4908759.844199392013252, 2117629.49671019660309 ] ] ] ] } },
{ "type": "Feature", "properties": { "id": "+393985+278066", "Area_ha": 0.80040480648631784, "count": 9, "value": 1, "Porcentaje_Cobertura_Forestal": 0.0, "NDVI_Medio_Poligono": 0.80025273148979703, "Codigo_Tipo_Bosque_Predom": 0.0, "Densidad_C_Media_tC_ha": 8.6138672828318725, "Carbono_Perdido_tC": 6.8945807756138695, "Nombre_Tipo_Bosque_Predom": "Sin Datos" }, "geometry": { "type": "MultiPolygon", "coordinates": [ [ [ [ 4908819.381087662652135, 2117480.517449888866395 ], [ 4908819.343341091647744, 2117450.736748177558184 ], [ 4908789.4804424084723, 2117450.774604125879705 ], [ 4908789.518201346509159, 2117480.55530783161521 ], [ 4908819.381087662652135, 2117480.517449888866395 ] ] ], [ [ [ 4908819.381087662652135, 2117480.517449888866395 ], [ 4908819.418836238794029, 2117510.298151842318475 ], [ 4908849.281708186492324, 2117510.260304306168109 ], [ 4908849.243971976451576, 2117480.479604346212 ], [ 4908819.381087662652135, 2117480.517449888866395 ] ] ], [ [ [ 4908700.042930544354022, 2117570.011086593382061 ], [ 4908729.905785759910941, 2117569.973185460548848 ], [ 4908729.943577454425395, 2117599.753894125577062 ], [ 4908789.669257146306336, 2117599.678125076461583 ], [ 4908789.518201346509159, 2117480.55530783161521 ], [ 4908759.655313029885292, 2117480.593178174924105 ], [ 4908759.730861653573811, 2117540.154590303078294 ], [ 4908700.005128487944603, 2117540.230376174207777 ], [ 4908700.042930544354022, 2117570.011086593382061 ] ] ] ] } },
{ "type": "Feature", "properties": { "id": "+393985+278081", "Area_ha": 0.08893447638390789, "count": 1, "value": 1, "Porcentaje_Cobertura_Forestal": 0.0, "NDVI_Medio_Poligono": 0.67986009281746129, "Codigo_Tipo_Bosque_Predom": 1.4264374971389771, "Densidad_C_Media_tC_ha": 7.7216572761535653, "Carbono_Perdido_tC": 0.68672154667070973, "Nombre_Tipo_Bosque_Predom": "Sin Datos" }, "geometry": { "type": "MultiPolygon", "coordinates": [ [ [ [ 4908788.91429871879518, 2117004.064077479299158 ], [ 4908788.952027579769492, 2117033.844777552876621 ], [ 4908818.815099316649139, 2117033.806949524674565 ], [ 4908818.777382811531425, 2117004.026251445524395 ], [ 4908788.91429871879518, 2117004.064077479299158 ] ] ] ] } },
{ "type": "Feature", "properties": { "id": "+393986+278125", "Area_ha": 0.088936049139777609, "count": 1, "value": 1, "Porcentaje_Cobertura_Forestal": 0.0, "NDVI_Medio_Poligono": 0.59507236898086835, "Codigo_Tipo_Bosque_Predom": 0.0, "Densidad_C_Media_tC_ha": 27.475854873657227, "Carbono_Perdido_tC": 2.4435939792009771, "Nombre_Tipo_Bosque_Predom": "Sin Datos" }, "geometry": { "type": "MultiPolygon", "coordinates": [ [ [ [ 4908817.119840995408595, 2115693.675775291398168 ], [ 4908817.157469304278493, 2115723.456462735775858 ], [ 4908847.021082087419927, 2115723.418734824284911 ], [ 4908846.983466105535626, 2115693.638049373868853 ], [ 4908817.119840995408595, 2115693.675775291398168 ] ] ] ] } },
{ "type": "Feature", "properties": { "id": "+393986+278173", "Area_ha": 0.088937773744914739, "count": 1, "value": 1, "Porcentaje_Cobertura_Forestal": 0.0, "NDVI_Medio_Poligono": 0.6676270322556429, "Codigo_Tipo_Bosque_Predom": 1.4738527536392212, "Densidad_C_Media_tC_ha": 47.858596801757812, "Carbono_Perdido_tC": 4.2564370541038361, "Nombre_Tipo_Bosque_Predom": "Sin Datos" }, "geometry": { "type": "MultiPolygon", "coordinates": [ [ [ [ 4908815.316039432771504, 2114264.203061583451927 ], [ 4908815.353571525774896, 2114293.983737455680966 ], [ 4908845.217775274068117, 2114293.946105252485722 ], [ 4908845.180255475454032, 2114264.165431374218315 ], [ 4908815.316039432771504, 2114264.203061583451927 ] ] ] ] } },
{ "type": "Feature", "properties": { "id": "+393987+278058", "Area_ha": 0.35573445578478857, "count": 4, "value": 1, "Porcentaje_Cobertura_Forestal": 0.0, "NDVI_Medio_Poligono": 0.79611916292969942, "Codigo_Tipo_Bosque_Predom": 0.0, "Densidad_C_Media_tC_ha": 7.7216572761535645, "Carbono_Perdido_tC": 2.746859548889141, "Nombre_Tipo_Bosque_Predom": "Sin Datos" }, "geometry": { "type": "MultiPolygon", "coordinates": [ [ [ [ 4908849.508167283609509, 2117688.94450903730467 ], [ 4908849.545917519368231, 2117718.725210693199188 ], [ 4908819.683132153004408, 2117718.763072184752673 ], [ 4908819.720896764658391, 2117748.543776076752692 ], [ 4908909.30920974817127, 2117748.430222840048373 ], [ 4908909.271482252515852, 2117718.649524927139282 ], [ 4908879.408700883388519, 2117718.687361607328057 ], [ 4908879.370963019318879, 2117688.906661944463849 ], [ 4908849.508167283609509, 2117688.94450903730467 ] ] ] ] } },
{ "type": "Feature", "properties": { "id": "+393987+278074", "Area_ha": 0.088934199911444745, "count": 1, "value": 1, "Porcentaje_Cobertura_Forestal": 0.0, "NDVI_Medio_Poligono": 0.80932957881810996, "Codigo_Tipo_Bosque_Predom": 0.0, "Densidad_C_Media_tC_ha": 7.7216572761535645, "Carbono_Perdido_tC": 0.68671941184510299, "Nombre_Tipo_Bosque_Predom": "Sin Datos" }, "geometry": { "type": "MultiPolygon", "coordinates": [ [ [ [ 4908848.904436025768518, 2117212.453315489925444 ], [ 4908848.942154201678932, 2117242.23401327105239 ], [ 4908878.805135426111519, 2117242.196196072734892 ], [ 4908878.767429610714316, 2117212.415500284638256 ], [ 4908848.904436025768518, 2117212.453315489925444 ] ] ] ] } },
{ "type": "Feature", "properties": { "id": "+393987+278113", "Area_ha": 0.26680669591426848, "count": 3, "value": 1, "Porcentaje_Cobertura_Forestal": 0.0, "NDVI_Medio_Poligono": 0.62243925820028723, "Codigo_Tipo_Bosque_Predom": 0.0, "Densidad_C_Media_tC_ha": 12.639378547668457, "Carbono_Perdido_tC": 3.3722708287131065, "Nombre_Tipo_Bosque_Predom": "Sin Datos" }, "geometry": { "type": "MultiPolygon", "coordinates": [ [ [ [ 4908877.373722907155752, 2116110.52992632240057 ], [ 4908877.298465518280864, 2116050.968553368467838 ], [ 4908847.434990377165377, 2116051.006290842778981 ], [ 4908847.510272435843945, 2116110.567667783237994 ], [ 4908877.373722907155752, 2116110.52992632240057 ] ] ], [ [ [ 4908907.274790741503239, 2116140.272882078774273 ], [ 4908907.237171379849315, 2116110.492197231855243 ], [ 4908877.373722907155752, 2116110.52992632240057 ], [ 4908877.4113546051085, 2116140.310613161884248 ], [ 4908907.274790741503239, 2116140.272882078774273 ] ] ] ] } },
{ "type": "Feature", "properties": { "id": "+393987+278171", "Area_ha": 0.088937689962706651, "count": 1, "value": 1, "Porcentaje_Cobertura_Forestal": 0.0, "NDVI_Medio_Poligono": 0.59719745600599439, "Codigo_Tipo_Bosque_Predom": 1.2953696250915527, "Densidad_C_Media_tC_ha": 47.858596801757812, "Carbono_Perdido_tC": 4.2564330444049201, "Nombre_Tipo_Bosque_Predom": "Sin Datos" }, "geometry": { "type": "MultiPolygon", "coordinates": [ [ [ [ 4908845.255297075025737, 2114323.726779370103031 ], [ 4908845.292820881120861, 2114353.50745372986421 ], [ 4908875.156998032703996, 2114353.469829870387912 ], [ 4908875.11948652472347, 2114323.689157503657043 ], [ 4908845.255297075025737, 2114323.726779370103031 ] ] ] ] } },
{ "type": "Feature", "properties": { "id": "+393988+278064", "Area_ha": 0.26680144508630038, "count": 3, "value": 1, "Porcentaje_Cobertura_Forestal": 0.0, "NDVI_Medio_Poligono": 0.8005026905491941, "Codigo_Tipo_Bosque_Predom": 0.0, "Densidad_C_Media_tC_ha": 7.7216572761535645, "Carbono_Perdido_tC": 2.0601493197389171, "Nombre_Tipo_Bosque_Predom": "Sin Datos" }, "geometry": { "type": "MultiPolygon", "coordinates": [ [ [ [ 4908909.045159569941461, 2117539.965342653915286 ], [ 4908909.007446090690792, 2117510.184646436944604 ], [ 4908879.144578137435019, 2117510.222469171509147 ], [ 4908879.182303983718157, 2117540.003167380578816 ], [ 4908909.045159569941461, 2117539.965342653915286 ] ] ], [ [ [ 4908879.22003183234483, 2117569.783865831792355 ], [ 4908879.182303983718157, 2117540.003167380578816 ], [ 4908819.456586819142103, 2117540.078854037914425 ], [ 4908819.494339403696358, 2117569.859556476119906 ], [ 4908879.22003183234483, 2117569.783865831792355 ] ] ] ] } },
{ "type": "Feature", "properties": { "id": "+393988+278068", "Area_ha": 0.26680180608838416, "count": 3, "value": 1, "Porcentaje_Cobertura_Forestal": 0.0, "NDVI_Medio_Poligono": 0.78755944543852341, "Codigo_Tipo_Bosque_Predom": 0.0, "Densidad_C_Media_tC_ha": 7.7216572761535645, "Carbono_Perdido_tC": 2.060152107273284, "Nombre_Tipo_Bosque_Predom": "Sin Datos" }, "geometry": { "type": "MultiPolygon", "coordinates": [ [ [ [ 4908878.993694545701146, 2117391.099678641650826 ], [ 4908879.106854055076838, 2117480.441771089099348 ], [ 4908908.969734375365078, 2117480.403950347565114 ], [ 4908908.856611961498857, 2117391.061863876879215 ], [ 4908878.993694545701146, 2117391.099678641650826 ] ] ] ] } },
{ "type": "Feature", "properties": { "id": "+393988+278173", "Area_ha": 0.5336260103017092, "count": 6, "value": 1, "Porcentaje_Cobertura_Forestal": 0.0, "NDVI_Medio_Poligono": 0.27981724767340121, "Codigo_Tipo_Bosque_Predom": 0.0, "Densidad_C_Media_tC_ha": 47.85859680175782, "Carbono_Perdido_tC": 25.538592069960163, "Nombre_Tipo_Bosque_Predom": "Sin Datos" }, "geometry": { "type": "MultiPolygon", "coordinates": [ [ [ [ 4908904.94617700856179, 2114293.870877950917929 ], [ 4908904.908681801520288, 2114264.090208059176803 ], [ 4908875.044469757005572, 2114264.127813608851284 ], [ 4908875.081977258436382, 2114293.908485493157059 ], [ 4908904.94617700856179, 2114293.870877950917929 ] ] ], [ [ [ 4908934.885346587747335, 2114353.394619260914624 ], [ 4908934.922835504636168, 2114383.175287883263081 ], [ 4908964.786994365043938, 2114383.13769902754575 ], [ 4908964.749517746269703, 2114353.357032396830618 ], [ 4908994.613686910830438, 2114353.319457864388824 ], [ 4908994.576224589720368, 2114323.538793465122581 ], [ 4908934.847859673202038, 2114323.613950879778713 ], [ 4908934.810374760068953, 2114293.833282738924026 ], [ 4908904.94617700856179, 2114293.870877950917929 ], [ 4908905.0211734296754, 2114353.432218457106501 ], [ 4908934.885346587747335, 2114353.394619260914624 ] ] ] ] } },
{ "type": "Feature", "properties": { "id": "+393989+278117", "Area_ha": 0.44467848242342295, "count": 5, "value": 1, "Porcentaje_Cobertura_Forestal": 0.0, "NDVI_Medio_Poligono": 0.77505000530402413, "Codigo_Tipo_Bosque_Predom": 0.0, "Densidad_C_Media_tC_ha": 12.639378547668457, "Carbono_Perdido_tC": 5.6204596713523767, "Nombre_Tipo_Bosque_Predom": "Sin Datos" }, "geometry": { "type": "MultiPolygon", "coordinates": [ [ [ [ 4908877.147974540479481, 2115931.84581024479121 ], [ 4908877.185594219714403, 2115961.626495633739978 ], [ 4908907.049104364588857, 2115961.588776505552232 ], [ 4908907.086713714525104, 2115991.369460145011544 ], [ 4908877.223215903155506, 2115991.407181265763938 ], [ 4908877.260839588940144, 2116021.187867139466107 ], [ 4908936.987808547914028, 2116021.112433281727135 ], [ 4908936.875017496757209, 2115931.770388340111822 ], [ 4908877.147974540479481, 2115931.84581024479121 ] ] ] ] } },
{ "type": "Feature", "properties": { "id": "+393989+278119", "Area_ha": 0.088935797271522454, "count": 1, "value": 1, "Porcentaje_Cobertura_Forestal": 0.0, "NDVI_Medio_Poligono": 0.46715617615849819, "Codigo_Tipo_Bosque_Predom": 0.0, "Densidad_C_Media_tC_ha": 27.475854873657227, "Carbono_Perdido_tC": 2.4435870589053512, "Nombre_Tipo_Bosque_Predom": "Sin Datos" }, "geometry": { "type": "MultiPolygon", "coordinates": [ [ [ [ 4908906.936288329772651, 2115872.246727037709206 ], [ 4908906.973891672678292, 2115902.027409952599555 ], [ 4908936.837424483150244, 2115901.989707175642252 ], [ 4908936.799833471886814, 2115872.209026252385229 ], [ 4908906.936288329772651, 2115872.246727037709206 ] ] ] ] } },
{ "type": "Feature", "properties": { "id": "+393989+278121", "Area_ha": 0.17787175046819612, "count": 2, "value": 1, "Porcentaje_Cobertura_Forestal": 0.0, "NDVI_Medio_Poligono": 0.63220480254591993, "Codigo_Tipo_Bosque_Predom": 0.0, "Densidad_C_Media_tC_ha": 27.475854873657227, "Carbono_Perdido_tC": 4.8871784019875282, "Nombre_Tipo_Bosque_Predom": "Sin Datos" }, "geometry": { "type": "MultiPolygon", "coordinates": [ [ [ [ 4908876.997515851631761, 2115812.723071099258959 ], [ 4908877.035127519629896, 2115842.503755522426218 ], [ 4908936.762244462966919, 2115842.428345570340753 ], [ 4908936.724657455459237, 2115812.64766513183713 ], [ 4908876.997515851631761, 2115812.723071099258959 ] ] ] ] } },
{ "type": "Feature", "properties": { "id": "+393990+278097", "Area_ha": 0.1778699382081628, "count": 2, "value": 1, "Porcentaje_Cobertura_Forestal": 0.0, "NDVI_Medio_Poligono": 0.50337639009039892, "Codigo_Tipo_Bosque_Predom": 0.0, "Densidad_C_Media_tC_ha": 12.639378547668457, "Carbono_Perdido_tC": 2.2481654812633667, "Nombre_Tipo_Bosque_Predom": "Sin Datos" }, "geometry": { "type": "MultiPolygon", "coordinates": [ [ [ [ 4908967.528192798607051, 2116557.127014498226345 ], [ 4908967.490570091642439, 2116527.346330250613391 ], [ 4908937.627298385836184, 2116527.384062476456165 ], [ 4908937.664933437481523, 2116557.164748715702444 ], [ 4908967.528192798607051, 2116557.127014498226345 ] ] ], [ [ [ 4908997.429062526673079, 2116586.86997516034171 ], [ 4908997.391450165770948, 2116557.089292661286891 ], [ 4908967.528192798607051, 2116557.127014498226345 ], [ 4908967.565817505121231, 2116586.907698987983167 ], [ 4908997.429062526673079, 2116586.86997516034171 ] ] ] ] } },
{ "type": "Feature", "properties": { "id": "+393990+278215", "Area_ha": 0.88939175119184366, "count": 10, "value": 1, "Porcentaje_Cobertura_Forestal": 0.0, "NDVI_Medio_Poligono": 0.62887411770768009, "Codigo_Tipo_Bosque_Predom": 0.89021259546279907, "Densidad_C_Media_tC_ha": 24.30345344543457, "Carbono_Perdido_tC": 21.615291019844499, "Nombre_Tipo_Bosque_Predom": "Sin Datos" }, "geometry": { "type": "MultiPolygon", "coordinates": [ [ [ [ 4908903.335691186599433, 2113013.302289784885943 ], [ 4908903.410515387542546, 2113072.863609603606164 ], [ 4908933.275216722860932, 2113072.826096068136394 ], [ 4908933.35002439469099, 2113132.387412861920893 ], [ 4909052.80871160607785, 2113132.237465832848102 ], [ 4909052.771355848759413, 2113102.456815277226269 ], [ 4908993.041991693899035, 2113102.5317602022551 ], [ 4908993.00461339764297, 2113072.751105908304453 ], [ 4908963.139916058629751, 2113072.788594836369157 ], [ 4908963.06514093093574, 2113013.227282985579222 ], [ 4908903.335691186599433, 2113013.302289784885943 ] ] ] ] } },
{ "type": "Feature", "properties": { "id": "+393991+278056", "Area_ha": 0.088933502335150849, "count": 1, "value": 1, "Porcentaje_Cobertura_Forestal": 0.0, "NDVI_Medio_Poligono": 0.6414717775410993, "Codigo_Tipo_Bosque_Predom": 0.0, "Densidad_C_Media_tC_ha": 7.7216572761535645, "Carbono_Perdido_tC": 0.68671402540003756, "Nombre_Tipo_Bosque_Predom": "Sin Datos" }, "geometry": { "type": "MultiPolygon", "coordinates": [ [ [ [ 4908969.034741749055684, 2117748.354582713451236 ], [ 4908969.072446502745152, 2117778.135276886168867 ], [ 4908998.935197135433555, 2117778.097473442088813 ], [ 4908998.897504754364491, 2117748.316781259607524 ], [ 4908969.034741749055684, 2117748.354582713451236 ] ] ] ] } },
{ "type": "Feature", "properties": { "id": "+393991+278070", "Area_ha": 0.17786797921865946, "count": 2, "value": 1, "Porcentaje_Cobertura_Forestal": 0.0, "NDVI_Medio_Poligono": 0.86397814599421141, "Codigo_Tipo_Bosque_Predom": 0.0, "Densidad_C_Media_tC_ha": 7.7216572761535645, "Carbono_Perdido_tC": 1.3734355759284929, "Nombre_Tipo_Bosque_Predom": "Sin Datos" }, "geometry": { "type": "MultiPolygon", "coordinates": [ [ [ [ 4908968.507085324265063, 2117331.424889739602804 ], [ 4908968.58244080003351, 2117390.986271542962641 ], [ 4908998.445352223701775, 2117390.948493973352015 ], [ 4908998.370021475479007, 2117331.387116150930524 ], [ 4908968.507085324265063, 2117331.424889739602804 ] ] ] ] } },
{ "type": "Feature", "properties": { "id": "+393992+278080", "Area_ha": 0.08893435638530936, "count": 1, "value": 1, "Porcentaje_Cobertura_Forestal": 0.0, "NDVI_Medio_Poligono": 0.78765124360260608, "Codigo_Tipo_Bosque_Predom": 1.4286586046218872, "Densidad_C_Media_tC_ha": 7.7216572761535645, "Carbono_Perdido_tC": 0.68672062008265822, "Nombre_Tipo_Bosque_Predom": "Sin Datos" }, "geometry": { "type": "MultiPolygon", "coordinates": [ [ [ [ 4908997.993487762287259, 2117033.580241559073329 ], [ 4908998.031132131814957, 2117063.36092792917043 ], [ 4909027.894177528098226, 2117063.323184645269066 ], [ 4909027.856545516289771, 2117033.542500264942646 ], [ 4908997.993487762287259, 2117033.580241559073329 ] ] ] ] } },
{ "type": "Feature", "properties": { "id": "+393992+278090", "Area_ha": 0.44467345472458986, "count": 5, "value": 1, "Porcentaje_Cobertura_Forestal": 0.0, "NDVI_Medio_Poligono": 0.8096577502765181, "Codigo_Tipo_Bosque_Predom": 0.0, "Densidad_C_Media_tC_ha": 12.639378547668457, "Carbono_Perdido_tC": 5.6203961243636016, "Nombre_Tipo_Bosque_Predom": "Sin Datos" }, "geometry": { "type": "MultiPolygon", "coordinates": [ [ [ [ 4908967.753970820456743, 2116735.811124949716032 ], [ 4908967.829246249981225, 2116795.37249707384035 ], [ 4908997.692404828034341, 2116795.334759312681854 ], [ 4908997.730033192783594, 2116825.115443745627999 ], [ 4909027.593177424743772, 2116825.077716380357742 ], [ 4909027.480335383675992, 2116735.735669773537666 ], [ 4908967.753970820456743, 2116735.811124949716032 ] ] ] ] } },
{ "type": "Feature", "properties": { "id": "+393993+278105", "Area_ha": 0.088935245347750602, "count": 1, "value": 1, "Porcentaje_Cobertura_Forestal": 0.0, "NDVI_Medio_Poligono": 0.7189839236183716, "Codigo_Tipo_Bosque_Predom": 0.0, "Densidad_C_Media_tC_ha": 12.639378547668457, "Carbono_Perdido_tC": 1.1240862321799898, "Nombre_Tipo_Bosque_Predom": "Sin Datos" }, "geometry": { "type": "MultiPolygon", "coordinates": [ [ [ [ 4909026.916395156644285, 2116289.025469384621829 ], [ 4909026.953977173194289, 2116318.806147718336433 ], [ 4909056.817329295910895, 2116318.76846655504778 ], [ 4909056.779759620316327, 2116288.987790210172534 ], [ 4909026.916395156644285, 2116289.025469384621829 ] ] ] ] } },
{ "type": "Feature", "properties": { "id": "+393994+278196", "Area_ha": 0.17787701727707464, "count": 2, "value": 1, "Porcentaje_Cobertura_Forestal": 0.0, "NDVI_Medio_Poligono": 0.17839258234108554, "Codigo_Tipo_Bosque_Predom": 0.0, "Densidad_C_Media_tC_ha": 24.30345344543457, "Carbono_Perdido_tC": 4.3230258084061441, "Nombre_Tipo_Bosque_Predom": "Sin Datos" }, "geometry": { "type": "MultiPolygon", "coordinates": [ [ [ [ 4909023.504803191870451, 2113578.984751152805984 ], [ 4909023.542203217744827, 2113608.765407545026392 ], [ 4909083.271146021783352, 2113608.690419595688581 ], [ 4909083.233770556747913, 2113578.909767182078212 ], [ 4909023.504803191870451, 2113578.984751152805984 ] ] ] ] } },
{ "type": "Feature", "properties": { "id": "+393995+278247", "Area_ha": 0.088940315972352982, "count": 1, "value": 1, "Porcentaje_Cobertura_Forestal": 0.0, "NDVI_Medio_Poligono": 0.54925344277856836, "Codigo_Tipo_Bosque_Predom": 0.0, "Densidad_C_Media_tC_ha": 4.7203221321105957, "Carbono_Perdido_tC": 0.41982694192120729, "Nombre_Tipo_Bosque_Predom": "Sin Datos" }, "geometry": { "type": "MultiPolygon", "coordinates": [ [ [ [ 4909081.330272033810616, 2112060.096812769304961 ], [ 4909081.36754556838423, 2112089.877452931832522 ], [ 4909111.232639447785914, 2112089.840078832581639 ], [ 4909111.195378160104156, 2112060.059440658427775 ], [ 4909081.330272033810616, 2112060.096812769304961 ] ] ] ] } },
{ "type": "Feature", "properties": { "id": "+393996+278053", "Area_ha": 0.088933334153433685, "count": 1, "value": 1, "Porcentaje_Cobertura_Forestal": 0.0, "NDVI_Medio_Poligono": 0.53035082844670034, "Codigo_Tipo_Bosque_Predom": 0.0, "Densidad_C_Media_tC_ha": 7.7216572761535645, "Carbono_Perdido_tC": 0.68671272675845751, "Nombre_Tipo_Bosque_Predom": "Sin Datos" }, "geometry": { "type": "MultiPolygon", "coordinates": [ [ [ [ 4909118.461471496149898, 2117837.507752914447337 ], [ 4909118.499120380729437, 2117867.288437868934125 ], [ 4909148.3618239229545, 2117867.250690497923642 ], [ 4909148.324187412858009, 2117837.470007530413568 ], [ 4909118.461471496149898, 2117837.507752914447337 ] ] ] ] } },
{ "type": "Feature", "properties": { "id": "+393996+278244", "Area_ha": 0.26682050701230764, "count": 3, "value": 1, "Porcentaje_Cobertura_Forestal": 0.0, "NDVI_Medio_Poligono": 0.56576973457720148, "Codigo_Tipo_Bosque_Predom": 0.0, "Densidad_C_Media_tC_ha": 4.7203221321105957, "Carbono_Perdido_tC": 1.2594787445511662, "Nombre_Tipo_Bosque_Predom": "Sin Datos" }, "geometry": { "type": "MultiPolygon", "coordinates": [ [ [ [ 4909141.209490679204464, 2112179.14462712733075 ], [ 4909141.172235646285117, 2112149.363990221638232 ], [ 4909111.3071682555601, 2112149.401356013957411 ], [ 4909111.344435537233949, 2112179.181994907557964 ], [ 4909141.209490679204464, 2112179.14462712733075 ] ] ], [ [ [ 4909111.418976093642414, 2112238.743273414671421 ], [ 4909111.344435537233949, 2112179.181994907557964 ], [ 4909081.479378402233124, 2112179.219374971929938 ], [ 4909081.553943458944559, 2112238.780657455790788 ], [ 4909111.418976093642414, 2112238.743273414671421 ] ] ] ] } },
{ "type": "Feature", "properties": { "id": "+393997+278059", "Area_ha": 0.17786708962627162, "count": 2, "value": 1, "Porcentaje_Cobertura_Forestal": 0.0, "NDVI_Medio_Poligono": 0.71203328661843424, "Codigo_Tipo_Bosque_Predom": 0.0, "Densidad_C_Media_tC_ha": 7.7216572761535645, "Carbono_Perdido_tC": 1.3734287068009585, "Nombre_Tipo_Bosque_Predom": "Sin Datos" }, "geometry": { "type": "MultiPolygon", "coordinates": [ [ [ [ 4909118.235620144754648, 2117658.82364827953279 ], [ 4909118.27325704228133, 2117688.604331778362393 ], [ 4909177.998810607008636, 2117688.528873286210001 ], [ 4909177.961198450997472, 2117658.748193760868162 ], [ 4909118.235620144754648, 2117658.82364827953279 ] ] ] ] } },
{ "type": "Feature", "properties": { "id": "+393997+278070", "Area_ha": 0.1778678836322273, "count": 2, "value": 1, "Porcentaje_Cobertura_Forestal": 0.0, "NDVI_Medio_Poligono": 0.59070548161799297, "Codigo_Tipo_Bosque_Predom": 0.0, "Densidad_C_Media_tC_ha": 7.7216572761535645, "Carbono_Perdido_tC": 1.3734348378428234, "Nombre_Tipo_Bosque_Predom": "Sin Datos" }, "geometry": { "type": "MultiPolygon", "coordinates": [ [ [ [ 4909117.821746133267879, 2117331.236145766917616 ], [ 4909117.859361053444445, 2117361.016826601698995 ], [ 4909177.585186697542667, 2117360.941411818377674 ], [ 4909177.547596503049135, 2117331.160734957549721 ], [ 4909117.821746133267879, 2117331.236145766917616 ] ] ] ] } },
{ "type": "Feature", "properties": { "id": "+393997+278073", "Area_ha": 0.17786810009377077, "count": 2, "value": 1, "Porcentaje_Cobertura_Forestal": 0.0, "NDVI_Medio_Poligono": 0.64733156759121224, "Codigo_Tipo_Bosque_Predom": 0.0, "Densidad_C_Media_tC_ha": 7.7216572761535645, "Carbono_Perdido_tC": 1.3734365092846756, "Nombre_Tipo_Bosque_Predom": "Sin Datos" }, "geometry": { "type": "MultiPolygon", "coordinates": [ [ [ [ 4909117.708913357928395, 2117241.894104713574052 ], [ 4909117.746522285044193, 2117271.674784821458161 ], [ 4909177.472422104328871, 2117271.599381959531456 ], [ 4909177.434837899170816, 2117241.818705825135112 ], [ 4909117.708913357928395, 2117241.894104713574052 ] ] ] ] } },
{ "type": "Feature", "properties": { "id": "+393998+278048", "Area_ha": 0.17786622315894637, "count": 2, "value": 1, "Porcentaje_Cobertura_Forestal": 0.0, "NDVI_Medio_Poligono": 0.57888554295062267, "Codigo_Tipo_Bosque_Predom": 2.0601143836975098, "Densidad_C_Media_tC_ha": 3.5537657737731934, "Carbono_Perdido_tC": 0.63209489617256853, "Nombre_Tipo_Bosque_Predom": "Sin Datos" }, "geometry": { "type": "MultiPolygon", "coordinates": [ [ [ [ 4909178.375041980296373, 2117986.335681882221252 ], [ 4909178.450312213040888, 2118045.897046508733183 ], [ 4909208.312937509268522, 2118045.859312041196972 ], [ 4909208.237692032009363, 2117986.297951385378838 ], [ 4909178.375041980296373, 2117986.335681882221252 ] ] ] ] } },
{ "type": "Feature", "properties": { "id": "+393999+278099", "Area_ha": 2.401241088914992, "count": 27, "value": 1, "Porcentaje_Cobertura_Forestal": 0.0, "NDVI_Medio_Poligono": 0.59072763234989656, "Codigo_Tipo_Bosque_Predom": 0.0, "Densidad_C_Media_tC_ha": 12.639378547668457, "Carbono_Perdido_tC": 30.350195107012198, "Nombre_Tipo_Bosque_Predom": "Sin Datos" }, "geometry": { "type": "MultiPolygon", "coordinates": [ [ [ [ 4909266.123177487403154, 2116526.969688857905567 ], [ 4909266.160676738247275, 2116556.750353230163455 ], [ 4909325.887149626389146, 2116556.675169537775218 ], [ 4909325.849675066769123, 2116526.894509132951498 ], [ 4909266.123177487403154, 2116526.969688857905567 ] ] ], [ [ [ 4909236.184908505529165, 2116467.445965301245451 ], [ 4909176.458349606022239, 2116467.521211360581219 ], [ 4909176.533416191115975, 2116527.082551291678101 ], [ 4909086.94363696873188, 2116527.195525140501559 ], [ 4909086.981210293248296, 2116556.976201429963112 ], [ 4909116.844459681771696, 2116556.938529113307595 ], [ 4909116.882022657431662, 2116586.719203657004982 ], [ 4909176.608490762300789, 2116586.643892189953476 ], [ 4909176.721117593348026, 2116675.985905351117253 ], [ 4909236.447503645904362, 2116675.910631493665278 ], [ 4909236.40998406894505, 2116646.129964169114828 ], [ 4909266.273186458274722, 2116646.092347798869014 ], [ 4909266.160676738247275, 2116556.750353230163455 ], [ 4909236.297437308356166, 2116556.787963646929711 ], [ 4909236.259925711899996, 2116527.007297290023416 ], [ 4909206.396671946160495, 2116527.044918100815266 ], [ 4909206.359150000847876, 2116497.264250000473112 ], [ 4909236.222416111268103, 2116497.226631174329668 ], [ 4909236.184908505529165, 2116467.445965301245451 ] ], [ [ 4909176.570952478796244, 2116556.863221619743854 ], [ 4909206.434195888228714, 2116556.82558644330129 ], [ 4909206.471721826121211, 2116586.606255027465522 ], [ 4909176.608490762300789, 2116586.643892189953476 ], [ 4909176.570952478796244, 2116556.863221619743854 ] ] ], [ [ [ 4909027.254705537110567, 2116557.05158320395276 ], [ 4909027.292305551469326, 2116586.832263713236898 ], [ 4909057.155546582303941, 2116586.794564647134393 ], [ 4909057.117958913557231, 2116557.013886127155274 ], [ 4909027.254705537110567, 2116557.05158320395276 ] ] ], [ [ [ 4909057.155546582303941, 2116586.794564647134393 ], [ 4909057.230727916583419, 2116646.355922413058579 ], [ 4909116.957154603675008, 2116646.280553470365703 ], [ 4909116.882022657431662, 2116586.719203657004982 ], [ 4909057.155546582303941, 2116586.794564647134393 ] ] ] ] } },
{ "type": "Feature", "properties": { "id": "+393999+278105", "Area_ha": 0.80041614565469932, "count": 9, "value": 1, "Porcentaje_Cobertura_Forestal": 0.0, "NDVI_Medio_Poligono": 0.67649825011020415, "Codigo_Tipo_Bosque_Predom": 0.0, "Densidad_C_Media_tC_ha": 12.639378547668457, "Carbono_Perdido_tC": 10.116762660595478, "Nombre_Tipo_Bosque_Predom": "Sin Datos" }, "geometry": { "type": "MultiPolygon", "coordinates": [ [ [ [ 4909206.134060239419341, 2116318.580246474593878 ], [ 4909235.997400405816734, 2116318.542639560531825 ], [ 4909235.95990477129817, 2116288.761975137516856 ], [ 4909086.643122325651348, 2116288.950123524758965 ], [ 4909086.680679661221802, 2116318.730797880794853 ], [ 4909176.270718083716929, 2116318.617865764070302 ], [ 4909176.345764703117311, 2116378.17920327745378 ], [ 4909206.209082175977528, 2116378.141580016352236 ], [ 4909206.134060239419341, 2116318.580246474593878 ] ] ], [ [ [ 4909176.383291007950902, 2116407.959872396662831 ], [ 4909176.345764703117311, 2116378.17920327745378 ], [ 4909116.61912377923727, 2116378.254486927762628 ], [ 4909116.656674768775702, 2116408.035160020925105 ], [ 4909176.383291007950902, 2116407.959872396662831 ] ] ] ] } },
{ "type": "Feature", "properties": { "id": "+393999+278165", "Area_ha": 0.17787462593062955, "count": 2, "value": 1, "Porcentaje_Cobertura_Forestal": 0.0, "NDVI_Medio_Poligono": 0.032105248052737012, "Codigo_Tipo_Bosque_Predom": 0.0, "Densidad_C_Media_tC_ha": 47.858596801757812, "Carbono_Perdido_tC": 8.5128300036774949, "Nombre_Tipo_Bosque_Predom": "Sin Datos" }, "geometry": { "type": "MultiPolygon", "coordinates": [ [ [ [ 4909203.849726117216051, 2114501.960037338547409 ], [ 4909203.924504549242556, 2114561.521341435145587 ], [ 4909233.788571665994823, 2114561.483851658180356 ], [ 4909233.713817835785449, 2114501.922551532741636 ], [ 4909203.849726117216051, 2114501.960037338547409 ] ] ] ] } },
{ "type": "Feature", "properties": { "id": "+394000+278063", "Area_ha": 0.17786725864436448, "count": 2, "value": 1, "Porcentaje_Cobertura_Forestal": 0.0, "NDVI_Medio_Poligono": 0.57338371530336751, "Codigo_Tipo_Bosque_Predom": 0.0, "Densidad_C_Media_tC_ha": 7.7216572761535653, "Carbono_Perdido_tC": 1.3734300119007452, "Nombre_Tipo_Bosque_Predom": "Sin Datos" }, "geometry": { "type": "MultiPolygon", "coordinates": [ [ [ [ 4909237.536439078859985, 2117539.550089059397578 ], [ 4909237.611599942669272, 2117599.111438474152237 ], [ 4909267.474406865425408, 2117599.073758598417044 ], [ 4909267.399270737543702, 2117539.512413152959198 ], [ 4909237.536439078859985, 2117539.550089059397578 ] ] ] ] } },
{ "type": "Feature", "properties": { "id": "+394000+278091", "Area_ha": 0.088934657250856974, "count": 1, "value": 1, "Porcentaje_Cobertura_Forestal": 0.0, "NDVI_Medio_Poligono": 0.67752166627759935, "Codigo_Tipo_Bosque_Predom": 0.0, "Densidad_C_Media_tC_ha": 12.639378547668457, "Carbono_Perdido_tC": 1.1240787990007286, "Nombre_Tipo_Bosque_Predom": "Sin Datos" }, "geometry": { "type": "MultiPolygon", "coordinates": [ [ [ [ 4909236.485024978406727, 2116705.691298944875598 ], [ 4909236.522548547014594, 2116735.471966753713787 ], [ 4909266.38571388926357, 2116735.434344429522753 ], [ 4909266.348202670924366, 2116705.653678605332971 ], [ 4909236.485024978406727, 2116705.691298944875598 ] ] ] ] } },
{ "type": "Feature", "properties": { "id": "+394001+278100", "Area_ha": 0.17786989120393992, "count": 2, "value": 1, "Porcentaje_Cobertura_Forestal": 0.0, "NDVI_Medio_Poligono": 0.59148874837399779, "Codigo_Tipo_Bosque_Predom": 0.0, "Densidad_C_Media_tC_ha": 12.639378547668457, "Carbono_Perdido_tC": 2.2481648871592008, "Nombre_Tipo_Bosque_Predom": "Sin Datos" }, "geometry": { "type": "MultiPolygon", "coordinates": [ [ [ [ 4909295.911459443159401, 2116467.370768753811717 ], [ 4909295.873978519812226, 2116437.590107090771198 ], [ 4909266.010691703297198, 2116437.627697191666812 ], [ 4909266.048184969462454, 2116467.408360838424414 ], [ 4909295.911459443159401, 2116467.370768753811717 ] ] ], [ [ [ 4909325.81220250017941, 2116497.113848969340324 ], [ 4909325.774731926620007, 2116467.33318904787302 ], [ 4909295.911459443159401, 2116467.370768753811717 ], [ 4909295.948942360468209, 2116497.151430658996105 ], [ 4909325.81220250017941, 2116497.113848969340324 ] ] ] ] } },
{ "type": "Feature", "properties": { "id": "+394001+278109", "Area_ha": 0.088935293714809807, "count": 1, "value": 1, "Porcentaje_Cobertura_Forestal": 0.0, "NDVI_Medio_Poligono": 0.48758111245077901, "Codigo_Tipo_Bosque_Predom": 0.0, "Densidad_C_Media_tC_ha": 12.639378547668457, "Carbono_Perdido_tC": 1.1240868435095603, "Nombre_Tipo_Bosque_Predom": "Sin Datos" }, "geometry": { "type": "MultiPolygon", "coordinates": [ [ [ [ 4909265.673341817222536, 2116169.601735131815076 ], [ 4909265.710817133076489, 2116199.382396603934467 ], [ 4909295.57420267444104, 2116199.344822375103831 ], [ 4909295.536739696748555, 2116169.564162887167186 ], [ 4909265.673341817222536, 2116169.601735131815076 ] ] ] ] } },
{ "type": "Feature", "properties": { "id": "+394001+278394", "Area_ha": 7.1156166177675129, "count": 80, "value": 1, "Porcentaje_Cobertura_Forestal": 0.0, "NDVI_Medio_Poligono": 0.52232455198033945, "Codigo_Tipo_Bosque_Predom": 0.0, "Densidad_C_Media_tC_ha": 12.628554679577974, "Carbono_Perdido_tC": 89.859953536390719, "Nombre_Tipo_Bosque_Predom": "Sin Datos" }, "geometry": { "type": "MultiPolygon", "coordinates": [ [ [ [ 4909462.2324, 2107764.843900000676513 ], [ 4909454.568, 2107763.48340000025928 ], [ 4909450.392900000326335, 2107763.1722999997437 ], [ 4909446.90500000026077, 2107763.176699999719858 ], [ 4909441.938, 2107763.604399999603629 ], [ 4909437.764000000432134, 2107764.241800000891089 ], [ 4909434.1184, 2107764.878699999302626 ], [ 4909417.634700000286102, 2107768.271500000730157 ], [ 4909404.338100000284612, 2107771.024000000208616 ], [ 4909225.363397603854537, 2107808.078263944946229 ], [ 4909225.391895621083677, 2107831.06301245233044 ], [ 4909314.992375369183719, 2107830.951962660066783 ], [ 4909314.95548487547785, 2107801.17137256404385 ], [ 4909344.822319630533457, 2107801.134382327552885 ], [ 4909344.859197971411049, 2107830.914970439858735 ], [ 4909374.726018585264683, 2107830.877990408334881 ], [ 4909374.762886764481664, 2107860.658576773945242 ], [ 4909464.363300215452909, 2107860.547703865915537 ], [ 4909464.400133923627436, 2107890.328284526709467 ], [ 4909434.533343582414091, 2107890.365231954492629 ], [ 4909434.570191437378526, 2107920.145814834162593 ], [ 4909494.303745824843645, 2107920.071928207296878 ], [ 4909494.340571357868612, 2107949.85250736400485 ], [ 4909524.207333416678011, 2107949.815580356866121 ], [ 4909524.170520038343966, 2107920.035003179684281 ], [ 4909554.037292269058526, 2107919.998090342618525 ], [ 4909554.147701900452375, 2108009.339816649444401 ], [ 4909613.881167468614876, 2108009.26601567864418 ], [ 4909613.844386583194137, 2107979.48544395994395 ], [ 4909733.311342556960881, 2107979.33799623278901 ], [ 4909733.274612284265459, 2107949.557432658504695 ], [ 4909763.14135848172009, 2107949.520603180397302 ], [ 4909763.06792820058763, 2107889.959480692166835 ], [ 4909643.60083428490907, 2107890.106855947524309 ], [ 4909643.564073502086103, 2107860.326287158764899 ], [ 4909703.297648730687797, 2107860.252579103689641 ], [ 4909703.26091424189508, 2107830.472014506813139 ], [ 4909643.527314705774188, 2107830.545718609821051 ], [ 4909643.490557895042002, 2107800.765150297898799 ], [ 4909583.756926123052835, 2107800.838899200316519 ], [ 4909583.793707239441574, 2107830.619471467100084 ], [ 4909553.926900531165302, 2107830.656366178765893 ], [ 4909553.890107261948287, 2107800.875791933387518 ], [ 4909464.289638767950237, 2107800.986543260514736 ], [ 4909464.245392816141248, 2107765.206292702350765 ], [ 4909462.2324, 2107764.843900000676513 ] ] ] ] } },
{ "type": "Feature", "properties": { "id": "+394002+278067", "Area_ha": 0.17786749961336754, "count": 2, "value": 1, "Porcentaje_Cobertura_Forestal": 0.0, "NDVI_Medio_Poligono": 0.47243002395313788, "Codigo_Tipo_Bosque_Predom": 0.0, "Densidad_C_Media_tC_ha": 7.7216572761535645, "Carbono_Perdido_tC": 1.3734318725808008, "Nombre_Tipo_Bosque_Predom": "Sin Datos" }, "geometry": { "type": "MultiPolygon", "coordinates": [ [ [ [ 4909297.111901550553739, 2117420.352069597691298 ], [ 4909297.186996989883482, 2117479.913409137632698 ], [ 4909327.04984940495342, 2117479.87576200067997 ], [ 4909326.974778695963323, 2117420.314426427241415 ], [ 4909297.111901550553739, 2117420.352069597691298 ] ] ] ] } },
{ "type": "Feature", "properties": { "id": "+394003+278081", "Area_ha": 0.088934260925580752, "count": 1, "value": 1, "Porcentaje_Cobertura_Forestal": 0.0, "NDVI_Medio_Poligono": 0.61174933738679171, "Codigo_Tipo_Bosque_Predom": 0.0, "Densidad_C_Media_tC_ha": 7.7216572761535645, "Carbono_Perdido_tC": 0.68671988297535025, "Nombre_Tipo_Bosque_Predom": "Sin Datos" }, "geometry": { "type": "MultiPolygon", "coordinates": [ [ [ [ 4909326.449506977573037, 2117003.385104530025274 ], [ 4909326.487013429403305, 2117033.165768804959953 ], [ 4909356.350049273110926, 2117033.128163807094097 ], [ 4909356.312555177137256, 2117003.347501514479518 ], [ 4909326.449506977573037, 2117003.385104530025274 ] ] ] ] } },
{ "type": "Feature", "properties": { "id": "+394003+278089", "Area_ha": 0.088934549341071395, "count": 1, "value": 1, "Porcentaje_Cobertura_Forestal": 0.0, "NDVI_Medio_Poligono": 0.60301113102317627, "Codigo_Tipo_Bosque_Predom": 0.0, "Densidad_C_Media_tC_ha": 12.639378547668455, "Carbono_Perdido_tC": 1.1240774350880995, "Nombre_Tipo_Bosque_Predom": "Sin Datos" }, "geometry": { "type": "MultiPolygon", "coordinates": [ [ [ [ 4909326.149527117609978, 2116765.139799032360315 ], [ 4909326.187017624266446, 2116794.920461372938007 ], [ 4909356.050152297131717, 2116794.882872235961258 ], [ 4909356.012674141675234, 2116765.102211877703667 ], [ 4909326.149527117609978, 2116765.139799032360315 ] ] ] ] } },
{ "type": "Feature", "properties": { "id": "+394004+278119", "Area_ha": 0.088935617868675029, "count": 1, "value": 1, "Porcentaje_Cobertura_Forestal": 0.0, "NDVI_Medio_Poligono": 0.30844822486415241, "Codigo_Tipo_Bosque_Predom": 0.0, "Densidad_C_Media_tC_ha": 27.475854873657227, "Carbono_Perdido_tC": 2.4435821296587514, "Nombre_Tipo_Bosque_Predom": "Sin Datos" }, "geometry": { "type": "MultiPolygon", "coordinates": [ [ [ [ 4909354.889256058260798, 2115871.682513589039445 ], [ 4909354.926674433983862, 2115901.463166694622487 ], [ 4909384.790177358314395, 2115901.425649403128773 ], [ 4909384.752771313302219, 2115871.64499827940017 ], [ 4909354.889256058260798, 2115871.682513589039445 ] ] ] ] } },
{ "type": "Feature", "properties": { "id": "+394006+278074", "Area_ha": 0.1778679572914407, "count": 2, "value": 1, "Porcentaje_Cobertura_Forestal": 0.0, "NDVI_Medio_Poligono": 0.729596745125208, "Codigo_Tipo_Bosque_Predom": 0.0, "Densidad_C_Media_tC_ha": 7.7216572761535645, "Carbono_Perdido_tC": 1.3734354066140244, "Nombre_Tipo_Bosque_Predom": "Sin Datos" }, "geometry": { "type": "MultiPolygon", "coordinates": [ [ [ [ 4909386.438015403226018, 2117211.774538154248148 ], [ 4909386.475511087104678, 2117241.555200160946697 ], [ 4909446.201399818994105, 2117241.480024383869022 ], [ 4909446.163928856141865, 2117211.699366339016706 ], [ 4909386.438015403226018, 2117211.774538154248148 ] ] ] ] } },
{ "type": "Feature", "properties": { "id": "+394006+278090", "Area_ha": 0.35573815016614974, "count": 4, "value": 1, "Porcentaje_Cobertura_Forestal": 0.0, "NDVI_Medio_Poligono": 0.67700690394988583, "Codigo_Tipo_Bosque_Predom": 0.0, "Densidad_C_Media_tC_ha": 12.639378547668457, "Carbono_Perdido_tC": 4.4963091437972933, "Nombre_Tipo_Bosque_Predom": "Sin Datos" }, "geometry": { "type": "MultiPolygon", "coordinates": [ [ [ [ 4909385.838355367071927, 2116735.283978973515332 ], [ 4909385.91328498441726, 2116794.845295483712107 ], [ 4909445.639544395729899, 2116794.770179135724902 ], [ 4909445.564664180390537, 2116735.208870549686253 ], [ 4909385.838355367071927, 2116735.283978973515332 ] ] ] ] } },
{ "type": "Feature", "properties": { "id": "+394007+278095", "Area_ha": 0.17786939968938095, "count": 2, "value": 1, "Porcentaje_Cobertura_Forestal": 0.0, "NDVI_Medio_Poligono": 0.62210772764615119, "Codigo_Tipo_Bosque_Predom": 0.0, "Densidad_C_Media_tC_ha": 12.639378547668457, "Carbono_Perdido_tC": 2.2481586747206279, "Nombre_Tipo_Bosque_Predom": "Sin Datos" }, "geometry": { "type": "MultiPolygon", "coordinates": [ [ [ [ 4909445.377498478628695, 2116586.3056033202447 ], [ 4909445.452358787879348, 2116645.866909485775977 ], [ 4909475.315547260455787, 2116645.829379789996892 ], [ 4909475.240711646154523, 2116586.268077583983541 ], [ 4909445.377498478628695, 2116586.3056033202447 ] ] ] ] } },
{ "type": "Feature", "properties": { "id": "+394007+278099", "Area_ha": 0.088934861974244994, "count": 1, "value": 1, "Porcentaje_Cobertura_Forestal": 0.0, "NDVI_Medio_Poligono": 0.77320007328688578, "Codigo_Tipo_Bosque_Predom": 0.0, "Densidad_C_Media_tC_ha": 12.639378547668457, "Carbono_Perdido_tC": 1.1240813865771273, "Nombre_Tipo_Bosque_Predom": "Sin Datos" }, "geometry": { "type": "MultiPolygon", "coordinates": [ [ [ [ 4909445.227801749482751, 2116467.182993889320642 ], [ 4909445.265222945250571, 2116496.963645883370191 ], [ 4909475.128473149612546, 2116496.926126087550074 ], [ 4909475.09106429759413, 2116467.145476073492318 ], [ 4909445.227801749482751, 2116467.182993889320642 ] ] ] ] } },
{ "type": "Feature", "properties": { "id": "+394007+278360", "Area_ha": 10.139601218232123, "count": 114, "value": 1, "Porcentaje_Cobertura_Forestal": 0.0, "NDVI_Medio_Poligono": 0.6638448094641709, "Codigo_Tipo_Bosque_Predom": 0.0, "Densidad_C_Media_tC_ha": 11.821989990248101, "Carbono_Perdido_tC": 119.8702641070476, "Nombre_Tipo_Bosque_Predom": "Sin Datos" }, "geometry": { "type": "MultiPolygon", "coordinates": [ [ [ [ 4909375.796004632487893, 2108694.515091778710485 ], [ 4909375.906788469292223, 2108783.856872327625751 ], [ 4909525.238915496505797, 2108783.671838047914207 ], [ 4909525.460171666927636, 2108962.355346159078181 ], [ 4909555.326518057845533, 2108962.318364058155566 ], [ 4909555.363388868048787, 2108992.098947599995881 ], [ 4909615.096051337197423, 2108992.025016082450747 ], [ 4909615.169750205241144, 2109051.586175968870521 ], [ 4909704.768655962310731, 2109051.475358440540731 ], [ 4909704.842289691790938, 2109111.036507425364107 ], [ 4909734.708563285879791, 2109110.999588730279356 ], [ 4909734.745370945893228, 2109140.780161605682224 ], [ 4909764.611630378291011, 2109140.743253152817488 ], [ 4909764.57483489997685, 2109110.962682251352817 ], [ 4909794.441104535013437, 2109110.925787989515811 ], [ 4909794.477887831628323, 2109140.706356917042285 ], [ 4909854.210396798327565, 2109140.632601097226143 ], [ 4909854.173637866042554, 2109110.852036115247756 ], [ 4909884.039901565760374, 2109110.815178503282368 ], [ 4909884.003156796097755, 2109081.034615731332451 ], [ 4909854.13688091468066, 2109081.071471371687949 ], [ 4909853.953125884756446, 2108932.168651237618178 ], [ 4909824.086787131614983, 2108932.205509232357144 ], [ 4909823.976521363481879, 2108842.863814096432179 ], [ 4909764.243764858692884, 2108842.937554883770645 ], [ 4909764.20698921661824, 2108813.156986370217055 ], [ 4909734.340595819056034, 2108813.193873105570674 ], [ 4909734.303809985518456, 2108783.413302855100483 ], [ 4909644.7045813864097, 2108783.524030395317823 ], [ 4909644.667761014774442, 2108753.743454456329346 ], [ 4909555.068478052504361, 2108753.854285948444158 ], [ 4909555.031623147428036, 2108724.07370431534946 ], [ 4909465.4322858043015, 2108724.184639748651534 ], [ 4909465.395396369509399, 2108694.404052416328341 ], [ 4909375.796004632487893, 2108694.515091778710485 ] ] ] ] } },
{ "type": "Feature", "properties": { "id": "+394009+278101", "Area_ha": 0.08893491019148933, "count": 1, "value": 1, "Porcentaje_Cobertura_Forestal": 0.0, "NDVI_Medio_Poligono": 0.79138358861676605, "Codigo_Tipo_Bosque_Predom": 0.0, "Densidad_C_Media_tC_ha": 12.639378547668457, "Carbono_Perdido_tC": 1.124081996013131, "Nombre_Tipo_Bosque_Predom": "Sin Datos" }, "geometry": { "type": "MultiPolygon", "coordinates": [ [ [ [ 4909504.879537813365459, 2116407.546675289515406 ], [ 4909504.916930343024433, 2116437.327322841621935 ], [ 4909534.78020126465708, 2116437.2898317608051 ], [ 4909534.742821077816188, 2116407.50918618729338 ], [ 4909504.879537813365459, 2116407.546675289515406 ] ] ] ] } },
{ "type": "Feature", "properties": { "id": "+394009+278107", "Area_ha": 2.0455069577031302, "count": 23, "value": 1, "Porcentaje_Cobertura_Forestal": 0.0, "NDVI_Medio_Poligono": 0.71675494889828539, "Codigo_Tipo_Bosque_Predom": 0.0, "Densidad_C_Media_tC_ha": 12.639378547668457, "Carbono_Perdido_tC": 25.853936760299515, "Nombre_Tipo_Bosque_Predom": "Sin Datos" }, "geometry": { "type": "MultiPolygon", "coordinates": [ [ [ [ 4909474.791865119710565, 2116228.90028465911746 ], [ 4909474.82925805170089, 2116258.680932740215212 ], [ 4909415.102558186277747, 2116258.755953024607152 ], [ 4909415.139977787621319, 2116288.536605306435376 ], [ 4909325.549950108863413, 2116288.649234481155872 ], [ 4909325.587408722378314, 2116318.429892952553928 ], [ 4909355.450740928761661, 2116318.392335537355393 ], [ 4909355.525639452971518, 2116377.953649238217622 ], [ 4909504.842147273011506, 2116377.766027979087085 ], [ 4909504.767372161149979, 2116318.204734085127711 ], [ 4909534.630692450329661, 2116318.167250919155777 ], [ 4909534.518581721931696, 2116228.825317827053368 ], [ 4909474.791865119710565, 2116228.90028465911746 ] ] ] ] } },
{ "type": "Feature", "properties": { "id": "+394009+278135", "Area_ha": 0.26680840117335319, "count": 3, "value": 1, "Porcentaje_Cobertura_Forestal": 0.0, "NDVI_Medio_Poligono": 0.23312527339468159, "Codigo_Tipo_Bosque_Predom": 0.0, "Densidad_C_Media_tC_ha": 27.475854873657227, "Carbono_Perdido_tC": 7.3307889097115693, "Nombre_Tipo_Bosque_Predom": "Sin Datos" }, "geometry": { "type": "MultiPolygon", "coordinates": [ [ [ [ 4909533.510390822775662, 2115424.748017963953316 ], [ 4909533.473078251816332, 2115394.967380604706705 ], [ 4909473.745671204291284, 2115395.042236605659127 ], [ 4909473.783008416183293, 2115424.822877923026681 ], [ 4909533.510390822775662, 2115424.748017963953316 ] ] ], [ [ [ 4909473.820347617380321, 2115454.603519482072443 ], [ 4909473.783008416183293, 2115424.822877923026681 ], [ 4909443.919314233586192, 2115424.860326435416937 ], [ 4909443.956665757112205, 2115454.640969974454492 ], [ 4909473.820347617380321, 2115454.603519482072443 ] ] ] ] } },
{ "type": "Feature", "properties": { "id": "+394010+278095", "Area_ha": 0.17786932821703666, "count": 2, "value": 1, "Porcentaje_Cobertura_Forestal": 0.0, "NDVI_Medio_Poligono": 0.60196887173682878, "Codigo_Tipo_Bosque_Predom": 0.0, "Densidad_C_Media_tC_ha": 12.639378547668457, "Carbono_Perdido_tC": 2.248157771354613, "Nombre_Tipo_Bosque_Predom": "Sin Datos" }, "geometry": { "type": "MultiPolygon", "coordinates": [ [ [ [ 4909534.967132028192282, 2116586.193063254468143 ], [ 4909535.041918253526092, 2116645.754357543773949 ], [ 4909564.905100774951279, 2116645.716864993795753 ], [ 4909564.830339242704213, 2116586.155574660282582 ], [ 4909534.967132028192282, 2116586.193063254468143 ] ] ] ] } },
{ "type": "Feature", "properties": { "id": "+394012+278054", "Area_ha": 0.088933179383169039, "count": 1, "value": 1, "Porcentaje_Cobertura_Forestal": 0.0, "NDVI_Medio_Poligono": 0.42336129346205031, "Codigo_Tipo_Bosque_Predom": 0.0, "Densidad_C_Media_tC_ha": 7.7216572761535645, "Carbono_Perdido_tC": 0.68671153167551735, "Nombre_Tipo_Bosque_Predom": "Sin Datos" }, "geometry": { "type": "MultiPolygon", "coordinates": [ [ [ [ 4909596.227238540537655, 2117807.124662752263248 ], [ 4909596.264687447808683, 2117836.905315749812871 ], [ 4909626.127371565438807, 2117836.867768896277994 ], [ 4909626.089935032650828, 2117807.087117875460535 ], [ 4909596.227238540537655, 2117807.124662752263248 ] ] ] ] } },
{ "type": "Feature", "properties": { "id": "+394012+278074", "Area_ha": 0.088933901219435216, "count": 1, "value": 1, "Porcentaje_Cobertura_Forestal": 0.0, "NDVI_Medio_Poligono": 0.66523887013368455, "Codigo_Tipo_Bosque_Predom": 0.0, "Densidad_C_Media_tC_ha": 7.7216572761535645, "Carbono_Perdido_tC": 0.68671710544777431, "Nombre_Tipo_Bosque_Predom": "Sin Datos" }, "geometry": { "type": "MultiPolygon", "coordinates": [ [ [ [ 4909595.478677748702466, 2117211.511653704103082 ], [ 4909595.516086908057332, 2117241.292301855515689 ], [ 4909625.379018375650048, 2117241.25479453522712 ], [ 4909625.341621576808393, 2117211.474148360081017 ], [ 4909595.478677748702466, 2117211.511653704103082 ] ] ] ] } },
{ "type": "Feature", "properties": { "id": "+394012+278089", "Area_ha": 0.088934442091967505, "count": 1, "value": 1, "Porcentaje_Cobertura_Forestal": 0.0, "NDVI_Medio_Poligono": 0.54702560904716169, "Codigo_Tipo_Bosque_Predom": 1.967374324798584, "Densidad_C_Media_tC_ha": 12.639378547668459, "Carbono_Perdido_tC": 1.1240760795260769, "Nombre_Tipo_Bosque_Predom": "Sin Datos" }, "geometry": { "type": "MultiPolygon", "coordinates": [ [ [ [ 4909594.917778834700584, 2116764.801960487384349 ], [ 4909594.955158184282482, 2116794.582605008035898 ], [ 4909624.818274991586804, 2116794.545127337798476 ], [ 4909624.780907992273569, 2116764.764484793879092 ], [ 4909594.917778834700584, 2116764.801960487384349 ] ] ] ] } },
{ "type": "Feature", "properties": { "id": "+394012+278096", "Area_ha": 0.08893469435247825, "count": 1, "value": 1, "Porcentaje_Cobertura_Forestal": 0.0, "NDVI_Medio_Poligono": 0.53251470208471563, "Codigo_Tipo_Bosque_Predom": 0.0, "Densidad_C_Media_tC_ha": 12.639378547668457, "Carbono_Perdido_tC": 1.1240792679421647, "Nombre_Tipo_Bosque_Predom": "Sin Datos" }, "geometry": { "type": "MultiPolygon", "coordinates": [ [ [ [ 4909594.656179036013782, 2116556.337455620057881 ], [ 4909594.69354447349906, 2116586.118098447099328 ], [ 4909624.556747721508145, 2116586.08063461445272 ], [ 4909624.519394630566239, 2116556.299993764143437 ], [ 4909594.656179036013782, 2116556.337455620057881 ] ] ] ] } },
{ "type": "Feature", "properties": { "id": "+394012+278101", "Area_ha": 0.17786970104426145, "count": 2, "value": 1, "Porcentaje_Cobertura_Forestal": 0.0, "NDVI_Medio_Poligono": 0.7489277775622879, "Codigo_Tipo_Bosque_Predom": 0.0, "Densidad_C_Media_tC_ha": 12.639378547668457, "Carbono_Perdido_tC": 2.2481624836590397, "Nombre_Tipo_Bosque_Predom": "Sin Datos" }, "geometry": { "type": "MultiPolygon", "coordinates": [ [ [ [ 4909624.370002371259034, 2116437.177432896569371 ], [ 4909624.332659212872386, 2116407.396793256048113 ], [ 4909594.469381897710264, 2116407.434245227836072 ], [ 4909594.506737398914993, 2116437.214886845555156 ], [ 4909624.370002371259034, 2116437.177432896569371 ] ] ], [ [ [ 4909654.270598163828254, 2116466.920629231724888 ], [ 4909654.233265362679958, 2116437.139991325326264 ], [ 4909624.370002371259034, 2116437.177432896569371 ], [ 4909624.40734751522541, 2116466.958072779234499 ], [ 4909654.270598163828254, 2116466.920629231724888 ] ] ] ] } },
{ "type": "Feature", "properties": { "id": "+394013+278098", "Area_ha": 0.2668041558101773, "count": 3, "value": 1, "Porcentaje_Cobertura_Forestal": 0.0, "NDVI_Medio_Poligono": 0.51901877740478908, "Codigo_Tipo_Bosque_Predom": 0.0, "Densidad_C_Media_tC_ha": 12.639378547668457, "Carbono_Perdido_tC": 3.3722387233759474, "Nombre_Tipo_Bosque_Predom": "Sin Datos" }, "geometry": { "type": "MultiPolygon", "coordinates": [ [ [ [ 4909654.345269724726677, 2116526.481905770488083 ], [ 4909654.307932951487601, 2116496.701267380267382 ], [ 4909624.444694646634161, 2116496.738712903577834 ], [ 4909624.482043765485287, 2116526.519353270065039 ], [ 4909654.345269724726677, 2116526.481905770488083 ] ] ], [ [ [ 4909714.109029767103493, 2116556.187682590913028 ], [ 4909714.071715698577464, 2116526.407047909218818 ], [ 4909654.345269724726677, 2116526.481905770488083 ], [ 4909654.382608483545482, 2116556.262544402386993 ], [ 4909714.109029767103493, 2116556.187682590913028 ] ] ] ] } },
{ "type": "Feature", "properties": { "id": "+394013+278105", "Area_ha": 0.088935006656410409, "count": 1, "value": 1, "Porcentaje_Cobertura_Forestal": 0.0, "NDVI_Medio_Poligono": 0.67405425168314104, "Codigo_Tipo_Bosque_Predom": 0.0, "Densidad_C_Media_tC_ha": 12.639378547668457, "Carbono_Perdido_tC": 1.1240832152697851, "Nombre_Tipo_Bosque_Predom": "Sin Datos" }, "geometry": { "type": "MultiPolygon", "coordinates": [ [ [ [ 4909624.183306207880378, 2116288.274236995726824 ], [ 4909624.220641419291496, 2116318.054875670000911 ], [ 4909654.083953778259456, 2116318.017442003358155 ], [ 4909654.046630907803774, 2116288.236805305350572 ], [ 4909624.183306207880378, 2116288.274236995726824 ] ] ] ] } },
{ "type": "Feature", "properties": { "id": "+394015+278114", "Area_ha": 0.17787062569852277, "count": 2, "value": 1, "Porcentaje_Cobertura_Forestal": 0.0, "NDVI_Medio_Poligono": 0.48089345644668885, "Codigo_Tipo_Bosque_Predom": 0.0, "Densidad_C_Media_tC_ha": 12.639378547668457, "Carbono_Perdido_tC": 2.2481741707142744, "Nombre_Tipo_Bosque_Predom": "Sin Datos" }, "geometry": { "type": "MultiPolygon", "coordinates": [ [ [ [ 4909653.710814442485571, 2116020.211085906717926 ], [ 4909653.748119438998401, 2116049.99172042729333 ], [ 4909713.474960288032889, 2116049.916925771627575 ], [ 4909713.437679960392416, 2116020.13629520079121 ], [ 4909653.710814442485571, 2116020.211085906717926 ] ] ] ] } },
{ "type": "Feature", "properties": { "id": "+394016+278072", "Area_ha": 0.088933781508533871, "count": 1, "value": 1, "Porcentaje_Cobertura_Forestal": 0.0, "NDVI_Medio_Poligono": 0.48638586597308336, "Codigo_Tipo_Bosque_Predom": 0.0, "Densidad_C_Media_tC_ha": 8.9683813056298742, "Carbono_Perdido_tC": 0.79759206352010692, "Nombre_Tipo_Bosque_Predom": "Sin Datos" }, "geometry": { "type": "MultiPolygon", "coordinates": [ [ [ [ 4909715.005162593908608, 2117270.922987433150411 ], [ 4909715.042526281438768, 2117300.703628166113049 ], [ 4909744.905425102449954, 2117300.666166477836668 ], [ 4909744.868073777295649, 2117270.885527718812227 ], [ 4909715.005162593908608, 2117270.922987433150411 ] ] ] ] } },
{ "type": "Feature", "properties": { "id": "+394016+278079", "Area_ha": 0.088934033994263154, "count": 1, "value": 1, "Porcentaje_Cobertura_Forestal": 0.0, "NDVI_Medio_Poligono": 0.56624016321157511, "Codigo_Tipo_Bosque_Predom": 0.0, "Densidad_C_Media_tC_ha": 8.9556309728441565, "Carbono_Perdido_tC": 0.79646038937899821, "Nombre_Tipo_Bosque_Predom": "Sin Datos" }, "geometry": { "type": "MultiPolygon", "coordinates": [ [ [ [ 4909714.743672357872128, 2117062.458509084768593 ], [ 4909714.78102215193212, 2117092.239148123189807 ], [ 4909744.644007491879165, 2117092.201700252946466 ], [ 4909744.606670055538416, 2117062.421063188929111 ], [ 4909714.743672357872128, 2117062.458509084768593 ] ] ] ] } },
{ "type": "Feature", "properties": { "id": "+394016+278106", "Area_ha": 0.088935006989636162, "count": 1, "value": 1, "Porcentaje_Cobertura_Forestal": 0.0, "NDVI_Medio_Poligono": 0.59078302987199371, "Codigo_Tipo_Bosque_Predom": 0.0, "Densidad_C_Media_tC_ha": 6.8911767172011187, "Carbono_Perdido_tC": 0.61286684951109949, "Nombre_Tipo_Bosque_Predom": "Sin Datos" }, "geometry": { "type": "MultiPolygon", "coordinates": [ [ [ [ 4909713.735978155396879, 2116258.381346542388201 ], [ 4909713.773274361155927, 2116288.161979046650231 ], [ 4909743.636593117378652, 2116288.124584477860481 ], [ 4909743.599309250712395, 2116258.343953948002309 ], [ 4909713.735978155396879, 2116258.381346542388201 ] ] ] ] } },
{ "type": "Feature", "properties": { "id": "+394017+278114", "Area_ha": 0.088935283139375682, "count": 1, "value": 1, "Porcentaje_Cobertura_Forestal": 0.0, "NDVI_Medio_Poligono": 0.36934459442606432, "Codigo_Tipo_Bosque_Predom": 0.0, "Densidad_C_Media_tC_ha": 5.5749049186706543, "Carbono_Perdido_tC": 0.49580574741707278, "Nombre_Tipo_Bosque_Predom": "Sin Datos" }, "geometry": { "type": "MultiPolygon", "coordinates": [ [ [ [ 4909743.301109748892486, 2116020.098918400704861 ], [ 4909743.338377742096782, 2116049.879546996671706 ], [ 4909773.201793218031526, 2116049.842180591076612 ], [ 4909773.164537559263408, 2116020.061553968582302 ], [ 4909743.301109748892486, 2116020.098918400704861 ] ] ] ] } },
{ "type": "Feature", "properties": { "id": "+394018+278054", "Area_ha": 0.17786618002912438, "count": 2, "value": 1, "Porcentaje_Cobertura_Forestal": 0.0, "NDVI_Medio_Poligono": 0.7153725949314228, "Codigo_Tipo_Bosque_Predom": 0.0, "Densidad_C_Media_tC_ha": 9.1778106689453125, "Carbono_Perdido_tC": 1.6324221247158455, "Nombre_Tipo_Bosque_Predom": "Sin Datos" }, "geometry": { "type": "MultiPolygon", "coordinates": [ [ [ [ 4909775.403387783095241, 2117806.89957960229367 ], [ 4909775.478139095008373, 2117866.460862139239907 ], [ 4909805.340798960067332, 2117866.423387761693448 ], [ 4909805.266072395257652, 2117806.862109169829637 ], [ 4909775.403387783095241, 2117806.89957960229367 ] ] ] ] } },
{ "type": "Feature", "properties": { "id": "+394018+278110", "Area_ha": 0.088935127264680336, "count": 1, "value": 1, "Porcentaje_Cobertura_Forestal": 0.0, "NDVI_Medio_Poligono": 0.17424815791522161, "Codigo_Tipo_Bosque_Predom": 0.0, "Densidad_C_Media_tC_ha": 5.5749049186706543, "Carbono_Perdido_tC": 0.495804878430467, "Nombre_Tipo_Bosque_Predom": "Sin Datos" }, "geometry": { "type": "MultiPolygon", "coordinates": [ [ [ [ 4909773.313572095707059, 2116139.184061914216727 ], [ 4909773.350835689343512, 2116168.964689503889531 ], [ 4909803.214199842885137, 2116168.927327575162053 ], [ 4909803.176948586478829, 2116139.146701958496124 ], [ 4909773.313572095707059, 2116139.184061914216727 ] ] ] ] } },
{ "type": "Feature", "properties": { "id": "+394018+278384", "Area_ha": 0.088944920242211081, "count": 1, "value": 1, "Porcentaje_Cobertura_Forestal": 0.0, "NDVI_Medio_Poligono": 0.64218635612281749, "Codigo_Tipo_Bosque_Predom": 0.88753980398178101, "Densidad_C_Media_tC_ha": 18.013427734375, "Carbono_Perdido_tC": 1.6022028931228174, "Nombre_Tipo_Bosque_Predom": "Sin Datos" }, "geometry": { "type": "MultiPolygon", "coordinates": [ [ [ [ 4909763.178076597861946, 2107979.301164780277759 ], [ 4909763.214796698652208, 2108009.081726619973779 ], [ 4909793.081516603007913, 2108009.044905385468155 ], [ 4909793.044808659702539, 2107979.264345519710332 ], [ 4909763.178076597861946, 2107979.301164780277759 ] ] ] ] } },
{ "type": "Feature", "properties": { "id": "+394020+278342", "Area_ha": 3.5577324740115319, "count": 40, "value": 1, "Porcentaje_Cobertura_Forestal": 0.0, "NDVI_Medio_Poligono": 0.48572357151124651, "Codigo_Tipo_Bosque_Predom": 0.0, "Densidad_C_Media_tC_ha": 21.379507927915999, "Carbono_Perdido_tC": 76.062569633533741, "Nombre_Tipo_Bosque_Predom": "Sin Datos" }, "geometry": { "type": "MultiPolygon", "coordinates": [ [ [ [ 4909615.390894494019449, 2109230.269661359488964 ], [ 4909615.501493461430073, 2109319.611407276708633 ], [ 4909645.367687714286149, 2109319.574438093230128 ], [ 4909645.404545824043453, 2109349.35501856636256 ], [ 4909705.13690400775522, 2109349.281112910714 ], [ 4909705.173739729449153, 2109379.061689669732004 ], [ 4909735.03990366216749, 2109379.024753199890256 ], [ 4909735.076729181222618, 2109408.805328223854303 ], [ 4909764.942878946661949, 2109408.768402002286166 ], [ 4909765.016511559486389, 2109468.329548818524927 ], [ 4909794.882634968496859, 2109468.292630873154849 ], [ 4909794.919442060403526, 2109498.07320266449824 ], [ 4909824.7855512984097, 2109498.03629497019574 ], [ 4909824.748756396584213, 2109468.255725151859224 ], [ 4909854.614875845611095, 2109468.218831655103713 ], [ 4909854.54131636582315, 2109408.657696675974876 ], [ 4909794.80902673304081, 2109408.731488003861159 ], [ 4909794.661834058351815, 2109289.609205132350326 ], [ 4909884.260411784984171, 2109289.498560144100338 ], [ 4909884.223655128851533, 2109259.717995941173285 ], [ 4909854.357452345080674, 2109259.754863411653787 ], [ 4909854.32068548630923, 2109229.9742974746041 ], [ 4909615.390894494019449, 2109230.269661359488964 ] ] ] ] } },
{ "type": "Feature", "properties": { "id": "+394022+278017", "Area_ha": 0.088931723190331838, "count": 1, "value": 1, "Porcentaje_Cobertura_Forestal": 0.0, "NDVI_Medio_Poligono": 0.43077391206927751, "Codigo_Tipo_Bosque_Predom": 0.0, "Densidad_C_Media_tC_ha": 4.4345808029174796, "Carbono_Perdido_tC": 0.39437491243021677, "Nombre_Tipo_Bosque_Predom": "Sin Datos" }, "geometry": { "type": "MultiPolygon", "coordinates": [ [ [ [ 4909896.236464843153954, 2118908.633364512119442 ], [ 4909896.273863301612437, 2118938.414006751962006 ], [ 4909926.136069346219301, 2118938.376511088106781 ], [ 4909926.098683286458254, 2118908.595870818477124 ], [ 4909896.236464843153954, 2118908.633364512119442 ] ] ] ] } },
{ "type": "Feature", "properties": { "id": "+394022+278367", "Area_ha": 1.8678274459977693, "count": 21, "value": 1, "Porcentaje_Cobertura_Forestal": 0.0, "NDVI_Medio_Poligono": 0.71412954219471936, "Codigo_Tipo_Bosque_Predom": 0.0, "Densidad_C_Media_tC_ha": 18.013427734375, "Carbono_Perdido_tC": 33.645974718763043, "Nombre_Tipo_Bosque_Predom": "Sin Datos" }, "geometry": { "type": "MultiPolygon", "coordinates": [ [ [ [ 4909883.268677414394915, 2108485.423410415183753 ], [ 4909883.305382563732564, 2108515.203968413639814 ], [ 4909823.572366186417639, 2108515.277616972103715 ], [ 4909823.609097654931247, 2108545.058179154992104 ], [ 4909853.475594663061202, 2108545.021346801891923 ], [ 4909853.512315943837166, 2108574.801907250657678 ], [ 4909883.378798805177212, 2108574.765085129532963 ], [ 4909883.452222971245646, 2108634.326202797703445 ], [ 4909913.318679515272379, 2108634.289388939738274 ], [ 4909913.355382398702204, 2108664.069946161005646 ], [ 4910002.954703657887876, 2108663.959571913816035 ], [ 4910002.808050052262843, 2108544.837368097621948 ], [ 4909943.075073823332787, 2108544.910922966897488 ], [ 4909943.038391030393541, 2108515.130368669517338 ], [ 4909913.171887787058949, 2108515.167162439785898 ], [ 4909913.135194805450737, 2108485.386606412008405 ], [ 4909883.268677414394915, 2108485.423410415183753 ] ] ] ] } },
{ "type": "Feature", "properties": { "id": "+394023+278054", "Area_ha": 0.088933048734106707, "count": 1, "value": 1, "Porcentaje_Cobertura_Forestal": 0.0, "NDVI_Medio_Poligono": 0.65487739277803336, "Codigo_Tipo_Bosque_Predom": 0.0, "Densidad_C_Media_tC_ha": 9.1778106689453125, "Carbono_Perdido_tC": 0.81621068349371795, "Nombre_Tipo_Bosque_Predom": "Sin Datos" }, "geometry": { "type": "MultiPolygon", "coordinates": [ [ [ [ 4909924.716791070997715, 2117806.712351514957845 ], [ 4909924.754103867337108, 2117836.492982805240899 ], [ 4909954.616766220889986, 2117836.455572440754622 ], [ 4909954.579465798102319, 2117806.674943119753152 ], [ 4909924.716791070997715, 2117806.712351514957845 ] ] ] ] } },
{ "type": "Feature", "properties": { "id": "+394023+278081", "Area_ha": 0.1778680579131702, "count": 2, "value": 1, "Porcentaje_Cobertura_Forestal": 0.0, "NDVI_Medio_Poligono": 0.76294533833180322, "Codigo_Tipo_Bosque_Predom": 0.0, "Densidad_C_Media_tC_ha": 9.1778106689453125, "Carbono_Perdido_tC": 1.6324393595800761, "Nombre_Tipo_Bosque_Predom": "Sin Datos" }, "geometry": { "type": "MultiPolygon", "coordinates": [ [ [ [ 4909893.847083512693644, 2117002.672765898052603 ], [ 4909893.884355201385915, 2117032.453392615541816 ], [ 4909953.610349602997303, 2117032.378665847703815 ], [ 4909953.573102626018226, 2117002.598043069709092 ], [ 4909893.847083512693644, 2117002.672765898052603 ] ] ] ] } },
{ "type": "Feature", "properties": { "id": "+394023+278340", "Area_ha": 0.97837537117573958, "count": 11, "value": 1, "Porcentaje_Cobertura_Forestal": 0.0, "NDVI_Medio_Poligono": 0.66925971748471358, "Codigo_Tipo_Bosque_Predom": 0.0, "Densidad_C_Media_tC_ha": 31.812591552734375, "Carbono_Perdido_tC": 31.124656068468692, "Nombre_Tipo_Bosque_Predom": "Sin Datos" }, "geometry": { "type": "MultiPolygon", "coordinates": [ [ [ [ 4909914.126600406132638, 2109289.461702922359109 ], [ 4909914.236845700070262, 2109378.803391052875668 ], [ 4909884.370693637989461, 2109378.840254188049585 ], [ 4909884.480993319302797, 2109468.181950382422656 ], [ 4909914.347108815796673, 2109468.145081334747374 ], [ 4909914.273598091676831, 2109408.583954241126776 ], [ 4909944.139735986478627, 2109408.547101358883083 ], [ 4909944.102995782159269, 2109378.766540140844882 ], [ 4910003.835290026850998, 2109378.692874983884394 ], [ 4910003.761864305473864, 2109319.131761143449694 ], [ 4909944.029521313495934, 2109319.205418422818184 ], [ 4909943.992787048220634, 2109289.424857920967042 ], [ 4909914.126600406132638, 2109289.461702922359109 ] ] ] ] } },
{ "type": "Feature", "properties": { "id": "+394025+278072", "Area_ha": 0.26680105971528101, "count": 3, "value": 1, "Porcentaje_Cobertura_Forestal": 0.0, "NDVI_Medio_Poligono": 0.59251822311931535, "Codigo_Tipo_Bosque_Predom": 0.0, "Densidad_C_Media_tC_ha": 9.1778106689453125, "Carbono_Perdido_tC": 2.4486496123408212, "Nombre_Tipo_Bosque_Predom": "Sin Datos" }, "geometry": { "type": "MultiPolygon", "coordinates": [ [ [ [ 4909924.045499338768423, 2117270.661029741633683 ], [ 4909924.082776493392885, 2117300.441656669601798 ], [ 4910013.671425512060523, 2117300.329569115769118 ], [ 4910013.634185443632305, 2117270.548948094248772 ], [ 4909924.045499338768423, 2117270.661029741633683 ] ] ] ] } },
{ "type": "Feature", "properties": { "id": "+394025+278079", "Area_ha": 0.3557355887964368, "count": 4, "value": 1, "Porcentaje_Cobertura_Forestal": 0.0, "NDVI_Medio_Poligono": 0.73851443320370902, "Codigo_Tipo_Bosque_Predom": 0.0, "Densidad_C_Media_tC_ha": 9.1778106689453125, "Carbono_Perdido_tC": 3.2648738821794803, "Nombre_Tipo_Bosque_Predom": "Sin Datos" }, "geometry": { "type": "MultiPolygon", "coordinates": [ [ [ [ 4910013.410786813125014, 2117091.865227167028934 ], [ 4910013.373560592532158, 2117062.084607840981334 ], [ 4909953.647598799318075, 2117062.159288983792067 ], [ 4909953.684849735349417, 2117091.93991224700585 ], [ 4910013.410786813125014, 2117091.865227167028934 ] ] ], [ [ [ 4910043.348186051473022, 2117151.389138658065349 ], [ 4910043.273752391338348, 2117091.82790321437642 ], [ 4910013.410786813125014, 2117091.865227167028934 ], [ 4910013.485245190560818, 2117151.426466545555741 ], [ 4910043.348186051473022, 2117151.389138658065349 ] ] ] ] } },
{ "type": "Feature", "properties": { "id": "+394025+278390", "Area_ha": 0.26683518560988595, "count": 3, "value": 1, "Porcentaje_Cobertura_Forestal": 0.0, "NDVI_Medio_Poligono": 0.64728727454421575, "Codigo_Tipo_Bosque_Predom": 0.0, "Densidad_C_Media_tC_ha": 47.556247711181648, "Carbono_Perdido_tC": 12.689680184922869, "Nombre_Tipo_Bosque_Predom": "Sin Datos" }, "geometry": { "type": "MultiPolygon", "coordinates": [ [ [ [ 4909999.853900000452995, 2107825.867000000551343 ], [ 4909994.1458, 2107825.312000000849366 ], [ 4909988.860600000247359, 2107824.686200000345707 ], [ 4909984.103699999861419, 2107824.059800000861287 ], [ 4909979.981700000353158, 2107824.064799999818206 ], [ 4909977.021999999880791, 2107823.857699999585748 ], [ 4909972.952100000344217, 2107823.125 ], [ 4909968.247899999842048, 2107822.39299999922514 ], [ 4909964.8646, 2107821.343399999663234 ], [ 4909960.511900000274181, 2107819.978700000792742 ], [ 4909956.297899999655783, 2107816.716900000348687 ], [ 4909954.814299999736249, 2107813.557199999690056 ], [ 4909954.173600000329316, 2107808.183299999684095 ], [ 4909951.57799999974668, 2107803.233300000429153 ], [ 4909948.6694, 2107801.550699999555945 ], [ 4909947.652376746758819, 2107800.390392239671201 ], [ 4909912.291802814230323, 2107800.43388353753835 ], [ 4909912.328450247645378, 2107830.214434085879475 ], [ 4910001.928793158382177, 2107830.10422530490905 ], [ 4910001.923983711749315, 2107826.192066412884742 ], [ 4909999.853900000452995, 2107825.867000000551343 ] ] ] ] } },
{ "type": "Feature", "properties": { "id": "+394026+278035", "Area_ha": 0.088932326747628396, "count": 1, "value": 1, "Porcentaje_Cobertura_Forestal": 0.0, "NDVI_Medio_Poligono": 0.60456840315160076, "Codigo_Tipo_Bosque_Predom": 0.0, "Densidad_C_Media_tC_ha": 3.1465504169464111, "Carbono_Perdido_tC": 0.2798300498077646, "Nombre_Tipo_Bosque_Predom": "Sin Datos" }, "geometry": { "type": "MultiPolygon", "coordinates": [ [ [ [ 4910015.013385429047048, 2118372.43208731431514 ], [ 4910015.050698689185083, 2118402.212717307265848 ], [ 4910044.913119900040329, 2118402.175306785386056 ], [ 4910044.875819025561213, 2118372.394678759854287 ], [ 4910015.013385429047048, 2118372.43208731431514 ] ] ] ] } },
{ "type": "Feature", "properties": { "id": "+394026+278069", "Area_ha": 0.08893355464287743, "count": 1, "value": 1, "Porcentaje_Cobertura_Forestal": 0.0, "NDVI_Medio_Poligono": 0.60949801584054708, "Codigo_Tipo_Bosque_Predom": 0.0, "Densidad_C_Media_tC_ha": 9.1778106689453125, "Carbono_Perdido_tC": 0.81621532662863139, "Nombre_Tipo_Bosque_Predom": "Sin Datos" }, "geometry": { "type": "MultiPolygon", "coordinates": [ [ [ [ 4910013.745911583304405, 2117359.890811884775758 ], [ 4910013.783157587051392, 2117389.671433633659035 ], [ 4910043.645999557338655, 2117389.634090005420148 ], [ 4910043.608765917830169, 2117359.853470224421471 ], [ 4910013.745911583304405, 2117359.890811884775758 ] ] ] ] } },
{ "type": "Feature", "properties": { "id": "+394027+278191", "Area_ha": 0.17787582517895936, "count": 2, "value": 1, "Porcentaje_Cobertura_Forestal": 0.0, "NDVI_Medio_Poligono": 0.089323350811294944, "Codigo_Tipo_Bosque_Predom": 0.0, "Densidad_C_Media_tC_ha": 38.693317413330078, "Carbono_Perdido_tC": 6.8826057638074847, "Nombre_Tipo_Bosque_Predom": "Sin Datos" }, "geometry": { "type": "MultiPolygon", "coordinates": [ [ [ [ 4910039.081099377945065, 2113726.619670840911567 ], [ 4910039.155086111277342, 2113786.180851717945188 ], [ 4910069.019417357631028, 2113786.143758504185826 ], [ 4910068.945455191656947, 2113726.582581561990082 ], [ 4910039.081099377945065, 2113726.619670840911567 ] ] ] ] } },
{ "type": "Feature", "properties": { "id": "+394028+278065", "Area_ha": 0.26680019537096378, "count": 3, "value": 1, "Porcentaje_Cobertura_Forestal": 0.0, "NDVI_Medio_Poligono": 0.76187612737614829, "Codigo_Tipo_Bosque_Predom": 0.0, "Densidad_C_Media_tC_ha": 9.1778106689453125, "Carbono_Perdido_tC": 2.4486416795523249, "Nombre_Tipo_Bosque_Predom": "Sin Datos" }, "geometry": { "type": "MultiPolygon", "coordinates": [ [ [ [ 4910013.894907464273274, 2117479.013300331309438 ], [ 4910013.932161380536854, 2117508.793923049233854 ], [ 4910103.520532986149192, 2117508.681905757635832 ], [ 4910103.483316170051694, 2117478.901288940571249 ], [ 4910013.894907464273274, 2117479.013300331309438 ] ] ] ] } },
{ "type": "Feature", "properties": { "id": "+394028+278070", "Area_ha": 0.088933567040065831, "count": 1, "value": 1, "Porcentaje_Cobertura_Forestal": 0.0, "NDVI_Medio_Poligono": 0.59111296011514169, "Codigo_Tipo_Bosque_Predom": 0.0, "Densidad_C_Media_tC_ha": 9.1778106689453125, "Carbono_Perdido_tC": 0.81621544040767935, "Nombre_Tipo_Bosque_Predom": "Sin Datos" }, "geometry": { "type": "MultiPolygon", "coordinates": [ [ [ [ 4910073.434398978017271, 2117330.035523391328752 ], [ 4910073.47161827608943, 2117359.816140961833298 ], [ 4910103.33446866646409, 2117359.778824096545577 ], [ 4910103.297261730767787, 2117329.998208492528647 ], [ 4910073.434398978017271, 2117330.035523391328752 ] ] ] ] } },
{ "type": "Feature", "properties": { "id": "+394028+278253", "Area_ha": 0.71152074285097189, "count": 8, "value": 1, "Porcentaje_Cobertura_Forestal": 0.0, "NDVI_Medio_Poligono": 0.37327581490868406, "Codigo_Tipo_Bosque_Predom": 0.0, "Densidad_C_Media_tC_ha": 51.187270083180287, "Carbono_Perdido_tC": 36.420804434097768, "Nombre_Tipo_Bosque_Predom": "Sin Datos" }, "geometry": { "type": "MultiPolygon", "coordinates": [ [ [ [ 4910036.791434219107032, 2111880.22354068653658 ], [ 4910036.902049448341131, 2111969.565267662517726 ], [ 4910007.036968083120883, 2111969.602253146003932 ], [ 4910007.073856026865542, 2111999.382831251714379 ], [ 4910066.803992290049791, 2111999.308868627995253 ], [ 4910066.767128837294877, 2111969.528294458054006 ], [ 4910096.632206255570054, 2111969.491333533078432 ], [ 4910096.521664488129318, 2111880.149618359748274 ], [ 4910036.791434219107032, 2111880.22354068653658 ] ] ] ] } },
{ "type": "Feature", "properties": { "id": "+394028+278265", "Area_ha": 3.290795058691391, "count": 37, "value": 1, "Porcentaje_Cobertura_Forestal": 16.225173852126591, "NDVI_Medio_Poligono": 0.50435548758043802, "Codigo_Tipo_Bosque_Predom": 0.0, "Densidad_C_Media_tC_ha": 43.165512084960938, "Carbono_Perdido_tC": 142.04885387507298, "Nombre_Tipo_Bosque_Predom": "Sin Datos" }, "geometry": { "type": "MultiPolygon", "coordinates": [ [ [ [ 4910006.483886329457164, 2111522.893610331229866 ], [ 4910006.852558040991426, 2111820.69936621049419 ], [ 4910126.313116519711912, 2111820.551537294872105 ], [ 4910126.276289409957826, 2111790.770968495868146 ], [ 4910096.411140507087111, 2111790.807905344292521 ], [ 4910096.337467734701931, 2111731.246764535084367 ], [ 4910126.20264111738652, 2111731.209831618703902 ], [ 4910125.981743657030165, 2111552.526426742784679 ], [ 4910096.116496850736439, 2111552.563347862102091 ], [ 4910096.079675287008286, 2111522.782779254950583 ], [ 4910006.483886329457164, 2111522.893610331229866 ] ] ] ] } },
{ "type": "Feature", "properties": { "id": "+394029+278005", "Area_ha": 0.088931205959331419, "count": 1, "value": 1, "Porcentaje_Cobertura_Forestal": 0.0, "NDVI_Medio_Poligono": 0.33863600283676087, "Codigo_Tipo_Bosque_Predom": 0.0, "Densidad_C_Media_tC_ha": 4.4345808029174805, "Carbono_Perdido_tC": 0.39437261872755175, "Nombre_Tipo_Bosque_Predom": "Sin Datos" }, "geometry": { "type": "MultiPolygon", "coordinates": [ [ [ [ 4910105.719822977669537, 2119265.738727315329015 ], [ 4910105.7571583641693, 2119295.519358695019037 ], [ 4910135.619201770983636, 2119295.481926472391933 ], [ 4910135.58187879063189, 2119265.701297057792544 ], [ 4910105.719822977669537, 2119265.738727315329015 ] ] ] ] } },
{ "type": "Feature", "properties": { "id": "+394029+278033", "Area_ha": 0.088932218934851703, "count": 1, "value": 1, "Porcentaje_Cobertura_Forestal": 0.0, "NDVI_Medio_Poligono": 0.6175006778966311, "Codigo_Tipo_Bosque_Predom": 2.2922518253326416, "Densidad_C_Media_tC_ha": 3.1465504169464111, "Carbono_Perdido_tC": 0.27982971056942713, "Nombre_Tipo_Bosque_Predom": "Sin Datos" }, "geometry": { "type": "MultiPolygon", "coordinates": [ [ [ [ 4910104.675234479829669, 2118431.881147338543087 ], [ 4910104.712514533661306, 2118461.661771915387362 ], [ 4910134.57490505464375, 2118461.624394724145532 ], [ 4910134.537637388333678, 2118431.84377211285755 ], [ 4910104.675234479829669, 2118431.881147338543087 ] ] ] ] } },
{ "type": "Feature", "properties": { "id": "+394029+278083", "Area_ha": 0.17786806001046498, "count": 2, "value": 1, "Porcentaje_Cobertura_Forestal": 0.0, "NDVI_Medio_Poligono": 0.70712283218863026, "Codigo_Tipo_Bosque_Predom": 0.0, "Densidad_C_Media_tC_ha": 9.1778106689453125, "Carbono_Perdido_tC": 1.6324393788286506, "Nombre_Tipo_Bosque_Predom": "Sin Datos" }, "geometry": { "type": "MultiPolygon", "coordinates": [ [ [ [ 4910072.950727989897132, 2116942.887517001945525 ], [ 4910072.987921589054167, 2116972.668131425511092 ], [ 4910132.713941736146808, 2116972.593561206944287 ], [ 4910132.676772845908999, 2116942.812950714956969 ], [ 4910072.950727989897132, 2116942.887517001945525 ] ] ] ] } },
{ "type": "Feature", "properties": { "id": "+394029+278245", "Area_ha": 3.3796957300108348, "count": 38, "value": 1, "Porcentaje_Cobertura_Forestal": 0.0, "NDVI_Medio_Poligono": 0.3292402652850287, "Codigo_Tipo_Bosque_Predom": 0.0, "Densidad_C_Media_tC_ha": 55.772004987567968, "Carbono_Perdido_tC": 188.49240711062643, "Nombre_Tipo_Bosque_Predom": "Sin Datos" }, "geometry": { "type": "MultiPolygon", "coordinates": [ [ [ [ 4910126.718345358967781, 2112148.137810030486435 ], [ 4910126.681496516801417, 2112118.3572385921143 ], [ 4910096.816482301801443, 2112118.394197068642825 ], [ 4910096.853343391790986, 2112148.174770473036915 ], [ 4910126.718345358967781, 2112148.137810030486435 ] ] ], [ [ [ 4910037.381588022224605, 2112356.712776300031692 ], [ 4910007.516665894538164, 2112356.749787368811667 ], [ 4910007.99669779650867, 2112743.897362057585269 ], [ 4910037.861460577696562, 2112743.860325403977185 ], [ 4910037.972247861325741, 2112833.202073270455003 ], [ 4910067.8369718817994, 2112833.165043010842055 ], [ 4910067.689308508299291, 2112714.042720871977508 ], [ 4910037.824535438790917, 2112714.079743262380362 ], [ 4910037.455392815172672, 2112416.273935058619827 ], [ 4910067.320288462564349, 2112416.236932342406362 ], [ 4910067.172735799103975, 2112297.114623655565083 ], [ 4910097.037678487598896, 2112297.077641095966101 ], [ 4910097.000807516276836, 2112267.297066491097212 ], [ 4910126.865760483779013, 2112267.26009818399325 ], [ 4910126.755196176469326, 2112177.918381708674133 ], [ 4910096.890206458047032, 2112177.955344117246568 ], [ 4910096.853343391790986, 2112148.174770473036915 ], [ 4910066.988339452072978, 2112148.211743198800832 ], [ 4910067.135852576233447, 2112267.334047084208578 ], [ 4910037.270895664580166, 2112267.371039962861687 ], [ 4910037.381588022224605, 2112356.712776300031692 ] ] ], [ [ [ 4910127.787821190431714, 2113011.774486208334565 ], [ 4910127.714010894298553, 2112952.213329639285803 ], [ 4910097.849339876323938, 2112952.250343166757375 ], [ 4910097.701693931594491, 2112833.128025049343705 ], [ 4910067.8369718817994, 2112833.165043010842055 ], [ 4910068.021595580503345, 2112982.067951092030853 ], [ 4910097.88625630363822, 2112982.030923297163099 ], [ 4910097.923174706287682, 2113011.811503667850047 ], [ 4910127.787821190431714, 2113011.774486208334565 ] ] ] ] } },
{ "type": "Feature", "properties": { "id": "+394029+278373", "Area_ha": 0.17788876336259127, "count": 2, "value": 1, "Porcentaje_Cobertura_Forestal": 0.0, "NDVI_Medio_Poligono": 0.76006314958972199, "Codigo_Tipo_Bosque_Predom": 0.0, "Densidad_C_Media_tC_ha": 18.013427734375, "Carbono_Perdido_tC": 3.2043863835893731, "Nombre_Tipo_Bosque_Predom": "Sin Datos" }, "geometry": { "type": "MultiPolygon", "coordinates": [ [ [ [ 4910092.114579332061112, 2108306.482778368983418 ], [ 4910092.187797537073493, 2108366.043864178471267 ], [ 4910122.054349772632122, 2108366.007153462152928 ], [ 4910121.981155896559358, 2108306.446071585640311 ], [ 4910092.114579332061112, 2108306.482778368983418 ] ] ] ] } },
{ "type": "Feature", "properties": { "id": "+394030+278040", "Area_ha": 0.26679727193141151, "count": 3, "value": 1, "Porcentaje_Cobertura_Forestal": 0.0, "NDVI_Medio_Poligono": 0.62606736063852297, "Codigo_Tipo_Bosque_Predom": 2.1849918365478516, "Densidad_C_Media_tC_ha": 3.1465504169464116, "Carbono_Perdido_tC": 0.83949106723594802, "Nombre_Tipo_Bosque_Predom": "Sin Datos" }, "geometry": { "type": "MultiPolygon", "coordinates": [ [ [ [ 4910134.276819036342204, 2118223.379420622251928 ], [ 4910134.388586476445198, 2118312.721284090541303 ], [ 4910164.251036957837641, 2118312.68392914487049 ], [ 4910164.139306668192148, 2118223.342071570921689 ], [ 4910134.276819036342204, 2118223.379420622251928 ] ] ] ] } },
{ "type": "Feature", "properties": { "id": "+394030+278068", "Area_ha": 0.088933471214791643, "count": 1, "value": 1, "Porcentaje_Cobertura_Forestal": 0.0, "NDVI_Medio_Poligono": 0.46927623080771819, "Codigo_Tipo_Bosque_Predom": 0.0, "Densidad_C_Media_tC_ha": 9.1778106689453125, "Carbono_Perdido_tC": 0.81621456094145561, "Nombre_Tipo_Bosque_Predom": "Sin Datos" }, "geometry": { "type": "MultiPolygon", "coordinates": [ [ [ [ 4910133.234513632021844, 2117389.52213351149112 ], [ 4910133.271712156012654, 2117419.30274763610214 ], [ 4910163.134533874690533, 2117419.26545163616538 ], [ 4910163.097347715869546, 2117389.484839476644993 ], [ 4910133.234513632021844, 2117389.52213351149112 ] ] ] ] } },
{ "type": "Feature", "properties": { "id": "+394030+278154", "Area_ha": 0.088936567328521052, "count": 1, "value": 1, "Porcentaje_Cobertura_Forestal": 0.0, "NDVI_Medio_Poligono": 0.69771787833319532, "Codigo_Tipo_Bosque_Predom": 1.4517840147018433, "Densidad_C_Media_tC_ha": 29.430353164672852, "Carbono_Perdido_tC": 2.6174345857320795, "Nombre_Tipo_Bosque_Predom": "Sin Datos" }, "geometry": { "type": "MultiPolygon", "coordinates": [ [ [ [ 4910130.042831171303988, 2114828.390223872847855 ], [ 4910130.079859795980155, 2114858.170817205682397 ], [ 4910159.943742455914617, 2114858.133690200280398 ], [ 4910159.906726139597595, 2114828.353098832536489 ], [ 4910130.042831171303988, 2114828.390223872847855 ] ] ] ] } },
{ "type": "Feature", "properties": { "id": "+394030+278197", "Area_ha": 0.17787618431145966, "count": 2, "value": 1, "Porcentaje_Cobertura_Forestal": 0.0, "NDVI_Medio_Poligono": 0.068569688603857898, "Codigo_Tipo_Bosque_Predom": 1.0919411182403564, "Densidad_C_Media_tC_ha": 38.693317413330078, "Carbono_Perdido_tC": 6.8826196598353127, "Nombre_Tipo_Bosque_Predom": "Sin Datos" }, "geometry": { "type": "MultiPolygon", "coordinates": [ [ [ [ 4910128.452469235286117, 2113547.824938498437405 ], [ 4910128.526358556933701, 2113607.386104688979685 ], [ 4910158.390757586807013, 2113607.349060224369168 ], [ 4910158.316892825067043, 2113547.787897964473814 ], [ 4910128.452469235286117, 2113547.824938498437405 ] ] ] ] } },
{ "type": "Feature", "properties": { "id": "+394030+278375", "Area_ha": 0.088944458590463904, "count": 1, "value": 1, "Porcentaje_Cobertura_Forestal": 0.0, "NDVI_Medio_Poligono": 0.84735875090196133, "Codigo_Tipo_Bosque_Predom": 0.0, "Densidad_C_Media_tC_ha": 18.013427734375, "Carbono_Perdido_tC": 1.6021945771924313, "Nombre_Tipo_Bosque_Predom": "Sin Datos" }, "geometry": { "type": "MultiPolygon", "coordinates": [ [ [ [ 4910121.907969923689961, 2108246.884990664198995 ], [ 4910121.944561921991408, 2108276.665531006641686 ], [ 4910151.811148677952588, 2108276.628838388249278 ], [ 4910151.774568841792643, 2108246.848300012294203 ], [ 4910121.907969923689961, 2108246.884990664198995 ] ] ] ] } },
{ "type": "Feature", "properties": { "id": "+394031+278065", "Area_ha": 0.088933351124075119, "count": 1, "value": 1, "Porcentaje_Cobertura_Forestal": 0.0, "NDVI_Medio_Poligono": 0.64993034213872636, "Codigo_Tipo_Bosque_Predom": 0.0, "Densidad_C_Media_tC_ha": 9.1778106689453125, "Carbono_Perdido_tC": 0.81621345877159623, "Nombre_Tipo_Bosque_Predom": "Sin Datos" }, "geometry": { "type": "MultiPolygon", "coordinates": [ [ [ [ 4910163.208912117406726, 2117478.826676681172103 ], [ 4910163.246104201301932, 2117508.607289568055421 ], [ 4910193.108886850997806, 2117508.570000074338168 ], [ 4910193.071707133203745, 2117478.789389151614159 ], [ 4910163.208912117406726, 2117478.826676681172103 ] ] ] ] } },
{ "type": "Feature", "properties": { "id": "+394031+278082", "Area_ha": 0.088933964367242879, "count": 1, "value": 1, "Porcentaje_Cobertura_Forestal": 0.0, "NDVI_Medio_Poligono": 0.77970811484838665, "Codigo_Tipo_Bosque_Predom": 1.4365178346633911, "Densidad_C_Media_tC_ha": 9.1778106689453125, "Carbono_Perdido_tC": 0.81621908700128398, "Nombre_Tipo_Bosque_Predom": "Sin Datos" }, "geometry": { "type": "MultiPolygon", "coordinates": [ [ [ [ 4910162.576948853209615, 2116972.556294681038707 ], [ 4910162.614107363857329, 2117002.336903450079262 ], [ 4910192.477100152522326, 2117002.299647348932922 ], [ 4910192.439953996799886, 2116972.519040544517338 ], [ 4910162.576948853209615, 2116972.556294681038707 ] ] ] ] } },
{ "type": "Feature", "properties": { "id": "+394031+278384", "Area_ha": 0.17788950861990452, "count": 2, "value": 1, "Porcentaje_Cobertura_Forestal": 0.0, "NDVI_Medio_Poligono": 0.87854828270906071, "Codigo_Tipo_Bosque_Predom": 0.0, "Densidad_C_Media_tC_ha": 18.013427734375, "Carbono_Perdido_tC": 3.2043998082281289, "Nombre_Tipo_Bosque_Predom": "Sin Datos" }, "geometry": { "type": "MultiPolygon", "coordinates": [ [ [ [ 4910181.348695724271238, 2108008.56733896676451 ], [ 4910181.312145821750164, 2107978.786804701201618 ], [ 4910151.445439438335598, 2107978.823465468361974 ], [ 4910151.482001497410238, 2108008.604001699481159 ], [ 4910181.348695724271238, 2108008.56733896676451 ] ] ], [ [ [ 4910151.518565532751381, 2108038.384538169018924 ], [ 4910151.482001497410238, 2108008.604001699481159 ], [ 4910121.615305302664638, 2108008.640676624607295 ], [ 4910121.65188149549067, 2108038.421215059701353 ], [ 4910151.518565532751381, 2108038.384538169018924 ] ] ] ] } },
{ "type": "Feature", "properties": { "id": "+394032+278043", "Area_ha": 0.26679760064702424, "count": 3, "value": 1, "Porcentaje_Cobertura_Forestal": 0.0, "NDVI_Medio_Poligono": 0.57861062226954363, "Codigo_Tipo_Bosque_Predom": 0.0, "Densidad_C_Media_tC_ha": 3.1465504169464116, "Carbono_Perdido_tC": 0.83949210155619636, "Nombre_Tipo_Bosque_Predom": "Sin Datos" }, "geometry": { "type": "MultiPolygon", "coordinates": [ [ [ [ 4910164.027594150975347, 2118134.000216179527342 ], [ 4910164.102067187428474, 2118193.561452864669263 ], [ 4910193.964565228670835, 2118193.524118193890899 ], [ 4910193.927340104244649, 2118163.743501694407314 ], [ 4910223.789848560467362, 2118163.706181403249502 ], [ 4910223.752637791447341, 2118133.925567110069096 ], [ 4910164.027594150975347, 2118134.000216179527342 ] ] ] ] } },
{ "type": "Feature", "properties": { "id": "+394032+278155", "Area_ha": 0.088936579599963442, "count": 1, "value": 1, "Porcentaje_Cobertura_Forestal": 0.0, "NDVI_Medio_Poligono": 0.8057257178618249, "Codigo_Tipo_Bosque_Predom": 1.0909804105758667, "Densidad_C_Media_tC_ha": 29.430353164672852, "Carbono_Perdido_tC": 2.6174349468849631, "Nombre_Tipo_Bosque_Predom": "Sin Datos" }, "geometry": { "type": "MultiPolygon", "coordinates": [ [ [ [ 4910189.733617100864649, 2114798.535396970808506 ], [ 4910189.770619135349989, 2114828.315986134577543 ], [ 4910219.634510163217783, 2114828.278885778505355 ], [ 4910219.597520436160266, 2114798.498298578895628 ], [ 4910189.733617100864649, 2114798.535396970808506 ] ] ] ] } },
{ "type": "Feature", "properties": { "id": "+394032+278341", "Area_ha": 0.26682964532077313, "count": 3, "value": 1, "Porcentaje_Cobertura_Forestal": 0.0, "NDVI_Medio_Poligono": 0.69287341103471722, "Codigo_Tipo_Bosque_Predom": 0.63824033737182617, "Densidad_C_Media_tC_ha": 31.812591552734371, "Carbono_Perdido_tC": 8.4885425207507357, "Nombre_Tipo_Bosque_Predom": "Sin Datos" }, "geometry": { "type": "MultiPolygon", "coordinates": [ [ [ [ 4910212.788378260098398, 2109289.093802949879318 ], [ 4910212.751755641773343, 2109259.313260391354561 ], [ 4910182.885574568994343, 2109259.349993443116546 ], [ 4910182.922209372743964, 2109289.130537966266274 ], [ 4910212.788378260098398, 2109289.093802949879318 ] ] ], [ [ [ 4910182.958846151828766, 2109318.911082727834582 ], [ 4910182.922209372743964, 2109289.130537966266274 ], [ 4910123.189865688793361, 2109289.204044660553336 ], [ 4910123.226526839658618, 2109318.98459335276857 ], [ 4910182.958846151828766, 2109318.911082727834582 ] ] ] ] } },
{ "type": "Feature", "properties": { "id": "+394034+278334", "Area_ha": 8.8942680392394973, "count": 100, "value": 1, "Porcentaje_Cobertura_Forestal": 0.0, "NDVI_Medio_Poligono": 0.45677434766717251, "Codigo_Tipo_Bosque_Predom": 0.0, "Densidad_C_Media_tC_ha": 34.754865578278938, "Carbono_Perdido_tC": 309.11909012095128, "Nombre_Tipo_Bosque_Predom": "Sin Datos" }, "geometry": { "type": "MultiPolygon", "coordinates": [ [ [ [ 4910213.008155182003975, 2109467.777063202112913 ], [ 4910213.044791617430747, 2109497.55760743143037 ], [ 4910153.31262250430882, 2109497.631117192097008 ], [ 4910153.349285294301808, 2109527.411665591411293 ], [ 4910123.483209969475865, 2109527.448440774809569 ], [ 4910123.519886925816536, 2109557.228991379030049 ], [ 4910063.787754744291306, 2109557.302582357078791 ], [ 4910063.824458058923483, 2109587.083137133624405 ], [ 4910033.95840120408684, 2109587.119952930137515 ], [ 4910033.995118687860668, 2109616.900509911589324 ], [ 4910004.129072048701346, 2109616.937339903786778 ], [ 4910004.239272949285805, 2109706.279018190223724 ], [ 4910034.105283007957041, 2109706.242182292975485 ], [ 4910034.14200840331614, 2109736.022740232292563 ], [ 4910064.008004290051758, 2109735.985914597287774 ], [ 4910063.971291090361774, 2109706.205358625855297 ], [ 4910093.837297202087939, 2109706.168547188397497 ], [ 4910093.873998207040131, 2109735.949101192411035 ], [ 4910123.739990151487291, 2109735.912300018128008 ], [ 4910123.776680937968194, 2109765.692852295003831 ], [ 4910273.106550113297999, 2109765.509020055644214 ], [ 4910273.253089068457484, 2109884.63119226321578 ], [ 4910213.521244887262583, 2109884.704704173374921 ], [ 4910213.557908955030143, 2109914.485251750331372 ], [ 4910183.691996107809246, 2109914.522028020583093 ], [ 4910183.838720918633044, 2110033.644228572957218 ], [ 4910213.704584963619709, 2110033.607444445602596 ], [ 4910213.741258900612593, 2110063.387993217911571 ], [ 4910273.472956675104797, 2110063.314457746222615 ], [ 4910273.509608179330826, 2110093.095002830959857 ], [ 4910303.375441912561655, 2110093.058251488953829 ], [ 4910303.192265121266246, 2109944.155538270715624 ], [ 4910333.058157893829048, 2109944.118808975908905 ], [ 4910332.838484002277255, 2109765.435572776943445 ], [ 4910302.972518041729927, 2109765.472290300764143 ], [ 4910302.935900429263711, 2109735.691749808844179 ], [ 4910273.069920305162668, 2109735.728477601427585 ], [ 4910272.996666607446969, 2109676.16739341057837 ], [ 4910302.862671120092273, 2109676.130669543053955 ], [ 4910302.826059423387051, 2109646.350129767786711 ], [ 4910272.960042716935277, 2109646.386851673014462 ], [ 4910272.740340796299279, 2109467.703606268856674 ], [ 4910213.008155182003975, 2109467.777063202112913 ] ] ] ] } },
{ "type": "Feature", "properties": { "id": "+394034+278377", "Area_ha": 3.024105614506897, "count": 34, "value": 1, "Porcentaje_Cobertura_Forestal": 0.0, "NDVI_Medio_Poligono": 0.85740800110238513, "Codigo_Tipo_Bosque_Predom": 0.0, "Densidad_C_Media_tC_ha": 18.013427734375, "Carbono_Perdido_tC": 54.47450794803769, "Nombre_Tipo_Bosque_Predom": "Sin Datos" }, "geometry": { "type": "MultiPolygon", "coordinates": [ [ [ [ 4910241.301273235119879, 2108187.177237106021494 ], [ 4910241.337812636047602, 2108216.957769111264497 ], [ 4910271.204415833577514, 2108216.921129212714732 ], [ 4910271.167888593859971, 2108187.140599170699716 ], [ 4910241.301273235119879, 2108187.177237106021494 ] ] ], [ [ [ 4910211.471207466907799, 2108216.994421206880361 ], [ 4910211.544316513463855, 2108276.555489860475063 ], [ 4910241.410897357389331, 2108276.518833837006241 ], [ 4910241.337812636047602, 2108216.957769111264497 ], [ 4910211.471207466907799, 2108216.994421206880361 ] ] ], [ [ [ 4910241.703315168619156, 2108514.763102276716381 ], [ 4910241.666756035760045, 2108484.982567887287587 ], [ 4910271.533249749802053, 2108484.945910318754613 ], [ 4910271.496704758144915, 2108455.165378131438047 ], [ 4910301.363208673894405, 2108455.128734728321433 ], [ 4910301.326677821576595, 2108425.34820474172011 ], [ 4910331.193191935308278, 2108425.311575503554195 ], [ 4910331.010628074407578, 2108276.408938956446946 ], [ 4910360.877201044932008, 2108276.372331726364791 ], [ 4910360.804213623516262, 2108216.811282698996365 ], [ 4910301.071017064154148, 2108216.884501511231065 ], [ 4910301.107534114271402, 2108246.665029828902334 ], [ 4910271.240945044904947, 2108246.701659493148327 ], [ 4910271.277476229704916, 2108276.482190012000501 ], [ 4910241.410897357389331, 2108276.518833837006241 ], [ 4910241.593643691390753, 2108425.421499823685735 ], [ 4910181.860601680353284, 2108425.494843711145222 ], [ 4910181.933762694709003, 2108485.055919631849974 ], [ 4910211.800260350108147, 2108485.019237658008933 ], [ 4910211.836831650696695, 2108514.799774011597037 ], [ 4910241.703315168619156, 2108514.763102276716381 ] ], [ [ 4910271.46016173902899, 2108425.384846182074398 ], [ 4910271.423620692454278, 2108395.604314470663667 ], [ 4910301.290148940868676, 2108395.567674993537366 ], [ 4910301.326677821576595, 2108425.34820474172011 ], [ 4910271.46016173902899, 2108425.384846182074398 ] ] ], [ [ [ 4910331.193191935308278, 2108425.311575503554195 ], [ 4910331.229710621759295, 2108455.092103528324515 ], [ 4910390.96270861197263, 2108455.018877733964473 ], [ 4910390.889721877872944, 2108395.457829766906798 ], [ 4910361.02319953404367, 2108395.494432641658932 ], [ 4910361.059704082086682, 2108425.27495846664533 ], [ 4910331.193191935308278, 2108425.311575503554195 ] ] ], [ [ [ 4910301.436276294291019, 2108514.689795417245477 ], [ 4910301.399741497822106, 2108484.909264953806996 ], [ 4910271.533249749802053, 2108484.945910318754613 ], [ 4910271.569796714000404, 2108514.726442745421082 ], [ 4910301.436276294291019, 2108514.689795417245477 ] ] ] ] } },
{ "type": "Feature", "properties": { "id": "+394035+278070", "Area_ha": 0.71146710864603524, "count": 8, "value": 1, "Porcentaje_Cobertura_Forestal": 0.0, "NDVI_Medio_Poligono": 0.61576353381966253, "Codigo_Tipo_Bosque_Predom": 0.0, "Densidad_C_Media_tC_ha": 9.1778106689453125, "Carbono_Perdido_tC": 6.5297104203352561, "Nombre_Tipo_Bosque_Predom": "Sin Datos" }, "geometry": { "type": "MultiPolygon", "coordinates": [ [ [ [ 4910312.374366466887295, 2117359.517953287810087 ], [ 4910312.337246073409915, 2117329.737351427786052 ], [ 4910282.474397106096148, 2117329.774579548276961 ], [ 4910282.511529862880707, 2117359.555183370131999 ], [ 4910312.374366466887295, 2117359.517953287810087 ] ] ], [ [ [ 4910342.311423078179359, 2117419.041936127934605 ], [ 4910342.422770821489394, 2117508.383738732896745 ], [ 4910372.285541667602956, 2117508.346523644402623 ], [ 4910372.100033775903285, 2117359.443530316464603 ], [ 4910312.374366466887295, 2117359.517953287810087 ], [ 4910312.44861316960305, 2117419.079157734755427 ], [ 4910342.311423078179359, 2117419.041936127934605 ] ] ] ] } },
{ "type": "Feature", "properties": { "id": "+394035+278081", "Area_ha": 0.088933881048316829, "count": 1, "value": 1, "Porcentaje_Cobertura_Forestal": 0.0, "NDVI_Medio_Poligono": 0.63169139221398973, "Codigo_Tipo_Bosque_Predom": 0.0, "Densidad_C_Media_tC_ha": 9.1778106689453125, "Carbono_Perdido_tC": 0.81621832231595548, "Nombre_Tipo_Bosque_Predom": "Sin Datos" }, "geometry": { "type": "MultiPolygon", "coordinates": [ [ [ [ 4910282.066066710278392, 2117002.187953384127468 ], [ 4910282.103177772834897, 2117031.968554540537298 ], [ 4910311.966150335036218, 2117031.931346036493778 ], [ 4910311.92905162833631, 2117002.150746842380613 ], [ 4910282.066066710278392, 2117002.187953384127468 ] ] ] ] } },
{ "type": "Feature", "properties": { "id": "+394035+278152", "Area_ha": 0.71149078874737026, "count": 8, "value": 1, "Porcentaje_Cobertura_Forestal": 58.969285948339547, "NDVI_Medio_Poligono": 0.62702482035919793, "Codigo_Tipo_Bosque_Predom": 2.0, "Densidad_C_Media_tC_ha": 40.247958285913093, "Carbono_Perdido_tC": 28.636051586315563, "Nombre_Tipo_Bosque_Predom": "Bosque Secundario Joven" }, "geometry": { "type": "MultiPolygon", "coordinates": [ [ [ [ 4910309.337041920050979, 2114917.509404258336872 ], [ 4910309.300083199515939, 2114887.728822222910821 ], [ 4910279.43622269295156, 2114887.765889476519078 ], [ 4910279.473193722777069, 2114917.546473473776132 ], [ 4910309.337041920050979, 2114917.509404258336872 ] ] ], [ [ [ 4910339.23783653229475, 2114947.252927701920271 ], [ 4910339.311739210039377, 2115006.814089056104422 ], [ 4910399.039351905696094, 2115006.740000582765788 ], [ 4910398.928574710153043, 2114917.398270674981177 ], [ 4910309.337041920050979, 2114917.509404258336872 ], [ 4910309.374002612195909, 2114947.289986534509808 ], [ 4910339.23783653229475, 2114947.252927701920271 ] ] ] ] } },
{ "type": "Feature", "properties": { "id": "+394035+278292", "Area_ha": 2.4014158012296654, "count": 27, "value": 1, "Porcentaje_Cobertura_Forestal": 0.0, "NDVI_Medio_Poligono": 0.48428205438993871, "Codigo_Tipo_Bosque_Predom": 0.0, "Densidad_C_Media_tC_ha": 49.177473648835544, "Carbono_Perdido_tC": 118.09556228486916, "Nombre_Tipo_Bosque_Predom": "Sin Datos" }, "geometry": { "type": "MultiPolygon", "coordinates": [ [ [ [ 4910184.683001635596156, 2110718.596956038381904 ], [ 4910184.756466710008681, 2110778.158068758901209 ], [ 4910214.622025502845645, 2110778.121235521975905 ], [ 4910214.695474036969244, 2110837.682345270179212 ], [ 4910274.426536834798753, 2110837.608707702253014 ], [ 4910274.463239622302353, 2110867.389259009622037 ], [ 4910304.328755849972367, 2110867.352456645108759 ], [ 4910304.475537838414311, 2110986.474656418897212 ], [ 4910334.341003212146461, 2110986.43785846279934 ], [ 4910334.377691416069865, 2111016.218407042324543 ], [ 4910364.243142599239945, 2111016.181619382463396 ], [ 4910364.096450501121581, 2110897.059434343129396 ], [ 4910334.230950429104269, 2110897.096214158460498 ], [ 4910334.047568545676768, 2110748.193478440865874 ], [ 4910304.182005409151316, 2110748.230260703712702 ], [ 4910304.145322728902102, 2110718.449712316505611 ], [ 4910184.683001635596156, 2110718.596956038381904 ] ] ] ] } },
{ "type": "Feature", "properties": { "id": "+394035+278365", "Area_ha": 0.17788810067459709, "count": 2, "value": 1, "Porcentaje_Cobertura_Forestal": 0.0, "NDVI_Medio_Poligono": 0.84407607832345688, "Codigo_Tipo_Bosque_Predom": 0.0, "Densidad_C_Media_tC_ha": 18.013427734375, "Carbono_Perdido_tC": 3.2043744463070793, "Nombre_Tipo_Bosque_Predom": "Sin Datos" }, "geometry": { "type": "MultiPolygon", "coordinates": [ [ [ [ 4910241.739876034669578, 2108544.543636790011078 ], [ 4910241.776439112611115, 2108574.324171657208353 ], [ 4910301.509351562708616, 2108574.250856946222484 ], [ 4910301.472812823019922, 2108544.470326005015522 ], [ 4910241.739876034669578, 2108544.543636790011078 ] ] ] ] } },
{ "type": "Feature", "properties": { "id": "+394035+278384", "Area_ha": 1.7788928689594075, "count": 20, "value": 1, "Porcentaje_Cobertura_Forestal": 0.0, "NDVI_Medio_Poligono": 0.83774252811033845, "Codigo_Tipo_Bosque_Predom": 0.0, "Densidad_C_Media_tC_ha": 18.013427734375, "Carbono_Perdido_tC": 32.043958142195301, "Nombre_Tipo_Bosque_Predom": "Sin Datos" }, "geometry": { "type": "MultiPolygon", "coordinates": [ [ [ [ 4910121.761621926911175, 2108127.762831795029342 ], [ 4910121.798206022009254, 2108157.543371183332056 ], [ 4910181.531474854797125, 2108157.470013869926333 ], [ 4910181.494915079325438, 2108127.689478412736207 ], [ 4910300.961477746255696, 2108127.542917988263071 ], [ 4910300.778951652348042, 2107978.64028354967013 ], [ 4910270.912253146991134, 2107978.676895549986511 ], [ 4910271.058318709954619, 2108097.799010474700481 ], [ 4910211.325013060122728, 2108097.872286759782583 ], [ 4910211.251927699893713, 2108038.311220966279507 ], [ 4910181.38524760119617, 2108038.347873470745981 ], [ 4910181.458357279188931, 2108097.908943193498999 ], [ 4910091.858378112316132, 2108098.018985662143677 ], [ 4910091.894972391426563, 2108127.79952677898109 ], [ 4910121.761621926911175, 2108127.762831795029342 ] ] ], [ [ [ 4910061.918507497757673, 2108038.494605420622975 ], [ 4910061.991714444942772, 2108098.055690873879939 ], [ 4910091.858378112316132, 2108098.018985662143677 ], [ 4910091.785195482894778, 2108038.457904143724591 ], [ 4910061.918507497757673, 2108038.494605420622975 ] ] ], [ [ [ 4910032.234910533763468, 2108187.434044149704278 ], [ 4910091.968166879378259, 2108187.360609726980329 ], [ 4910091.894972391426563, 2108127.79952677898109 ], [ 4910062.028320883400738, 2108127.836233957670629 ], [ 4910062.06492929905653, 2108157.616777279879898 ], [ 4910032.198287979699671, 2108157.653498621657491 ], [ 4910032.234910533763468, 2108187.434044149704278 ] ] ] ] } },
{ "type": "Feature", "properties": { "id": "+394035+278389", "Area_ha": 0.62261443561993368, "count": 7, "value": 1, "Porcentaje_Cobertura_Forestal": 0.0, "NDVI_Medio_Poligono": 0.81631347934603182, "Codigo_Tipo_Bosque_Predom": 0.0, "Densidad_C_Media_tC_ha": 47.556247711181641, "Carbono_Perdido_tC": 29.60920632889912, "Nombre_Tipo_Bosque_Predom": "Sin Datos" }, "geometry": { "type": "MultiPolygon", "coordinates": [ [ [ [ 4910240.862954089418054, 2107829.810871516354382 ], [ 4910240.899469812400639, 2107859.591400661040097 ], [ 4910211.032718748785555, 2107859.628029189072549 ], [ 4910211.069248599931598, 2107889.408560537267476 ], [ 4910360.402923457324505, 2107889.225529976654798 ], [ 4910360.366454377770424, 2107859.445008441340178 ], [ 4910300.632966030389071, 2107859.518180173356086 ], [ 4910300.59647461399436, 2107829.737654954660684 ], [ 4910240.862954089418054, 2107829.810871516354382 ] ] ] ] } },
{ "type": "Feature", "properties": { "id": "+394036+278060", "Area_ha": 0.35573230195315408, "count": 4, "value": 1, "Porcentaje_Cobertura_Forestal": 0.0, "NDVI_Medio_Poligono": 0.59596543446711048, "Codigo_Tipo_Bosque_Predom": 0.0, "Densidad_C_Media_tC_ha": 9.1778106689453125, "Carbono_Perdido_tC": 3.2648437161541328, "Nombre_Tipo_Bosque_Predom": "Sin Datos" }, "geometry": { "type": "MultiPolygon", "coordinates": [ [ [ [ 4910312.708538731560111, 2117627.543380931951106 ], [ 4910312.745678841136396, 2117657.323985215742141 ], [ 4910342.608389811590314, 2117657.286747921258211 ], [ 4910342.571262071840465, 2117627.506145598832518 ], [ 4910312.708538731560111, 2117627.543380931951106 ] ] ], [ [ [ 4910342.608389811590314, 2117657.286747921258211 ], [ 4910342.645519522950053, 2117687.067350486293435 ], [ 4910372.508216156624258, 2117687.030123635660857 ], [ 4910372.471098816022277, 2117657.249523031059653 ], [ 4910342.608389811590314, 2117657.286747921258211 ] ] ], [ [ [ 4910282.882965904660523, 2117657.361234914045781 ], [ 4910282.920120355673134, 2117687.141841401811689 ], [ 4910312.782820922322571, 2117687.104589741677046 ], [ 4910312.745678841136396, 2117657.323985215742141 ], [ 4910282.882965904660523, 2117657.361234914045781 ] ] ], [ [ [ 4910312.782820922322571, 2117687.104589741677046 ], [ 4910312.819964975118637, 2117716.88519450975582 ], [ 4910342.682651204057038, 2117716.847953293472528 ], [ 4910342.645519522950053, 2117687.067350486293435 ], [ 4910312.782820922322571, 2117687.104589741677046 ] ] ] ] } },
{ "type": "Feature", "properties": { "id": "+394036+278251", "Area_ha": 0.17787995487858133, "count": 2, "value": 1, "Porcentaje_Cobertura_Forestal": 0.0, "NDVI_Medio_Poligono": 0.60553763115848991, "Codigo_Tipo_Bosque_Predom": 0.0, "Densidad_C_Media_tC_ha": 57.680652618408203, "Carbono_Perdido_tC": 10.260231885129574, "Nombre_Tipo_Bosque_Predom": "Sin Datos" }, "geometry": { "type": "MultiPolygon", "coordinates": [ [ [ [ 4910275.785853605717421, 2111939.489265670999885 ], [ 4910275.82262937258929, 2111969.26982584875077 ], [ 4910335.55275466106832, 2111969.19608818879351 ], [ 4910335.516003382392228, 2111939.415531935170293 ], [ 4910275.785853605717421, 2111939.489265670999885 ] ] ] ] } },
{ "type": "Feature", "properties": { "id": "+394036+278276", "Area_ha": 0.17788170463740827, "count": 2, "value": 1, "Porcentaje_Cobertura_Forestal": 0.0, "NDVI_Medio_Poligono": 0.37288116486354683, "Codigo_Tipo_Bosque_Predom": 0.0, "Densidad_C_Media_tC_ha": 43.165512084960938, "Carbono_Perdido_tC": 7.6783548712194989, "Nombre_Tipo_Bosque_Predom": "Sin Datos" }, "geometry": { "type": "MultiPolygon", "coordinates": [ [ [ [ 4910334.6345642702654, 2111224.682253930252045 ], [ 4910334.597862268798053, 2111194.901703672483563 ], [ 4910304.732482471503317, 2111194.938515360467136 ], [ 4910304.769196700304747, 2111224.719067580066621 ], [ 4910334.6345642702654, 2111224.682253930252045 ] ] ], [ [ [ 4910304.805912901647389, 2111254.499620039016008 ], [ 4910304.769196700304747, 2111224.719067580066621 ], [ 4910274.903827163390815, 2111224.755893492605537 ], [ 4910274.940555592998862, 2111254.53644791431725 ], [ 4910304.805912901647389, 2111254.499620039016008 ] ] ] ] } },
{ "type": "Feature", "properties": { "id": "+394036+278304", "Area_ha": 3.3797856982906174, "count": 38, "value": 1, "Porcentaje_Cobertura_Forestal": 0.0, "NDVI_Medio_Poligono": 0.4850089255037362, "Codigo_Tipo_Bosque_Predom": 0.0, "Densidad_C_Media_tC_ha": 50.278430938720703, "Carbono_Perdido_tC": 169.93032181918073, "Nombre_Tipo_Bosque_Predom": "Sin Datos" }, "geometry": { "type": "MultiPolygon", "coordinates": [ [ [ [ 4910214.108106822706759, 2110361.193494092673063 ], [ 4910214.254901256412268, 2110480.31570114241913 ], [ 4910273.986257230862975, 2110480.242110695224255 ], [ 4910274.022936349734664, 2110510.022659129463136 ], [ 4910214.291604799218476, 2110510.096253503579646 ], [ 4910214.401727270334959, 2110599.437912021297961 ], [ 4910184.536095179617405, 2110599.474733471870422 ], [ 4910184.609544458799064, 2110659.035844277124852 ], [ 4910304.071963282302022, 2110658.888616262003779 ], [ 4910303.888599173165858, 2110509.985880313441157 ], [ 4910393.485575838014483, 2110509.875617349520326 ], [ 4910393.448945567011833, 2110480.095076760742813 ], [ 4910363.583276435732841, 2110480.13181687425822 ], [ 4910363.546635923907161, 2110450.351274566259235 ], [ 4910333.680952611379325, 2110450.388024965301156 ], [ 4910333.571006267331541, 2110361.046393589116633 ], [ 4910214.108106822706759, 2110361.193494092673063 ] ] ] ] } },
{ "type": "Feature", "properties": { "id": "+394036+278351", "Area_ha": 0.088943535234003501, "count": 1, "value": 1, "Porcentaje_Cobertura_Forestal": 0.0, "NDVI_Medio_Poligono": 0.39909102847314309, "Codigo_Tipo_Bosque_Predom": 0.0, "Densidad_C_Media_tC_ha": 31.812591552734375, "Carbono_Perdido_tC": 2.829524357655592, "Nombre_Tipo_Bosque_Predom": "Sin Datos" }, "geometry": { "type": "MultiPolygon", "coordinates": [ [ [ [ 4910301.984534615650773, 2108961.397780884988606 ], [ 4910302.021100961603224, 2108991.178315166383982 ], [ 4910331.887383795343339, 2108991.141648651100695 ], [ 4910331.850829628296196, 2108961.361116331070662 ], [ 4910301.984534615650773, 2108961.397780884988606 ] ] ] ] } },
{ "type": "Feature", "properties": { "id": "+394037+278025", "Area_ha": 0.53359061300405597, "count": 6, "value": 1, "Porcentaje_Cobertura_Forestal": 0.0, "NDVI_Medio_Poligono": 0.38658592429243993, "Codigo_Tipo_Bosque_Predom": 0.0, "Densidad_C_Media_tC_ha": 3.1465504169464111, "Carbono_Perdido_tC": 1.6789697658266034, "Nombre_Tipo_Bosque_Predom": "Sin Datos" }, "geometry": { "type": "MultiPolygon", "coordinates": [ [ [ [ 4910373.808564341627061, 2118729.351297627203166 ], [ 4910373.734193712472916, 2118669.790079674683511 ], [ 4910343.871905666776001, 2118669.827371213585138 ], [ 4910343.946301082149148, 2118729.388593086507171 ], [ 4910373.808564341627061, 2118729.351297627203166 ] ] ], [ [ [ 4910373.808564341627061, 2118729.351297627203166 ], [ 4910373.882942851632833, 2118788.912516551092267 ], [ 4910403.745179354213178, 2118788.875229600351304 ], [ 4910403.670825632289052, 2118729.314014595467597 ], [ 4910373.808564341627061, 2118729.351297627203166 ] ] ], [ [ [ 4910314.08403585664928, 2118729.425900973379612 ], [ 4910314.158463943749666, 2118788.987127739470452 ], [ 4910344.020704380236566, 2118788.94981593079865 ], [ 4910343.946301082149148, 2118729.388593086507171 ], [ 4910314.08403585664928, 2118729.425900973379612 ] ] ] ] } },
{ "type": "Feature", "properties": { "id": "+394037+278063", "Area_ha": 0.088933208070106046, "count": 1, "value": 1, "Porcentaje_Cobertura_Forestal": 0.0, "NDVI_Medio_Poligono": 0.534551846177857, "Codigo_Tipo_Bosque_Predom": 0.0, "Densidad_C_Media_tC_ha": 9.1778106689453125, "Carbono_Perdido_tC": 0.81621214584935264, "Nombre_Tipo_Bosque_Predom": "Sin Datos" }, "geometry": { "type": "MultiPolygon", "coordinates": [ [ [ [ 4910342.459890438243747, 2117538.164339971728623 ], [ 4910342.497012265026569, 2117567.944941567257047 ], [ 4910372.359758376143873, 2117567.907722557894886 ], [ 4910372.322648916393518, 2117538.127122922800481 ], [ 4910342.459890438243747, 2117538.164339971728623 ] ] ] ] } },
{ "type": "Feature", "properties": { "id": "+394037+278157", "Area_ha": 0.80042853945791725, "count": 9, "value": 1, "Porcentaje_Cobertura_Forestal": 19.705856243205613, "NDVI_Medio_Poligono": 0.5283204544554243, "Codigo_Tipo_Bosque_Predom": 2.0, "Densidad_C_Media_tC_ha": 29.430353164672852, "Carbono_Perdido_tC": 23.556894599329784, "Nombre_Tipo_Bosque_Predom": "Bosque Secundario Joven" }, "geometry": { "type": "MultiPolygon", "coordinates": [ [ [ [ 4910368.880081608891487, 2114768.532414704095572 ], [ 4910368.843157358467579, 2114738.751837796997279 ], [ 4910338.979239248670638, 2114738.78887056093663 ], [ 4910339.016175804659724, 2114768.569449428934604 ], [ 4910368.880081608891487, 2114768.532414704095572 ] ] ], [ [ [ 4910309.189218868501484, 2114798.387077564839274 ], [ 4910309.226171674206853, 2114828.167658876162022 ], [ 4910368.953936019912362, 2114828.093569242395461 ], [ 4910368.990866181440651, 2114857.874146873131394 ], [ 4910339.126997299492359, 2114857.911187479738146 ], [ 4910339.16394173912704, 2114887.691767312586308 ], [ 4910398.891652917489409, 2114887.617694521322846 ], [ 4910398.854733094573021, 2114857.837118609342724 ], [ 4910428.718598045408726, 2114857.800102688372135 ], [ 4910428.681692499667406, 2114828.019528976641595 ], [ 4910398.817815241403878, 2114828.056542938575149 ], [ 4910398.743985443376005, 2114768.495392320211977 ], [ 4910368.880081608891487, 2114768.532414704095572 ], [ 4910368.917007829062641, 2114798.312991852872074 ], [ 4910309.189218868501484, 2114798.387077564839274 ] ] ] ] } },
{ "type": "Feature", "properties": { "id": "+394037+278229", "Area_ha": 0.088939173144850059, "count": 1, "value": 1, "Porcentaje_Cobertura_Forestal": 0.0, "NDVI_Medio_Poligono": 0.52641768273229883, "Codigo_Tipo_Bosque_Predom": 1.2813307046890259, "Densidad_C_Media_tC_ha": 57.680652618408203, "Carbono_Perdido_tC": 5.1300695503365557, "Nombre_Tipo_Bosque_Predom": "Sin Datos" }, "geometry": { "type": "MultiPolygon", "coordinates": [ [ [ [ 4910336.324986821040511, 2112594.587824966292828 ], [ 4910336.361781463027, 2112624.36838650284335 ], [ 4910366.226571617648005, 2112624.331492951605469 ], [ 4910366.189789234660566, 2112594.550933376420289 ], [ 4910336.324986821040511, 2112594.587824966292828 ] ] ] ] } },
{ "type": "Feature", "properties": { "id": "+394037+278249", "Area_ha": 0.088939888258672731, "count": 1, "value": 1, "Porcentaje_Cobertura_Forestal": 0.0, "NDVI_Medio_Poligono": 0.74720759757913047, "Codigo_Tipo_Bosque_Predom": 0.0, "Densidad_C_Media_tC_ha": 57.680652618408203, "Carbono_Perdido_tC": 5.1301107985685439, "Nombre_Tipo_Bosque_Predom": "Sin Datos" }, "geometry": { "type": "MultiPolygon", "coordinates": [ [ [ [ 4910335.589507910422981, 2111998.976644680835307 ], [ 4910335.626263130456209, 2112028.757201414555311 ], [ 4910365.491298333741724, 2112028.720347081776708 ], [ 4910365.454555358737707, 2111998.939792308956385 ], [ 4910335.589507910422981, 2111998.976644680835307 ] ] ] ] } },
{ "type": "Feature", "properties": { "id": "+394038+278033", "Area_ha": 0.088932112601735572, "count": 1, "value": 1, "Porcentaje_Cobertura_Forestal": 0.0, "NDVI_Medio_Poligono": 0.48283737179780312, "Codigo_Tipo_Bosque_Predom": 0.0, "Densidad_C_Media_tC_ha": 3.1465504169464111, "Carbono_Perdido_tC": 0.27982937598691626, "Nombre_Tipo_Bosque_Predom": "Sin Datos" }, "geometry": { "type": "MultiPolygon", "coordinates": [ [ [ [ 4910373.43678976688534, 2118431.545217464212328 ], [ 4910373.473958333954215, 2118461.325824375264347 ], [ 4910403.33633114118129, 2118461.288558979518712 ], [ 4910403.299174960702658, 2118431.50795402796939 ], [ 4910373.43678976688534, 2118431.545217464212328 ] ] ] ] } },
{ "type": "Feature", "properties": { "id": "+394038+278050", "Area_ha": 0.088932726892875513, "count": 1, "value": 1, "Porcentaje_Cobertura_Forestal": 0.0, "NDVI_Medio_Poligono": 0.56401698165551495, "Codigo_Tipo_Bosque_Predom": 0.0, "Densidad_C_Media_tC_ha": 3.1465504169464116, "Carbono_Perdido_tC": 0.27983130888495877, "Nombre_Tipo_Bosque_Predom": "Sin Datos" }, "geometry": { "type": "MultiPolygon", "coordinates": [ [ [ [ 4910372.805225570686162, 2117925.274937086738646 ], [ 4910372.842360643669963, 2117955.055539874359965 ], [ 4910402.70494394749403, 2117955.018307791557163 ], [ 4910402.6678212499246, 2117925.237706963904202 ], [ 4910372.805225570686162, 2117925.274937086738646 ] ] ] ] } },
{ "type": "Feature", "properties": { "id": "+394038+278217", "Area_ha": 0.088938731893627845, "count": 1, "value": 1, "Porcentaje_Cobertura_Forestal": 0.0, "NDVI_Medio_Poligono": 0.43281640287000467, "Codigo_Tipo_Bosque_Predom": 2.4951004981994629, "Densidad_C_Media_tC_ha": 38.693317413330078, "Carbono_Perdido_tC": 3.4413345834992053, "Nombre_Tipo_Bosque_Predom": "Sin Datos" }, "geometry": { "type": "MultiPolygon", "coordinates": [ [ [ [ 4910366.631307877600193, 2112951.917664139531553 ], [ 4910366.668113905005157, 2112981.698226597625762 ], [ 4910396.532754935324192, 2112981.661321818362921 ], [ 4910396.495961174368858, 2112951.88076132023707 ], [ 4910366.631307877600193, 2112951.917664139531553 ] ] ] ] } },
{ "type": "Feature", "properties": { "id": "+394038+278314", "Area_ha": 0.088942195282103786, "count": 1, "value": 1, "Porcentaje_Cobertura_Forestal": 0.0, "NDVI_Medio_Poligono": 0.80919245911808813, "Codigo_Tipo_Bosque_Predom": 2.6746513843536377, "Densidad_C_Media_tC_ha": 50.278430938720703, "Carbono_Perdido_tC": 4.4718740230294651, "Nombre_Tipo_Bosque_Predom": "Sin Datos" }, "geometry": { "type": "MultiPolygon", "coordinates": [ [ [ [ 4910363.070488579571247, 2110063.204246319830418 ], [ 4910363.107103475369513, 2110092.984785519074649 ], [ 4910392.972931304015219, 2110092.948070891667157 ], [ 4910392.936328610405326, 2110063.167533652856946 ], [ 4910363.070488579571247, 2110063.204246319830418 ] ] ] ] } },
{ "type": "Feature", "properties": { "id": "+394038+278367", "Area_ha": 1.7788789423161855, "count": 20, "value": 1, "Porcentaje_Cobertura_Forestal": 0.0, "NDVI_Medio_Poligono": 0.85955400452787745, "Codigo_Tipo_Bosque_Predom": 0.0, "Densidad_C_Media_tC_ha": 18.013427734375, "Carbono_Perdido_tC": 32.04370727561404, "Nombre_Tipo_Bosque_Predom": "Sin Datos" }, "geometry": { "type": "MultiPolygon", "coordinates": [ [ [ [ 4910391.072203488089144, 2108544.36045147292316 ], [ 4910390.999204934574664, 2108484.799402074888349 ], [ 4910331.266231277957559, 2108484.872631791047752 ], [ 4910331.339278506115079, 2108544.433689033146948 ], [ 4910391.072203488089144, 2108544.36045147292316 ] ] ], [ [ [ 4910510.574483424425125, 2108573.994640022981912 ], [ 4910510.538029870018363, 2108544.214122802484781 ], [ 4910480.671576220542192, 2108544.250686664134264 ], [ 4910480.635112464427948, 2108514.470167723949999 ], [ 4910450.768644685856998, 2108514.506741830613464 ], [ 4910450.80512060970068, 2108544.287262729369104 ], [ 4910391.072203488089144, 2108544.36045147292316 ], [ 4910391.181716092862189, 2108633.702027359046042 ], [ 4910450.914560195058584, 2108633.628826857544482 ], [ 4910450.841598503291607, 2108574.067783867008984 ], [ 4910510.574483424425125, 2108573.994640022981912 ] ] ], [ [ [ 4910540.586708147078753, 2108693.080149847548455 ], [ 4910540.513811610639095, 2108633.519117651041597 ], [ 4910450.914560195058584, 2108633.628826857544482 ], [ 4910450.951043993234634, 2108663.409348710440099 ], [ 4910421.084635096602142, 2108663.445944817271084 ], [ 4910421.121133035980165, 2108693.226468868553638 ], [ 4910540.586708147078753, 2108693.080149847548455 ] ] ] ] } },
{ "type": "Feature", "properties": { "id": "+394038+278381", "Area_ha": 0.53366700081575258, "count": 6, "value": 1, "Porcentaje_Cobertura_Forestal": 0.0, "NDVI_Medio_Poligono": 0.88482822591563048, "Codigo_Tipo_Bosque_Predom": 0.0, "Densidad_C_Media_tC_ha": 18.013427734375, "Carbono_Perdido_tC": 9.613171953415204, "Nombre_Tipo_Bosque_Predom": "Sin Datos" }, "geometry": { "type": "MultiPolygon", "coordinates": [ [ [ [ 4910390.5249063950032, 2108097.65260423719883 ], [ 4910390.488435680978, 2108067.872082995716482 ], [ 4910360.621779553592205, 2108067.908664302434772 ], [ 4910360.658262426964939, 2108097.689187505282462 ], [ 4910390.5249063950032, 2108097.65260423719883 ] ] ], [ [ [ 4910450.367539439350367, 2108186.921027682255954 ], [ 4910450.294636804610491, 2108127.359991845674813 ], [ 4910420.428008924238384, 2108127.396552684251219 ], [ 4910420.391548399813473, 2108097.61603316385299 ], [ 4910390.5249063950032, 2108097.65260423719883 ], [ 4910390.597853732295334, 2108157.213647435884923 ], [ 4910420.464471417479217, 2108157.177072442602366 ], [ 4910420.500935880467296, 2108186.957592439372092 ], [ 4910450.367539439350367, 2108186.921027682255954 ] ] ], [ [ [ 4910360.731234083883464, 2108157.250234625302255 ], [ 4910360.767722868360579, 2108187.030758542940021 ], [ 4910390.634330356493592, 2108186.994169393088669 ], [ 4910390.597853732295334, 2108157.213647435884923 ], [ 4910360.731234083883464, 2108157.250234625302255 ] ] ] ] } },
{ "type": "Feature", "properties": { "id": "+394039+278061", "Area_ha": 0.088933112291868024, "count": 1, "value": 1, "Porcentaje_Cobertura_Forestal": 0.0, "NDVI_Medio_Poligono": 0.8362940730447046, "Codigo_Tipo_Bosque_Predom": 0.0, "Densidad_C_Media_tC_ha": 9.1778106689453125, "Carbono_Perdido_tC": 0.81621126681481782, "Nombre_Tipo_Bosque_Predom": "Sin Datos" }, "geometry": { "type": "MultiPolygon", "coordinates": [ [ [ [ 4910402.259601580910385, 2117597.651113867759705 ], [ 4910402.296702611260116, 2117627.431712028104812 ], [ 4910432.15942005533725, 2117627.39451390504837 ], [ 4910432.12233139295131, 2117597.613917703274637 ], [ 4910402.259601580910385, 2117597.651113867759705 ] ] ] ] } },
{ "type": "Feature", "properties": { "id": "+394039+278271", "Area_ha": 0.088940650403978361, "count": 1, "value": 1, "Porcentaje_Cobertura_Forestal": 100.0, "NDVI_Medio_Poligono": 0.82766480939553, "Codigo_Tipo_Bosque_Predom": 3.0, "Densidad_C_Media_tC_ha": 43.165512084960938, "Carbono_Perdido_tC": 3.8391687198572138, "Nombre_Tipo_Bosque_Predom": "Bosque Secundario Antiguo" }, "geometry": { "type": "MultiPolygon", "coordinates": [ [ [ [ 4910394.512023146264255, 2111343.730851047672331 ], [ 4910394.548710539937019, 2111373.511398583184928 ], [ 4910424.414011062122881, 2111373.474611923564225 ], [ 4910424.377335898578167, 2111343.694066348019987 ], [ 4910394.512023146264255, 2111343.730851047672331 ] ] ] ] } },
{ "type": "Feature", "properties": { "id": "+394039+278312", "Area_ha": 0.088942112263619491, "count": 1, "value": 1, "Porcentaje_Cobertura_Forestal": 0.0, "NDVI_Medio_Poligono": 0.55309539758792736, "Codigo_Tipo_Bosque_Predom": 0.96647500991821289, "Densidad_C_Media_tC_ha": 50.278430938720703, "Carbono_Perdido_tC": 4.4718698489903366, "Nombre_Tipo_Bosque_Predom": "Sin Datos" }, "geometry": { "type": "MultiPolygon", "coordinates": [ [ [ [ 4910393.009535967372358, 2110122.728608369361609 ], [ 4910393.046142599545419, 2110152.50914608547464 ], [ 4910422.911944057792425, 2110152.472439776174724 ], [ 4910422.875349629670382, 2110122.691904020030051 ], [ 4910393.009535967372358, 2110122.728608369361609 ] ] ] ] } },
{ "type": "Feature", "properties": { "id": "+394039+278337", "Area_ha": 0.88942867757727073, "count": 10, "value": 1, "Porcentaje_Cobertura_Forestal": 42.180682844654839, "NDVI_Medio_Poligono": 0.6903690552817241, "Codigo_Tipo_Bosque_Predom": 2.0, "Densidad_C_Media_tC_ha": 31.812591552734375, "Carbono_Perdido_tC": 28.295031235054388, "Nombre_Tipo_Bosque_Predom": "Bosque Secundario Joven" }, "geometry": { "type": "MultiPolygon", "coordinates": [ [ [ [ 4910392.09501033835113, 2109378.215243155602366 ], [ 4910392.204688409343362, 2109467.556839095428586 ], [ 4910362.338604458607733, 2109467.593512551859021 ], [ 4910362.558086934499443, 2109646.276722643058747 ], [ 4910392.424097737297416, 2109646.240037423092872 ], [ 4910392.241251706145704, 2109497.337371551431715 ], [ 4910422.107321504503489, 2109497.300708359573036 ], [ 4910421.961128891445696, 2109378.178587803151459 ], [ 4910392.09501033835113, 2109378.215243155602366 ] ] ] ] } },
{ "type": "Feature", "properties": { "id": "+394040+278106", "Area_ha": 0.088934722924169915, "count": 1, "value": 1, "Porcentaje_Cobertura_Forestal": 0.0, "NDVI_Medio_Poligono": 0.25460229344772323, "Codigo_Tipo_Bosque_Predom": 0.0, "Densidad_C_Media_tC_ha": 5.5749049186706543, "Carbono_Perdido_tC": 0.49580262427056665, "Nombre_Tipo_Bosque_Predom": "Sin Datos" }, "geometry": { "type": "MultiPolygon", "coordinates": [ [ [ [ 4910430.455379489809275, 2116257.487339355051517 ], [ 4910430.492379548028111, 2116287.267924659419805 ], [ 4910460.355650981888175, 2116287.230827068910003 ], [ 4910460.318663263693452, 2116257.45024372311309 ], [ 4910430.455379489809275, 2116257.487339355051517 ] ] ] ] } },
{ "type": "Feature", "properties": { "id": "+394040+278151", "Area_ha": 0.26680889304280281, "count": 3, "value": 1, "Porcentaje_Cobertura_Forestal": 8.6270379964483261, "NDVI_Medio_Poligono": 0.56288414755057137, "Codigo_Tipo_Bosque_Predom": 1.3157573938369751, "Densidad_C_Media_tC_ha": 41.738903045654297, "Carbono_Perdido_tC": 11.136310518431893, "Nombre_Tipo_Bosque_Predom": "Sin Datos" }, "geometry": { "type": "MultiPolygon", "coordinates": [ [ [ [ 4910458.69315255433321, 2114947.104815816041082 ], [ 4910458.656253411434591, 2114917.324243339709938 ], [ 4910428.792415043339133, 2114917.361250835470855 ], [ 4910428.829326495528221, 2114947.141825270839036 ], [ 4910458.69315255433321, 2114947.104815816041082 ] ] ], [ [ [ 4910488.630756214261055, 2115006.628960467875004 ], [ 4910488.556976646184921, 2114947.067818706389517 ], [ 4910458.69315255433321, 2114947.104815816041082 ], [ 4910458.766956744715571, 2115006.665961493737996 ], [ 4910488.630756214261055, 2115006.628960467875004 ] ] ] ] } },
{ "type": "Feature", "properties": { "id": "+394040+278374", "Area_ha": 0.3557771157482697, "count": 4, "value": 1, "Porcentaje_Cobertura_Forestal": 0.0, "NDVI_Medio_Poligono": 0.70715022288309348, "Codigo_Tipo_Bosque_Predom": 0.0, "Densidad_C_Media_tC_ha": 18.013427734374996, "Carbono_Perdido_tC": 6.4087653640758244, "Nombre_Tipo_Bosque_Predom": "Sin Datos" }, "geometry": { "type": "MultiPolygon", "coordinates": [ [ [ [ 4910390.743771806359291, 2108276.335736580658704 ], [ 4910390.78025630954653, 2108306.116259489674121 ], [ 4910420.646813184022903, 2108306.079674696084112 ], [ 4910420.719763770699501, 2108365.640717313159257 ], [ 4910450.586294351145625, 2108365.604140799958259 ], [ 4910450.476907917298377, 2108276.262583111412823 ], [ 4910390.743771806359291, 2108276.335736580658704 ] ] ] ] } },
{ "type": "Feature", "properties": { "id": "+394040+278386", "Area_ha": 0.17788947338634462, "count": 2, "value": 1, "Porcentaje_Cobertura_Forestal": 0.0, "NDVI_Medio_Poligono": 0.75430227533401295, "Codigo_Tipo_Bosque_Predom": 0.0, "Densidad_C_Media_tC_ha": 47.556247711181641, "Carbono_Perdido_tC": 8.459755861572658, "Nombre_Tipo_Bosque_Predom": "Sin Datos" }, "geometry": { "type": "MultiPolygon", "coordinates": [ [ [ [ 4910390.306111418642104, 2107918.969480246305466 ], [ 4910390.342572282999754, 2107948.750000297557563 ], [ 4910450.075975903309882, 2107948.676889942027628 ], [ 4910450.039539350196719, 2107918.896373810712248 ], [ 4910390.306111418642104, 2107918.969480246305466 ] ] ] ] } },
{ "type": "Feature", "properties": { "id": "+394041+278068", "Area_ha": 1.0671992316154384, "count": 12, "value": 1, "Porcentaje_Cobertura_Forestal": 0.0, "NDVI_Medio_Poligono": 0.67303016374138092, "Codigo_Tipo_Bosque_Predom": 0.0, "Densidad_C_Media_tC_ha": 9.1778106689453125, "Carbono_Perdido_tC": 9.7945524938104107, "Nombre_Tipo_Bosque_Predom": "Sin Datos" }, "geometry": { "type": "MultiPolygon", "coordinates": [ [ [ [ 4910461.725580543279648, 2117389.112581144552678 ], [ 4910461.762643057852983, 2117418.893173690885305 ], [ 4910491.625443140976131, 2117418.856014078482985 ], [ 4910491.588392989709973, 2117389.075423490256071 ], [ 4910461.725580543279648, 2117389.112581144552678 ] ] ], [ [ [ 4910491.625443140976131, 2117418.856014078482985 ], [ 4910491.699549344368279, 2117478.417195982299745 ], [ 4910581.28786363452673, 2117478.305779800284654 ], [ 4910581.213831622153521, 2117418.744609634857625 ], [ 4910491.625443140976131, 2117418.856014078482985 ] ] ], [ [ [ 4910431.899841009639204, 2117418.930345701985061 ], [ 4910431.973996674641967, 2117478.491535437759012 ], [ 4910461.8367739925161, 2117478.454359509982169 ], [ 4910461.762643057852983, 2117418.893173690885305 ], [ 4910431.899841009639204, 2117418.930345701985061 ] ] ], [ [ [ 4910491.736605398356915, 2117508.19778729788959 ], [ 4910491.699549344368279, 2117478.417195982299745 ], [ 4910461.8367739925161, 2117478.454359509982169 ], [ 4910461.873842412605882, 2117508.234952783212066 ], [ 4910491.736605398356915, 2117508.19778729788959 ] ] ], [ [ [ 4910432.048160215839744, 2117538.052726143505424 ], [ 4910431.973996674641967, 2117478.491535437759012 ], [ 4910402.111217392608523, 2117478.528723765630275 ], [ 4910402.185405666939914, 2117538.089918389450759 ], [ 4910432.048160215839744, 2117538.052726143505424 ] ] ] ] } },
{ "type": "Feature", "properties": { "id": "+394041+278073", "Area_ha": 0.53360086095842851, "count": 6, "value": 1, "Porcentaje_Cobertura_Forestal": 0.0, "NDVI_Medio_Poligono": 0.71960775851420467, "Codigo_Tipo_Bosque_Predom": 0.0, "Densidad_C_Media_tC_ha": 9.1778106689453125, "Carbono_Perdido_tC": 4.8972876746626692, "Nombre_Tipo_Bosque_Predom": "Sin Datos" }, "geometry": { "type": "MultiPolygon", "coordinates": [ [ [ [ 4910491.440212064422667, 2117269.95306355971843 ], [ 4910491.40317175257951, 2117240.172474182676524 ], [ 4910461.540297493338585, 2117240.209622048772871 ], [ 4910461.577350166626275, 2117269.990213382989168 ], [ 4910491.440212064422667, 2117269.95306355971843 ] ] ], [ [ [ 4910461.614404808729887, 2117299.770804959814996 ], [ 4910461.6514614187181, 2117329.551396779250354 ], [ 4910491.514298591762781, 2117329.51424304023385 ], [ 4910491.477254344150424, 2117299.733653178904206 ], [ 4910461.614404808729887, 2117299.770804959814996 ] ] ], [ [ [ 4910431.751553306356072, 2117299.807969137560576 ], [ 4910461.614404808729887, 2117299.770804959814996 ], [ 4910461.577350166626275, 2117269.990213382989168 ], [ 4910401.85162047483027, 2117270.064550217241049 ], [ 4910401.96286447905004, 2117359.406337426975369 ], [ 4910431.825693219900131, 2117359.369156935252249 ], [ 4910431.751553306356072, 2117299.807969137560576 ] ] ] ] } },
{ "type": "Feature", "properties": { "id": "+394041+278165", "Area_ha": 1.6897986412228929, "count": 19, "value": 1, "Porcentaje_Cobertura_Forestal": 73.808669130993678, "NDVI_Medio_Poligono": 0.73168950458220794, "Codigo_Tipo_Bosque_Predom": 2.0, "Densidad_C_Media_tC_ha": 29.430353164672852, "Carbono_Perdido_tC": 49.731370788374051, "Nombre_Tipo_Bosque_Predom": "Bosque Secundario Joven" }, "geometry": { "type": "MultiPolygon", "coordinates": [ [ [ [ 4910488.040740052238107, 2114530.139853395055979 ], [ 4910488.003880768083036, 2114500.359286252874881 ], [ 4910458.139872096478939, 2114500.396253992337734 ], [ 4910458.176743681542575, 2114530.176823092624545 ], [ 4910488.040740052238107, 2114530.139853395055979 ] ] ], [ [ [ 4910398.485643197782338, 2114560.031372753437608 ], [ 4910368.621653235517442, 2114560.068381417077035 ], [ 4910368.658565663732588, 2114589.84895687783137 ], [ 4910338.794586033560336, 2114589.8859798386693 ], [ 4910338.757661303505301, 2114560.105402417480946 ], [ 4910308.893667405471206, 2114560.142435753718019 ], [ 4910308.930604437366128, 2114589.923015136271715 ], [ 4910279.066620874218643, 2114589.960062770638615 ], [ 4910279.140525459311903, 2114649.521226182579994 ], [ 4910368.732396430335939, 2114649.410108522046357 ], [ 4910368.806235078722239, 2114708.971261130645871 ], [ 4910398.670163525268435, 2114708.934242666698992 ], [ 4910398.559445420280099, 2114619.592519995290786 ], [ 4910428.423408815637231, 2114619.555519748944789 ], [ 4910428.386519023217261, 2114589.774947966914624 ], [ 4910488.114464524202049, 2114589.700988402590156 ], [ 4910488.077601304277778, 2114559.920420778449625 ], [ 4910458.213617234490812, 2114559.957392433658242 ], [ 4910458.176743681542575, 2114530.176823092624545 ], [ 4910398.448745042085648, 2114530.25079949432984 ], [ 4910398.485643197782338, 2114560.031372753437608 ] ] ] ] } },
{ "type": "Feature", "properties": { "id": "+394041+278208", "Area_ha": 0.088938374269532508, "count": 1, "value": 1, "Porcentaje_Cobertura_Forestal": 0.0, "NDVI_Medio_Poligono": 0.83826098119404135, "Codigo_Tipo_Bosque_Predom": 0.0, "Densidad_C_Media_tC_ha": 38.693317413330078, "Carbono_Perdido_tC": 3.44132074583657, "Nombre_Tipo_Bosque_Predom": "Sin Datos" }, "geometry": { "type": "MultiPolygon", "coordinates": [ [ [ [ 4910456.556255795061588, 2113219.832010466139764 ], [ 4910456.593042738735676, 2113249.612569211982191 ], [ 4910486.457567448727787, 2113249.57568371295929 ], [ 4910486.420792778022587, 2113219.795126925688237 ], [ 4910456.556255795061588, 2113219.832010466139764 ] ] ] ] } },
{ "type": "Feature", "properties": { "id": "+394041+278289", "Area_ha": 1.1562355239710362, "count": 13, "value": 1, "Porcentaje_Cobertura_Forestal": 7.6964887163596316, "NDVI_Medio_Poligono": 0.48480157750052016, "Codigo_Tipo_Bosque_Predom": 0.0, "Densidad_C_Media_tC_ha": 50.278430938720703, "Carbono_Perdido_tC": 58.133707940873293, "Nombre_Tipo_Bosque_Predom": "Sin Datos" }, "geometry": { "type": "MultiPolygon", "coordinates": [ [ [ [ 4910453.583050516434014, 2110807.607549802865833 ], [ 4910453.619678015820682, 2110837.388089106418192 ], [ 4910423.754159400239587, 2110837.424828235991299 ], [ 4910423.790801088325679, 2110867.205369738396257 ], [ 4910453.656307484023273, 2110867.168628649320453 ], [ 4910453.692938921041787, 2110896.949168432038277 ], [ 4910483.558431131765246, 2110896.912437639664859 ], [ 4910483.595052315853536, 2110926.692975701764226 ], [ 4910573.191480503417552, 2110926.582850988022983 ], [ 4910573.081732840277255, 2110837.241255131550133 ], [ 4910483.48519466817379, 2110837.351362230721861 ], [ 4910483.448579387739301, 2110807.570824885740876 ], [ 4910453.583050516434014, 2110807.607549802865833 ] ] ] ] } },
{ "type": "Feature", "properties": { "id": "+394041+278310", "Area_ha": 0.62259368286117389, "count": 7, "value": 1, "Porcentaje_Cobertura_Forestal": 18.389223871595551, "NDVI_Medio_Poligono": 0.64217928650215483, "Codigo_Tipo_Bosque_Predom": 0.0, "Densidad_C_Media_tC_ha": 50.278430938720703, "Carbono_Perdido_tC": 31.303033486619309, "Nombre_Tipo_Bosque_Predom": "Sin Datos" }, "geometry": { "type": "MultiPolygon", "coordinates": [ [ [ [ 4910482.716687260195613, 2110211.960128387436271 ], [ 4910482.680113304406404, 2110182.179596069268882 ], [ 4910452.814327983185649, 2110182.216279858257622 ], [ 4910452.85091414488852, 2110211.996814134530723 ], [ 4910482.716687260195613, 2110211.960128387436271 ] ] ], [ [ [ 4910482.716687260195613, 2110211.960128387436271 ], [ 4910482.753263183869421, 2110241.740660944022238 ], [ 4910542.484779117628932, 2110241.667322256602347 ], [ 4910542.448227606713772, 2110211.886793614830822 ], [ 4910482.716687260195613, 2110211.960128387436271 ] ] ], [ [ [ 4910423.021739398129284, 2110241.814048597123474 ], [ 4910423.094945977441967, 2110301.375122264493257 ], [ 4910482.826420934870839, 2110301.30172677570954 ], [ 4910482.753263183869421, 2110241.740660944022238 ], [ 4910423.021739398129284, 2110241.814048597123474 ] ] ] ] } },
{ "type": "Feature", "properties": { "id": "+394041+278322", "Area_ha": 0.088942444744218668, "count": 1, "value": 1, "Porcentaje_Cobertura_Forestal": 0.0, "NDVI_Medio_Poligono": 0.30238864530595466, "Codigo_Tipo_Bosque_Predom": 0.0, "Densidad_C_Media_tC_ha": 31.812591552734375, "Carbono_Perdido_tC": 2.8294896663494749, "Nombre_Tipo_Bosque_Predom": "Sin Datos" }, "geometry": { "type": "MultiPolygon", "coordinates": [ [ [ [ 4910452.375447349622846, 2109824.849887085147202 ], [ 4910452.412009889259934, 2109854.63041849154979 ], [ 4910482.277929429896176, 2109854.593756246846169 ], [ 4910482.241379087790847, 2109824.813226798549294 ], [ 4910452.375447349622846, 2109824.849887085147202 ] ] ] ] } },
{ "type": "Feature", "properties": { "id": "+394042+278025", "Area_ha": 0.17786350444406271, "count": 2, "value": 1, "Porcentaje_Cobertura_Forestal": 0.0, "NDVI_Medio_Poligono": 0.83669158927515952, "Codigo_Tipo_Bosque_Predom": 0.0, "Densidad_C_Media_tC_ha": 3.1465504169464111, "Carbono_Perdido_tC": 0.55965648406801538, "Nombre_Tipo_Bosque_Predom": "Sin Datos" }, "geometry": { "type": "MultiPolygon", "coordinates": [ [ [ [ 4910523.082726833410561, 2118699.384407437872142 ], [ 4910523.045604466460645, 2118669.603808374144137 ], [ 4910493.18332624156028, 2118669.641037781722844 ], [ 4910493.220461000688374, 2118699.421638802159578 ], [ 4910523.082726833410561, 2118699.384407437872142 ] ] ], [ [ [ 4910552.982102643698454, 2118729.127785850316286 ], [ 4910552.944990703836083, 2118699.347188500221819 ], [ 4910523.082726833410561, 2118699.384407437872142 ], [ 4910523.119851166382432, 2118729.165006744209677 ], [ 4910552.982102643698454, 2118729.127785850316286 ] ] ] ] } },
{ "type": "Feature", "properties": { "id": "+394043+278212", "Area_ha": 0.17787699967221707, "count": 2, "value": 1, "Porcentaje_Cobertura_Forestal": 0.0, "NDVI_Medio_Poligono": 0.80964817089983721, "Codigo_Tipo_Bosque_Predom": 0.0, "Densidad_C_Media_tC_ha": 38.693317413330078, "Carbono_Perdido_tC": 6.8826512088479053, "Nombre_Tipo_Bosque_Predom": "Sin Datos" }, "geometry": { "type": "MultiPolygon", "coordinates": [ [ [ [ 4910486.273713769391179, 2113100.672902183141559 ], [ 4910486.3104805694893, 2113130.453458008356392 ], [ 4910546.039622269570827, 2113130.379739590920508 ], [ 4910546.002880008891225, 2113100.599187680520117 ], [ 4910486.273713769391179, 2113100.672902183141559 ] ] ] ] } },
{ "type": "Feature", "properties": { "id": "+394044+278046", "Area_ha": 0.35572986415593622, "count": 4, "value": 1, "Porcentaje_Cobertura_Forestal": 0.0, "NDVI_Medio_Poligono": 0.63216445047070402, "Codigo_Tipo_Bosque_Predom": 0.0, "Densidad_C_Media_tC_ha": 3.1465504169464111, "Carbono_Perdido_tC": 1.1193219523801512, "Nombre_Tipo_Bosque_Predom": "Sin Datos" }, "geometry": { "type": "MultiPolygon", "coordinates": [ [ [ [ 4910552.129025262780488, 2118044.174108110368252 ], [ 4910552.240237205289304, 2118133.515884866472334 ], [ 4910611.965229756198823, 2118133.441558574791998 ], [ 4910611.92818190343678, 2118103.660969991702586 ], [ 4910582.065674228593707, 2118103.69812497543171 ], [ 4910581.991559658199549, 2118044.136944624595344 ], [ 4910552.129025262780488, 2118044.174108110368252 ] ] ] ] } },
{ "type": "Feature", "properties": { "id": "+394044+278061", "Area_ha": 0.53359795466049831, "count": 6, "value": 1, "Porcentaje_Cobertura_Forestal": 0.0, "NDVI_Medio_Poligono": 0.62777379455880578, "Codigo_Tipo_Bosque_Predom": 0.0, "Densidad_C_Media_tC_ha": 9.1778106689453125, "Carbono_Perdido_tC": 4.8972610012105182, "Nombre_Tipo_Bosque_Predom": "Sin Datos" }, "geometry": { "type": "MultiPolygon", "coordinates": [ [ [ [ 4910581.472978062927723, 2117627.208709455095232 ], [ 4910581.435951245948672, 2117597.428123039193451 ], [ 4910551.573231247253716, 2117597.465257189702243 ], [ 4910551.61027043312788, 2117627.245845561381429 ], [ 4910581.472978062927723, 2117627.208709455095232 ] ] ], [ [ [ 4910671.061089187860489, 2117627.097375557757914 ], [ 4910671.098080861382186, 2117656.877956352662295 ], [ 4910700.960768282413483, 2117656.840867907274514 ], [ 4910700.923788977786899, 2117627.060289065353572 ], [ 4910671.061089187860489, 2117627.097375557757914 ] ] ], [ [ [ 4910611.372700142674148, 2117656.952170455828309 ], [ 4910611.335683729499578, 2117627.171585752628744 ], [ 4910581.472978062927723, 2117627.208709455095232 ], [ 4910581.547037594020367, 2117686.769883014261723 ], [ 4910671.135074499063194, 2117686.658537390176207 ], [ 4910671.098080861382186, 2117656.877956352662295 ], [ 4910611.372700142674148, 2117656.952170455828309 ] ] ] ] } },
{ "type": "Feature", "properties": { "id": "+394044+278162", "Area_ha": 0.08893668939911295, "count": 1, "value": 1, "Porcentaje_Cobertura_Forestal": 0.0, "NDVI_Medio_Poligono": 0.60812013136462251, "Codigo_Tipo_Bosque_Predom": 0.0, "Densidad_C_Media_tC_ha": 29.430353164672855, "Carbono_Perdido_tC": 2.6174381783127108, "Nombre_Tipo_Bosque_Predom": "Sin Datos" }, "geometry": { "type": "MultiPolygon", "coordinates": [ [ [ [ 4910547.842401935718954, 2114589.627078071702272 ], [ 4910547.879242518916726, 2114619.407642023637891 ], [ 4910577.743196098133922, 2114619.370703464373946 ], [ 4910577.706367818638682, 2114589.590141468215734 ], [ 4910547.842401935718954, 2114589.627078071702272 ] ] ] ] } },
{ "type": "Feature", "properties": { "id": "+394044+278204", "Area_ha": 0.088938195653312138, "count": 1, "value": 1, "Porcentaje_Cobertura_Forestal": 0.0, "NDVI_Medio_Poligono": 0.62150167286839253, "Codigo_Tipo_Bosque_Predom": 0.0, "Densidad_C_Media_tC_ha": 38.693317413330078, "Carbono_Perdido_tC": 3.4413138345824601, "Nombre_Tipo_Bosque_Predom": "Sin Datos" }, "geometry": { "type": "MultiPolygon", "coordinates": [ [ [ [ 4910546.296873155981302, 2113338.843609698582441 ], [ 4910546.333631148561835, 2113368.624163533560932 ], [ 4910576.198100874200463, 2113368.587307132314891 ], [ 4910576.161355157382786, 2113338.806755253113806 ], [ 4910546.296873155981302, 2113338.843609698582441 ] ] ] ] } },
{ "type": "Feature", "properties": { "id": "+394044+278365", "Area_ha": 0.088943938280759902, "count": 1, "value": 1, "Porcentaje_Cobertura_Forestal": 0.0, "NDVI_Medio_Poligono": 0.87530062042795198, "Codigo_Tipo_Bosque_Predom": 0.0, "Densidad_C_Media_tC_ha": 18.013427734375, "Carbono_Perdido_tC": 1.6021852046311786, "Nombre_Tipo_Bosque_Predom": "Sin Datos" }, "geometry": { "type": "MultiPolygon", "coordinates": [ [ [ [ 4910540.404481315985322, 2108544.177571030799299 ], [ 4910540.440922700800002, 2108573.95808629412204 ], [ 4910570.307360255159438, 2108573.921544884331524 ], [ 4910570.270931039936841, 2108544.141031577251852 ], [ 4910540.404481315985322, 2108544.177571030799299 ] ] ] ] } },
{ "type": "Feature", "properties": { "id": "+394044+278374", "Area_ha": 0.26683266698302616, "count": 3, "value": 1, "Porcentaje_Cobertura_Forestal": 0.0, "NDVI_Medio_Poligono": 0.79198464389656931, "Codigo_Tipo_Bosque_Predom": 0.0, "Densidad_C_Media_tC_ha": 18.013427734375, "Carbono_Perdido_tC": 4.8065709638692917, "Nombre_Tipo_Bosque_Predom": "Sin Datos" }, "geometry": { "type": "MultiPolygon", "coordinates": [ [ [ [ 4910540.076597346924245, 2108276.152944394387305 ], [ 4910540.18587430473417, 2108365.494484460446984 ], [ 4910570.0523970304057, 2108365.457956747617573 ], [ 4910569.943156564608216, 2108276.116422552149743 ], [ 4910540.076597346924245, 2108276.152944394387305 ] ] ] ] } },
{ "type": "Feature", "properties": { "id": "+394045+278167", "Area_ha": 0.80043136001429516, "count": 9, "value": 1, "Porcentaje_Cobertura_Forestal": 10.576303029677156, "NDVI_Medio_Poligono": 0.68548951656329238, "Codigo_Tipo_Bosque_Predom": 0.0, "Densidad_C_Media_tC_ha": 29.430353164672852, "Carbono_Perdido_tC": 23.556977609300105, "Nombre_Tipo_Bosque_Predom": "Sin Datos" }, "geometry": { "type": "MultiPolygon", "coordinates": [ [ [ [ 4910487.930167865008116, 2114440.798152577131987 ], [ 4910487.967023214325309, 2114470.578719237819314 ], [ 4910577.559074357151985, 2114470.46789589850232 ], [ 4910577.59589477442205, 2114500.248456929810345 ], [ 4910547.731891987845302, 2114500.285387664567679 ], [ 4910547.805563320405781, 2114559.846514360979199 ], [ 4910577.669541505165398, 2114559.809579713735729 ], [ 4910577.632717156782746, 2114530.029018200468272 ], [ 4910607.496705680154264, 2114529.992097844835371 ], [ 4910607.45989559777081, 2114500.211538529489189 ], [ 4910637.323894461616874, 2114500.174632464069873 ], [ 4910637.287098645232618, 2114470.394075342919677 ], [ 4910607.423087481409311, 2114470.43097945349291 ], [ 4910607.386281330138445, 2114440.650420618709177 ], [ 4910487.930167865008116, 2114440.798152577131987 ] ] ] ] } },
{ "type": "Feature", "properties": { "id": "+394045+278174", "Area_ha": 0.088937108324485592, "count": 1, "value": 1, "Porcentaje_Cobertura_Forestal": 0.0, "NDVI_Medio_Poligono": 0.52259490696758448, "Codigo_Tipo_Bosque_Predom": 0.0, "Densidad_C_Media_tC_ha": 29.430353164672852, "Carbono_Perdido_tC": 2.6174505074343766, "Nombre_Tipo_Bosque_Predom": "Sin Datos" }, "geometry": { "type": "MultiPolygon", "coordinates": [ [ [ [ 4910577.264581791125238, 2114232.223416329361498 ], [ 4910577.301386482082307, 2114262.003975432366133 ], [ 4910607.165485687553883, 2114261.967072675470263 ], [ 4910607.128693291917443, 2114232.186515528243035 ], [ 4910577.264581791125238, 2114232.223416329361498 ] ] ] ] } },
{ "type": "Feature", "properties": { "id": "+394045+278318", "Area_ha": 0.44471087325558617, "count": 5, "value": 1, "Porcentaje_Cobertura_Forestal": 0.0, "NDVI_Medio_Poligono": 0.6780638813682518, "Codigo_Tipo_Bosque_Predom": 0.0, "Densidad_C_Media_tC_ha": 50.164857647200648, "Carbono_Perdido_tC": 22.30885765102877, "Nombre_Tipo_Bosque_Predom": "Sin Datos" }, "geometry": { "type": "MultiPolygon", "coordinates": [ [ [ [ 4910601.88761405274272, 2109973.569318581838161 ], [ 4910601.8511046404019, 2109943.788796005304903 ], [ 4910571.985229550860822, 2109943.825415186583996 ], [ 4910572.021751163527369, 2109973.60593971889466 ], [ 4910601.88761405274272, 2109973.569318581838161 ] ] ], [ [ [ 4910601.88761405274272, 2109973.569318581838161 ], [ 4910601.960638772696257, 2110033.13036445248872 ], [ 4910631.826475301757455, 2110033.093751640524715 ], [ 4910631.753474983386695, 2109973.532709680497646 ], [ 4910601.88761405274272, 2109973.569318581838161 ] ] ], [ [ [ 4910631.826475301757455, 2110033.093751640524715 ], [ 4910631.862978407181799, 2110062.874272979330271 ], [ 4910691.594621179625392, 2110062.801080156583339 ], [ 4910691.558142478577793, 2110033.020562726538628 ], [ 4910631.826475301757455, 2110033.093751640524715 ] ] ] ] } },
{ "type": "Feature", "properties": { "id": "+394045+278345", "Area_ha": 0.17788639610622048, "count": 2, "value": 1, "Porcentaje_Cobertura_Forestal": 0.0, "NDVI_Medio_Poligono": 0.72762704513175791, "Codigo_Tipo_Bosque_Predom": 0.0, "Densidad_C_Media_tC_ha": 31.812591552734375, "Carbono_Perdido_tC": 5.659027262115111, "Nombre_Tipo_Bosque_Predom": "Sin Datos" }, "geometry": { "type": "MultiPolygon", "coordinates": [ [ [ [ 4910570.999888874590397, 2109139.751343049574643 ], [ 4910571.072827907279134, 2109199.312379448208958 ], [ 4910600.939007790759206, 2109199.275809166021645 ], [ 4910600.866093122400343, 2109139.714776679873466 ], [ 4910570.999888874590397, 2109139.751343049574643 ] ] ] ] } },
{ "type": "Feature", "properties": { "id": "+394045+278383", "Area_ha": 0.97838934360752028, "count": 11, "value": 1, "Porcentaje_Cobertura_Forestal": 0.0, "NDVI_Medio_Poligono": 0.7138703752672737, "Codigo_Tipo_Bosque_Predom": 0.0, "Densidad_C_Media_tC_ha": 18.013427734375, "Carbono_Perdido_tC": 17.624145737156656, "Nombre_Tipo_Bosque_Predom": "Sin Datos" }, "geometry": { "type": "MultiPolygon", "coordinates": [ [ [ [ 4910569.615541329607368, 2108008.091832838021219 ], [ 4910569.65193515829742, 2108037.872341853100806 ], [ 4910539.785278657451272, 2108037.908848041202873 ], [ 4910539.930922269821167, 2108157.030894311144948 ], [ 4910629.530739976093173, 2108156.921388851944357 ], [ 4910629.457987195812166, 2108097.360376975964755 ], [ 4910599.591358935460448, 2108097.39686268940568 ], [ 4910599.482208025641739, 2108008.055340799037367 ], [ 4910569.615541329607368, 2108008.091832838021219 ] ] ] ] } },
{ "type": "Feature", "properties": { "id": "+394046+278301", "Area_ha": 0.26682487540094446, "count": 3, "value": 1, "Porcentaje_Cobertura_Forestal": 0.0, "NDVI_Medio_Poligono": 0.4573990147437702, "Codigo_Tipo_Bosque_Predom": 0.0, "Densidad_C_Media_tC_ha": 50.278430938720696, "Carbono_Perdido_tC": 13.41553607057914, "Nombre_Tipo_Bosque_Predom": "Sin Datos" }, "geometry": { "type": "MultiPolygon", "coordinates": [ [ [ [ 4910602.472031680867076, 2110450.057712227571756 ], [ 4910602.508574502542615, 2110479.838238870725036 ], [ 4910572.642919115722179, 2110479.874893257860094 ], [ 4910572.679476113058627, 2110509.655422097537667 ], [ 4910632.410760502330959, 2110509.582121658604592 ], [ 4910632.33769731875509, 2110450.021072042174637 ], [ 4910602.472031680867076, 2110450.057712227571756 ] ] ] ] } },
{ "type": "Feature", "properties": { "id": "+394046+278339", "Area_ha": 0.44471507133901467, "count": 5, "value": 1, "Porcentaje_Cobertura_Forestal": 0.0, "NDVI_Medio_Poligono": 0.70937902706754374, "Codigo_Tipo_Bosque_Predom": 0.0, "Densidad_C_Media_tC_ha": 31.812591552734379, "Carbono_Perdido_tC": 14.147538921853204, "Nombre_Tipo_Bosque_Predom": "Sin Datos" }, "geometry": { "type": "MultiPolygon", "coordinates": [ [ [ [ 4910481.620324358344078, 2109318.544262757059187 ], [ 4910481.656841246411204, 2109348.32478814246133 ], [ 4910630.987445847131312, 2109348.141826723702252 ], [ 4910630.95098989084363, 2109318.361311121378094 ], [ 4910481.620324358344078, 2109318.544262757059187 ] ] ] ] } },
{ "type": "Feature", "properties": { "id": "+394046+278361", "Area_ha": 0.088943772654159689, "count": 1, "value": 1, "Porcentaje_Cobertura_Forestal": 0.0, "NDVI_Medio_Poligono": 0.73354756802625332, "Codigo_Tipo_Bosque_Predom": 0.0, "Densidad_C_Media_tC_ha": 18.013427734375, "Carbono_Perdido_tC": 1.6021822211283849, "Nombre_Tipo_Bosque_Predom": "Sin Datos" }, "geometry": { "type": "MultiPolygon", "coordinates": [ [ [ [ 4910600.283058776520193, 2108663.226551162078977 ], [ 4910600.31948368344456, 2108693.007063467055559 ], [ 4910630.185868628323078, 2108692.97053864505142 ], [ 4910630.149455893784761, 2108663.190028295386583 ], [ 4910600.283058776520193, 2108663.226551162078977 ] ] ] ] } },
{ "type": "Feature", "properties": { "id": "+394046+278368", "Area_ha": 0.088944021263586179, "count": 1, "value": 1, "Porcentaje_Cobertura_Forestal": 0.0, "NDVI_Medio_Poligono": 0.88883453981636307, "Codigo_Tipo_Bosque_Predom": 0.0, "Densidad_C_Media_tC_ha": 18.013427734375, "Carbono_Perdido_tC": 1.602186699436323, "Nombre_Tipo_Bosque_Predom": "Sin Datos" }, "geometry": { "type": "MultiPolygon", "coordinates": [ [ [ [ 4910600.028139452449977, 2108454.762971708551049 ], [ 4910600.064550602808595, 2108484.543482343666255 ], [ 4910629.931020737625659, 2108484.506971209775656 ], [ 4910629.894621754996479, 2108454.726462529972196 ], [ 4910600.028139452449977, 2108454.762971708551049 ] ] ] ] } },
{ "type": "Feature", "properties": { "id": "+394046+278392", "Area_ha": 0.4447242808011011, "count": 5, "value": 1, "Porcentaje_Cobertura_Forestal": 0.0, "NDVI_Medio_Poligono": 0.63051968982645756, "Codigo_Tipo_Bosque_Predom": 0.0, "Densidad_C_Media_tC_ha": 47.556247711181641, "Carbono_Perdido_tC": 21.149418060954265, "Nombre_Tipo_Bosque_Predom": "Sin Datos" }, "geometry": { "type": "MultiPolygon", "coordinates": [ [ [ [ 4910539.421307287178934, 2107740.103749047033489 ], [ 4910539.457695574499667, 2107769.884257874917239 ], [ 4910599.191225402057171, 2107769.811292908154428 ], [ 4910599.227591351605952, 2107799.591798060573637 ], [ 4910658.961089028976858, 2107799.51887793187052 ], [ 4910658.924747384153306, 2107769.73837668960914 ], [ 4910629.057987372390926, 2107769.774828705471009 ], [ 4910629.021635539829731, 2107739.994325745850801 ], [ 4910539.421307287178934, 2107740.103749047033489 ] ] ] ] } },
{ "type": "Feature", "properties": { "id": "+394047+278040", "Area_ha": 0.3557288216136687, "count": 4, "value": 1, "Porcentaje_Cobertura_Forestal": 0.0, "NDVI_Medio_Poligono": 0.64170047173962019, "Codigo_Tipo_Bosque_Predom": 0.0, "Densidad_C_Media_tC_ha": 3.1465504169464111, "Carbono_Perdido_tC": 1.1193186719683448, "Nombre_Tipo_Bosque_Predom": "Sin Datos" }, "geometry": { "type": "MultiPolygon", "coordinates": [ [ [ [ 4910641.938841297291219, 2118222.74617539672181 ], [ 4910642.087026406079531, 2118341.868527253158391 ], [ 4910671.949431102722883, 2118341.831381467636675 ], [ 4910671.80129552911967, 2118222.709037426393479 ], [ 4910641.938841297291219, 2118222.74617539672181 ] ] ] ] } },
{ "type": "Feature", "properties": { "id": "+394047+278043", "Area_ha": 0.088932368021730504, "count": 1, "value": 1, "Porcentaje_Cobertura_Forestal": 0.0, "NDVI_Medio_Poligono": 0.32296460813329697, "Codigo_Tipo_Bosque_Predom": 0.0, "Densidad_C_Media_tC_ha": 3.1465504169464111, "Carbono_Perdido_tC": 0.2798301796788078, "Nombre_Tipo_Bosque_Predom": "Sin Datos" }, "geometry": { "type": "MultiPolygon", "coordinates": [ [ [ [ 4910641.827723091468215, 2118133.404414050746709 ], [ 4910641.864760529249907, 2118163.185000923462212 ], [ 4910671.727239524945617, 2118163.147866860032082 ], [ 4910671.690214468166232, 2118133.36728194123134 ], [ 4910641.827723091468215, 2118133.404414050746709 ] ] ] ] } },
{ "type": "Feature", "properties": { "id": "+394047+278063", "Area_ha": 0.088933090269190149, "count": 1, "value": 1, "Porcentaje_Cobertura_Forestal": 0.0, "NDVI_Medio_Poligono": 0.63691044712294298, "Codigo_Tipo_Bosque_Predom": 0.0, "Densidad_C_Media_tC_ha": 9.1778106689453125, "Carbono_Perdido_tC": 0.81621106469484994, "Nombre_Tipo_Bosque_Predom": "Sin Datos" }, "geometry": { "type": "MultiPolygon", "coordinates": [ [ [ [ 4910641.087386853992939, 2117537.792727547697723 ], [ 4910641.12438500393182, 2117567.573309569619596 ], [ 4910670.987111491151154, 2117567.536214581690729 ], [ 4910670.950125708244741, 2117537.755634513217956 ], [ 4910641.087386853992939, 2117537.792727547697723 ] ] ] ] } },
{ "type": "Feature", "properties": { "id": "+394047+278366", "Area_ha": 0.088943938480061477, "count": 1, "value": 1, "Porcentaje_Cobertura_Forestal": 0.0, "NDVI_Medio_Poligono": 0.63723068560293972, "Codigo_Tipo_Bosque_Predom": 0.0, "Densidad_C_Media_tC_ha": 18.013427734375, "Carbono_Perdido_tC": 1.6021852082212833, "Nombre_Tipo_Bosque_Predom": "Sin Datos" }, "geometry": { "type": "MultiPolygon", "coordinates": [ [ [ [ 4910629.967421685345471, 2108514.287480126600713 ], [ 4910630.003824598155916, 2108544.067989283706993 ], [ 4910659.870268437080085, 2108544.03148644277826 ], [ 4910659.833877693861723, 2108514.250979240518063 ], [ 4910629.967421685345471, 2108514.287480126600713 ] ] ] ] } },
{ "type": "Feature", "properties": { "id": "+394047+278389", "Area_ha": 0.44472361143913003, "count": 5, "value": 1, "Porcentaje_Cobertura_Forestal": 0.0, "NDVI_Medio_Poligono": 0.5830277453878191, "Codigo_Tipo_Bosque_Predom": 0.0, "Densidad_C_Media_tC_ha": 47.556247711181641, "Carbono_Perdido_tC": 21.14938622861056, "Nombre_Tipo_Bosque_Predom": "Sin Datos" }, "geometry": { "type": "MultiPolygon", "coordinates": [ [ [ [ 4910629.13069693185389, 2107829.335835338104516 ], [ 4910629.167054657824337, 2107859.116339010186493 ], [ 4910599.300329145975411, 2107859.152809079736471 ], [ 4910599.373074801638722, 2107918.713821053039283 ], [ 4910659.106475248001516, 2107918.640885282773525 ], [ 4910658.997432637959719, 2107829.299379412550479 ], [ 4910629.13069693185389, 2107829.335835338104516 ] ] ] ] } },
{ "type": "Feature", "properties": { "id": "+394048+278030", "Area_ha": 0.17786373663087288, "count": 2, "value": 1, "Porcentaje_Cobertura_Forestal": 0.0, "NDVI_Medio_Poligono": 0.71906208679697547, "Codigo_Tipo_Bosque_Predom": 0.0, "Densidad_C_Media_tC_ha": 3.1465504169464111, "Carbono_Perdido_tC": 0.55965721465551965, "Nombre_Tipo_Bosque_Predom": "Sin Datos" }, "geometry": { "type": "MultiPolygon", "coordinates": [ [ [ [ 4910672.171693374402821, 2118520.51490481570363 ], [ 4910672.245796507224441, 2118580.076081207022071 ], [ 4910702.108100145123899, 2118580.038932215888053 ], [ 4910702.0340217910707, 2118520.477759731002152 ], [ 4910672.171693374402821, 2118520.51490481570363 ] ] ] ] } },
{ "type": "Feature", "properties": { "id": "+394048+278146", "Area_ha": 0.17787209933342091, "count": 2, "value": 1, "Porcentaje_Cobertura_Forestal": 0.0, "NDVI_Medio_Poligono": 0.51581884542877987, "Codigo_Tipo_Bosque_Predom": 0.57959175109863281, "Densidad_C_Media_tC_ha": 41.738903045654304, "Carbono_Perdido_tC": 7.4241863086046465, "Nombre_Tipo_Bosque_Predom": "Sin Datos" }, "geometry": { "type": "MultiPolygon", "coordinates": [ [ [ [ 4910667.887151301838458, 2115065.968332720920444 ], [ 4910667.960798850283027, 2115125.529452945105731 ], [ 4910697.824535343796015, 2115125.492530527058989 ], [ 4910697.750912422314286, 2115065.931414209771901 ], [ 4910667.887151301838458, 2115065.968332720920444 ] ] ] ] } },
{ "type": "Feature", "properties": { "id": "+394048+278208", "Area_ha": 0.088938291860956808, "count": 1, "value": 1, "Porcentaje_Cobertura_Forestal": 0.0, "NDVI_Medio_Poligono": 0.61475944613112832, "Codigo_Tipo_Bosque_Predom": 0.0, "Densidad_C_Media_tC_ha": 38.693317413330078, "Carbono_Perdido_tC": 3.4413175571753927, "Nombre_Tipo_Bosque_Predom": "Sin Datos" }, "geometry": { "type": "MultiPolygon", "coordinates": [ [ [ [ 4910665.607973461039364, 2113219.57408412406221 ], [ 4910665.644674497656524, 2113249.3546291757375 ], [ 4910695.50918547809124, 2113249.317829828709364 ], [ 4910695.472496714442968, 2113219.537286730483174 ], [ 4910665.607973461039364, 2113219.57408412406221 ] ] ] ] } },
{ "type": "Feature", "properties": { "id": "+394048+278374", "Area_ha": 0.44472071051448586, "count": 5, "value": 1, "Porcentaje_Cobertura_Forestal": 0.0, "NDVI_Medio_Poligono": 0.86001497356626477, "Codigo_Tipo_Bosque_Predom": 0.0, "Densidad_C_Media_tC_ha": 18.013427734375, "Carbono_Perdido_tC": 8.010944380832596, "Nombre_Tipo_Bosque_Predom": "Sin Datos" }, "geometry": { "type": "MultiPolygon", "coordinates": [ [ [ [ 4910689.554837313480675, 2108395.092472067568451 ], [ 4910689.409374059177935, 2108275.970457278192043 ], [ 4910659.54282268602401, 2108276.00693032797426 ], [ 4910659.688334598205984, 2108395.128952933941036 ], [ 4910689.554837313480675, 2108395.092472067568451 ] ] ], [ [ [ 4910659.724717485718429, 2108424.909459181595594 ], [ 4910659.688334598205984, 2108395.128952933941036 ], [ 4910629.82182992156595, 2108395.165446000639349 ], [ 4910629.85822497587651, 2108424.945954203139991 ], [ 4910659.724717485718429, 2108424.909459181595594 ] ] ] ] } },
{ "type": "Feature", "properties": { "id": "+394049+278026", "Area_ha": 0.17786341207176448, "count": 2, "value": 1, "Porcentaje_Cobertura_Forestal": 0.0, "NDVI_Medio_Poligono": 0.61441359770178672, "Codigo_Tipo_Bosque_Predom": 0.0, "Densidad_C_Media_tC_ha": 12.485604536402942, "Carbono_Perdido_tC": 2.2207322246233283, "Nombre_Tipo_Bosque_Predom": "Sin Datos" }, "geometry": { "type": "MultiPolygon", "coordinates": [ [ [ [ 4910732.081497141160071, 2118669.343550457153469 ], [ 4910732.044463485479355, 2118639.562965316697955 ], [ 4910702.182186590507627, 2118639.600105787627399 ], [ 4910702.21923263836652, 2118669.380692880600691 ], [ 4910732.081497141160071, 2118669.343550457153469 ] ] ], [ [ [ 4910761.98078291490674, 2118699.087003891356289 ], [ 4910761.943759689107537, 2118669.306420459412038 ], [ 4910732.081497141160071, 2118669.343550457153469 ], [ 4910732.118532759137452, 2118699.124135840218514 ], [ 4910761.98078291490674, 2118699.087003891356289 ] ] ] ] } },
{ "type": "Feature", "properties": { "id": "+394049+278033", "Area_ha": 0.088931983089919953, "count": 1, "value": 1, "Porcentaje_Cobertura_Forestal": 0.0, "NDVI_Medio_Poligono": 0.61646136794554007, "Codigo_Tipo_Bosque_Predom": 0.0, "Densidad_C_Media_tC_ha": 10.159397607360949, "Carbono_Perdido_tC": 0.90349537622159715, "Nombre_Tipo_Bosque_Predom": "Sin Datos" }, "geometry": { "type": "MultiPolygon", "coordinates": [ [ [ [ 4910701.922918982803822, 2118431.136002824176103 ], [ 4910701.959951288998127, 2118460.916588216088712 ], [ 4910731.822302523069084, 2118460.879459459334612 ], [ 4910731.785282603465021, 2118431.098876019474119 ], [ 4910701.922918982803822, 2118431.136002824176103 ] ] ] ] } },
{ "type": "Feature", "properties": { "id": "+394049+278036", "Area_ha": 0.088932091538878738, "count": 1, "value": 1, "Porcentaje_Cobertura_Forestal": 0.0, "NDVI_Medio_Poligono": 0.70452527583060487, "Codigo_Tipo_Bosque_Predom": 0.0, "Densidad_C_Media_tC_ha": 10.11638192840056, "Carbono_Perdido_tC": 0.89967100369877728, "Nombre_Tipo_Bosque_Predom": "Sin Datos" }, "geometry": { "type": "MultiPolygon", "coordinates": [ [ [ [ 4910701.811833841726184, 2118341.794248101301491 ], [ 4910701.84886025916785, 2118371.57483276585117 ], [ 4910731.711248653009534, 2118371.537709866184741 ], [ 4910731.674234621226788, 2118341.757127153687179 ], [ 4910701.811833841726184, 2118341.794248101301491 ] ] ] ] } },
{ "type": "Feature", "properties": { "id": "+394049+278044", "Area_ha": 0.08893238063348835, "count": 1, "value": 1, "Porcentaje_Cobertura_Forestal": 0.0, "NDVI_Medio_Poligono": 0.2919980785444074, "Codigo_Tipo_Bosque_Predom": 0.0, "Densidad_C_Media_tC_ha": 10.001707430169004, "Carbono_Perdido_tC": 0.88947565216457847, "Nombre_Tipo_Bosque_Predom": "Sin Datos" }, "geometry": { "type": "MultiPolygon", "coordinates": [ [ [ [ 4910701.515693172812462, 2118103.549579524435103 ], [ 4910701.552703885361552, 2118133.33016224578023 ], [ 4910731.415191343985498, 2118133.2930549653247 ], [ 4910731.378193011507392, 2118103.51247419603169 ], [ 4910701.515693172812462, 2118103.549579524435103 ] ] ] ] } },
{ "type": "Feature", "properties": { "id": "+394049+278062", "Area_ha": 0.088933030655566833, "count": 1, "value": 1, "Porcentaje_Cobertura_Forestal": 0.0, "NDVI_Medio_Poligono": 0.62052676331626555, "Codigo_Tipo_Bosque_Predom": 0.0, "Densidad_C_Media_tC_ha": 10.439380235158296, "Carbono_Perdido_tC": 0.92840572247845121, "Nombre_Tipo_Bosque_Predom": "Sin Datos" }, "geometry": { "type": "MultiPolygon", "coordinates": [ [ [ [ 4910700.849836018867791, 2117567.499131995253265 ], [ 4910700.8868113970384, 2117597.279710351023823 ], [ 4910730.749521597288549, 2117597.242638214491308 ], [ 4910730.71255858708173, 2117567.462061811238527 ], [ 4910700.849836018867791, 2117567.499131995253265 ] ] ] ] } },
{ "type": "Feature", "properties": { "id": "+394049+278087", "Area_ha": 1.6008069826672333, "count": 18, "value": 1, "Porcentaje_Cobertura_Forestal": 0.0, "NDVI_Medio_Poligono": 0.75062992069835854, "Codigo_Tipo_Bosque_Predom": 0.0, "Densidad_C_Media_tC_ha": 10.441741445589363, "Carbono_Perdido_tC": 16.715212617305305, "Nombre_Tipo_Bosque_Predom": "Sin Datos" }, "geometry": { "type": "MultiPolygon", "coordinates": [ [ [ [ 4910699.92608979716897, 2116822.984751940239221 ], [ 4910699.96301609929651, 2116852.765324240550399 ], [ 4910670.099994929507375, 2116852.802359950263053 ], [ 4910670.136935546062887, 2116882.58293444570154 ], [ 4910729.862951220013201, 2116882.508871506433934 ], [ 4910729.789121358655393, 2116822.947730569168925 ], [ 4910699.92608979716897, 2116822.984751940239221 ] ] ], [ [ [ 4910729.862951220013201, 2116882.508871506433934 ], [ 4910729.936788931488991, 2116942.07001341227442 ], [ 4910759.799769126810133, 2116942.032996619585901 ], [ 4910759.725956121459603, 2116882.471858617383987 ], [ 4910729.862951220013201, 2116882.508871506433934 ] ] ], [ [ [ 4910909.225189647637308, 2117031.189778050873429 ], [ 4910909.188338058069348, 2117001.409217952284962 ], [ 4910998.77716345526278, 2117001.298416045028716 ], [ 4910998.740350889973342, 2116971.517862030304968 ], [ 4910939.014444533735514, 2116971.591713684611022 ], [ 4910938.977609216235578, 2116941.811156018171459 ], [ 4910759.799769126810133, 2116942.032996619585901 ], [ 4910759.83667857106775, 2116971.813565983902663 ], [ 4910849.425570349209011, 2116971.702584083657712 ], [ 4910849.499320991337299, 2117031.263711835257709 ], [ 4910909.225189647637308, 2117031.189778050873429 ] ] ] ] } },
{ "type": "Feature", "properties": { "id": "+394049+278157", "Area_ha": 0.088936451033943736, "count": 1, "value": 1, "Porcentaje_Cobertura_Forestal": 0.0, "NDVI_Medio_Poligono": 0.67557019100233007, "Codigo_Tipo_Bosque_Predom": 0.0, "Densidad_C_Media_tC_ha": 23.336647764062022, "Carbono_Perdido_tC": 2.0754786311648945, "Nombre_Tipo_Bosque_Predom": "Sin Datos" }, "geometry": { "type": "MultiPolygon", "coordinates": [ [ [ [ 4910697.34612671751529, 2114738.345291721634567 ], [ 4910697.382915602996945, 2114768.125847105402499 ], [ 4910727.246797858737409, 2114768.088960469234735 ], [ 4910727.210021279752254, 2114738.308407038450241 ], [ 4910697.34612671751529, 2114738.345291721634567 ] ] ] ] } },
{ "type": "Feature", "properties": { "id": "+394049+278164", "Area_ha": 0.53362010531712878, "count": 6, "value": 1, "Porcentaje_Cobertura_Forestal": 0.0, "NDVI_Medio_Poligono": 0.63435323400407972, "Codigo_Tipo_Bosque_Predom": 0.0, "Densidad_C_Media_tC_ha": 27.434999441218583, "Carbono_Perdido_tC": 14.63986729119843, "Nombre_Tipo_Bosque_Predom": "Sin Datos" }, "geometry": { "type": "MultiPolygon", "coordinates": [ [ [ [ 4910697.08865949138999, 2114529.881410790607333 ], [ 4910697.125434634275734, 2114559.661964486353099 ], [ 4910667.261464291252196, 2114559.698849788866937 ], [ 4910667.224676846526563, 2114529.918294140137732 ], [ 4910637.360692242160439, 2114529.95518982456997 ], [ 4910637.434293698519468, 2114589.516305272467434 ], [ 4910667.298253699205816, 2114589.47940567927435 ], [ 4910667.335045071318746, 2114619.25996181089431 ], [ 4910697.198990809731185, 2114619.223072601016611 ], [ 4910697.162211740389466, 2114589.442518423311412 ], [ 4910727.02616782207042, 2114589.405643503647298 ], [ 4910726.95264017675072, 2114529.844539776910096 ], [ 4910697.08865949138999, 2114529.881410790607333 ] ] ] ] } },
{ "type": "Feature", "properties": { "id": "+394049+278222", "Area_ha": 0.44469367793985437, "count": 5, "value": 1, "Porcentaje_Cobertura_Forestal": 0.0, "NDVI_Medio_Poligono": 0.53077139850358246, "Codigo_Tipo_Bosque_Predom": 0.0, "Densidad_C_Media_tC_ha": 38.068705872059326, "Carbono_Perdido_tC": 16.928912828656593, "Nombre_Tipo_Bosque_Predom": "Sin Datos" }, "geometry": { "type": "MultiPolygon", "coordinates": [ [ [ [ 4910694.959060144610703, 2112802.609708613250405 ], [ 4910695.069049874320626, 2112891.951328527648002 ], [ 4910754.79836040828377, 2112891.877813619095832 ], [ 4910754.725081015378237, 2112832.316741246730089 ], [ 4910724.860402199439704, 2112832.35348864691332 ], [ 4910724.82375318184495, 2112802.572950867936015 ], [ 4910694.959060144610703, 2112802.609708613250405 ] ] ] ] } },
{ "type": "Feature", "properties": { "id": "+394049+278301", "Area_ha": 0.088941602606615919, "count": 1, "value": 1, "Porcentaje_Cobertura_Forestal": 0.0, "NDVI_Medio_Poligono": 0.6380709432193461, "Codigo_Tipo_Bosque_Predom": 0.0, "Densidad_C_Media_tC_ha": 38.417048116381743, "Carbono_Perdido_tC": 3.4168738268864676, "Nombre_Tipo_Bosque_Predom": "Sin Datos" }, "geometry": { "type": "MultiPolygon", "coordinates": [ [ [ [ 4910692.069022715091705, 2110449.94782840879634 ], [ 4910692.105528902262449, 2110479.728349187877029 ], [ 4910721.971176448278129, 2110479.691743786912411 ], [ 4910721.934682472608984, 2110449.911224961280823 ], [ 4910692.069022715091705, 2110449.94782840879634 ] ] ] ] } },
{ "type": "Feature", "properties": { "id": "+394049+278319", "Area_ha": 0.088942243756019154, "count": 1, "value": 1, "Porcentaje_Cobertura_Forestal": 0.0, "NDVI_Medio_Poligono": 0.45107026403934342, "Codigo_Tipo_Bosque_Predom": 0.0, "Densidad_C_Media_tC_ha": 29.081410063594269, "Carbono_Perdido_tC": 2.5865658626449499, "Nombre_Tipo_Bosque_Predom": "Sin Datos" }, "geometry": { "type": "MultiPolygon", "coordinates": [ [ [ [ 4910691.412247064523399, 2109913.898495283443481 ], [ 4910691.448717913590372, 2109943.679011756088585 ], [ 4910721.314585163258016, 2109943.642441513948143 ], [ 4910721.278126514516771, 2109913.861926994752139 ], [ 4910691.412247064523399, 2109913.898495283443481 ] ] ] ] } },
{ "type": "Feature", "properties": { "id": "+394049+278383", "Area_ha": 1.2452218901664047, "count": 14, "value": 1, "Porcentaje_Cobertura_Forestal": 0.0, "NDVI_Medio_Poligono": 0.69831046535729113, "Codigo_Tipo_Bosque_Predom": 0.0, "Densidad_C_Media_tC_ha": 16.256513924715222, "Carbono_Perdido_tC": 20.242966996850367, "Nombre_Tipo_Bosque_Predom": "Sin Datos" }, "geometry": { "type": "MultiPolygon", "coordinates": [ [ [ [ 4910659.215535773895681, 2108007.982393411919475 ], [ 4910659.36097698379308, 2108127.104407435283065 ], [ 4910689.227589164860547, 2108127.06794415647164 ], [ 4910689.300297232344747, 2108186.628948690369725 ], [ 4910719.166883130557835, 2108186.592493699397892 ], [ 4910718.948855441063643, 2108007.909494680352509 ], [ 4910659.215535773895681, 2108007.982393411919475 ] ] ], [ [ [ 4910748.924480875954032, 2108097.214556181337684 ], [ 4910749.033467072062194, 2108186.556050905026495 ], [ 4910778.900049054995179, 2108186.519620306789875 ], [ 4910778.791099338792264, 2108097.178131439723074 ], [ 4910748.924480875954032, 2108097.214556181337684 ] ] ], [ [ [ 4910719.166883130557835, 2108186.592493699397892 ], [ 4910719.203227947466075, 2108216.372994370292872 ], [ 4910749.069799727760255, 2108216.336549622938037 ], [ 4910749.033467072062194, 2108186.556050905026495 ], [ 4910719.166883130557835, 2108186.592493699397892 ] ] ] ] } },
{ "type": "Feature", "properties": { "id": "+394050+278057", "Area_ha": 0.1778656524568796, "count": 2, "value": 1, "Porcentaje_Cobertura_Forestal": 0.0, "NDVI_Medio_Poligono": 0.44878409102396349, "Codigo_Tipo_Bosque_Predom": 0.0, "Densidad_C_Media_tC_ha": 10.922553331056839, "Carbono_Perdido_tC": 1.9427470747234885, "Nombre_Tipo_Bosque_Predom": "Sin Datos" }, "geometry": { "type": "MultiPolygon", "coordinates": [ [ [ [ 4910760.797012713737786, 2117746.108454495668411 ], [ 4910760.760052262805402, 2117716.327878830954432 ], [ 4910730.897393498569727, 2117716.364946371875703 ], [ 4910730.934366321191192, 2117746.145523988641798 ], [ 4910760.797012713737786, 2117746.108454495668411 ] ] ], [ [ [ 4910730.971341105177999, 2117775.926101848017424 ], [ 4910730.934366321191192, 2117746.145523988641798 ], [ 4910701.071717973798513, 2117746.182605887763202 ], [ 4910701.108705130405724, 2117775.963185699656606 ], [ 4910730.971341105177999, 2117775.926101848017424 ] ] ] ] } },
{ "type": "Feature", "properties": { "id": "+394050+278143", "Area_ha": 0.97829480393713453, "count": 11, "value": 1, "Porcentaje_Cobertura_Forestal": 25.034965151359113, "NDVI_Medio_Poligono": 0.67593453390305047, "Codigo_Tipo_Bosque_Predom": 2.0, "Densidad_C_Media_tC_ha": 33.277726430632065, "Carbono_Perdido_tC": 32.555426853928793, "Nombre_Tipo_Bosque_Predom": "Bosque Secundario Joven" }, "geometry": { "type": "MultiPolygon", "coordinates": [ [ [ [ 4910757.625584208406508, 2115184.979832323268056 ], [ 4910757.588792470283806, 2115155.199277466163039 ], [ 4910697.861349988728762, 2115155.273089161608368 ], [ 4910697.898166357539594, 2115185.053647923283279 ], [ 4910757.625584208406508, 2115184.979832323268056 ] ] ], [ [ [ 4910608.270171572454274, 2115155.383899323176593 ], [ 4910608.307024886831641, 2115185.164463947527111 ], [ 4910638.170740669593215, 2115185.127512922976166 ], [ 4910638.133899671025574, 2115155.346950253471732 ], [ 4910608.270171572454274, 2115155.383899323176593 ] ] ], [ [ [ 4910727.909112098626792, 2115304.138963598757982 ], [ 4910727.798682276159525, 2115214.797290998976678 ], [ 4910697.934984688647091, 2115214.834206926636398 ], [ 4910697.898166357539594, 2115185.053647923283279 ], [ 4910638.170740669593215, 2115185.127512922976166 ], [ 4910638.207583633251488, 2115214.908075833693147 ], [ 4910668.071285140700638, 2115214.87113520456478 ], [ 4910668.181788865476847, 2115304.212819523178041 ], [ 4910727.909112098626792, 2115304.138963598757982 ] ] ] ] } },
{ "type": "Feature", "properties": { "id": "+394050+278155", "Area_ha": 0.26680903052553184, "count": 3, "value": 1, "Porcentaje_Cobertura_Forestal": 0.0, "NDVI_Medio_Poligono": 0.57493480667990582, "Codigo_Tipo_Bosque_Predom": 0.0, "Densidad_C_Media_tC_ha": 18.4176655884003, "Carbono_Perdido_tC": 4.9139995001845334, "Nombre_Tipo_Bosque_Predom": "Sin Datos" }, "geometry": { "type": "MultiPolygon", "coordinates": [ [ [ [ 4910757.184212828055024, 2114827.613189969211817 ], [ 4910757.147444630973041, 2114797.832638008054346 ], [ 4910727.283576638437808, 2114797.869514256250113 ], [ 4910727.320357142016292, 2114827.650068168994039 ], [ 4910757.184212828055024, 2114827.613189969211817 ] ] ], [ [ [ 4910757.184212828055024, 2114827.613189969211817 ], [ 4910757.220982986502349, 2114857.393742171581835 ], [ 4910787.084824406541884, 2114857.356874362099916 ], [ 4910787.048066556453705, 2114827.576324111316353 ], [ 4910757.184212828055024, 2114827.613189969211817 ] ] ], [ [ [ 4910697.456499501131475, 2114827.686958710663021 ], [ 4910697.49329427536577, 2114857.467514818068594 ], [ 4910727.357139608822763, 2114857.430622323416173 ], [ 4910727.320357142016292, 2114827.650068168994039 ], [ 4910697.456499501131475, 2114827.686958710663021 ] ] ] ] } },
{ "type": "Feature", "properties": { "id": "+394050+278174", "Area_ha": 0.08893704952418921, "count": 1, "value": 1, "Porcentaje_Cobertura_Forestal": 0.0, "NDVI_Medio_Poligono": 0.79906537831595104, "Codigo_Tipo_Bosque_Predom": 0.0, "Densidad_C_Media_tC_ha": 15.983015060424805, "Carbono_Perdido_tC": 1.4214822019748627, "Nombre_Tipo_Bosque_Predom": "Sin Datos" }, "geometry": { "type": "MultiPolygon", "coordinates": [ [ [ [ 4910726.585119697265327, 2114232.039035612717271 ], [ 4910726.621862913481891, 2114261.819584944751114 ], [ 4910756.485952323302627, 2114261.782743836287409 ], [ 4910756.449221400544047, 2114232.002196456305683 ], [ 4910726.585119697265327, 2114232.039035612717271 ] ] ] ] } },
{ "type": "Feature", "properties": { "id": "+394050+278202", "Area_ha": 0.088938053415976173, "count": 1, "value": 1, "Porcentaje_Cobertura_Forestal": 0.0, "NDVI_Medio_Poligono": 0.77564302712928979, "Codigo_Tipo_Bosque_Predom": 0.0, "Densidad_C_Media_tC_ha": 55.689132690429688, "Carbono_Perdido_tC": 4.9528830579108201, "Nombre_Tipo_Bosque_Predom": "Sin Datos" }, "geometry": { "type": "MultiPolygon", "coordinates": [ [ [ [ 4910725.557106396183372, 2113398.183752123266459 ], [ 4910725.593794663436711, 2113427.964294710662216 ], [ 4910755.458228077739477, 2113427.927508264780045 ], [ 4910755.421552086248994, 2113398.146967629436404 ], [ 4910725.557106396183372, 2113398.183752123266459 ] ] ] ] } },
{ "type": "Feature", "properties": { "id": "+394050+278373", "Area_ha": 0.17788826797241344, "count": 2, "value": 1, "Porcentaje_Cobertura_Forestal": 0.0, "NDVI_Medio_Poligono": 0.75670119881423992, "Codigo_Tipo_Bosque_Predom": 0.0, "Densidad_C_Media_tC_ha": 13.16892147064209, "Carbono_Perdido_tC": 2.3425966314772491, "Nombre_Tipo_Bosque_Predom": "Sin Datos" }, "geometry": { "type": "MultiPolygon", "coordinates": [ [ [ [ 4910719.312273937277496, 2108305.71449769847095 ], [ 4910719.384981235489249, 2108365.275501187425107 ], [ 4910749.251492197625339, 2108365.239046675618738 ], [ 4910749.17880922742188, 2108305.678047092631459 ], [ 4910719.312273937277496, 2108305.71449769847095 ] ] ] ] } },
{ "type": "Feature", "properties": { "id": "+394051+278063", "Area_ha": 0.088933043257758249, "count": 1, "value": 1, "Porcentaje_Cobertura_Forestal": 0.0, "NDVI_Medio_Poligono": 0.65128496799995406, "Codigo_Tipo_Bosque_Predom": 0.0, "Densidad_C_Media_tC_ha": 11.389297485351562, "Carbono_Perdido_tC": 1.0128848859402477, "Nombre_Tipo_Bosque_Predom": "Sin Datos" }, "geometry": { "type": "MultiPolygon", "coordinates": [ [ [ [ 4910760.538330517709255, 2117537.644429818727076 ], [ 4910760.575279197655618, 2117567.425004029646516 ], [ 4910790.437997853383422, 2117567.387958649545908 ], [ 4910790.401061540469527, 2117537.607386389747262 ], [ 4910760.538330517709255, 2117537.644429818727076 ] ] ] ] } },
{ "type": "Feature", "properties": { "id": "+394051+278072", "Area_ha": 0.5336001208640897, "count": 6, "value": 1, "Porcentaje_Cobertura_Forestal": 0.0, "NDVI_Medio_Poligono": 0.71798936356802812, "Codigo_Tipo_Bosque_Predom": 0.0, "Densidad_C_Media_tC_ha": 10.32728335042078, "Carbono_Perdido_tC": 5.5106396439822296, "Nombre_Tipo_Bosque_Predom": "Sin Datos" }, "geometry": { "type": "MultiPolygon", "coordinates": [ [ [ [ 4910700.480190444737673, 2117269.6933618709445 ], [ 4910700.517146192491055, 2117299.47393780387938 ], [ 4910790.105641881935298, 2117299.36281715799123 ], [ 4910790.068723219446838, 2117269.582247080281377 ], [ 4910700.480190444737673, 2117269.6933618709445 ] ] ], [ [ [ 4910670.654310379177332, 2117299.511002811603248 ], [ 4910670.691280452534556, 2117329.291580940596759 ], [ 4910700.554103902541101, 2117329.254513979423791 ], [ 4910700.517146192491055, 2117299.47393780387938 ], [ 4910670.654310379177332, 2117299.511002811603248 ] ] ], [ [ [ 4910700.554103902541101, 2117329.254513979423791 ], [ 4910700.591063576750457, 2117359.035090397577733 ], [ 4910730.453872703015804, 2117358.998033880721778 ], [ 4910730.416925392113626, 2117329.217459415551275 ], [ 4910700.554103902541101, 2117329.254513979423791 ] ] ], [ [ [ 4910670.728252489119768, 2117359.07215931173414 ], [ 4910670.76522648986429, 2117388.85273792501539 ], [ 4910700.628025213256478, 2117388.815667057409883 ], [ 4910700.591063576750457, 2117359.035090397577733 ], [ 4910670.728252489119768, 2117359.07215931173414 ] ] ] ] } },
{ "type": "Feature", "properties": { "id": "+394051+278081", "Area_ha": 0.088933692620087823, "count": 1, "value": 1, "Porcentaje_Cobertura_Forestal": 0.0, "NDVI_Medio_Poligono": 0.73305740089802651, "Codigo_Tipo_Bosque_Predom": 0.0, "Densidad_C_Media_tC_ha": 11.389297485351562, "Carbono_Perdido_tC": 1.0128922817209951, "Nombre_Tipo_Bosque_Predom": "Sin Datos" }, "geometry": { "type": "MultiPolygon", "coordinates": [ [ [ [ 4910759.87358973827213, 2117001.594135476276278 ], [ 4910759.910503107123077, 2117031.374705323949456 ], [ 4910789.773444279097021, 2117031.337695065420121 ], [ 4910789.736543266102672, 2117001.557127169333398 ], [ 4910759.87358973827213, 2117001.594135476276278 ] ] ] ] } },
{ "type": "Feature", "properties": { "id": "+394051+278234", "Area_ha": 0.17787833851857576, "count": 2, "value": 1, "Porcentaje_Cobertura_Forestal": 0.0, "NDVI_Medio_Poligono": 0.64519362410185033, "Codigo_Tipo_Bosque_Predom": 0.98403531312942505, "Densidad_C_Media_tC_ha": 26.285356521606445, "Carbono_Perdido_tC": 4.6755955454317641, "Nombre_Tipo_Bosque_Predom": "Sin Datos" }, "geometry": { "type": "MultiPolygon", "coordinates": [ [ [ [ 4910754.248956243507564, 2112445.169794256798923 ], [ 4910754.322184627875686, 2112504.730860381852835 ], [ 4910784.186996347270906, 2112504.694146749097854 ], [ 4910784.113792474381626, 2112445.133084527216852 ], [ 4910754.248956243507564, 2112445.169794256798923 ] ] ] ] } },
{ "type": "Feature", "properties": { "id": "+394051+278241", "Area_ha": 0.1778788509041071, "count": 2, "value": 1, "Porcentaje_Cobertura_Forestal": 0.0, "NDVI_Medio_Poligono": 0.63017514444469058, "Codigo_Tipo_Bosque_Predom": 0.0, "Densidad_C_Media_tC_ha": 26.285356521606445, "Carbono_Perdido_tC": 4.6756090136681321, "Nombre_Tipo_Bosque_Predom": "Sin Datos" }, "geometry": { "type": "MultiPolygon", "coordinates": [ [ [ [ 4910783.89422816503793, 2112266.44990374520421 ], [ 4910783.857640936970711, 2112236.66937443614006 ], [ 4910753.992718937806785, 2112236.706070503219962 ], [ 4910754.029318415559828, 2112266.486601763870567 ], [ 4910783.89422816503793, 2112266.44990374520421 ] ] ], [ [ [ 4910754.065919855609536, 2112296.267133264802396 ], [ 4910754.029318415559828, 2112266.486601763870567 ], [ 4910724.164406709372997, 2112266.523312068544328 ], [ 4910724.201020400039852, 2112296.303845521993935 ], [ 4910754.065919855609536, 2112296.267133264802396 ] ] ] ] } },
{ "type": "Feature", "properties": { "id": "+394051+278266", "Area_ha": 0.08894033064991963, "count": 1, "value": 1, "Porcentaje_Cobertura_Forestal": 0.0, "NDVI_Medio_Poligono": 0.69459818522806027, "Codigo_Tipo_Bosque_Predom": 1.4825323820114136, "Densidad_C_Media_tC_ha": 25.614896774291992, "Carbono_Perdido_tC": 2.2781973886690894, "Nombre_Tipo_Bosque_Predom": "Sin Datos" }, "geometry": { "type": "MultiPolygon", "coordinates": [ [ [ [ 4910753.078369356691837, 2111492.19286688696593 ], [ 4910753.114919787272811, 2111521.97339214803651 ], [ 4910782.980135608464479, 2111521.936742924153805 ], [ 4910782.943597411736846, 2111492.156219615135342 ], [ 4910753.078369356691837, 2111492.19286688696593 ] ] ] ] } },
{ "type": "Feature", "properties": { "id": "+394051+278345", "Area_ha": 0.44471547124818461, "count": 5, "value": 1, "Porcentaje_Cobertura_Forestal": 0.0, "NDVI_Medio_Poligono": 0.80586778328178621, "Codigo_Tipo_Bosque_Predom": 0.0, "Densidad_C_Media_tC_ha": 21.081045150756836, "Carbono_Perdido_tC": 9.3750669286230828, "Nombre_Tipo_Bosque_Predom": "Sin Datos" }, "geometry": { "type": "MultiPolygon", "coordinates": [ [ [ [ 4910750.197084960527718, 2109139.532128087710589 ], [ 4910750.26987780071795, 2109199.09314103377983 ], [ 4910720.403707717545331, 2109199.129650223068893 ], [ 4910720.476532773114741, 2109258.690668031107634 ], [ 4910750.342678488232195, 2109258.654154936317354 ], [ 4910750.30627716332674, 2109228.873647865373641 ], [ 4910780.172433105297387, 2109228.837148942518979 ], [ 4910780.063277452252805, 2109139.495635021012276 ], [ 4910750.197084960527718, 2109139.532128087710589 ] ] ] ] } },
{ "type": "Feature", "properties": { "id": "+394051+278366", "Area_ha": 0.088943891448382051, "count": 1, "value": 1, "Porcentaje_Cobertura_Forestal": 0.0, "NDVI_Medio_Poligono": 0.67091932243806351, "Codigo_Tipo_Bosque_Predom": 0.0, "Densidad_C_Media_tC_ha": 13.16892147064209, "Carbono_Perdido_tC": 1.1712951217770577, "Nombre_Tipo_Bosque_Predom": "Sin Datos" }, "geometry": { "type": "MultiPolygon", "coordinates": [ [ [ [ 4910749.433233955875039, 2108514.141549803316593 ], [ 4910749.469588194042444, 2108543.922051145229489 ], [ 4910779.336024196818471, 2108543.885597120504826 ], [ 4910779.299682127311826, 2108514.105097731109709 ], [ 4910749.433233955875039, 2108514.141549803316593 ] ] ] ] } },
{ "type": "Feature", "properties": { "id": "+394052+278098", "Area_ha": 0.17786859893462098, "count": 2, "value": 1, "Porcentaje_Cobertura_Forestal": 0.0, "NDVI_Medio_Poligono": 0.36384432714117826, "Codigo_Tipo_Bosque_Predom": 0.0, "Densidad_C_Media_tC_ha": 8.2002439498901367, "Carbono_Perdido_tC": 1.4585659022890609, "Nombre_Tipo_Bosque_Predom": "Sin Datos" }, "geometry": { "type": "MultiPolygon", "coordinates": [ [ [ [ 4910759.246362623758614, 2116495.32448509382084 ], [ 4910759.283242641948164, 2116525.105050826910883 ], [ 4910819.009542948566377, 2116525.0311090326868 ], [ 4910818.972687619738281, 2116495.250547201372683 ], [ 4910759.246362623758614, 2116495.32448509382084 ] ] ] ] } },
{ "type": "Feature", "properties": { "id": "+394052+278135", "Area_ha": 1.5119027296022134, "count": 17, "value": 1, "Porcentaje_Cobertura_Forestal": 0.0, "NDVI_Medio_Poligono": 0.33188932381031705, "Codigo_Tipo_Bosque_Predom": 0.0, "Densidad_C_Media_tC_ha": 9.5638160705566406, "Carbono_Perdido_tC": 14.459559622488099, "Nombre_Tipo_Bosque_Predom": "Sin Datos" }, "geometry": { "type": "MultiPolygon", "coordinates": [ [ [ [ 4910787.783596185036004, 2115423.187374984379858 ], [ 4910787.857192292809486, 2115482.748485383577645 ], [ 4910817.720773139037192, 2115482.711588949896395 ], [ 4910817.610418881289661, 2115393.369929566048086 ], [ 4910757.883181306533515, 2115393.443723082542419 ], [ 4910757.919988739304245, 2115423.224279871210456 ], [ 4910787.783596185036004, 2115423.187374984379858 ] ] ], [ [ [ 4910847.547577637247741, 2115452.894153453875333 ], [ 4910847.584352028556168, 2115482.674704873468727 ], [ 4910877.447928964160383, 2115482.637833152897656 ], [ 4910877.411166895180941, 2115452.857283683028072 ], [ 4910847.547577637247741, 2115452.894153453875333 ] ] ], [ [ [ 4910877.447928964160383, 2115482.637833152897656 ], [ 4910877.521458981558681, 2115542.198932817205787 ], [ 4910907.385009317658842, 2115542.162069555372 ], [ 4910907.311503945849836, 2115482.600973788648844 ], [ 4910877.447928964160383, 2115482.637833152897656 ] ] ], [ [ [ 4910847.657906690612435, 2115542.235808436758816 ], [ 4910847.584352028556168, 2115482.674704873468727 ], [ 4910817.720773139037192, 2115482.711588949896395 ], [ 4910817.831145040690899, 2115572.053250507917255 ], [ 4910847.694686961360276, 2115572.016360580921173 ], [ 4910847.76825338229537, 2115631.57746559381485 ], [ 4910877.631768699735403, 2115631.540584126021713 ], [ 4910877.521458981558681, 2115542.198932817205787 ], [ 4910847.657906690612435, 2115542.235808436758816 ] ] ], [ [ [ 4910877.631768699735403, 2115631.540584126021713 ], [ 4910877.668542524799705, 2115661.321135045494884 ], [ 4910937.395542644895613, 2115661.247405292000622 ], [ 4910937.285300998017192, 2115571.90576494904235 ], [ 4910907.421764940954745, 2115571.942617801483721 ], [ 4910907.495282063260674, 2115631.503715018276125 ], [ 4910877.631768699735403, 2115631.540584126021713 ] ] ] ] } },
{ "type": "Feature", "properties": { "id": "+394052+278152", "Area_ha": 2.4902142124867881, "count": 28, "value": 1, "Porcentaje_Cobertura_Forestal": 0.0, "NDVI_Medio_Poligono": 0.45180382464637742, "Codigo_Tipo_Bosque_Predom": 0.0, "Densidad_C_Media_tC_ha": 31.032777435441847, "Carbono_Perdido_tC": 77.278263422676588, "Nombre_Tipo_Bosque_Predom": "Sin Datos" }, "geometry": { "type": "MultiPolygon", "coordinates": [ [ [ [ 4910757.294528949074447, 2114916.954847185872495 ], [ 4910757.257754866965115, 2114887.174294500611722 ], [ 4910637.802418841980398, 2114887.321896976791322 ], [ 4910637.839242161251605, 2114917.102457473985851 ], [ 4910548.247756495140493, 2114917.213294801767915 ], [ 4910548.358349032700062, 2115006.554995339829475 ], [ 4910608.085934241302311, 2115006.481079709716141 ], [ 4910608.122777730226517, 2115036.261643127072603 ], [ 4910667.850330472923815, 2115036.187772972043604 ], [ 4910667.813511608168483, 2115006.407213463447988 ], [ 4910757.404862965457141, 2115006.296506687998772 ], [ 4910757.331304992549121, 2114946.735400112345815 ], [ 4910817.058912022039294, 2114946.661665129475296 ], [ 4910816.985411134548485, 2114887.100567322224379 ], [ 4910787.121583978645504, 2114887.13742474000901 ], [ 4910787.158345751464367, 2114916.917975473683327 ], [ 4910757.294528949074447, 2114916.954847185872495 ] ], [ [ 4910637.949723904021084, 2115006.44414041377604 ], [ 4910637.876067444682121, 2114946.883018213324249 ], [ 4910667.739879770204425, 2114946.846095171291381 ], [ 4910667.813511608168483, 2115006.407213463447988 ], [ 4910637.949723904021084, 2115006.44414041377604 ] ] ] ] } },
{ "type": "Feature", "properties": { "id": "+394052+278311", "Area_ha": 0.088941923637570294, "count": 1, "value": 1, "Porcentaje_Cobertura_Forestal": 0.0, "NDVI_Medio_Poligono": 0.80366036250910167, "Codigo_Tipo_Bosque_Predom": 0.0, "Densidad_C_Media_tC_ha": 7.3780007362365723, "Carbono_Perdido_tC": 0.65621357808029057, "Nombre_Tipo_Bosque_Predom": "Sin Datos" }, "geometry": { "type": "MultiPolygon", "coordinates": [ [ [ [ 4910781.301408455707133, 2110152.032918740995228 ], [ 4910781.337858395650983, 2110181.813431270886213 ], [ 4910811.203622153960168, 2110181.776882122736424 ], [ 4910811.167184418998659, 2110151.996371544431895 ], [ 4910781.301408455707133, 2110152.032918740995228 ] ] ] ] } },
{ "type": "Feature", "properties": { "id": "+394052+278368", "Area_ha": 0.088943950722194853, "count": 1, "value": 1, "Porcentaje_Cobertura_Forestal": 0.0, "NDVI_Medio_Poligono": 0.7273615224115515, "Codigo_Tipo_Bosque_Predom": 0.0, "Densidad_C_Media_tC_ha": 13.16892147064209, "Carbono_Perdido_tC": 1.1712959023492437, "Nombre_Tipo_Bosque_Predom": "Sin Datos" }, "geometry": { "type": "MultiPolygon", "coordinates": [ [ [ [ 4910779.227003873325884, 2108454.544099668972194 ], [ 4910779.263342020101845, 2108484.324598581530154 ], [ 4910809.129800401628017, 2108484.288160664495081 ], [ 4910809.093474422581494, 2108454.507663703523576 ], [ 4910779.227003873325884, 2108454.544099668972194 ] ] ] ] } },
{ "type": "Feature", "properties": { "id": "+394052+278371", "Area_ha": 0.088944057233257628, "count": 1, "value": 1, "Porcentaje_Cobertura_Forestal": 0.0, "NDVI_Medio_Poligono": 0.77832165109059681, "Codigo_Tipo_Bosque_Predom": 0.0, "Densidad_C_Media_tC_ha": 13.168921470642092, "Carbono_Perdido_tC": 1.1712973049850655, "Nombre_Tipo_Bosque_Predom": "Sin Datos" }, "geometry": { "type": "MultiPolygon", "coordinates": [ [ [ [ 4910779.118001202121377, 2108365.202604364138097 ], [ 4910779.154333464801311, 2108394.983102559577674 ], [ 4910809.020828346721828, 2108394.946670496836305 ], [ 4910808.984508249908686, 2108365.166174252983183 ], [ 4910779.118001202121377, 2108365.202604364138097 ] ] ] ] } },
{ "type": "Feature", "properties": { "id": "+394052+278407", "Area_ha": 0.088945334082610503, "count": 1, "value": 1, "Porcentaje_Cobertura_Forestal": 0.0, "NDVI_Medio_Poligono": 0.63329249040691105, "Codigo_Tipo_Bosque_Predom": 0.0, "Densidad_C_Media_tC_ha": 44.768772125244141, "Carbono_Perdido_tC": 3.9819733931481007, "Nombre_Tipo_Bosque_Predom": "Sin Datos" }, "geometry": { "type": "MultiPolygon", "coordinates": [ [ [ [ 4910777.811345997266471, 2107293.104828022886068 ], [ 4910777.847607651725411, 2107322.885317640844733 ], [ 4910807.714540073648095, 2107322.848955834750086 ], [ 4910807.67829056084156, 2107293.068468168843538 ], [ 4910777.811345997266471, 2107293.104828022886068 ] ] ] ] } },
{ "type": "Feature", "properties": { "id": "+394053+278048", "Area_ha": 0.53359483104391836, "count": 6, "value": 1, "Porcentaje_Cobertura_Forestal": 0.0, "NDVI_Medio_Poligono": 0.39824499458532625, "Codigo_Tipo_Bosque_Predom": 0.0, "Densidad_C_Media_tC_ha": 14.711419105529787, "Carbono_Perdido_tC": 7.8499371920314394, "Nombre_Tipo_Bosque_Predom": "Sin Datos" }, "geometry": { "type": "MultiPolygon", "coordinates": [ [ [ [ 4910761.09276669844985, 2117984.353068433701992 ], [ 4910761.166724871844053, 2118043.91422437177971 ], [ 4910850.754281054250896, 2118043.803031814284623 ], [ 4910850.68039714731276, 2117984.241887579206377 ], [ 4910761.09276669844985, 2117984.353068433701992 ] ] ] ] } },
{ "type": "Feature", "properties": { "id": "+394053+278059", "Area_ha": 0.26679858618112046, "count": 3, "value": 1, "Porcentaje_Cobertura_Forestal": 0.0, "NDVI_Medio_Poligono": 0.50103757544574845, "Codigo_Tipo_Bosque_Predom": 0.0, "Densidad_C_Media_tC_ha": 11.389297485351562, "Carbono_Perdido_tC": 3.0386484666879872, "Nombre_Tipo_Bosque_Predom": "Sin Datos" }, "geometry": { "type": "MultiPolygon", "coordinates": [ [ [ [ 4910790.548818556591868, 2117656.72967688087374 ], [ 4910790.585762713104486, 2117686.510250108782202 ], [ 4910820.448429934680462, 2117686.473209328949451 ], [ 4910820.485363681800663, 2117716.253780850209296 ], [ 4910850.348016574978828, 2117716.216750524938107 ], [ 4910850.274175783619285, 2117656.655611626338214 ], [ 4910790.548818556591868, 2117656.72967688087374 ] ] ] ] } },
{ "type": "Feature", "properties": { "id": "+394053+278096", "Area_ha": 0.088934209800742972, "count": 1, "value": 1, "Porcentaje_Cobertura_Forestal": 0.0, "NDVI_Medio_Poligono": 0.52885811185078335, "Codigo_Tipo_Bosque_Predom": 0.0, "Densidad_C_Media_tC_ha": 8.2002439498901367, "Carbono_Perdido_tC": 0.72928221585680264, "Nombre_Tipo_Bosque_Predom": "Sin Datos" }, "geometry": { "type": "MultiPolygon", "coordinates": [ [ [ [ 4910819.046400238759816, 2116554.811671106610447 ], [ 4910819.083259488455951, 2116584.592233421746641 ], [ 4910848.946382015943527, 2116584.555277193896472 ], [ 4910848.909535110928118, 2116554.774716828018427 ], [ 4910819.046400238759816, 2116554.811671106610447 ] ] ] ] } },
{ "type": "Feature", "properties": { "id": "+394053+278181", "Area_ha": 0.088937265402515189, "count": 1, "value": 1, "Porcentaje_Cobertura_Forestal": 0.0, "NDVI_Medio_Poligono": 0.73666732495488474, "Codigo_Tipo_Bosque_Predom": 0.0, "Densidad_C_Media_tC_ha": 15.983015060424805, "Carbono_Perdido_tC": 1.4214856523613981, "Nombre_Tipo_Bosque_Predom": "Sin Datos" }, "geometry": { "type": "MultiPolygon", "coordinates": [ [ [ [ 4910815.920529507100582, 2114023.464757537469268 ], [ 4910815.957222115248442, 2114053.245299328118563 ], [ 4910845.821391704492271, 2114053.208508859854192 ], [ 4910845.784711385145783, 2114023.427969019394368 ], [ 4910815.920529507100582, 2114023.464757537469268 ] ] ] ] } },
{ "type": "Feature", "properties": { "id": "+394053+278315", "Area_ha": 0.088942054344355717, "count": 1, "value": 1, "Porcentaje_Cobertura_Forestal": 0.0, "NDVI_Medio_Poligono": 0.69156504852265177, "Codigo_Tipo_Bosque_Predom": 0.0, "Densidad_C_Media_tC_ha": 7.3780007362365714, "Carbono_Perdido_tC": 0.65621454243504962, "Nombre_Tipo_Bosque_Predom": "Sin Datos" }, "geometry": { "type": "MultiPolygon", "coordinates": [ [ [ [ 4910811.021453083492815, 2110032.874331625178456 ], [ 4910811.057882975786924, 2110062.65484124654904 ], [ 4910840.923693591728806, 2110062.618312140926719 ], [ 4910840.887275900691748, 2110032.837804470211267 ], [ 4910811.021453083492815, 2110032.874331625178456 ] ] ] ] } },
{ "type": "Feature", "properties": { "id": "+394053+278375", "Area_ha": 0.35577663136860793, "count": 4, "value": 1, "Porcentaje_Cobertura_Forestal": 0.0, "NDVI_Medio_Poligono": 0.73779148820181717, "Codigo_Tipo_Bosque_Predom": 0.0, "Densidad_C_Media_tC_ha": 13.16892147064209, "Carbono_Perdido_tC": 4.6851945195827769, "Nombre_Tipo_Bosque_Predom": "Sin Datos" }, "geometry": { "type": "MultiPolygon", "coordinates": [ [ [ [ 4910808.839247467927635, 2108246.044191657565534 ], [ 4910808.875559722073376, 2108275.824686949141324 ], [ 4910779.009016182273626, 2108275.861111205536872 ], [ 4910779.045342560857534, 2108305.641608685720712 ], [ 4910808.91187393758446, 2108305.605182477738708 ], [ 4910808.948190113529563, 2108335.385678246151656 ], [ 4910838.814707366749644, 2108335.349262285977602 ], [ 4910838.705801211297512, 2108246.0077815502882 ], [ 4910808.839247467927635, 2108246.044191657565534 ] ] ] ] } },
{ "type": "Feature", "properties": { "id": "+394053+278378", "Area_ha": 0.088944293958334308, "count": 1, "value": 1, "Porcentaje_Cobertura_Forestal": 0.0, "NDVI_Medio_Poligono": 0.90782843844661254, "Codigo_Tipo_Bosque_Predom": 0.0, "Densidad_C_Media_tC_ha": 13.16892147064209, "Carbono_Perdido_tC": 1.1713004223990102, "Nombre_Tipo_Bosque_Predom": "Sin Datos" }, "geometry": { "type": "MultiPolygon", "coordinates": [ [ [ [ 4910808.730322468094528, 2108156.702707215212286 ], [ 4910808.76662884093821, 2108186.483201789669693 ], [ 4910838.633206908591092, 2108186.446795584168285 ], [ 4910838.596912696957588, 2108156.666302960366011 ], [ 4910808.730322468094528, 2108156.702707215212286 ] ] ] ] } },
{ "type": "Feature", "properties": { "id": "+394054+278156", "Area_ha": 0.088936356399397481, "count": 1, "value": 1, "Porcentaje_Cobertura_Forestal": 0.0, "NDVI_Medio_Poligono": 0.75096565389487047, "Codigo_Tipo_Bosque_Predom": 0.0, "Densidad_C_Media_tC_ha": 15.983015060424805, "Carbono_Perdido_tC": 1.4214711237508779, "Nombre_Tipo_Bosque_Predom": "Sin Datos" }, "geometry": { "type": "MultiPolygon", "coordinates": [ [ [ [ 4910846.702307312749326, 2114767.941537331324071 ], [ 4910846.739036628045142, 2114797.722083198837936 ], [ 4910876.602896794676781, 2114797.68525631679222 ], [ 4910876.566179785877466, 2114767.904712398070842 ], [ 4910846.702307312749326, 2114767.941537331324071 ] ] ] ] } },
{ "type": "Feature", "properties": { "id": "+394054+278299", "Area_ha": 0.1778829095571782, "count": 2, "value": 1, "Porcentaje_Cobertura_Forestal": 0.0, "NDVI_Medio_Poligono": 0.67069951628397717, "Codigo_Tipo_Bosque_Predom": 0.0, "Densidad_C_Media_tC_ha": 7.3780007362365723, "Carbono_Perdido_tC": 1.3124202376767644, "Nombre_Tipo_Bosque_Predom": "Sin Datos" }, "geometry": { "type": "MultiPolygon", "coordinates": [ [ [ [ 4910841.470194147899747, 2110509.32595590967685 ], [ 4910841.543094208464026, 2110568.886979148723185 ], [ 4910871.408695330843329, 2110568.850429130252451 ], [ 4910871.335819696076214, 2110509.289409791585058 ], [ 4910841.470194147899747, 2110509.32595590967685 ] ] ] ] } },
{ "type": "Feature", "properties": { "id": "+394054+278303", "Area_ha": 0.17788319466172398, "count": 2, "value": 1, "Porcentaje_Cobertura_Forestal": 0.0, "NDVI_Medio_Poligono": 0.53447901851549084, "Codigo_Tipo_Bosque_Predom": 0.0, "Densidad_C_Media_tC_ha": 7.3780007362365723, "Carbono_Perdido_tC": 1.3124223411783129, "Nombre_Tipo_Bosque_Predom": "Sin Datos" }, "geometry": { "type": "MultiPolygon", "coordinates": [ [ [ [ 4910841.32441754732281, 2110390.203912305645645 ], [ 4910841.397301928140223, 2110449.764933629427105 ], [ 4910871.262951899319887, 2110449.728391411248595 ], [ 4910871.190091939643025, 2110390.167373987380415 ], [ 4910841.32441754732281, 2110390.203912305645645 ] ] ] ] } },
{ "type": "Feature", "properties": { "id": "+394054+278321", "Area_ha": 0.08894225623063394, "count": 1, "value": 1, "Porcentaje_Cobertura_Forestal": 0.0, "NDVI_Medio_Poligono": 0.68904486546197674, "Codigo_Tipo_Bosque_Predom": 0.0, "Densidad_C_Media_tC_ha": 21.081045150756836, "Carbono_Perdido_tC": 1.8749957194081777, "Nombre_Tipo_Bosque_Predom": "Sin Datos" }, "geometry": { "type": "MultiPolygon", "coordinates": [ [ [ [ 4910840.668810915201902, 2109854.154763472266495 ], [ 4910840.705216846428812, 2109883.935269707813859 ], [ 4910870.571098708547652, 2109883.898764539975673 ], [ 4910870.534704975783825, 2109854.11826025461778 ], [ 4910840.668810915201902, 2109854.154763472266495 ] ] ] ] } },
{ "type": "Feature", "properties": { "id": "+394054+278348", "Area_ha": 0.088943216684254006, "count": 1, "value": 1, "Porcentaje_Cobertura_Forestal": 0.0, "NDVI_Medio_Poligono": 0.80072983818985521, "Codigo_Tipo_Bosque_Predom": 0.0, "Densidad_C_Media_tC_ha": 21.081045150756836, "Carbono_Perdido_tC": 1.8750159667743074, "Nombre_Tipo_Bosque_Predom": "Sin Datos" }, "geometry": { "type": "MultiPolygon", "coordinates": [ [ [ [ 4910839.686591647565365, 2109050.081185471732169 ], [ 4910839.722944660112262, 2109079.861685255076736 ], [ 4910869.589155642315745, 2109079.825232740025967 ], [ 4910869.552814811468124, 2109050.044734906870872 ], [ 4910839.686591647565365, 2109050.081185471732169 ] ] ] ] } },
{ "type": "Feature", "properties": { "id": "+394054+278351", "Area_ha": 0.088943323316796163, "count": 1, "value": 1, "Porcentaje_Cobertura_Forestal": 0.0, "NDVI_Medio_Poligono": 0.84784566074462819, "Codigo_Tipo_Bosque_Predom": 0.0, "Densidad_C_Media_tC_ha": 21.081045150756836, "Carbono_Perdido_tC": 1.8750182146997432, "Nombre_Tipo_Bosque_Predom": "Sin Datos" }, "geometry": { "type": "MultiPolygon", "coordinates": [ [ [ [ 4910839.577544373460114, 2108960.739687555469573 ], [ 4910839.613891504704952, 2108990.520186622627079 ], [ 4910869.480139027349651, 2108990.483739958144724 ], [ 4910869.443804074078798, 2108960.703242841176689 ], [ 4910839.577544373460114, 2108960.739687555469573 ] ] ] ] } },
{ "type": "Feature", "properties": { "id": "+394055+278052", "Area_ha": 0.088932599167202711, "count": 1, "value": 1, "Porcentaje_Cobertura_Forestal": 0.0, "NDVI_Medio_Poligono": 0.24692272359844353, "Codigo_Tipo_Bosque_Predom": 0.0, "Densidad_C_Media_tC_ha": 11.389297485351562, "Carbono_Perdido_tC": 1.0128798280608002, "Nombre_Tipo_Bosque_Predom": "Sin Datos" }, "geometry": { "type": "MultiPolygon", "coordinates": [ [ [ [ 4910880.395241925492883, 2117865.082574352622032 ], [ 4910880.432162685319781, 2117894.863143430091441 ], [ 4910910.294737432152033, 2117894.826126224827021 ], [ 4910910.257829047739506, 2117865.045559095684439 ], [ 4910880.395241925492883, 2117865.082574352622032 ] ] ] ] } },
{ "type": "Feature", "properties": { "id": "+394055+278062", "Area_ha": 0.35573179212223038, "count": 4, "value": 1, "Porcentaje_Cobertura_Forestal": 0.0, "NDVI_Medio_Poligono": 0.33762071189641318, "Codigo_Tipo_Bosque_Predom": 0.0, "Densidad_C_Media_tC_ha": 11.389297485351562, "Carbono_Perdido_tC": 4.0515352054773235, "Nombre_Tipo_Bosque_Predom": "Sin Datos" }, "geometry": { "type": "MultiPolygon", "coordinates": [ [ [ [ 4910909.925741955637932, 2117597.020465967711061 ], [ 4910909.888853155076504, 2117567.239901264198124 ], [ 4910850.163429532200098, 2117567.313905209768564 ], [ 4910850.200343068689108, 2117597.094473810866475 ], [ 4910909.925741955637932, 2117597.020465967711061 ] ] ], [ [ [ 4910909.925741955637932, 2117597.020465967711061 ], [ 4910909.962632713839412, 2117626.801030913367867 ], [ 4910939.825316855683923, 2117626.764043648261577 ], [ 4910939.788438466377556, 2117596.983480650000274 ], [ 4910909.925741955637932, 2117597.020465967711061 ] ] ], [ [ [ 4910820.337640695273876, 2117597.131496336311102 ], [ 4910820.374568561092019, 2117626.912067129742354 ], [ 4910850.237258565612137, 2117626.875042654108256 ], [ 4910850.200343068689108, 2117597.094473810866475 ], [ 4910820.337640695273876, 2117597.131496336311102 ] ] ] ] } },
{ "type": "Feature", "properties": { "id": "+394055+278070", "Area_ha": 0.17786650954560609, "count": 2, "value": 1, "Porcentaje_Cobertura_Forestal": 0.0, "NDVI_Medio_Poligono": 0.72131665070595652, "Codigo_Tipo_Bosque_Predom": 0.0, "Densidad_C_Media_tC_ha": 11.389297485351562, "Carbono_Perdido_tC": 2.0257745898960313, "Nombre_Tipo_Bosque_Predom": "Sin Datos" }, "geometry": { "type": "MultiPolygon", "coordinates": [ [ [ [ 4910849.868191551417112, 2117329.069365013856441 ], [ 4910849.905089410021901, 2117358.849931674543768 ], [ 4910909.630686150863767, 2117358.775955013930798 ], [ 4910909.593813017942011, 2117328.995392250828445 ], [ 4910849.868191551417112, 2117329.069365013856441 ] ] ] ] } },
{ "type": "Feature", "properties": { "id": "+394055+278273", "Area_ha": 0.088940533565067745, "count": 1, "value": 1, "Porcentaje_Cobertura_Forestal": 0.0, "NDVI_Medio_Poligono": 0.69312050592770413, "Codigo_Tipo_Bosque_Predom": 0.0, "Densidad_C_Media_tC_ha": 25.614896774291989, "Carbono_Perdido_tC": 2.278202586319662, "Nombre_Tipo_Bosque_Predom": "Sin Datos" }, "geometry": { "type": "MultiPolygon", "coordinates": [ [ [ [ 4910872.283814238384366, 2111283.582735924515873 ], [ 4910872.3203020170331, 2111313.363251703325659 ], [ 4910902.185595639050007, 2111313.326665202155709 ], [ 4910902.149120090529323, 2111283.546151372138411 ], [ 4910872.283814238384366, 2111283.582735924515873 ] ] ] ] } },
{ "type": "Feature", "properties": { "id": "+394055+278308", "Area_ha": 0.17788352748315375, "count": 2, "value": 1, "Porcentaje_Cobertura_Forestal": 0.0, "NDVI_Medio_Poligono": 0.70114760194545489, "Codigo_Tipo_Bosque_Predom": 0.0, "Densidad_C_Media_tC_ha": 7.3780007362365723, "Carbono_Perdido_tC": 1.3124247967350668, "Nombre_Tipo_Bosque_Predom": "Sin Datos" }, "geometry": { "type": "MultiPolygon", "coordinates": [ [ [ [ 4910871.007976328022778, 2110241.264834619592875 ], [ 4910871.080816694535315, 2110300.825849648565054 ], [ 4910900.946525759063661, 2110300.789329423103482 ], [ 4910900.873709806241095, 2110241.228318293113261 ], [ 4910871.007976328022778, 2110241.264834619592875 ] ] ] ] } },
{ "type": "Feature", "properties": { "id": "+394056+278042", "Area_ha": 0.088932226198969871, "count": 1, "value": 1, "Porcentaje_Cobertura_Forestal": 0.0, "NDVI_Medio_Poligono": 0.77883846418954439, "Codigo_Tipo_Bosque_Predom": 0.0, "Densidad_C_Media_tC_ha": 14.711419105529785, "Carbono_Perdido_tC": 1.308319251600822, "Nombre_Tipo_Bosque_Predom": "Sin Datos" }, "geometry": { "type": "MultiPolygon", "coordinates": [ [ [ [ 4910910.62700102571398, 2118162.851241298485547 ], [ 4910910.663928994908929, 2118192.631810853723437 ], [ 4910940.526378002017736, 2118192.594786578789353 ], [ 4910940.489462414756417, 2118162.814218971412629 ], [ 4910910.62700102571398, 2118162.851241298485547 ] ] ] ] } },
{ "type": "Feature", "properties": { "id": "+394056+278046", "Area_ha": 0.088932370719563919, "count": 1, "value": 1, "Porcentaje_Cobertura_Forestal": 0.0, "NDVI_Medio_Poligono": 0.65592302615383935, "Codigo_Tipo_Bosque_Predom": 0.0, "Densidad_C_Media_tC_ha": 14.711419105529785, "Carbono_Perdido_tC": 1.3083213777038503, "Nombre_Tipo_Bosque_Predom": "Sin Datos" }, "geometry": { "type": "MultiPolygon", "coordinates": [ [ [ [ 4910910.479308732785285, 2118043.728965505491942 ], [ 4910910.516228868626058, 2118073.509534089826047 ], [ 4910940.378727397881448, 2118073.472517606336623 ], [ 4910940.341819641180336, 2118043.691950969863683 ], [ 4910910.479308732785285, 2118043.728965505491942 ] ] ] ] } },
{ "type": "Feature", "properties": { "id": "+394056+278068", "Area_ha": 0.97826402411846647, "count": 11, "value": 1, "Porcentaje_Cobertura_Forestal": 0.0, "NDVI_Medio_Poligono": 0.63208686850817764, "Codigo_Tipo_Bosque_Predom": 0.0, "Densidad_C_Media_tC_ha": 11.389297485351562, "Carbono_Perdido_tC": 11.14173998990235, "Nombre_Tipo_Bosque_Predom": "Sin Datos" }, "geometry": { "type": "MultiPolygon", "coordinates": [ [ [ [ 4910909.667561481706798, 2117388.556518135592341 ], [ 4910909.70443853083998, 2117418.337081384379417 ], [ 4910939.567209240980446, 2117418.30010775430128 ], [ 4910939.530344556085765, 2117388.519546453375369 ], [ 4910909.667561481706798, 2117388.556518135592341 ] ] ], [ [ [ 4910939.567209240980446, 2117418.30010775430128 ], [ 4910939.640944485552609, 2117477.86123108305037 ], [ 4911029.229170712642372, 2117477.750372906215489 ], [ 4911029.155509660951793, 2117418.189261257182807 ], [ 4910939.567209240980446, 2117418.30010775430128 ] ] ], [ [ [ 4910879.841665864922106, 2117418.374067413154989 ], [ 4910879.915450570173562, 2117477.935198534745723 ], [ 4910909.778198504820466, 2117477.898208608850837 ], [ 4910909.70443853083998, 2117418.337081384379417 ], [ 4910879.841665864922106, 2117418.374067413154989 ] ] ], [ [ [ 4910939.677815043367445, 2117507.641793111339211 ], [ 4910939.640944485552609, 2117477.86123108305037 ], [ 4910909.778198504820466, 2117477.898208608850837 ], [ 4910909.815081429667771, 2117507.678772585000843 ], [ 4910939.677815043367445, 2117507.641793111339211 ] ] ], [ [ [ 4910909.85196631308645, 2117537.45933680376038 ], [ 4910909.815081429667771, 2117507.678772585000843 ], [ 4910879.952345861122012, 2117507.715764459688216 ], [ 4910879.98924311157316, 2117537.496330626774579 ], [ 4910909.85196631308645, 2117537.45933680376038 ] ] ] ] } },
{ "type": "Feature", "properties": { "id": "+394056+278162", "Area_ha": 0.17787306087251054, "count": 2, "value": 1, "Porcentaje_Cobertura_Forestal": 0.0, "NDVI_Medio_Poligono": 0.53378747223541001, "Codigo_Tipo_Bosque_Predom": 0.0, "Densidad_C_Media_tC_ha": 15.983015060424805, "Carbono_Perdido_tC": 2.8429478107691941, "Nombre_Tipo_Bosque_Predom": "Sin Datos" }, "geometry": { "type": "MultiPolygon", "coordinates": [ [ [ [ 4910906.209863222204149, 2114589.184653058648109 ], [ 4910906.283251082524657, 2114648.745734342373908 ], [ 4910936.147168866358697, 2114648.708941883873194 ], [ 4910936.073805612511933, 2114589.147864496801049 ], [ 4910906.209863222204149, 2114589.184653058648109 ] ] ] ] } },
{ "type": "Feature", "properties": { "id": "+394056+278281", "Area_ha": 0.088940807295577545, "count": 1, "value": 1, "Porcentaje_Cobertura_Forestal": 0.0, "NDVI_Medio_Poligono": 0.79044109386677996, "Codigo_Tipo_Bosque_Predom": 0.0, "Densidad_C_Media_tC_ha": 25.614896774291992, "Carbono_Perdido_tC": 2.2782095978984152, "Nombre_Tipo_Bosque_Predom": "Sin Datos" }, "geometry": { "type": "MultiPolygon", "coordinates": [ [ [ [ 4910901.85738620813936, 2111045.302049365825951 ], [ 4910901.893846088089049, 2111075.082561277784407 ], [ 4910931.759235573932528, 2111075.046002630144358 ], [ 4910931.722787918522954, 2111045.265492666512728 ], [ 4910901.85738620813936, 2111045.302049365825951 ] ] ] ] } },
{ "type": "Feature", "properties": { "id": "+394056+278303", "Area_ha": 0.088941591681845608, "count": 1, "value": 1, "Porcentaje_Cobertura_Forestal": 0.0, "NDVI_Medio_Poligono": 0.66861557849180953, "Codigo_Tipo_Bosque_Predom": 0.0, "Densidad_C_Media_tC_ha": 7.3780007362365723, "Carbono_Perdido_tC": 0.65621112891070954, "Nombre_Tipo_Bosque_Predom": "Sin Datos" }, "geometry": { "type": "MultiPolygon", "coordinates": [ [ [ [ 4910901.05576437804848, 2110390.130847914144397 ], [ 4910901.092181168496609, 2110419.911354557145387 ], [ 4910930.95783944055438, 2110419.87483877921477 ], [ 4910930.921434860676527, 2110390.094334085006267 ], [ 4910901.05576437804848, 2110390.130847914144397 ] ] ] ] } },
{ "type": "Feature", "properties": { "id": "+394056+278341", "Area_ha": 0.088942944340858962, "count": 1, "value": 1, "Porcentaje_Cobertura_Forestal": 0.0, "NDVI_Medio_Poligono": 0.77526757937273028, "Codigo_Tipo_Bosque_Predom": 0.0, "Densidad_C_Media_tC_ha": 21.081045150756839, "Carbono_Perdido_tC": 1.8750102254909002, "Nombre_Tipo_Bosque_Predom": "Sin Datos" }, "geometry": { "type": "MultiPolygon", "coordinates": [ [ [ [ 4910899.673377707600594, 2109258.47177275782451 ], [ 4910899.709720069542527, 2109288.252270312048495 ], [ 4910929.575841860845685, 2109288.215828586835414 ], [ 4910929.539511684328318, 2109258.435332981403917 ], [ 4910899.673377707600594, 2109258.47177275782451 ] ] ] ] } },
{ "type": "Feature", "properties": { "id": "+394056+278408", "Area_ha": 0.088945322561012286, "count": 1, "value": 1, "Porcentaje_Cobertura_Forestal": 0.0, "NDVI_Medio_Poligono": 0.73681911398035416, "Codigo_Tipo_Bosque_Predom": 0.85391545295715332, "Densidad_C_Media_tC_ha": 44.768772125244141, "Carbono_Perdido_tC": 3.9819728773402954, "Nombre_Tipo_Bosque_Predom": "Sin Datos" }, "geometry": { "type": "MultiPolygon", "coordinates": [ [ [ [ 4910897.242901379242539, 2107263.178980086930096 ], [ 4910897.279112508520484, 2107292.959461665712297 ], [ 4910927.146049246191978, 2107292.923150517977774 ], [ 4910927.109850258566439, 2107263.142670888453722 ], [ 4910897.242901379242539, 2107263.178980086930096 ] ] ] ] } },
{ "type": "Feature", "properties": { "id": "+394057+278054", "Area_ha": 0.088932647946143695, "count": 1, "value": 1, "Porcentaje_Cobertura_Forestal": 0.0, "NDVI_Medio_Poligono": 0.51434514054387415, "Codigo_Tipo_Bosque_Predom": 0.0, "Densidad_C_Media_tC_ha": 11.389297485351562, "Carbono_Perdido_tC": 1.0128803836186702, "Nombre_Tipo_Bosque_Predom": "Sin Datos" }, "geometry": { "type": "MultiPolygon", "coordinates": [ [ [ [ 4910940.046628068201244, 2117805.447426612954587 ], [ 4910940.083520162850618, 2117835.227991309016943 ], [ 4910969.94611575268209, 2117835.191002815961838 ], [ 4910969.909236031584442, 2117805.410440067294985 ], [ 4910940.046628068201244, 2117805.447426612954587 ] ] ] ] } },
{ "type": "Feature", "properties": { "id": "+394057+278057", "Area_ha": 0.088932756267892543, "count": 1, "value": 1, "Porcentaje_Cobertura_Forestal": 0.0, "NDVI_Medio_Poligono": 0.39288369245785626, "Codigo_Tipo_Bosque_Predom": 0.0, "Densidad_C_Media_tC_ha": 11.389297485351562, "Carbono_Perdido_tC": 1.0128816173272919, "Nombre_Tipo_Bosque_Predom": "Sin Datos" }, "geometry": { "type": "MultiPolygon", "coordinates": [ [ [ [ 4910939.935963531956077, 2117716.105733981821686 ], [ 4910939.972849752753973, 2117745.886297950521111 ], [ 4910969.835482461377978, 2117745.849315299186856 ], [ 4910969.798608612269163, 2117716.068753277882934 ], [ 4910939.935963531956077, 2117716.105733981821686 ] ] ] ] } },
{ "type": "Feature", "properties": { "id": "+394057+278125", "Area_ha": 0.44467571254670618, "count": 5, "value": 1, "Porcentaje_Cobertura_Forestal": 0.0, "NDVI_Medio_Poligono": 0.48849693398770178, "Codigo_Tipo_Bosque_Predom": 0.0, "Densidad_C_Media_tC_ha": 9.5638160705566406, "Carbono_Perdido_tC": 4.2527967258404136, "Nombre_Tipo_Bosque_Predom": "Sin Datos" }, "geometry": { "type": "MultiPolygon", "coordinates": [ [ [ [ 4910967.369262060150504, 2115750.552195630967617 ], [ 4910967.295778579078615, 2115690.991104272659868 ], [ 4910937.432293775491416, 2115691.027952556498349 ], [ 4910937.505801912397146, 2115750.589047809597105 ], [ 4910967.369262060150504, 2115750.552195630967617 ] ] ], [ [ [ 4911056.996338488534093, 2115780.222253471147269 ], [ 4911056.959630796685815, 2115750.441713267471641 ], [ 4910967.369262060150504, 2115750.552195630967617 ], [ 4910967.406006736680865, 2115780.332741672638804 ], [ 4911056.996338488534093, 2115780.222253471147269 ] ] ] ] } },
{ "type": "Feature", "properties": { "id": "+394057+278278", "Area_ha": 0.088940688538845278, "count": 1, "value": 1, "Porcentaje_Cobertura_Forestal": 0.0, "NDVI_Medio_Poligono": 0.76192456390335084, "Codigo_Tipo_Bosque_Predom": 0.0, "Densidad_C_Media_tC_ha": 25.614896774291996, "Carbono_Perdido_tC": 2.2782065559569769, "Nombre_Tipo_Bosque_Predom": "Sin Datos" }, "geometry": { "type": "MultiPolygon", "coordinates": [ [ [ [ 4910931.832136759534478, 2111134.607023274526 ], [ 4910931.868590288795531, 2111164.387533957138658 ], [ 4910961.733941145241261, 2111164.350981725379825 ], [ 4910961.697499842382967, 2111134.570472990628332 ], [ 4910931.832136759534478, 2111134.607023274526 ] ] ] ] } },
{ "type": "Feature", "properties": { "id": "+394057+278369", "Area_ha": 0.17788783131390809, "count": 2, "value": 1, "Porcentaje_Cobertura_Forestal": 0.0, "NDVI_Medio_Poligono": 0.66914783459698823, "Codigo_Tipo_Bosque_Predom": 0.0, "Densidad_C_Media_tC_ha": 13.16892147064209, "Carbono_Perdido_tC": 2.3425908811556826, "Nombre_Tipo_Bosque_Predom": "Sin Datos" }, "geometry": { "type": "MultiPolygon", "coordinates": [ [ [ [ 4910958.425798064097762, 2108454.325667020864785 ], [ 4910958.389534879475832, 2108424.545180046465248 ], [ 4910928.523061942309141, 2108424.581553053576499 ], [ 4910928.559337293729186, 2108454.362041976302862 ], [ 4910958.425798064097762, 2108454.325667020864785 ] ] ], [ [ [ 4910928.595614603720605, 2108484.142531136982143 ], [ 4910928.559337293729186, 2108454.362041976302862 ], [ 4910898.692874569445848, 2108454.39842913299799 ], [ 4910898.729164046235383, 2108484.178920242935419 ], [ 4910928.595614603720605, 2108484.142531136982143 ] ] ] ] } },
{ "type": "Feature", "properties": { "id": "+394057+278397", "Area_ha": 0.26683472484011145, "count": 3, "value": 1, "Porcentaje_Cobertura_Forestal": 0.0, "NDVI_Medio_Poligono": 0.52789143103925529, "Codigo_Tipo_Bosque_Predom": 0.0, "Densidad_C_Media_tC_ha": 44.768772125244141, "Carbono_Perdido_tC": 11.945862991469172, "Nombre_Tipo_Bosque_Predom": "Sin Datos" }, "geometry": { "type": "MultiPolygon", "coordinates": [ [ [ [ 4910927.508146817795932, 2107590.727959905285388 ], [ 4910927.544367345049977, 2107620.508442154154181 ], [ 4910897.677564201876521, 2107620.544774740934372 ], [ 4910897.713798834942281, 2107650.325259175617248 ], [ 4910957.447378870099783, 2107650.252602288499475 ], [ 4910957.374960156157613, 2107590.691641450859606 ], [ 4910927.508146817795932, 2107590.727959905285388 ] ] ] ] } },
{ "type": "Feature", "properties": { "id": "+394058+278045", "Area_ha": 0.088932311151726756, "count": 1, "value": 1, "Porcentaje_Cobertura_Forestal": 0.0, "NDVI_Medio_Poligono": 0.76822095617034902, "Codigo_Tipo_Bosque_Predom": 0.0, "Densidad_C_Media_tC_ha": 14.711419105529785, "Carbono_Perdido_tC": 1.3083205013764325, "Nombre_Tipo_Bosque_Predom": "Sin Datos" }, "geometry": { "type": "MultiPolygon", "coordinates": [ [ [ [ 4910970.241223976016045, 2118073.435513535980135 ], [ 4910970.278121310286224, 2118103.216078468132764 ], [ 4911000.140603555366397, 2118103.179084864445031 ], [ 4911000.103718600235879, 2118073.398521878756583 ], [ 4910970.241223976016045, 2118073.435513535980135 ] ] ] ] } },
{ "type": "Feature", "properties": { "id": "+394058+278088", "Area_ha": 0.17786773743562226, "count": 2, "value": 1, "Porcentaje_Cobertura_Forestal": 0.0, "NDVI_Medio_Poligono": 0.59302634698663581, "Codigo_Tipo_Bosque_Predom": 0.0, "Densidad_C_Media_tC_ha": 8.2002439498901367, "Carbono_Perdido_tC": 1.4585588377871088, "Nombre_Tipo_Bosque_Predom": "Sin Datos" }, "geometry": { "type": "MultiPolygon", "coordinates": [ [ [ [ 4910938.793461753055453, 2116792.90837120404467 ], [ 4910938.83028728235513, 2116822.688927658367902 ], [ 4910998.556317170150578, 2116822.615095474291593 ], [ 4910998.519516343250871, 2116792.834542913362384 ], [ 4910938.793461753055453, 2116792.90837120404467 ] ] ] ] } },
{ "type": "Feature", "properties": { "id": "+394058+278121", "Area_ha": 5.5139484532477141, "count": 62, "value": 1, "Porcentaje_Cobertura_Forestal": 1.6138985947954396, "NDVI_Medio_Poligono": 0.61219671045169521, "Codigo_Tipo_Bosque_Predom": 0.0, "Densidad_C_Media_tC_ha": 8.4103518224361125, "Carbono_Perdido_tC": 46.374246422590694, "Nombre_Tipo_Bosque_Predom": "Sin Datos" }, "geometry": { "type": "MultiPolygon", "coordinates": [ [ [ [ 4911057.914666232652962, 2116524.735837138257921 ], [ 4911057.951424759812653, 2116554.516383630223572 ], [ 4911028.088303558528423, 2116554.553251249250025 ], [ 4911028.12507638707757, 2116584.333799928426743 ], [ 4911117.714397103525698, 2116584.223228375427425 ], [ 4911117.56746566388756, 2116465.101058448664844 ], [ 4911057.841155042871833, 2116465.174744881223887 ], [ 4911057.253347078338265, 2115988.686041662469506 ], [ 4911116.980052526108921, 2115988.612417452502996 ], [ 4911116.943355813622475, 2115958.831879446282983 ], [ 4911057.216625699773431, 2115958.905499767046422 ], [ 4911057.106473295949399, 2115869.563875530846417 ], [ 4911027.243068319745362, 2115869.600698405411094 ], [ 4911027.206342431716621, 2115839.820155531633645 ], [ 4910997.342923172749579, 2115839.856988824438304 ], [ 4910997.306186911650002, 2115810.076444245874882 ], [ 4910967.442753370851278, 2115810.113287955988199 ], [ 4910967.479501961730421, 2115839.893834481015801 ], [ 4910937.616078799590468, 2115839.930692502297461 ], [ 4910937.836685437709093, 2116018.613988413941115 ], [ 4910967.70003460906446, 2116018.577118708286434 ], [ 4910967.736796899698675, 2116048.357666925992817 ], [ 4910997.600131785497069, 2116048.320807641372085 ], [ 4910997.673637569881976, 2116107.881900907959789 ], [ 4911027.536945832893252, 2116107.84505009977147 ], [ 4911027.573689323849976, 2116137.625595150049776 ], [ 4910997.7103933962062, 2116137.662447904236615 ], [ 4910997.857436268590391, 2116256.784638307057321 ], [ 4911027.720682845450938, 2116256.747777768410742 ], [ 4911027.867707660421729, 2116375.869964257348329 ], [ 4910998.004510444588959, 2116375.906832579988986 ], [ 4910998.041283880360425, 2116405.68738175323233 ], [ 4911027.904468753375113, 2116405.650511484127492 ], [ 4911027.941231803037226, 2116435.431058953516185 ], [ 4910998.078059271909297, 2116435.467931168153882 ], [ 4910998.151615925133228, 2116495.029030724428594 ], [ 4911028.01476376876235, 2116494.992154617328197 ], [ 4911028.051532685756683, 2116524.772702812682837 ], [ 4911057.914666232652962, 2116524.735837138257921 ] ], [ [ 4910997.52663382794708, 2115988.759715341962874 ], [ 4911027.389991429634392, 2115988.722872318234295 ], [ 4911027.463464719243348, 2116048.283960725646466 ], [ 4910997.600131785497069, 2116048.320807641372085 ], [ 4910997.52663382794708, 2115988.759715341962874 ] ] ], [ [ [ 4910998.078059271909297, 2116435.467931168153882 ], [ 4910998.041283880360425, 2116405.68738175323233 ], [ 4910968.17809705529362, 2116405.724264398682863 ], [ 4910968.214884789660573, 2116435.504815760534257 ], [ 4910998.078059271909297, 2116435.467931168153882 ] ] ] ] } },
{ "type": "Feature", "properties": { "id": "+394058+278275", "Area_ha": 0.088940569757153573, "count": 1, "value": 1, "Porcentaje_Cobertura_Forestal": 0.0, "NDVI_Medio_Poligono": 0.60981898965041681, "Codigo_Tipo_Bosque_Predom": 0.0, "Densidad_C_Media_tC_ha": 25.614896774291992, "Carbono_Perdido_tC": 2.2782035133762051, "Nombre_Tipo_Bosque_Predom": "Sin Datos" }, "geometry": { "type": "MultiPolygon", "coordinates": [ [ [ [ 4910961.806829623878002, 2111223.911999913863838 ], [ 4910961.843276798725128, 2111253.692509366199374 ], [ 4910991.708589017391205, 2111253.655963553581387 ], [ 4910991.672154070809484, 2111223.875456048641354 ], [ 4910961.806829623878002, 2111223.911999913863838 ] ] ] ] } },
{ "type": "Feature", "properties": { "id": "+394058+278327", "Area_ha": 0.088942422860546502, "count": 1, "value": 1, "Porcentaje_Cobertura_Forestal": 0.0, "NDVI_Medio_Poligono": 0.84344089962692359, "Codigo_Tipo_Bosque_Predom": 0.0, "Densidad_C_Media_tC_ha": 21.081045150756836, "Carbono_Perdido_tC": 1.8749992321408877, "Nombre_Tipo_Bosque_Predom": "Sin Datos" }, "geometry": { "type": "MultiPolygon", "coordinates": [ [ [ [ 4910959.914273705333471, 2109675.325838387478143 ], [ 4910959.950619098730385, 2109705.106335390359163 ], [ 4910989.816566322930157, 2109705.069890841376036 ], [ 4910989.780233123339713, 2109675.28939578589052 ], [ 4910959.914273705333471, 2109675.325838387478143 ] ] ] ] } },
{ "type": "Feature", "properties": { "id": "+394059+278004", "Area_ha": 0.44465406716623695, "count": 5, "value": 1, "Porcentaje_Cobertura_Forestal": 0.0, "NDVI_Medio_Poligono": 0.68430800659060065, "Codigo_Tipo_Bosque_Predom": 0.0, "Densidad_C_Media_tC_ha": 11.645595550537109, "Carbono_Perdido_tC": 5.1782614261193585, "Nombre_Tipo_Bosque_Predom": "Sin Datos" }, "geometry": { "type": "MultiPolygon", "coordinates": [ [ [ [ 4910913.229000000283122, 2119335.295800000429153 ], [ 4910918.08739999961108, 2119333.182099999859929 ], [ 4910922.417700000107288, 2119331.279699999839067 ], [ 4910925.797600000165403, 2119330.010900000110269 ], [ 4910931.290400000289083, 2119328.107200000435114 ], [ 4910934.5647, 2119326.838500000536442 ], [ 4910940.769240300171077, 2119324.257978434674442 ], [ 4910912.06864302046597, 2119324.293633912689984 ], [ 4910912.082884068600833, 2119335.754629786126316 ], [ 4910913.229000000283122, 2119335.295800000429153 ] ] ], [ [ [ 4910983.360999999567866, 2119306.543700000271201 ], [ 4910986.951899999752641, 2119304.853000000119209 ], [ 4911011.638852111063898, 2119294.389375213999301 ], [ 4910941.893631065264344, 2119294.475958783645183 ], [ 4910941.93002318777144, 2119323.775198868475854 ], [ 4910983.360999999567866, 2119306.543700000271201 ] ] ] ] } },
{ "type": "Feature", "properties": { "id": "+394059+278056", "Area_ha": 0.088932696725180727, "count": 1, "value": 1, "Porcentaje_Cobertura_Forestal": 0.0, "NDVI_Medio_Poligono": 0.44619078062868051, "Codigo_Tipo_Bosque_Predom": 0.30306226015090942, "Densidad_C_Media_tC_ha": 11.389297485351562, "Carbono_Perdido_tC": 1.0128809391776339, "Nombre_Tipo_Bosque_Predom": "Sin Datos" }, "geometry": { "type": "MultiPolygon", "coordinates": [ [ [ [ 4910999.698113216087222, 2117745.812345054000616 ], [ 4910999.734976650215685, 2117775.592905370984226 ], [ 4911029.597593082115054, 2117775.555945586413145 ], [ 4911029.560742020606995, 2117745.775387215428054 ], [ 4910999.698113216087222, 2117745.812345054000616 ] ] ] ] } },
{ "type": "Feature", "properties": { "id": "+394059+278266", "Area_ha": 0.17788048529676745, "count": 2, "value": 1, "Porcentaje_Cobertura_Forestal": 0.0, "NDVI_Medio_Poligono": 0.5442609872976456, "Codigo_Tipo_Bosque_Predom": 0.0, "Densidad_C_Media_tC_ha": 25.614896774291992, "Carbono_Perdido_tC": 4.5563902690376628, "Nombre_Tipo_Bosque_Predom": "Sin Datos" }, "geometry": { "type": "MultiPolygon", "coordinates": [ [ [ [ 4910962.134924662299454, 2111491.936593626160175 ], [ 4910962.171389453113079, 2111521.717105238698423 ], [ 4911021.901791769079864, 2111521.643990831915289 ], [ 4911021.865351446904242, 2111491.863483113702387 ], [ 4910962.134924662299454, 2111491.936593626160175 ] ] ] ] } },
{ "type": "Feature", "properties": { "id": "+394059+278272", "Area_ha": 0.17788091366175504, "count": 2, "value": 1, "Porcentaje_Cobertura_Forestal": 0.0, "NDVI_Medio_Poligono": 0.59935194115733836, "Codigo_Tipo_Bosque_Predom": 0.0, "Densidad_C_Media_tC_ha": 25.614896774291989, "Carbono_Perdido_tC": 4.5564012415626012, "Nombre_Tipo_Bosque_Predom": "Sin Datos" }, "geometry": { "type": "MultiPolygon", "coordinates": [ [ [ [ 4910961.916177021339536, 2111313.253528993111104 ], [ 4910961.952630068175495, 2111343.034039164893329 ], [ 4911021.6831791754812, 2111342.960948121733963 ], [ 4911021.646750589832664, 2111313.180441843811423 ], [ 4910961.916177021339536, 2111313.253528993111104 ] ] ] ] } },
{ "type": "Feature", "properties": { "id": "+394059+278347", "Area_ha": 0.088943122504229546, "count": 1, "value": 1, "Porcentaje_Cobertura_Forestal": 0.0, "NDVI_Medio_Poligono": 0.80228348169869668, "Codigo_Tipo_Bosque_Predom": 0.0, "Densidad_C_Media_tC_ha": 21.081045150756836, "Carbono_Perdido_tC": 1.8750139813609594, "Nombre_Tipo_Bosque_Predom": "Sin Datos" }, "geometry": { "type": "MultiPolygon", "coordinates": [ [ [ [ 4910989.053980030119419, 2109079.679544838145375 ], [ 4910989.090274095535278, 2109109.460035116411746 ], [ 4911018.956463128328323, 2109109.423641733359545 ], [ 4911018.920181243680418, 2109079.643153402023017 ], [ 4910989.053980030119419, 2109079.679544838145375 ] ] ] ] } },
{ "type": "Feature", "properties": { "id": "+394059+278393", "Area_ha": 0.26683419974641148, "count": 3, "value": 1, "Porcentaje_Cobertura_Forestal": 0.0, "NDVI_Medio_Poligono": 0.62408110617433532, "Codigo_Tipo_Bosque_Predom": 0.0, "Densidad_C_Media_tC_ha": 44.768772125244141, "Carbono_Perdido_tC": 11.945839483668973, "Nombre_Tipo_Bosque_Predom": "Sin Datos" }, "geometry": { "type": "MultiPolygon", "coordinates": [ [ [ [ 4910987.386568199843168, 2107709.777250018436462 ], [ 4910987.458978271111846, 2107769.338208866771311 ], [ 4911047.192449381574988, 2107769.265609512571245 ], [ 4911047.156267670914531, 2107739.485133862122893 ], [ 4911017.289520940743387, 2107739.521425499115139 ], [ 4911017.253329034894705, 2107709.740948142018169 ], [ 4910987.386568199843168, 2107709.777250018436462 ] ] ] ] } },
{ "type": "Feature", "properties": { "id": "+394059+278405", "Area_ha": 0.088945181086508091, "count": 1, "value": 1, "Porcentaje_Cobertura_Forestal": 0.0, "NDVI_Medio_Poligono": 0.62395744181694757, "Codigo_Tipo_Bosque_Predom": 0.0, "Densidad_C_Media_tC_ha": 44.768772125244141, "Carbono_Perdido_tC": 3.9819665437004557, "Nombre_Tipo_Bosque_Predom": "Sin Datos" }, "geometry": { "type": "MultiPolygon", "coordinates": [ [ [ [ 4910986.952272143214941, 2107352.411516932304949 ], [ 4910986.98845271859318, 2107382.191993379965425 ], [ 4911016.855347169563174, 2107382.15571292117238 ], [ 4911016.819178736768663, 2107352.375238420441747 ], [ 4910986.952272143214941, 2107352.411516932304949 ] ] ] ] } },
{ "type": "Feature", "properties": { "id": "+394060+278126", "Area_ha": 0.088935207758573234, "count": 1, "value": 1, "Porcentaje_Cobertura_Forestal": 0.0, "NDVI_Medio_Poligono": 0.47372024753871411, "Codigo_Tipo_Bosque_Predom": 0.0, "Densidad_C_Media_tC_ha": 9.5638160705566406, "Carbono_Perdido_tC": 0.85055996919973631, "Nombre_Tipo_Bosque_Predom": "Sin Datos" }, "geometry": { "type": "MultiPolygon", "coordinates": [ [ [ [ 4911026.986027938313782, 2115661.136903249192983 ], [ 4911027.02274209074676, 2115690.917444673366845 ], [ 4911056.886221038177609, 2115690.880633472464979 ], [ 4911056.849519211798906, 2115661.100093993358314 ], [ 4911026.986027938313782, 2115661.136903249192983 ] ] ] ] } },
{ "type": "Feature", "properties": { "id": "+394060+278150", "Area_ha": 0.26680810382109194, "count": 3, "value": 1, "Porcentaje_Cobertura_Forestal": 0.0, "NDVI_Medio_Poligono": 0.58543151206001953, "Codigo_Tipo_Bosque_Predom": 0.0, "Densidad_C_Media_tC_ha": 9.5638160705566406, "Carbono_Perdido_tC": 2.5517036310789036, "Nombre_Tipo_Bosque_Predom": "Sin Datos" }, "geometry": { "type": "MultiPolygon", "coordinates": [ [ [ [ 4911026.105475042015314, 2114946.403981543611735 ], [ 4911026.215482543222606, 2115035.74558915104717 ], [ 4911056.079232515767217, 2115035.708820751402527 ], [ 4911055.969261948019266, 2114946.367218981031328 ], [ 4911026.105475042015314, 2114946.403981543611735 ] ] ] ] } },
{ "type": "Feature", "properties": { "id": "+394060+278225", "Area_ha": 0.088938759609070259, "count": 1, "value": 1, "Porcentaje_Cobertura_Forestal": 0.0, "NDVI_Medio_Poligono": 0.52715128141371603, "Codigo_Tipo_Bosque_Predom": 0.0, "Densidad_C_Media_tC_ha": 26.285356521606445, "Carbono_Perdido_tC": 2.3377870049138627, "Nombre_Tipo_Bosque_Predom": "Sin Datos" }, "geometry": { "type": "MultiPolygon", "coordinates": [ [ [ [ 4911023.361008555628359, 2112712.864496372640133 ], [ 4911023.397529072128236, 2112742.645013935863972 ], [ 4911053.262225130572915, 2112742.608395355287939 ], [ 4911053.225716874934733, 2112712.827879737596959 ], [ 4911023.361008555628359, 2112712.864496372640133 ] ] ] ] } },
{ "type": "Feature", "properties": { "id": "+394060+278308", "Area_ha": 0.17788341025083793, "count": 2, "value": 1, "Porcentaje_Cobertura_Forestal": 0.0, "NDVI_Medio_Poligono": 0.68524234109594451, "Codigo_Tipo_Bosque_Predom": 0.0, "Densidad_C_Media_tC_ha": 7.3780007362365723, "Carbono_Perdido_tC": 1.3124239317949544, "Nombre_Tipo_Bosque_Predom": "Sin Datos" }, "geometry": { "type": "MultiPolygon", "coordinates": [ [ [ [ 4911020.336624179035425, 2110241.082375399302691 ], [ 4911020.409342475235462, 2110300.643370947800577 ], [ 4911050.275041772052646, 2110300.606911935377866 ], [ 4911050.202347890473902, 2110241.045920279342681 ], [ 4911020.336624179035425, 2110241.082375399302691 ] ] ] ] } },
{ "type": "Feature", "properties": { "id": "+394060+278337", "Area_ha": 0.53365626074116879, "count": 6, "value": 1, "Porcentaje_Cobertura_Forestal": 0.0, "NDVI_Medio_Poligono": 0.63442758665271237, "Codigo_Tipo_Bosque_Predom": 0.0, "Densidad_C_Media_tC_ha": 21.081045150756836, "Carbono_Perdido_tC": 11.250031727668642, "Nombre_Tipo_Bosque_Predom": "Sin Datos" }, "geometry": { "type": "MultiPolygon", "coordinates": [ [ [ [ 4911019.283088115043938, 2109377.44804745959118 ], [ 4911019.319389560259879, 2109407.228538179770112 ], [ 4910989.453322375193238, 2109407.264951030723751 ], [ 4910989.525955511257052, 2109466.825937082059681 ], [ 4911019.391998318955302, 2109466.789520336780697 ], [ 4911019.428305632434785, 2109496.570011772681028 ], [ 4911049.29433429799974, 2109496.533605305943638 ], [ 4911049.149165535345674, 2109377.41164877731353 ], [ 4911019.283088115043938, 2109377.44804745959118 ] ] ] ] } },
{ "type": "Feature", "properties": { "id": "+394062+278051", "Area_ha": 0.71145984436330623, "count": 8, "value": 1, "Porcentaje_Cobertura_Forestal": 0.0, "NDVI_Medio_Poligono": 0.69609323760719177, "Codigo_Tipo_Bosque_Predom": 0.0, "Densidad_C_Media_tC_ha": 14.427249889901487, "Carbono_Perdido_tC": 10.264408961259839, "Nombre_Tipo_Bosque_Predom": "Sin Datos" }, "geometry": { "type": "MultiPolygon", "coordinates": [ [ [ [ 4910999.882449951954186, 2117894.71514906315133 ], [ 4910999.956198342144489, 2117954.276272363960743 ], [ 4911119.406355377286673, 2117954.128460985142738 ], [ 4911119.332705994136631, 2117894.567353243939579 ], [ 4910999.882449951954186, 2117894.71514906315133 ] ] ] ] } },
{ "type": "Feature", "properties": { "id": "+394062+278063", "Area_ha": 0.53359744570495682, "count": 6, "value": 1, "Porcentaje_Cobertura_Forestal": 0.0, "NDVI_Medio_Poligono": 0.63428082213111081, "Codigo_Tipo_Bosque_Predom": 0.0, "Densidad_C_Media_tC_ha": 11.389297485351562, "Carbono_Perdido_tC": 6.0773000465574816, "Nombre_Tipo_Bosque_Predom": "Sin Datos" }, "geometry": { "type": "MultiPolygon", "coordinates": [ [ [ [ 4911118.890974055975676, 2117537.200727281160653 ], [ 4911059.16555302683264, 2117537.274553709197789 ], [ 4911059.202378030866385, 2117567.055108436848968 ], [ 4911029.339676959440112, 2117567.09204219840467 ], [ 4911029.376516286283731, 2117596.872599114198238 ], [ 4911118.964576547034085, 2117596.761829202063382 ], [ 4911118.890974055975676, 2117537.200727281160653 ] ] ], [ [ [ 4911029.41335756983608, 2117626.653156272135675 ], [ 4911029.376516286283731, 2117596.872599114198238 ], [ 4910999.513825631700456, 2117596.909547223243862 ], [ 4910999.550679283216596, 2117626.690106327179819 ], [ 4911029.41335756983608, 2117626.653156272135675 ] ] ] ] } },
{ "type": "Feature", "properties": { "id": "+394062+278070", "Area_ha": 0.17786634549839073, "count": 2, "value": 1, "Porcentaje_Cobertura_Forestal": 0.0, "NDVI_Medio_Poligono": 0.52266551088880875, "Codigo_Tipo_Bosque_Predom": 0.0, "Densidad_C_Media_tC_ha": 11.389297485351562, "Carbono_Perdido_tC": 2.0257727215134937, "Nombre_Tipo_Bosque_Predom": "Sin Datos" }, "geometry": { "type": "MultiPolygon", "coordinates": [ [ [ [ 4911058.907832506112754, 2117328.810677288100123 ], [ 4911058.944643823429942, 2117358.591230317950249 ], [ 4911118.670213235542178, 2117358.517427221871912 ], [ 4911118.633426643908024, 2117328.736878080759197 ], [ 4911058.907832506112754, 2117328.810677288100123 ] ] ] ] } },
{ "type": "Feature", "properties": { "id": "+394062+278280", "Area_ha": 0.44470341070741415, "count": 5, "value": 1, "Porcentaje_Cobertura_Forestal": 0.0, "NDVI_Medio_Poligono": 0.50191902106320163, "Codigo_Tipo_Bosque_Predom": 0.0, "Densidad_C_Media_tC_ha": 25.614896774291992, "Carbono_Perdido_tC": 11.391031960445989, "Nombre_Tipo_Bosque_Predom": "Sin Datos" }, "geometry": { "type": "MultiPolygon", "coordinates": [ [ [ [ 4911111.024286207742989, 2111134.387905598152429 ], [ 4911110.951531727798283, 2111074.82690830854699 ], [ 4911051.220774229615927, 2111074.899890748783946 ], [ 4911051.293577611446381, 2111134.460895818192512 ], [ 4911111.024286207742989, 2111134.387905598152429 ] ] ], [ [ [ 4911051.329982236027718, 2111164.241398712620139 ], [ 4911051.293577611446381, 2111134.460895818192512 ], [ 4911021.428220387548208, 2111134.497409319970757 ], [ 4911021.464637238532305, 2111164.277914160396904 ], [ 4911051.329982236027718, 2111164.241398712620139 ] ] ] ] } },
{ "type": "Feature", "properties": { "id": "+394062+278290", "Area_ha": 0.1778821276856499, "count": 2, "value": 1, "Porcentaje_Cobertura_Forestal": 0.0, "NDVI_Medio_Poligono": 0.72158929831916319, "Codigo_Tipo_Bosque_Predom": 0.0, "Densidad_C_Media_tC_ha": 7.3780007362365723, "Carbono_Perdido_tC": 1.3124144690280528, "Nombre_Tipo_Bosque_Predom": "Sin Datos" }, "geometry": { "type": "MultiPolygon", "coordinates": [ [ [ [ 4911050.856874401681125, 2110777.094879665412009 ], [ 4911050.893255561590195, 2110806.875379682984203 ], [ 4911110.624233052134514, 2110806.802432253491133 ], [ 4911110.58787632919848, 2110777.021936126053333 ], [ 4911050.856874401681125, 2110777.094879665412009 ] ] ] ] } },
{ "type": "Feature", "properties": { "id": "+394062+278349", "Area_ha": 0.1778863286198408, "count": 2, "value": 1, "Porcentaje_Cobertura_Forestal": 0.0, "NDVI_Medio_Poligono": 0.79192156568550975, "Codigo_Tipo_Bosque_Predom": 0.0, "Densidad_C_Media_tC_ha": 21.081045150756836, "Carbono_Perdido_tC": 3.7500297253372317, "Nombre_Tipo_Bosque_Predom": "Sin Datos" }, "geometry": { "type": "MultiPolygon", "coordinates": [ [ [ [ 4911048.71384696289897, 2109020.04580212989822 ], [ 4911048.750112755224109, 2109049.826288036070764 ], [ 4911108.482529784552753, 2109049.753570133820176 ], [ 4911108.446288350969553, 2109019.973088118247688 ], [ 4911048.71384696289897, 2109020.04580212989822 ] ] ] ] } },
{ "type": "Feature", "properties": { "id": "+394062+278386", "Area_ha": 0.88944440674578651, "count": 10, "value": 1, "Porcentaje_Cobertura_Forestal": 30.978627029039497, "NDVI_Medio_Poligono": 0.7929038658179981, "Codigo_Tipo_Bosque_Predom": 2.0, "Densidad_C_Media_tC_ha": 29.228749019704214, "Carbono_Perdido_tC": 25.997347331752305, "Nombre_Tipo_Bosque_Predom": "Bosque Secundario Joven" }, "geometry": { "type": "MultiPolygon", "coordinates": [ [ [ [ 4910987.640037690289319, 2107918.240610159002244 ], [ 4910987.676255444064736, 2107948.021091132890433 ], [ 4911017.542919052764773, 2107947.984773680567741 ], [ 4911017.579126607626677, 2107977.765252944082022 ], [ 4911107.179069252684712, 2107977.656367895659059 ], [ 4911107.215242292732, 2108007.436841561924666 ], [ 4911166.948503323830664, 2108007.3643085998483 ], [ 4911166.912354596890509, 2107977.583838821388781 ], [ 4911137.045712900348008, 2107977.620097262319177 ], [ 4911137.009553970769048, 2107947.839625780470669 ], [ 4911107.142898166552186, 2107947.875894469209015 ], [ 4911107.106729034334421, 2107918.095421279314905 ], [ 4910987.640037690289319, 2107918.240610159002244 ] ] ] ] } },
{ "type": "Feature", "properties": { "id": "+394063+278006", "Area_ha": 0.17786163647621869, "count": 2, "value": 1, "Porcentaje_Cobertura_Forestal": 0.0, "NDVI_Medio_Poligono": 0.71207984414110359, "Codigo_Tipo_Bosque_Predom": 0.0, "Densidad_C_Media_tC_ha": 11.645595550537109, "Carbono_Perdido_tC": 2.0713046823587011, "Nombre_Tipo_Bosque_Predom": "Sin Datos" }, "geometry": { "type": "MultiPolygon", "coordinates": [ [ [ [ 4911130.380900000222027, 2119243.129499999806285 ], [ 4911133.971800000406802, 2119241.43889999948442 ], [ 4911147.706199999898672, 2119234.862299999222159 ], [ 4911148.181406364776194, 2119234.658818649593741 ], [ 4911120.991707702167332, 2119234.692512474488467 ], [ 4911121.00789013504982, 2119247.748611535411328 ], [ 4911130.380900000222027, 2119243.129499999806285 ] ] ] ] } },
{ "type": "Feature", "properties": { "id": "+394063+278032", "Area_ha": 0.088931782799334905, "count": 1, "value": 1, "Porcentaje_Cobertura_Forestal": 0.0, "NDVI_Medio_Poligono": 0.50802262501075146, "Codigo_Tipo_Bosque_Predom": 0.0, "Densidad_C_Media_tC_ha": 14.711419105529785, "Carbono_Perdido_tC": 1.3083127285629605, "Nombre_Tipo_Bosque_Predom": "Sin Datos" }, "geometry": { "type": "MultiPolygon", "coordinates": [ [ [ [ 4911120.032690683379769, 2118460.397915988229215 ], [ 4911120.069551520980895, 2118490.178474350366741 ], [ 4911149.931863023899496, 2118490.141517553478479 ], [ 4911149.895014574751258, 2118460.360961134545505 ], [ 4911120.032690683379769, 2118460.397915988229215 ] ] ] ] } },
{ "type": "Feature", "properties": { "id": "+394063+278042", "Area_ha": 0.088932144221570336, "count": 1, "value": 1, "Porcentaje_Cobertura_Forestal": 0.0, "NDVI_Medio_Poligono": 0.69306799534457719, "Codigo_Tipo_Bosque_Predom": 0.0, "Densidad_C_Media_tC_ha": 14.711419105529785, "Carbono_Perdido_tC": 1.3083180455969401, "Nombre_Tipo_Bosque_Predom": "Sin Datos" }, "geometry": { "type": "MultiPolygon", "coordinates": [ [ [ [ 4911119.664189766161144, 2118162.592345726210624 ], [ 4911119.701031065545976, 2118192.372901659924537 ], [ 4911149.563466418534517, 2118192.335964295081794 ], [ 4911149.526637500151992, 2118162.555410304572433 ], [ 4911119.664189766161144, 2118162.592345726210624 ] ] ] ] } },
{ "type": "Feature", "properties": { "id": "+394063+278275", "Area_ha": 0.44470249704930465, "count": 5, "value": 1, "Porcentaje_Cobertura_Forestal": 0.0, "NDVI_Medio_Poligono": 0.57731312059458062, "Codigo_Tipo_Bosque_Predom": 0.0, "Densidad_C_Media_tC_ha": 25.614896774291992, "Carbono_Perdido_tC": 11.391008557187828, "Nombre_Tipo_Bosque_Predom": "Sin Datos" }, "geometry": { "type": "MultiPolygon", "coordinates": [ [ [ [ 4911051.40279710944742, 2111223.802405106835067 ], [ 4911051.475620044395328, 2111283.363412573002279 ], [ 4911111.206206363625824, 2111283.290402902755886 ], [ 4911111.16981837619096, 2111253.509902939200401 ], [ 4911141.035120841115713, 2111253.473418444395065 ], [ 4911140.998747035861015, 2111223.69292066572234 ], [ 4911051.40279710944742, 2111223.802405106835067 ] ] ] ] } },
{ "type": "Feature", "properties": { "id": "+394063+278360", "Area_ha": 0.088943537626188479, "count": 1, "value": 1, "Porcentaje_Cobertura_Forestal": 0.0, "NDVI_Medio_Poligono": 0.64123933796575883, "Codigo_Tipo_Bosque_Predom": 0.0, "Densidad_C_Media_tC_ha": 13.16892147064209, "Carbono_Perdido_tC": 1.1712904623203761, "Nombre_Tipo_Bosque_Predom": "Sin Datos" }, "geometry": { "type": "MultiPolygon", "coordinates": [ [ [ [ 4911108.047761552035809, 2108692.387801695149392 ], [ 4911108.083981490693986, 2108722.16828108439222 ], [ 4911137.950321021489799, 2108722.131961842998862 ], [ 4911137.914113255217671, 2108692.351484397891909 ], [ 4911108.047761552035809, 2108692.387801695149392 ] ] ] ] } },
{ "type": "Feature", "properties": { "id": "+394063+278397", "Area_ha": 0.71155867288202868, "count": 8, "value": 1, "Porcentaje_Cobertura_Forestal": 0.0, "NDVI_Medio_Poligono": 0.60588136532136505, "Codigo_Tipo_Bosque_Predom": 0.77740085124969482, "Densidad_C_Media_tC_ha": 44.768772125244141, "Carbono_Perdido_tC": 31.855608079996678, "Nombre_Tipo_Bosque_Predom": "Sin Datos" }, "geometry": { "type": "MultiPolygon", "coordinates": [ [ [ [ 4911136.611934905871749, 2107620.254455307032913 ], [ 4911136.575799416750669, 2107590.473986682947725 ], [ 4911106.70899779163301, 2107590.510232038795948 ], [ 4911106.745145428925753, 2107620.29070260701701 ], [ 4911136.611934905871749, 2107620.254455307032913 ] ] ], [ [ [ 4911136.611934905871749, 2107620.254455307032913 ], [ 4911136.648072347976267, 2107650.034924169071019 ], [ 4911166.514847726561129, 2107649.998687108978629 ], [ 4911166.478722433559597, 2107620.218220190610737 ], [ 4911136.611934905871749, 2107620.254455307032913 ] ] ], [ [ [ 4911017.217139325104654, 2107679.960471135564148 ], [ 4911136.684211743064225, 2107679.815393269527704 ], [ 4911136.648072347976267, 2107650.034924169071019 ], [ 4911106.781295020133257, 2107650.071173413656652 ], [ 4911106.745145428925753, 2107620.29070260701701 ], [ 4911047.011560622602701, 2107620.363233758602291 ], [ 4911047.047734511084855, 2107650.14370845630765 ], [ 4911017.180951330810785, 2107650.179994253907353 ], [ 4911017.217139325104654, 2107679.960471135564148 ] ] ] ] } },
{ "type": "Feature", "properties": { "id": "+394064+278036", "Area_ha": 0.53359124115376322, "count": 6, "value": 1, "Porcentaje_Cobertura_Forestal": 0.0, "NDVI_Medio_Poligono": 0.52312464676111592, "Codigo_Tipo_Bosque_Predom": 0.0, "Densidad_C_Media_tC_ha": 14.711419105529785, "Carbono_Perdido_tC": 7.8498843796528233, "Nombre_Tipo_Bosque_Predom": "Sin Datos" }, "geometry": { "type": "MultiPolygon", "coordinates": [ [ [ [ 4911149.747640306130052, 2118341.238737888634205 ], [ 4911149.784480943344533, 2118371.019293336197734 ], [ 4911119.92211989313364, 2118371.056242360267788 ], [ 4911119.995831799693406, 2118430.617357870563865 ], [ 4911149.858168077655137, 2118430.580404959619045 ], [ 4911149.821323534473777, 2118400.799849026370794 ], [ 4911179.683670248836279, 2118400.762910479214042 ], [ 4911179.720502406358719, 2118430.543464469723403 ], [ 4911209.58283478859812, 2118430.506536401342601 ], [ 4911209.509197199717164, 2118370.945432546548545 ], [ 4911179.646840045228601, 2118370.982356731779873 ], [ 4911179.610011792741716, 2118341.201803226489574 ], [ 4911149.747640306130052, 2118341.238737888634205 ] ] ] ] } },
{ "type": "Feature", "properties": { "id": "+394064+278039", "Area_ha": 0.35572804759393623, "count": 4, "value": 1, "Porcentaje_Cobertura_Forestal": 0.0, "NDVI_Medio_Poligono": 0.68193219229662883, "Codigo_Tipo_Bosque_Predom": 0.0, "Densidad_C_Media_tC_ha": 14.711419105529785, "Carbono_Perdido_tC": 5.2332643957462421, "Nombre_Tipo_Bosque_Predom": "Sin Datos" }, "geometry": { "type": "MultiPolygon", "coordinates": [ [ [ [ 4911119.774719526059926, 2118251.934014255180955 ], [ 4911119.848415801301599, 2118311.495127823203802 ], [ 4911179.57318549323827, 2118311.421249966137111 ], [ 4911179.499538752250373, 2118251.860144170001149 ], [ 4911119.774719526059926, 2118251.934014255180955 ] ] ] ] } },
{ "type": "Feature", "properties": { "id": "+394064+278057", "Area_ha": 0.088932674309104912, "count": 1, "value": 1, "Porcentaje_Cobertura_Forestal": 0.0, "NDVI_Medio_Poligono": 0.69186420538956783, "Codigo_Tipo_Bosque_Predom": 0.0, "Densidad_C_Media_tC_ha": 11.389297485351562, "Carbono_Perdido_tC": 1.0128806838742781, "Nombre_Tipo_Bosque_Predom": "Sin Datos" }, "geometry": { "type": "MultiPolygon", "coordinates": [ [ [ [ 4911148.974438111297786, 2117715.84712956706062 ], [ 4911149.011237731203437, 2117745.62767991842702 ], [ 4911178.873856786638498, 2117745.590784109197557 ], [ 4911178.837069537490606, 2117715.810235700104386 ], [ 4911148.974438111297786, 2117715.84712956706062 ] ] ] ] } },
{ "type": "Feature", "properties": { "id": "+394064+278063", "Area_ha": 0.088932890896964822, "count": 1, "value": 1, "Porcentaje_Cobertura_Forestal": 0.0, "NDVI_Medio_Poligono": 0.64017671195683146, "Codigo_Tipo_Bosque_Predom": 0.0, "Densidad_C_Media_tC_ha": 11.389297485351562, "Carbono_Perdido_tC": 1.0128831506578464, "Nombre_Tipo_Bosque_Predom": "Sin Datos" }, "geometry": { "type": "MultiPolygon", "coordinates": [ [ [ [ 4911148.753681407310069, 2117537.163832555059344 ], [ 4911148.790469308383763, 2117566.944381451234221 ], [ 4911178.653162581846118, 2117566.907497297972441 ], [ 4911178.616387048736215, 2117537.126950344536453 ], [ 4911148.753681407310069, 2117537.163832555059344 ] ] ] ] } },
{ "type": "Feature", "properties": { "id": "+394064+278067", "Area_ha": 0.44466504553513658, "count": 5, "value": 1, "Porcentaje_Cobertura_Forestal": 0.0, "NDVI_Medio_Poligono": 0.64570684344035378, "Codigo_Tipo_Bosque_Predom": 0.0, "Densidad_C_Media_tC_ha": 11.389297485351562, "Carbono_Perdido_tC": 5.0644224849370687, "Nombre_Tipo_Bosque_Predom": "Sin Datos" }, "geometry": { "type": "MultiPolygon", "coordinates": [ [ [ [ 4911118.743792280554771, 2117418.078526234254241 ], [ 4911118.817379140295088, 2117477.639626215212047 ], [ 4911148.68011146504432, 2117477.602735490072519 ], [ 4911148.716895459219813, 2117507.383283901493996 ], [ 4911178.579613467678428, 2117507.346403633244336 ], [ 4911178.469304440543056, 2117418.004764955956489 ], [ 4911118.743792280554771, 2117418.078526234254241 ] ] ] ] } },
{ "type": "Feature", "properties": { "id": "+394064+278281", "Area_ha": 0.088940713588918155, "count": 1, "value": 1, "Porcentaje_Cobertura_Forestal": 0.0, "NDVI_Medio_Poligono": 0.65296760634217588, "Codigo_Tipo_Bosque_Predom": 0.0, "Densidad_C_Media_tC_ha": 25.614896774291996, "Carbono_Perdido_tC": 2.2782071976120077, "Nombre_Tipo_Bosque_Predom": "Sin Datos" }, "geometry": { "type": "MultiPolygon", "coordinates": [ [ [ [ 4911140.780545228160918, 2111045.009939021896571 ], [ 4911140.816907312721014, 2111074.790435363538563 ], [ 4911170.682281185872853, 2111074.753974792547524 ], [ 4911170.645931325852871, 2111044.973480394575745 ], [ 4911140.780545228160918, 2111045.009939021896571 ] ] ] ] } },
{ "type": "Feature", "properties": { "id": "+394064+278365", "Area_ha": 0.08894370351730177, "count": 1, "value": 1, "Porcentaje_Cobertura_Forestal": 0.0, "NDVI_Medio_Poligono": 0.73744010909083613, "Codigo_Tipo_Bosque_Predom": 0.0, "Densidad_C_Media_tC_ha": 13.16892147064209, "Carbono_Perdido_tC": 1.1712926469274196, "Nombre_Tipo_Bosque_Predom": "Sin Datos" }, "geometry": { "type": "MultiPolygon", "coordinates": [ [ [ [ 4911137.733103726990521, 2108543.449100746773183 ], [ 4911137.769301725551486, 2108573.229577000252903 ], [ 4911167.63570016156882, 2108573.193279684986919 ], [ 4911167.599514331668615, 2108543.412805375643075 ], [ 4911137.733103726990521, 2108543.449100746773183 ] ] ] ] } },
{ "type": "Feature", "properties": { "id": "+394064+278393", "Area_ha": 0.08894469715199084, "count": 1, "value": 1, "Porcentaje_Cobertura_Forestal": 0.0, "NDVI_Medio_Poligono": 0.63682045603210069, "Codigo_Tipo_Bosque_Predom": 0.0, "Densidad_C_Media_tC_ha": 44.768772125244141, "Carbono_Perdido_tC": 3.9819448785463294, "Nombre_Tipo_Bosque_Predom": "Sin Datos" }, "geometry": { "type": "MultiPolygon", "coordinates": [ [ [ [ 4911136.720352853648365, 2107709.595862493850291 ], [ 4911136.756496156565845, 2107739.37633206974715 ], [ 4911166.623235083185136, 2107739.340089178178459 ], [ 4911166.587103932164609, 2107709.559621546417475 ], [ 4911136.720352853648365, 2107709.595862493850291 ] ] ] ] } },
{ "type": "Feature", "properties": { "id": "+394065+278048", "Area_ha": 0.17786463907539582, "count": 2, "value": 1, "Porcentaje_Cobertura_Forestal": 0.0, "NDVI_Medio_Poligono": 0.59692464294526848, "Codigo_Tipo_Bosque_Predom": 0.0, "Densidad_C_Media_tC_ha": 14.711419105529785, "Carbono_Perdido_tC": 2.6166412494919378, "Nombre_Tipo_Bosque_Predom": "Sin Datos" }, "geometry": { "type": "MultiPolygon", "coordinates": [ [ [ [ 4911179.168225067667663, 2117983.835180108435452 ], [ 4911179.241836663335562, 2118043.396281533874571 ], [ 4911209.104330020025373, 2118043.359378710389137 ], [ 4911209.03074317984283, 2117983.798281169030815 ], [ 4911179.168225067667663, 2117983.835180108435452 ] ] ] ] } },
{ "type": "Feature", "properties": { "id": "+394065+278113", "Area_ha": 0.17786932691988042, "count": 2, "value": 1, "Porcentaje_Cobertura_Forestal": 0.0, "NDVI_Medio_Poligono": 0.5473757977716478, "Codigo_Tipo_Bosque_Predom": 0.0, "Densidad_C_Media_tC_ha": 8.2002439498901367, "Carbono_Perdido_tC": 1.4585718719457803, "Nombre_Tipo_Bosque_Predom": "Sin Datos" }, "geometry": { "type": "MultiPolygon", "coordinates": [ [ [ [ 4911176.780099890194833, 2116048.099911562632769 ], [ 4911176.853457652963698, 2116107.660981496330351 ], [ 4911206.71675421949476, 2116107.624204908963293 ], [ 4911206.643421127460897, 2116048.063138859346509 ], [ 4911176.780099890194833, 2116048.099911562632769 ] ] ] ] } },
{ "type": "Feature", "properties": { "id": "+394065+278119", "Area_ha": 0.08893489740682417, "count": 1, "value": 1, "Porcentaje_Cobertura_Forestal": 0.0, "NDVI_Medio_Poligono": 0.80059003682335372, "Codigo_Tipo_Bosque_Predom": 0.0, "Densidad_C_Media_tC_ha": 9.5638160705566406, "Carbono_Perdido_tC": 0.85055700105269105, "Nombre_Tipo_Bosque_Predom": "Sin Datos" }, "geometry": { "type": "MultiPolygon", "coordinates": [ [ [ [ 4911176.560073464177549, 2115869.416707567870617 ], [ 4911176.596739653497934, 2115899.197240963578224 ], [ 4911206.460122553631663, 2115899.160477970726788 ], [ 4911206.423468695022166, 2115869.379946517758071 ], [ 4911176.560073464177549, 2115869.416707567870617 ] ] ] ] } },
{ "type": "Feature", "properties": { "id": "+394065+278160", "Area_ha": 0.17787270648746634, "count": 2, "value": 1, "Porcentaje_Cobertura_Forestal": 0.0, "NDVI_Medio_Poligono": 0.64678609555743027, "Codigo_Tipo_Bosque_Predom": 0.0, "Densidad_C_Media_tC_ha": 15.983015060424805, "Carbono_Perdido_tC": 2.8429421466276952, "Nombre_Tipo_Bosque_Predom": "Sin Datos" }, "geometry": { "type": "MultiPolygon", "coordinates": [ [ [ [ 4911175.05844087805599, 2114648.415046383161098 ], [ 4911175.131615095771849, 2114707.976093612145633 ], [ 4911204.995490715838969, 2114707.939408310689032 ], [ 4911204.922341106459498, 2114648.378364966250956 ], [ 4911175.05844087805599, 2114648.415046383161098 ] ] ] ] } },
{ "type": "Feature", "properties": { "id": "+394065+278290", "Area_ha": 0.17788202182799578, "count": 2, "value": 1, "Porcentaje_Cobertura_Forestal": 0.0, "NDVI_Medio_Poligono": 0.70802884116167031, "Codigo_Tipo_Bosque_Predom": 0.0, "Densidad_C_Media_tC_ha": 7.3780007362365723, "Carbono_Perdido_tC": 1.3124136880102029, "Nombre_Tipo_Bosque_Predom": "Sin Datos" }, "geometry": { "type": "MultiPolygon", "coordinates": [ [ [ [ 4911200.220684903673828, 2110806.69310312718153 ], [ 4911200.184364836663008, 2110776.912612828891724 ], [ 4911170.318870696239173, 2110776.949041713029146 ], [ 4911170.355202982202172, 2110806.729533953592181 ], [ 4911200.220684903673828, 2110806.69310312718153 ] ] ], [ [ [ 4911170.39153722114861, 2110836.51002643443644 ], [ 4911170.355202982202172, 2110806.729533953592181 ], [ 4911140.489719110541046, 2110806.765977034345269 ], [ 4911140.526065568439662, 2110836.54647145839408 ], [ 4911170.39153722114861, 2110836.51002643443644 ] ] ] ] } },
{ "type": "Feature", "properties": { "id": "+394065+278296", "Area_ha": 0.17788248530988057, "count": 2, "value": 1, "Porcentaje_Cobertura_Forestal": 0.0, "NDVI_Medio_Poligono": 0.77322751076084628, "Codigo_Tipo_Bosque_Predom": 0.0, "Densidad_C_Media_tC_ha": 7.3780007362365723, "Carbono_Perdido_tC": 1.3124171075798901, "Nombre_Tipo_Bosque_Predom": "Sin Datos" }, "geometry": { "type": "MultiPolygon", "coordinates": [ [ [ [ 4911140.235348363406956, 2110598.302522657904774 ], [ 4911140.271681147627532, 2110628.083015405572951 ], [ 4911200.002793543040752, 2110628.010164815932512 ], [ 4911199.966485188342631, 2110598.229675954207778 ], [ 4911140.235348363406956, 2110598.302522657904774 ] ] ] ] } },
{ "type": "Feature", "properties": { "id": "+394065+278309", "Area_ha": 0.26682499326254328, "count": 3, "value": 1, "Porcentaje_Cobertura_Forestal": 0.0, "NDVI_Medio_Poligono": 0.67486839262739984, "Codigo_Tipo_Bosque_Predom": 0.0, "Densidad_C_Media_tC_ha": 7.3780007362365723, "Carbono_Perdido_tC": 1.9686349967373626, "Nombre_Tipo_Bosque_Predom": "Sin Datos" }, "geometry": { "type": "MultiPolygon", "coordinates": [ [ [ [ 4911169.628928045742214, 2110211.119734519626945 ], [ 4911169.737819455564022, 2110300.461198312230408 ], [ 4911199.603509004227817, 2110300.424800512846559 ], [ 4911199.494654214009643, 2110211.08334254892543 ], [ 4911169.628928045742214, 2110211.119734519626945 ] ] ] ] } },
{ "type": "Feature", "properties": { "id": "+394065+278388", "Area_ha": 0.17788898081488877, "count": 2, "value": 1, "Porcentaje_Cobertura_Forestal": 26.009635699841528, "NDVI_Medio_Poligono": 0.82315185153402792, "Codigo_Tipo_Bosque_Predom": 1.1587488651275635, "Densidad_C_Media_tC_ha": 44.768772125244141, "Carbono_Perdido_tC": 7.9638712456936824, "Nombre_Tipo_Bosque_Predom": "Sin Datos" }, "geometry": { "type": "MultiPolygon", "coordinates": [ [ [ [ 4911166.767779218032956, 2107858.461962093133479 ], [ 4911166.840063001960516, 2107918.022899981588125 ], [ 4911196.706727062352002, 2107917.986657618079334 ], [ 4911196.634467587806284, 2107858.425723616033792 ], [ 4911166.767779218032956, 2107858.461962093133479 ] ] ] ] } },
{ "type": "Feature", "properties": { "id": "+394066+278032", "Area_ha": 0.088931747719901616, "count": 1, "value": 1, "Porcentaje_Cobertura_Forestal": 0.0, "NDVI_Medio_Poligono": 0.48637494570231826, "Codigo_Tipo_Bosque_Predom": 0.0, "Densidad_C_Media_tC_ha": 14.711419105529785, "Carbono_Perdido_tC": 1.3083122124947155, "Nombre_Tipo_Bosque_Predom": "Sin Datos" }, "geometry": { "type": "MultiPolygon", "coordinates": [ [ [ [ 4911209.619656510651112, 2118460.28708869125694 ], [ 4911209.656480184756219, 2118490.067641225643456 ], [ 4911239.518785843625665, 2118490.030721695162356 ], [ 4911239.481974557042122, 2118460.250171102117747 ], [ 4911209.619656510651112, 2118460.28708869125694 ] ] ] ] } },
{ "type": "Feature", "properties": { "id": "+394066+278061", "Area_ha": 1.9565161243646376, "count": 22, "value": 1, "Porcentaje_Cobertura_Forestal": 0.0, "NDVI_Medio_Poligono": 0.61160012166761424, "Codigo_Tipo_Bosque_Predom": 0.0, "Densidad_C_Media_tC_ha": 12.089662837379183, "Carbono_Perdido_tC": 23.65362027946431, "Nombre_Tipo_Bosque_Predom": "Sin Datos" }, "geometry": { "type": "MultiPolygon", "coordinates": [ [ [ [ 4911208.552619027905166, 2117596.651170799508691 ], [ 4911208.589386097155511, 2117626.43171629589051 ], [ 4911178.726719507016242, 2117626.468591931276023 ], [ 4911178.763500898145139, 2117656.249139612074941 ], [ 4911208.626155118457973, 2117656.21226203488186 ], [ 4911208.773250723257661, 2117775.334447415079921 ], [ 4911238.635853511281312, 2117775.297574476338923 ], [ 4911238.746158589608967, 2117864.639210233464837 ], [ 4911268.608722310513258, 2117864.602343879174441 ], [ 4911268.719007823616266, 2117953.943975998088717 ], [ 4911298.581532473675907, 2117953.907116232439876 ], [ 4911298.618285835720599, 2117983.687658817972988 ], [ 4911328.480796163901687, 2117983.650809523183852 ], [ 4911328.370579056441784, 2117894.309188314247876 ], [ 4911298.508031599223614, 2117894.346031791064888 ], [ 4911298.471284086816013, 2117864.565489933360368 ], [ 4911328.333843918517232, 2117864.528648396488279 ], [ 4911328.260379491373897, 2117804.967569287866354 ], [ 4911268.535208388231695, 2117805.041257012169808 ], [ 4911268.424952133558691, 2117715.699628531932831 ], [ 4911238.562326548621058, 2117715.736485182773322 ], [ 4911238.415296038612723, 2117596.614309508819133 ], [ 4911208.552619027905166, 2117596.651170799508691 ] ] ] ] } },
{ "type": "Feature", "properties": { "id": "+394066+278076", "Area_ha": 0.71146623902853168, "count": 8, "value": 1, "Porcentaje_Cobertura_Forestal": 0.0, "NDVI_Medio_Poligono": 0.67399529711746931, "Codigo_Tipo_Bosque_Predom": 0.0, "Densidad_C_Media_tC_ha": 11.389297485351562, "Carbono_Perdido_tC": 8.1031006470801898, "Nombre_Tipo_Bosque_Predom": "Sin Datos" }, "geometry": { "type": "MultiPolygon", "coordinates": [ [ [ [ 4911178.138482796028256, 2117149.97986201196909 ], [ 4911178.211985049769282, 2117209.540949859656394 ], [ 4911208.074824744835496, 2117209.504101412836462 ], [ 4911208.111566439270973, 2117239.28464375808835 ], [ 4911178.24873910471797, 2117239.32149414671585 ], [ 4911178.322253073565662, 2117298.882583446335047 ], [ 4911208.185055685229599, 2117298.845729173626751 ], [ 4911208.148310086689889, 2117269.065186343621463 ], [ 4911238.011123111471534, 2117269.028346408624202 ], [ 4911237.864209675230086, 2117149.906185280065984 ], [ 4911178.138482796028256, 2117149.97986201196909 ] ] ] ] } },
{ "type": "Feature", "properties": { "id": "+394066+278276", "Area_ha": 0.088940511806964065, "count": 1, "value": 1, "Porcentaje_Cobertura_Forestal": 0.0, "NDVI_Medio_Poligono": 0.75748598375486398, "Codigo_Tipo_Bosque_Predom": 0.0, "Densidad_C_Media_tC_ha": 25.614896774291992, "Carbono_Perdido_tC": 2.2782020289880829, "Nombre_Tipo_Bosque_Predom": "Sin Datos" }, "geometry": { "type": "MultiPolygon", "coordinates": [ [ [ [ 4911200.693023175932467, 2111193.839498698711395 ], [ 4911200.729370572604239, 2111223.619992353022099 ], [ 4911230.59467941801995, 2111223.583546590525657 ], [ 4911230.558344249613583, 2111193.803054878488183 ], [ 4911200.693023175932467, 2111193.839498698711395 ] ] ] ] } },
{ "type": "Feature", "properties": { "id": "+394067+278043", "Area_ha": 0.35572848441144161, "count": 4, "value": 1, "Porcentaje_Cobertura_Forestal": 0.0, "NDVI_Medio_Poligono": 0.74693066971441513, "Codigo_Tipo_Bosque_Predom": 0.0, "Densidad_C_Media_tC_ha": 14.711419105529785, "Carbono_Perdido_tC": 5.2332708219516366, "Nombre_Tipo_Bosque_Predom": "Sin Datos" }, "geometry": { "type": "MultiPolygon", "coordinates": [ [ [ [ 4911239.077179430052638, 2118132.664130723569542 ], [ 4911239.113969252444804, 2118162.444678645115346 ], [ 4911268.976409195922315, 2118162.407792884390801 ], [ 4911268.939631753601134, 2118132.627246903255582 ], [ 4911239.077179430052638, 2118132.664130723569542 ] ] ], [ [ [ 4911179.352268939837813, 2118132.73793560732156 ], [ 4911179.389083524234593, 2118162.518487412948161 ], [ 4911209.251527361571789, 2118162.481576821301132 ], [ 4911209.214725157245994, 2118132.701026958413422 ], [ 4911179.352268939837813, 2118132.73793560732156 ] ] ], [ [ [ 4911209.251527361571789, 2118162.481576821301132 ], [ 4911209.288331516087055, 2118192.262126927264035 ], [ 4911239.150761025957763, 2118192.225226809736341 ], [ 4911239.113969252444804, 2118162.444678645115346 ], [ 4911209.251527361571789, 2118162.481576821301132 ] ] ], [ [ [ 4911179.425900060683489, 2118192.299039460718632 ], [ 4911179.462718550115824, 2118222.079591751098633 ], [ 4911209.325137623585761, 2118222.042677276302129 ], [ 4911209.288331516087055, 2118192.262126927264035 ], [ 4911179.425900060683489, 2118192.299039460718632 ] ] ] ] } },
{ "type": "Feature", "properties": { "id": "+394067+278104", "Area_ha": 4.0020343748620597, "count": 45, "value": 1, "Porcentaje_Cobertura_Forestal": 0.0, "NDVI_Medio_Poligono": 0.5437507134251659, "Codigo_Tipo_Bosque_Predom": 0.0, "Densidad_C_Media_tC_ha": 8.2002439498901367, "Carbono_Perdido_tC": 32.81765816971496, "Nombre_Tipo_Bosque_Predom": "Sin Datos" }, "geometry": { "type": "MultiPolygon", "coordinates": [ [ [ [ 4911326.572849897667766, 2116435.063017550390214 ], [ 4911266.84654185641557, 2116435.136526813264936 ], [ 4911266.699896326288581, 2116316.014400569722056 ], [ 4911236.836690021678805, 2116316.051166003569961 ], [ 4911236.910033566877246, 2116375.612232523038983 ], [ 4911177.183664479292929, 2116375.685808281879872 ], [ 4911177.110271569341421, 2116316.124733994714916 ], [ 4911147.247059421613812, 2116316.161536552477628 ], [ 4911147.357188737951219, 2116405.503154174424708 ], [ 4911177.220363862812519, 2116405.466345788445324 ], [ 4911177.257065198384225, 2116435.246883537154645 ], [ 4911236.983384917490184, 2116435.173300010617822 ], [ 4911237.020063519477844, 2116464.953834117390215 ], [ 4911266.883208114653826, 2116464.917058979626745 ], [ 4911266.919876324012876, 2116494.697591387201101 ], [ 4911207.193609873764217, 2116494.771157923620194 ], [ 4911207.230304722674191, 2116524.551694456022233 ], [ 4911177.367180922068655, 2116524.588498234283179 ], [ 4911177.440601168200374, 2116584.149575909134001 ], [ 4911207.303700277581811, 2116584.112768246792257 ], [ 4911207.377103638835251, 2116643.673843005672097 ], [ 4911267.103246631100774, 2116643.600257057696581 ], [ 4911267.139926543459296, 2116673.380790918134153 ], [ 4911386.592139790765941, 2116673.233759846072644 ], [ 4911386.445629391819239, 2116554.111656884197146 ], [ 4911296.8563242116943, 2116554.221888348460197 ], [ 4911296.783006630837917, 2116494.660826686769724 ], [ 4911326.646134991198778, 2116494.624074364546686 ], [ 4911326.572849897667766, 2116435.063017550390214 ] ], [ [ 4911267.02989265602082, 2116584.039190063253045 ], [ 4911296.89298592787236, 2116584.002419542521238 ], [ 4911296.966315208002925, 2116643.563482656609267 ], [ 4911267.103246631100774, 2116643.600257057696581 ], [ 4911267.02989265602082, 2116584.039190063253045 ] ], [ [ 4911266.993218595162034, 2116554.258656929247081 ], [ 4911237.13011103309691, 2116554.295437890104949 ], [ 4911237.093426577746868, 2116524.51490305736661 ], [ 4911266.956546484492719, 2116524.478124037384987 ], [ 4911266.993218595162034, 2116554.258656929247081 ] ] ], [ [ [ 4911446.171823128126562, 2116554.038231140933931 ], [ 4911446.135225088335574, 2116524.257709880359471 ], [ 4911386.409006661735475, 2116524.331131749320775 ], [ 4911386.445629391819239, 2116554.111656884197146 ], [ 4911446.171823128126562, 2116554.038231140933931 ] ] ] ] } },
{ "type": "Feature", "properties": { "id": "+394067+278111", "Area_ha": 0.088934586084778125, "count": 1, "value": 1, "Porcentaje_Cobertura_Forestal": 0.0, "NDVI_Medio_Poligono": 0.69489792270630879, "Codigo_Tipo_Bosque_Predom": 0.0, "Densidad_C_Media_tC_ha": 8.2002439498901367, "Carbono_Perdido_tC": 0.72928530147768533, "Nombre_Tipo_Bosque_Predom": "Sin Datos" }, "geometry": { "type": "MultiPolygon", "coordinates": [ [ [ [ 4911236.580048837698996, 2116107.58744069095701 ], [ 4911236.616705975495279, 2116137.367972136940807 ], [ 4911266.479986310936511, 2116137.331218348350376 ], [ 4911266.443341508507729, 2116107.550688843242824 ], [ 4911236.580048837698996, 2116107.58744069095701 ] ] ] ] } },
{ "type": "Feature", "properties": { "id": "+394067+278121", "Area_ha": 0.17786985600384358, "count": 2, "value": 1, "Porcentaje_Cobertura_Forestal": 0.0, "NDVI_Medio_Poligono": 0.78676988929544645, "Codigo_Tipo_Bosque_Predom": 0.0, "Densidad_C_Media_tC_ha": 9.5638160705566406, "Carbono_Perdido_tC": 1.7011145873171549, "Nombre_Tipo_Bosque_Predom": "Sin Datos" }, "geometry": { "type": "MultiPolygon", "coordinates": [ [ [ [ 4911236.213584775105119, 2115809.782139536458999 ], [ 4911236.286861977539957, 2115869.343197832349688 ], [ 4911266.150253313593566, 2115869.306461511645466 ], [ 4911266.077000770717859, 2115809.745407097972929 ], [ 4911236.213584775105119, 2115809.782139536458999 ] ] ] ] } },
{ "type": "Feature", "properties": { "id": "+394067+278139", "Area_ha": 0.08893559335126483, "count": 1, "value": 1, "Porcentaje_Cobertura_Forestal": 0.0, "NDVI_Medio_Poligono": 0.42723028924583334, "Codigo_Tipo_Bosque_Predom": 0.0, "Densidad_C_Media_tC_ha": 9.5638160705566406, "Carbono_Perdido_tC": 0.85056365693731695, "Nombre_Tipo_Bosque_Predom": "Sin Datos" }, "geometry": { "type": "MultiPolygon", "coordinates": [ [ [ [ 4911235.554441186599433, 2115273.732658365741372 ], [ 4911235.591043688356876, 2115303.513183042872697 ], [ 4911265.454669184982777, 2115303.476483600214124 ], [ 4911265.418079, 2115273.695960863959044 ], [ 4911235.554441186599433, 2115273.732658365741372 ] ] ] ] } },
{ "type": "Feature", "properties": { "id": "+394067+278317", "Area_ha": 0.17788388753145701, "count": 2, "value": 1, "Porcentaje_Cobertura_Forestal": 0.0, "NDVI_Medio_Poligono": 0.69909506328600723, "Codigo_Tipo_Bosque_Predom": 0.0, "Densidad_C_Media_tC_ha": 7.3780007362365723, "Carbono_Perdido_tC": 1.3124274531717135, "Nombre_Tipo_Bosque_Predom": "Sin Datos" }, "geometry": { "type": "MultiPolygon", "coordinates": [ [ [ [ 4911229.07028250861913, 2109972.803100980818272 ], [ 4911229.142794781364501, 2110032.364065004047006 ], [ 4911259.008590275421739, 2110032.327709163539112 ], [ 4911258.936102405190468, 2109972.766749023459852 ], [ 4911229.07028250861913, 2109972.803100980818272 ] ] ] ] } },
{ "type": "Feature", "properties": { "id": "+394068+278013", "Area_ha": 0.26679307212243147, "count": 3, "value": 1, "Porcentaje_Cobertura_Forestal": 0.0, "NDVI_Medio_Poligono": 0.62823160130571931, "Codigo_Tipo_Bosque_Predom": 0.17563758790493011, "Densidad_C_Media_tC_ha": 11.645595550537108, "Carbono_Perdido_tC": 3.1069642136231135, "Nombre_Tipo_Bosque_Predom": "Sin Datos" }, "geometry": { "type": "MultiPolygon", "coordinates": [ [ [ [ 4911270.043803268112242, 2119026.043731870595366 ], [ 4911270.080639226362109, 2119055.824285140261054 ], [ 4911240.218571009114385, 2119055.861229119356722 ], [ 4911240.255421319976449, 2119085.641784572508186 ], [ 4911299.979531007818878, 2119085.567905168049037 ], [ 4911299.905881941318512, 2119026.006802265532315 ], [ 4911270.043803268112242, 2119026.043731870595366 ] ] ] ] } },
{ "type": "Feature", "properties": { "id": "+394068+278030", "Area_ha": 0.88931574789659351, "count": 10, "value": 1, "Porcentaje_Cobertura_Forestal": 0.0, "NDVI_Medio_Poligono": 0.35228064052176472, "Codigo_Tipo_Bosque_Predom": 0.0, "Densidad_C_Media_tC_ha": 14.711419105529785, "Carbono_Perdido_tC": 13.083096684454455, "Nombre_Tipo_Bosque_Predom": "Sin Datos" }, "geometry": { "type": "MultiPolygon", "coordinates": [ [ [ [ 4911299.353762794286013, 2118579.298561609350145 ], [ 4911299.280180023983121, 2118519.737466970924288 ], [ 4911269.41789064463228, 2118519.774363596457988 ], [ 4911269.491498193703592, 2118579.335462115239352 ], [ 4911299.353762794286013, 2118579.298561609350145 ] ] ], [ [ [ 4911180.052079922519624, 2118698.568461425602436 ], [ 4911209.914300793781877, 2118698.531515879556537 ], [ 4911209.840628071688116, 2118638.970407653599977 ], [ 4911269.565113545395434, 2118638.896561605855823 ], [ 4911269.491498193703592, 2118579.335462115239352 ], [ 4911179.904692718759179, 2118579.446238177828491 ], [ 4911180.052079922519624, 2118698.568461425602436 ] ] ] ] } },
{ "type": "Feature", "properties": { "id": "+394068+278040", "Area_ha": 0.088932013511522384, "count": 1, "value": 1, "Porcentaje_Cobertura_Forestal": 0.0, "NDVI_Medio_Poligono": 0.67214047246797282, "Codigo_Tipo_Bosque_Predom": 0.0, "Densidad_C_Media_tC_ha": 14.711419105529785, "Carbono_Perdido_tC": 1.3083161226666433, "Nombre_Tipo_Bosque_Predom": "Sin Datos" }, "geometry": { "type": "MultiPolygon", "coordinates": [ [ [ [ 4911269.04996969178319, 2118221.968885461334139 ], [ 4911269.086752985604107, 2118251.749432169832289 ], [ 4911298.949153838679194, 2118251.712553003802896 ], [ 4911298.912382927723229, 2118221.932008235249668 ], [ 4911269.04996969178319, 2118221.968885461334139 ] ] ] ] } },
{ "type": "Feature", "properties": { "id": "+394068+278257", "Area_ha": 0.17787958445158439, "count": 2, "value": 1, "Porcentaje_Cobertura_Forestal": 0.0, "NDVI_Medio_Poligono": 0.61061641107202569, "Codigo_Tipo_Bosque_Predom": 0.0, "Densidad_C_Media_tC_ha": 25.614896774291992, "Carbono_Perdido_tC": 4.5563671939812886, "Nombre_Tipo_Bosque_Predom": "Sin Datos" }, "geometry": { "type": "MultiPolygon", "coordinates": [ [ [ [ 4911261.114132822491229, 2111759.595969967078418 ], [ 4911261.186854782514274, 2111819.156958862673491 ], [ 4911291.051915043033659, 2111819.120498811360449 ], [ 4911290.979217564687133, 2111759.559513797517866 ], [ 4911261.114132822491229, 2111759.595969967078418 ] ] ] ] } },
{ "type": "Feature", "properties": { "id": "+394068+278366", "Area_ha": 0.088943692276698127, "count": 1, "value": 1, "Porcentaje_Cobertura_Forestal": 0.0, "NDVI_Medio_Poligono": 0.77989116003223236, "Codigo_Tipo_Bosque_Predom": 2.7171275615692139, "Densidad_C_Media_tC_ha": 13.16892147064209, "Carbono_Perdido_tC": 1.1712924989007929, "Nombre_Tipo_Bosque_Predom": "Sin Datos" }, "geometry": { "type": "MultiPolygon", "coordinates": [ [ [ [ 4911257.162587087601423, 2108513.523524241987616 ], [ 4911257.19873445853591, 2108543.303992485627532 ], [ 4911287.06513727363199, 2108543.267745930235833 ], [ 4911287.029002071358263, 2108513.487279627472162 ], [ 4911257.162587087601423, 2108513.523524241987616 ] ] ] ] } },
{ "type": "Feature", "properties": { "id": "+394068+278384", "Area_ha": 0.97838692396009141, "count": 11, "value": 1, "Porcentaje_Cobertura_Forestal": 12.585099431369901, "NDVI_Medio_Poligono": 0.7759415253617159, "Codigo_Tipo_Bosque_Predom": 1.3287361860275269, "Densidad_C_Media_tC_ha": 13.168921470642088, "Carbono_Perdido_tC": 12.884300569533515, "Nombre_Tipo_Bosque_Predom": "Sin Datos" }, "geometry": { "type": "MultiPolygon", "coordinates": [ [ [ [ 4911226.717883163131773, 2108037.072290651500225 ], [ 4911226.681756798177958, 2108007.291824521031231 ], [ 4911196.815131154842675, 2108007.32806052127853 ], [ 4911196.851269676350057, 2108037.108528594486415 ], [ 4911226.717883163131773, 2108037.072290651500225 ] ] ], [ [ [ 4911256.584494700655341, 2108037.036064901854843 ], [ 4911286.45110429264605, 2108036.999851344618946 ], [ 4911286.523314242251217, 2108096.560776555910707 ], [ 4911376.12305838894099, 2108096.452197403647006 ], [ 4911376.05092138890177, 2108036.89128383109346 ], [ 4911316.317711936309934, 2108036.963649980723858 ], [ 4911316.281622043810785, 2108007.183189673349261 ], [ 4911286.415002242662013, 2108007.219389096833766 ], [ 4911286.378902142867446, 2107977.438927087467164 ], [ 4911226.645632385276258, 2107977.511358628515154 ], [ 4911226.681756798177958, 2108007.291824521031231 ], [ 4911256.548380493186414, 2108007.255600712727755 ], [ 4911256.584494700655341, 2108037.036064901854843 ] ] ] ] } },
{ "type": "Feature", "properties": { "id": "+394069+278027", "Area_ha": 0.088931531902174177, "count": 1, "value": 1, "Porcentaje_Cobertura_Forestal": 0.0, "NDVI_Medio_Poligono": 0.68076668802369045, "Codigo_Tipo_Bosque_Predom": 0.0, "Densidad_C_Media_tC_ha": 14.711419105529785, "Carbono_Perdido_tC": 1.3083090375096769, "Nombre_Tipo_Bosque_Predom": "Sin Datos" }, "geometry": { "type": "MultiPolygon", "coordinates": [ [ [ [ 4911299.390556864440441, 2118609.079109178856015 ], [ 4911299.427353124134243, 2118638.859657105989754 ], [ 4911329.28959099855274, 2118638.822765145916492 ], [ 4911329.252807130105793, 2118609.042219157796353 ], [ 4911299.390556864440441, 2118609.079109178856015 ] ] ] ] } },
{ "type": "Feature", "properties": { "id": "+394069+278145", "Area_ha": 0.088935785647352161, "count": 1, "value": 1, "Porcentaje_Cobertura_Forestal": 0.0, "NDVI_Medio_Poligono": 0.77578296642657929, "Codigo_Tipo_Bosque_Predom": 0.0, "Densidad_C_Media_tC_ha": 9.5638160705566406, "Carbono_Perdido_tC": 0.85056549602172726, "Nombre_Tipo_Bosque_Predom": "Sin Datos" }, "geometry": { "type": "MultiPolygon", "coordinates": [ [ [ [ 4911295.062288616783917, 2115094.976156001910567 ], [ 4911295.098854783922434, 2115124.756675350479782 ], [ 4911324.962550286203623, 2115124.720012250822037 ], [ 4911324.925996432080865, 2115094.939494841732085 ], [ 4911295.062288616783917, 2115094.976156001910567 ] ] ] ] } },
{ "type": "Feature", "properties": { "id": "+394069+278147", "Area_ha": 0.088935857510515776, "count": 1, "value": 1, "Porcentaje_Cobertura_Forestal": 0.0, "NDVI_Medio_Poligono": 0.611841125999814, "Codigo_Tipo_Bosque_Predom": 0.0, "Densidad_C_Media_tC_ha": 9.5638160705566406, "Carbono_Perdido_tC": 0.85056618330780631, "Nombre_Tipo_Bosque_Predom": "Sin Datos" }, "geometry": { "type": "MultiPolygon", "coordinates": [ [ [ [ 4911294.989162132143974, 2115035.415118030738086 ], [ 4911295.025724398903549, 2115065.195636895019561 ], [ 4911324.889444528147578, 2115065.15897767432034 ], [ 4911324.85289457347244, 2115035.378460749983788 ], [ 4911294.989162132143974, 2115035.415118030738086 ] ] ] ] } },
{ "type": "Feature", "properties": { "id": "+394069+278322", "Area_ha": 0.088942116214943232, "count": 1, "value": 1, "Porcentaje_Cobertura_Forestal": 0.0, "NDVI_Medio_Poligono": 0.77750801630624655, "Codigo_Tipo_Bosque_Predom": 0.0, "Densidad_C_Media_tC_ha": 21.081045150756839, "Carbono_Perdido_tC": 1.8749927677310803, "Nombre_Tipo_Bosque_Predom": "Sin Datos" }, "geometry": { "type": "MultiPolygon", "coordinates": [ [ [ [ 4911288.6207958124578, 2109823.828022839967161 ], [ 4911288.657016821205616, 2109853.60849965410307 ], [ 4911318.522881621494889, 2109853.572179928887635 ], [ 4911318.486672810278833, 2109823.791705054696649 ], [ 4911288.6207958124578, 2109823.828022839967161 ] ] ] ] } },
{ "type": "Feature", "properties": { "id": "+394072+278031", "Area_ha": 0.08893164152542013, "count": 1, "value": 1, "Porcentaje_Cobertura_Forestal": 0.0, "NDVI_Medio_Poligono": 0.67823768121783901, "Codigo_Tipo_Bosque_Predom": 0.0, "Densidad_C_Media_tC_ha": 14.711419105529785, "Carbono_Perdido_tC": 1.3083106502231916, "Nombre_Tipo_Bosque_Predom": "Sin Datos" }, "geometry": { "type": "MultiPolygon", "coordinates": [ [ [ [ 4911388.830284959636629, 2118489.846310377120972 ], [ 4911388.867036254145205, 2118519.626851516775787 ], [ 4911418.729317857883871, 2118519.590004581958055 ], [ 4911418.692578951828182, 2118489.809465379919857 ], [ 4911388.830284959636629, 2118489.846310377120972 ] ] ] ] } },
{ "type": "Feature", "properties": { "id": "+394072+278033", "Area_ha": 0.08893171382706351, "count": 1, "value": 1, "Porcentaje_Cobertura_Forestal": 0.0, "NDVI_Medio_Poligono": 0.6335296702169404, "Codigo_Tipo_Bosque_Predom": 0.0, "Densidad_C_Media_tC_ha": 14.711419105529785, "Carbono_Perdido_tC": 1.3083117138829694, "Nombre_Tipo_Bosque_Predom": "Sin Datos" }, "geometry": { "type": "MultiPolygon", "coordinates": [ [ [ [ 4911388.756788213737309, 2118430.285228828433901 ], [ 4911388.793535612523556, 2118460.065769480541348 ], [ 4911418.655841993167996, 2118460.02892642095685 ], [ 4911418.619106981903315, 2118430.248387706000358 ], [ 4911388.756788213737309, 2118430.285228828433901 ] ] ] ] } },
{ "type": "Feature", "properties": { "id": "+394072+278055", "Area_ha": 0.17786498122675257, "count": 2, "value": 1, "Porcentaje_Cobertura_Forestal": 0.0, "NDVI_Medio_Poligono": 0.33666042031301302, "Codigo_Tipo_Bosque_Predom": 0.0, "Densidad_C_Media_tC_ha": 11.389297485351562, "Carbono_Perdido_tC": 2.025757183417956, "Nombre_Tipo_Bosque_Predom": "Sin Datos" }, "geometry": { "type": "MultiPolygon", "coordinates": [ [ [ [ 4911387.948838270269334, 2117775.113395880907774 ], [ 4911388.022249306552112, 2117834.674466748721898 ], [ 4911417.884815680794418, 2117834.637664374429733 ], [ 4911417.81142939068377, 2117775.076597381383181 ], [ 4911387.948838270269334, 2117775.113395880907774 ] ] ] ] } },
{ "type": "Feature", "properties": { "id": "+394072+278062", "Area_ha": 0.088932761377946007, "count": 1, "value": 1, "Porcentaje_Cobertura_Forestal": 0.0, "NDVI_Medio_Poligono": 0.31103959851973556, "Codigo_Tipo_Bosque_Predom": 0.0, "Densidad_C_Media_tC_ha": 11.389297485351562, "Carbono_Perdido_tC": 1.012881675527211, "Nombre_Tipo_Bosque_Predom": "Sin Datos" }, "geometry": { "type": "MultiPolygon", "coordinates": [ [ [ [ 4911387.691961004398763, 2117566.649655481800437 ], [ 4911387.728651912882924, 2117596.430189095437527 ], [ 4911417.591317256912589, 2117596.39340222068131 ], [ 4911417.554638716392219, 2117566.612870544195175 ], [ 4911387.691961004398763, 2117566.649655481800437 ] ] ] ] } },
{ "type": "Feature", "properties": { "id": "+394072+278138", "Area_ha": 0.26680653212739852, "count": 3, "value": 1, "Porcentaje_Cobertura_Forestal": 0.0, "NDVI_Medio_Poligono": 0.63436293186312109, "Codigo_Tipo_Bosque_Predom": 0.0, "Densidad_C_Media_tC_ha": 9.5638160705566406, "Carbono_Perdido_tC": 2.5516885996895007, "Nombre_Tipo_Bosque_Predom": "Sin Datos" }, "geometry": { "type": "MultiPolygon", "coordinates": [ [ [ [ 4911325.181914342567325, 2115303.40312177175656 ], [ 4911325.218481841497123, 2115333.183640870731324 ], [ 4911414.809298035688698, 2115333.073684955947101 ], [ 4911414.77276749163866, 2115303.293171671684831 ], [ 4911325.181914342567325, 2115303.40312177175656 ] ] ] ] } },
{ "type": "Feature", "properties": { "id": "+394072+278147", "Area_ha": 0.088935822502250086, "count": 1, "value": 1, "Porcentaje_Cobertura_Forestal": 0.0, "NDVI_Medio_Poligono": 0.81595986610969617, "Codigo_Tipo_Bosque_Predom": 0.0, "Densidad_C_Media_tC_ha": 9.5638160705566406, "Carbono_Perdido_tC": 0.85056584849519223, "Nombre_Tipo_Bosque_Predom": "Sin Datos" }, "geometry": { "type": "MultiPolygon", "coordinates": [ [ [ [ 4911384.580353619530797, 2115035.305183227639645 ], [ 4911384.616878950037062, 2115065.085696274414659 ], [ 4911414.480593246407807, 2115065.049074095673859 ], [ 4911414.444080228917301, 2115035.268562986049801 ], [ 4911384.580353619530797, 2115035.305183227639645 ] ] ] ] } },
{ "type": "Feature", "properties": { "id": "+394072+278151", "Area_ha": 0.088935966219491097, "count": 1, "value": 1, "Porcentaje_Cobertura_Forestal": 0.0, "NDVI_Medio_Poligono": 0.73843232211663723, "Codigo_Tipo_Bosque_Predom": 0.0, "Densidad_C_Media_tC_ha": 9.6589339649217791, "Carbono_Perdido_tC": 0.85902662482057857, "Nombre_Tipo_Bosque_Predom": "Sin Datos" }, "geometry": { "type": "MultiPolygon", "coordinates": [ [ [ [ 4911384.434271779842675, 2114916.18313344893977 ], [ 4911384.470789317972958, 2114945.963645531795919 ], [ 4911414.334552859887481, 2114945.927031103521585 ], [ 4911414.298047631978989, 2114916.146520958282053 ], [ 4911384.434271779842675, 2114916.18313344893977 ] ] ] ] } },
{ "type": "Feature", "properties": { "id": "+394072+278158", "Area_ha": 0.088936217635108908, "count": 1, "value": 1, "Porcentaje_Cobertura_Forestal": 0.0, "NDVI_Medio_Poligono": 0.60048417866798276, "Codigo_Tipo_Bosque_Predom": 0.0, "Densidad_C_Media_tC_ha": 15.983015060424805, "Carbono_Perdido_tC": 1.4214689058791639, "Nombre_Tipo_Bosque_Predom": "Sin Datos" }, "geometry": { "type": "MultiPolygon", "coordinates": [ [ [ [ 4911384.178703558631241, 2114707.719555628485978 ], [ 4911384.215207460336387, 2114737.500066020525992 ], [ 4911414.079057157039642, 2114737.463465156499296 ], [ 4911414.042565560899675, 2114707.682956702075899 ], [ 4911384.178703558631241, 2114707.719555628485978 ] ] ] ] } },
{ "type": "Feature", "properties": { "id": "+394072+278425", "Area_ha": 0.088945737438506325, "count": 1, "value": 1, "Porcentaje_Cobertura_Forestal": 0.0, "NDVI_Medio_Poligono": 0.64845116288674254, "Codigo_Tipo_Bosque_Predom": 2.6783387660980225, "Densidad_C_Media_tC_ha": 68.104728698730469, "Carbono_Perdido_tC": 6.0576253171579868, "Nombre_Tipo_Bosque_Predom": "Sin Datos" }, "geometry": { "type": "MultiPolygon", "coordinates": [ [ [ [ 4911374.501860540360212, 2106756.331872407346964 ], [ 4911374.5378442928195, 2106786.11231883475557 ], [ 4911404.404956148937345, 2106786.076235468499362 ], [ 4911404.368984526023269, 2106756.295790980104357 ], [ 4911374.501860540360212, 2106756.331872407346964 ] ] ] ] } },
{ "type": "Feature", "properties": { "id": "+394073+278028", "Area_ha": 0.17786300663465954, "count": 2, "value": 1, "Porcentaje_Cobertura_Forestal": 0.0, "NDVI_Medio_Poligono": 0.77083187618594007, "Codigo_Tipo_Bosque_Predom": 0.0, "Densidad_C_Media_tC_ha": 14.711419105529785, "Carbono_Perdido_tC": 2.6166172339721014, "Nombre_Tipo_Bosque_Predom": "Sin Datos" }, "geometry": { "type": "MultiPolygon", "coordinates": [ [ [ [ 4911418.802801511250436, 2118579.151083713863045 ], [ 4911418.876292954199016, 2118638.712163818068802 ], [ 4911448.738523054867983, 2118638.675321560353041 ], [ 4911448.665056393481791, 2118579.114245328586549 ], [ 4911418.802801511250436, 2118579.151083713863045 ] ] ] ] } },
{ "type": "Feature", "properties": { "id": "+394073+278040", "Area_ha": 0.35572760385354923, "count": 4, "value": 1, "Porcentaje_Cobertura_Forestal": 0.0, "NDVI_Medio_Poligono": 0.69026630754875828, "Codigo_Tipo_Bosque_Predom": 0.0, "Densidad_C_Media_tC_ha": 14.711419105529785, "Carbono_Perdido_tC": 5.2332578676954347, "Nombre_Tipo_Bosque_Predom": "Sin Datos" }, "geometry": { "type": "MultiPolygon", "coordinates": [ [ [ [ 4911418.362016425468028, 2118221.784623494837433 ], [ 4911418.508913630619645, 2118340.906773014459759 ], [ 4911448.371267613954842, 2118340.869950123131275 ], [ 4911448.224419943057001, 2118221.747808350715786 ], [ 4911418.362016425468028, 2118221.784623494837433 ] ] ] ] } },
{ "type": "Feature", "properties": { "id": "+394073+278080", "Area_ha": 0.17786676217183994, "count": 2, "value": 1, "Porcentaje_Cobertura_Forestal": 0.0, "NDVI_Medio_Poligono": 0.29337970673757552, "Codigo_Tipo_Bosque_Predom": 0.0, "Densidad_C_Media_tC_ha": 11.389297485351562, "Carbono_Perdido_tC": 2.0257774671313609, "Nombre_Tipo_Bosque_Predom": "Sin Datos" }, "geometry": { "type": "MultiPolygon", "coordinates": [ [ [ [ 4911416.894757979549468, 2117030.563341800123453 ], [ 4911416.968046904541552, 2117090.124396672472358 ], [ 4911446.830920475535095, 2117090.087655126582831 ], [ 4911446.75765626411885, 2117030.526604128070176 ], [ 4911416.894757979549468, 2117030.563341800123453 ] ] ] ] } },
{ "type": "Feature", "properties": { "id": "+394073+278269", "Area_ha": 0.17788032478465901, "count": 2, "value": 1, "Porcentaje_Cobertura_Forestal": 0.0, "NDVI_Medio_Poligono": 0.61492397720399627, "Codigo_Tipo_Bosque_Predom": 1.9189453125, "Densidad_C_Media_tC_ha": 25.614896774291992, "Carbono_Perdido_tC": 4.5563861575365738, "Nombre_Tipo_Bosque_Predom": "Sin Datos" }, "geometry": { "type": "MultiPolygon", "coordinates": [ [ [ [ 4911410.004103333689272, 2111402.048015009611845 ], [ 4911410.076656149700284, 2111461.608978752512485 ], [ 4911439.941853534430265, 2111461.572603330016136 ], [ 4911439.869325183331966, 2111402.011643462814391 ], [ 4911410.004103333689272, 2111402.048015009611845 ] ] ] ] } },
{ "type": "Feature", "properties": { "id": "+394073+278399", "Area_ha": 0.088944804755305806, "count": 1, "value": 1, "Porcentaje_Cobertura_Forestal": 59.636744662824135, "NDVI_Medio_Poligono": 0.79214640843000494, "Codigo_Tipo_Bosque_Predom": 2.0, "Densidad_C_Media_tC_ha": 44.768772125244141, "Carbono_Perdido_tC": 3.9819496958146172, "Nombre_Tipo_Bosque_Predom": "Bosque Secundario Joven" }, "geometry": { "type": "MultiPolygon", "coordinates": [ [ [ [ 4911405.30487968120724, 2107530.587425014935434 ], [ 4911405.34090194106102, 2107560.367875692434609 ], [ 4911435.207696246914566, 2107560.331754105631262 ], [ 4911435.171686134301126, 2107530.551305366214365 ], [ 4911405.30487968120724, 2107530.587425014935434 ] ] ] ] } },
{ "type": "Feature", "properties": { "id": "+394074+278072", "Area_ha": 0.088933098913657888, "count": 1, "value": 1, "Porcentaje_Cobertura_Forestal": 0.0, "NDVI_Medio_Poligono": 0.49490842930340379, "Codigo_Tipo_Bosque_Predom": 0.0, "Densidad_C_Media_tC_ha": 11.389297485351562, "Carbono_Perdido_tC": 1.0128855198218456, "Nombre_Tipo_Bosque_Predom": "Sin Datos" }, "geometry": { "type": "MultiPolygon", "coordinates": [ [ [ [ 4911447.050759830512106, 2117268.770813934970647 ], [ 4911447.087406535632908, 2117298.551341251470149 ], [ 4911476.950191645883024, 2117298.51459854375571 ], [ 4911476.913557302206755, 2117268.734073163475841 ], [ 4911447.050759830512106, 2117268.770813934970647 ] ] ] ] } },
{ "type": "Feature", "properties": { "id": "+394074+278099", "Area_ha": 0.17786815615961968, "count": 2, "value": 1, "Porcentaje_Cobertura_Forestal": 0.0, "NDVI_Medio_Poligono": 0.45472562090825902, "Codigo_Tipo_Bosque_Predom": 0.0, "Densidad_C_Media_tC_ha": 8.2002439498901367, "Carbono_Perdido_tC": 1.4585622714260353, "Nombre_Tipo_Bosque_Predom": "Sin Datos" }, "geometry": { "type": "MultiPolygon", "coordinates": [ [ [ [ 4911416.19890168029815, 2116464.733368841931224 ], [ 4911416.235508169978857, 2116494.513891554437578 ], [ 4911475.96174740139395, 2116494.440498316660523 ], [ 4911475.92516559921205, 2116464.659979477524757 ], [ 4911416.19890168029815, 2116464.733368841931224 ] ] ] ] } },
{ "type": "Feature", "properties": { "id": "+394074+278346", "Area_ha": 0.088942911625746635, "count": 1, "value": 1, "Porcentaje_Cobertura_Forestal": 0.0, "NDVI_Medio_Poligono": 0.84095863069195131, "Codigo_Tipo_Bosque_Predom": 2.6775946617126465, "Densidad_C_Media_tC_ha": 21.081045150756836, "Carbono_Perdido_tC": 1.8750095358221399, "Nombre_Tipo_Bosque_Predom": "Sin Datos" }, "geometry": { "type": "MultiPolygon", "coordinates": [ [ [ [ 4911437.082904900424182, 2109108.915417104028165 ], [ 4911437.119018197059631, 2109138.695878486614674 ], [ 4911466.985165833495557, 2109138.6596664134413 ], [ 4911466.949064718559384, 2109108.879206968005747 ], [ 4911437.082904900424182, 2109108.915417104028165 ] ] ] ] } },
{ "type": "Feature", "properties": { "id": "+394074+278350", "Area_ha": 0.17788607207663881, "count": 2, "value": 1, "Porcentaje_Cobertura_Forestal": 0.0, "NDVI_Medio_Poligono": 0.78475390132212497, "Codigo_Tipo_Bosque_Predom": 0.0, "Densidad_C_Media_tC_ha": 21.081045150756836, "Carbono_Perdido_tC": 3.7500243171384078, "Nombre_Tipo_Bosque_Predom": "Sin Datos" }, "geometry": { "type": "MultiPolygon", "coordinates": [ [ [ [ 4911436.938471182249486, 2108989.793573963921517 ], [ 4911437.01068414747715, 2109049.354495055507869 ], [ 4911466.876868327148259, 2109049.318288793321699 ], [ 4911466.804679720662534, 2108989.757371576037258 ], [ 4911436.938471182249486, 2108989.793573963921517 ] ] ] ] } },
{ "type": "Feature", "properties": { "id": "+394075+278320", "Area_ha": 0.17788390279412269, "count": 2, "value": 1, "Porcentaje_Cobertura_Forestal": 0.0, "NDVI_Medio_Poligono": 0.60886878700199965, "Codigo_Tipo_Bosque_Predom": 0.0, "Densidad_C_Media_tC_ha": 21.081045150756836, "Carbono_Perdido_tC": 3.7499785863957404, "Nombre_Tipo_Bosque_Predom": "Sin Datos" }, "geometry": { "type": "MultiPolygon", "coordinates": [ [ [ [ 4911497.790306917391717, 2109912.915445788297802 ], [ 4911497.754167400300503, 2109883.134982063900679 ], [ 4911467.888326460495591, 2109883.171230329200625 ], [ 4911467.924478176049888, 2109912.951695989817381 ], [ 4911497.790306917391717, 2109912.915445788297802 ] ] ], [ [ [ 4911527.692262980155647, 2109942.659669848624617 ], [ 4911527.656133716925979, 2109912.879207820631564 ], [ 4911497.790306917391717, 2109912.915445788297802 ], [ 4911497.82644838001579, 2109942.695909751579165 ], [ 4911527.692262980155647, 2109942.659669848624617 ] ] ] ] } },
{ "type": "Feature", "properties": { "id": "+394076+278051", "Area_ha": 0.35572914737910033, "count": 4, "value": 1, "Porcentaje_Cobertura_Forestal": 0.0, "NDVI_Medio_Poligono": 0.3475383354985403, "Codigo_Tipo_Bosque_Predom": 0.0, "Densidad_C_Media_tC_ha": 14.553403335881482, "Carbono_Perdido_tC": 5.1770697601372744, "Nombre_Tipo_Bosque_Predom": "Sin Datos" }, "geometry": { "type": "MultiPolygon", "coordinates": [ [ [ [ 4911507.545823222026229, 2117894.088388160802424 ], [ 4911507.582486055791378, 2117923.868916698731482 ], [ 4911477.719962631352246, 2117923.905687655787915 ], [ 4911477.756639786995947, 2117953.686218371614814 ], [ 4911537.481659944169223, 2117953.612684996798635 ], [ 4911537.40835708193481, 2117894.051631548441947 ], [ 4911507.545823222026229, 2117894.088388160802424 ] ] ], [ [ [ 4911567.380809082649648, 2117983.356462079565972 ], [ 4911567.34416711051017, 2117953.575936925597489 ], [ 4911537.481659944169223, 2117953.612684996798635 ], [ 4911537.518314291723073, 2117983.393212085589767 ], [ 4911567.380809082649648, 2117983.356462079565972 ] ] ] ] } },
{ "type": "Feature", "properties": { "id": "+394076+278172", "Area_ha": 0.088936673569331465, "count": 1, "value": 1, "Porcentaje_Cobertura_Forestal": 0.0, "NDVI_Medio_Poligono": 0.65973420171124975, "Codigo_Tipo_Bosque_Predom": 0.0, "Densidad_C_Media_tC_ha": 15.983015060424805, "Carbono_Perdido_tC": 1.4214761930827096, "Nombre_Tipo_Bosque_Predom": "Sin Datos" }, "geometry": { "type": "MultiPolygon", "coordinates": [ [ [ [ 4911503.123978639021516, 2114290.646222242619842 ], [ 4911503.160406084731221, 2114320.426721510943025 ], [ 4911533.024420225992799, 2114320.39019709918648 ], [ 4911532.988005076535046, 2114290.609699765685946 ], [ 4911503.123978639021516, 2114290.646222242619842 ] ] ] ] } },
{ "type": "Feature", "properties": { "id": "+394076+278290", "Area_ha": 0.17788175335328707, "count": 2, "value": 1, "Porcentaje_Cobertura_Forestal": 0.0, "NDVI_Medio_Poligono": 0.64902986844169241, "Codigo_Tipo_Bosque_Predom": 0.0, "Densidad_C_Media_tC_ha": 7.3780007362365723, "Carbono_Perdido_tC": 1.3124117072036043, "Nombre_Tipo_Bosque_Predom": "Sin Datos" }, "geometry": { "type": "MultiPolygon", "coordinates": [ [ [ [ 4911498.839198971167207, 2110776.548997793346643 ], [ 4911498.911596680991352, 2110836.109939845278859 ], [ 4911528.777044992893934, 2110836.073641873430461 ], [ 4911528.704671720974147, 2110776.512703692540526 ], [ 4911498.839198971167207, 2110776.548997793346643 ] ] ] ] } },
{ "type": "Feature", "properties": { "id": "+394077+278093", "Area_ha": 0.088933821132923183, "count": 1, "value": 1, "Porcentaje_Cobertura_Forestal": 0.0, "NDVI_Medio_Poligono": 0.58931928579741855, "Codigo_Tipo_Bosque_Predom": 0.0, "Densidad_C_Media_tC_ha": 8.2002439498901367, "Carbono_Perdido_tC": 0.72927902868586492, "Nombre_Tipo_Bosque_Predom": "Sin Datos" }, "geometry": { "type": "MultiPolygon", "coordinates": [ [ [ [ 4911535.870793608948588, 2116643.269733073189855 ], [ 4911535.907362391240895, 2116673.050249496009201 ], [ 4911565.770401137880981, 2116673.01358459610492 ], [ 4911565.733844703063369, 2116643.233070107642561 ], [ 4911535.870793608948588, 2116643.269733073189855 ] ] ] ] } },
{ "type": "Feature", "properties": { "id": "+394077+278098", "Area_ha": 0.35573589890575097, "count": 4, "value": 1, "Porcentaje_Cobertura_Forestal": 0.0, "NDVI_Medio_Poligono": 0.5072407788754022, "Codigo_Tipo_Bosque_Predom": 0.0, "Densidad_C_Media_tC_ha": 8.2002439498901367, "Carbono_Perdido_tC": 2.9171211527606138, "Nombre_Tipo_Bosque_Predom": "Sin Datos" }, "geometry": { "type": "MultiPolygon", "coordinates": [ [ [ [ 4911505.824864103458822, 2116494.403820265550166 ], [ 4911505.861435507424176, 2116524.184337412938476 ], [ 4911535.724537925794721, 2116524.147669804748148 ], [ 4911535.797661878168583, 2116583.708700955845416 ], [ 4911565.660737665370107, 2116583.672041858546436 ], [ 4911565.551091690547764, 2116494.330501298420131 ], [ 4911505.824864103458822, 2116494.403820265550166 ] ] ] ] } },
{ "type": "Feature", "properties": { "id": "+394078+278022", "Area_ha": 0.26679370412368736, "count": 3, "value": 1, "Porcentaje_Cobertura_Forestal": 0.0, "NDVI_Medio_Poligono": 0.55671259178630572, "Codigo_Tipo_Bosque_Predom": 0.0, "Densidad_C_Media_tC_ha": 14.711419105529785, "Carbono_Perdido_tC": 3.9249139960802748, "Nombre_Tipo_Bosque_Predom": "Sin Datos" }, "geometry": { "type": "MultiPolygon", "coordinates": [ [ [ [ 4911538.47200967464596, 2118757.687001490965486 ], [ 4911538.545425325632095, 2118817.248069024179131 ], [ 4911568.407573303207755, 2118817.211264863610268 ], [ 4911568.370876899920404, 2118787.430732908658683 ], [ 4911598.233035330660641, 2118787.393943110946566 ], [ 4911598.196353266015649, 2118757.613413333892822 ], [ 4911538.47200967464596, 2118757.687001490965486 ] ] ] ] } },
{ "type": "Feature", "properties": { "id": "+394078+278104", "Area_ha": 0.26680250920605902, "count": 3, "value": 1, "Porcentaje_Cobertura_Forestal": 0.0, "NDVI_Medio_Poligono": 0.41407192593412734, "Codigo_Tipo_Bosque_Predom": 0.0, "Densidad_C_Media_tC_ha": 8.2002439498901367, "Carbono_Perdido_tC": 2.1878456619324931, "Nombre_Tipo_Bosque_Predom": "Sin Datos" }, "geometry": { "type": "MultiPolygon", "coordinates": [ [ [ [ 4911565.33185222838074, 2116315.647426716983318 ], [ 4911565.441463210619986, 2116404.988962918519974 ], [ 4911595.304611122235656, 2116404.952327803708613 ], [ 4911595.195037162862718, 2116315.610797402914613 ], [ 4911565.33185222838074, 2116315.647426716983318 ] ] ] ] } },
{ "type": "Feature", "properties": { "id": "+394078+278390", "Area_ha": 0.088944427368493048, "count": 1, "value": 1, "Porcentaje_Cobertura_Forestal": 0.0, "NDVI_Medio_Poligono": 0.73762257680989896, "Codigo_Tipo_Bosque_Predom": 1.310178279876709, "Densidad_C_Media_tC_ha": 44.768772125244141, "Carbono_Perdido_tC": 3.9819328006703936, "Nombre_Tipo_Bosque_Predom": "Sin Datos" }, "geometry": { "type": "MultiPolygon", "coordinates": [ [ [ [ 4911554.962616236880422, 2107798.430926114786416 ], [ 4911554.998595260083675, 2107828.211369253695011 ], [ 4911584.865270502865314, 2107828.175291168037802 ], [ 4911584.829303632490337, 2107798.394849963486195 ], [ 4911554.962616236880422, 2107798.430926114786416 ] ] ] ] } },
{ "type": "Feature", "properties": { "id": "+394080+278053", "Area_ha": 0.35572932415725955, "count": 4, "value": 1, "Porcentaje_Cobertura_Forestal": 0.0, "NDVI_Medio_Poligono": 0.50661463677638086, "Codigo_Tipo_Bosque_Predom": 0.0, "Densidad_C_Media_tC_ha": 11.389297485351562, "Carbono_Perdido_tC": 4.0515070970900871, "Nombre_Tipo_Bosque_Predom": "Sin Datos" }, "geometry": { "type": "MultiPolygon", "coordinates": [ [ [ [ 4911597.060173153877258, 2117834.417110694106668 ], [ 4911597.133418739773333, 2117893.978155437391251 ], [ 4911656.858472886495292, 2117893.90472907666117 ], [ 4911656.785276798531413, 2117834.343692063353956 ], [ 4911597.060173153877258, 2117834.417110694106668 ] ] ] ] } },
{ "type": "Feature", "properties": { "id": "+394080+278065", "Area_ha": 0.26679829336702826, "count": 3, "value": 1, "Porcentaje_Cobertura_Forestal": 0.0, "NDVI_Medio_Poligono": 0.48257804982138897, "Codigo_Tipo_Bosque_Predom": 0.0, "Densidad_C_Media_tC_ha": 11.389297485351562, "Carbono_Perdido_tC": 3.0386451317411836, "Nombre_Tipo_Bosque_Predom": "Sin Datos" }, "geometry": { "type": "MultiPolygon", "coordinates": [ [ [ [ 4911656.382837408222258, 2117506.758005955722183 ], [ 4911656.346263639628887, 2117476.977490481454879 ], [ 4911596.620863119140267, 2117477.050862730946392 ], [ 4911596.657461620867252, 2117506.831382070668042 ], [ 4911656.382837408222258, 2117506.758005955722183 ] ] ], [ [ [ 4911686.282085738144815, 2117536.501850284170359 ], [ 4911686.245522394776344, 2117506.721336499322206 ], [ 4911656.382837408222258, 2117506.758005955722183 ], [ 4911656.419413118623197, 2117536.538521672599018 ], [ 4911686.282085738144815, 2117536.501850284170359 ] ] ] ] } },
{ "type": "Feature", "properties": { "id": "+394080+278097", "Area_ha": 0.17786787232736825, "count": 2, "value": 1, "Porcentaje_Cobertura_Forestal": 0.0, "NDVI_Medio_Poligono": 0.65414661153244824, "Codigo_Tipo_Bosque_Predom": 0.0, "Densidad_C_Media_tC_ha": 8.2002439498901367, "Carbono_Perdido_tC": 1.4585599439323329, "Nombre_Tipo_Bosque_Predom": "Sin Datos" }, "geometry": { "type": "MultiPolygon", "coordinates": [ [ [ [ 4911595.450736940838397, 2116524.0743717267178 ], [ 4911595.487273254431784, 2116553.854883313179016 ], [ 4911655.213439827784896, 2116553.78163088625297 ], [ 4911655.176928204484284, 2116524.001123165246099 ], [ 4911595.450736940838397, 2116524.0743717267178 ] ] ] ] } },
{ "type": "Feature", "properties": { "id": "+394080+278166", "Area_ha": 0.17787283499046169, "count": 2, "value": 1, "Porcentaje_Cobertura_Forestal": 0.0, "NDVI_Medio_Poligono": 0.74947256864084144, "Codigo_Tipo_Bosque_Predom": 0.0, "Densidad_C_Media_tC_ha": 15.983015060424805, "Carbono_Perdido_tC": 2.8429442004930054, "Nombre_Tipo_Bosque_Predom": "Sin Datos" }, "geometry": { "type": "MultiPolygon", "coordinates": [ [ [ [ 4911592.934424626640975, 2114469.219656213652343 ], [ 4911592.97082684468478, 2114499.000151126645505 ], [ 4911652.698693973012269, 2114498.927165423054248 ], [ 4911652.662316353991628, 2114469.146674375981092 ], [ 4911592.934424626640975, 2114469.219656213652343 ] ] ] ] } },
{ "type": "Feature", "properties": { "id": "+394080+278315", "Area_ha": 0.17788348919230049, "count": 2, "value": 1, "Porcentaje_Cobertura_Forestal": 0.0, "NDVI_Medio_Poligono": 0.60022991871781151, "Codigo_Tipo_Bosque_Predom": 0.0, "Densidad_C_Media_tC_ha": 7.3780007362365723, "Carbono_Perdido_tC": 1.3124245142251234, "Nombre_Tipo_Bosque_Predom": "Sin Datos" }, "geometry": { "type": "MultiPolygon", "coordinates": [ [ [ [ 4911587.532212369143963, 2110031.928602541796863 ], [ 4911587.568325008265674, 2110061.709061658009887 ], [ 4911647.299843018874526, 2110061.636652027722448 ], [ 4911647.26375478412956, 2110031.856196778360754 ], [ 4911587.532212369143963, 2110031.928602541796863 ] ] ] ] } },
{ "type": "Feature", "properties": { "id": "+394080+278358", "Area_ha": 0.35577302506447012, "count": 4, "value": 1, "Porcentaje_Cobertura_Forestal": 0.0, "NDVI_Medio_Poligono": 0.74044360047295243, "Codigo_Tipo_Bosque_Predom": 0.0, "Densidad_C_Media_tC_ha": 13.16892147064209, "Carbono_Perdido_tC": 4.6851470284467869, "Nombre_Tipo_Bosque_Predom": "Sin Datos" }, "geometry": { "type": "MultiPolygon", "coordinates": [ [ [ [ 4911585.981207514181733, 2108751.36908677732572 ], [ 4911586.053267588838935, 2108810.929984692018479 ], [ 4911645.785809439606965, 2108810.857737470418215 ], [ 4911645.713798061944544, 2108751.296847289893776 ], [ 4911585.981207514181733, 2108751.36908677732572 ] ] ] ] } },
{ "type": "Feature", "properties": { "id": "+394080+278377", "Area_ha": 0.53366347983191664, "count": 6, "value": 1, "Porcentaje_Cobertura_Forestal": 0.0, "NDVI_Medio_Poligono": 0.81179798402641201, "Codigo_Tipo_Bosque_Predom": 0.0, "Densidad_C_Media_tC_ha": 13.16892147064209, "Carbono_Perdido_tC": 7.0277724576560994, "Nombre_Tipo_Bosque_Predom": "Sin Datos" }, "geometry": { "type": "MultiPolygon", "coordinates": [ [ [ [ 4911585.297024550847709, 2108185.540604210924357 ], [ 4911585.369010768830776, 2108245.101493057329208 ], [ 4911645.102015024982393, 2108245.029319310095161 ], [ 4911645.13798672426492, 2108274.809760224074125 ], [ 4911675.004473781213164, 2108274.773689714260399 ], [ 4911674.932556649670005, 2108215.212811989709735 ], [ 4911645.066045267507434, 2108215.248878634534776 ], [ 4911645.030077452771366, 2108185.468438197858632 ], [ 4911585.297024550847709, 2108185.540604210924357 ] ] ] ] } },
{ "type": "Feature", "properties": { "id": "+394080+278404", "Area_ha": 0.17788976541785959, "count": 2, "value": 1, "Porcentaje_Cobertura_Forestal": 0.0, "NDVI_Medio_Poligono": 0.67194270232172815, "Codigo_Tipo_Bosque_Predom": 0.0, "Densidad_C_Media_tC_ha": 44.768772125244141, "Carbono_Perdido_tC": 7.9639063714052911, "Nombre_Tipo_Bosque_Predom": "Sin Datos" }, "geometry": { "type": "MultiPolygon", "coordinates": [ [ [ [ 4911614.192827049642801, 2107381.432661236729473 ], [ 4911614.264684026129544, 2107440.993533343542367 ], [ 4911644.131513327360153, 2107440.957504767458886 ], [ 4911644.059680638834834, 2107381.39663652703166 ], [ 4911614.192827049642801, 2107381.432661236729473 ] ] ] ] } },
{ "type": "Feature", "properties": { "id": "+394081+278326", "Area_ha": 0.088942118730486255, "count": 1, "value": 1, "Porcentaje_Cobertura_Forestal": 0.0, "NDVI_Medio_Poligono": 0.74305070062580536, "Codigo_Tipo_Bosque_Predom": 0.73183935880661011, "Densidad_C_Media_tC_ha": 21.081045150756836, "Carbono_Perdido_tC": 1.874992820761356, "Nombre_Tipo_Bosque_Predom": "Sin Datos" }, "geometry": { "type": "MultiPolygon", "coordinates": [ [ [ [ 4911646.866912391968071, 2109704.271204833406955 ], [ 4911646.902979262173176, 2109734.051657450851053 ], [ 4911676.768869546242058, 2109734.015492248348892 ], [ 4911676.732814870774746, 2109704.235041562933475 ], [ 4911646.866912391968071, 2109704.271204833406955 ] ] ] ] } },
{ "type": "Feature", "properties": { "id": "+394081+278350", "Area_ha": 0.26682879862636327, "count": 3, "value": 1, "Porcentaje_Cobertura_Forestal": 0.0, "NDVI_Medio_Poligono": 0.84503262134514201, "Codigo_Tipo_Bosque_Predom": 0.0, "Densidad_C_Media_tC_ha": 21.081045150756836, "Carbono_Perdido_tC": 5.6250299513645681, "Nombre_Tipo_Bosque_Predom": "Sin Datos" }, "geometry": { "type": "MultiPolygon", "coordinates": [ [ [ [ 4911675.940103478729725, 2109049.065187098924071 ], [ 4911675.868085383437574, 2108989.504296963103116 ], [ 4911646.001890427432954, 2108989.540413854178041 ], [ 4911646.073932882398367, 2109049.101307854987681 ], [ 4911675.940103478729725, 2109049.065187098924071 ] ] ], [ [ [ 4911705.842271918430924, 2109078.809522052295506 ], [ 4911705.806272137910128, 2109049.029078558087349 ], [ 4911675.940103478729725, 2109049.065187098924071 ], [ 4911675.976115439087152, 2109078.845632525160909 ], [ 4911705.842271918430924, 2109078.809522052295506 ] ] ] ] } },
{ "type": "Feature", "properties": { "id": "+394081+278355", "Area_ha": 0.088943149986497883, "count": 1, "value": 1, "Porcentaje_Cobertura_Forestal": 0.0, "NDVI_Medio_Poligono": 0.82588948659704176, "Codigo_Tipo_Bosque_Predom": 0.0, "Densidad_C_Media_tC_ha": 13.16892147064209, "Carbono_Perdido_tC": 1.1712853575237316, "Nombre_Tipo_Bosque_Predom": "Sin Datos" }, "geometry": { "type": "MultiPolygon", "coordinates": [ [ [ [ 4911645.821818042546511, 2108840.63818291714415 ], [ 4911645.857828586362302, 2108870.41862860461697 ], [ 4911675.724072253331542, 2108870.382519443519413 ], [ 4911675.688073884695768, 2108840.602075689006597 ], [ 4911645.821818042546511, 2108840.63818291714415 ] ] ] ] } },
{ "type": "Feature", "properties": { "id": "+394082+278154", "Area_ha": 0.26680783276176956, "count": 3, "value": 1, "Porcentaje_Cobertura_Forestal": 0.0, "NDVI_Medio_Poligono": 0.67098089659921223, "Codigo_Tipo_Bosque_Predom": 0.0, "Densidad_C_Media_tC_ha": 20.857109557700511, "Carbono_Perdido_tC": 5.5648401987648635, "Nombre_Tipo_Bosque_Predom": "Sin Datos" }, "geometry": { "type": "MultiPolygon", "coordinates": [ [ [ [ 4911653.098975956439972, 2114826.512582861352712 ], [ 4911653.135376879945397, 2114856.293076802510768 ], [ 4911682.999159887433052, 2114856.25657927012071 ], [ 4911683.035550445318222, 2114886.037071522325277 ], [ 4911712.899319204501808, 2114886.000584401190281 ], [ 4911712.826564647257328, 2114826.439604002516717 ], [ 4911653.098975956439972, 2114826.512582861352712 ] ] ] ] } },
{ "type": "Feature", "properties": { "id": "+394082+278161", "Area_ha": 0.17787242945161416, "count": 2, "value": 1, "Porcentaje_Cobertura_Forestal": 0.0, "NDVI_Medio_Poligono": 0.73307509737333609, "Codigo_Tipo_Bosque_Predom": 0.0, "Densidad_C_Media_tC_ha": 19.430438142881854, "Carbono_Perdido_tC": 3.4561392377837055, "Nombre_Tipo_Bosque_Predom": "Sin Datos" }, "geometry": { "type": "MultiPolygon", "coordinates": [ [ [ [ 4911652.844223868101835, 2114618.049132023006678 ], [ 4911652.880611197091639, 2114647.829624275211245 ], [ 4911712.608347552828491, 2114647.756668594665825 ], [ 4911712.571984830312431, 2114617.976180205587298 ], [ 4911652.844223868101835, 2114618.049132023006678 ] ] ] ] } },
{ "type": "Feature", "properties": { "id": "+394082+278171", "Area_ha": 0.088936567863983504, "count": 1, "value": 1, "Porcentaje_Cobertura_Forestal": 0.0, "NDVI_Medio_Poligono": 0.6627693779633036, "Codigo_Tipo_Bosque_Predom": 2.28314208984375, "Densidad_C_Media_tC_ha": 22.323068152431823, "Carbono_Perdido_tC": 1.9853370656710816, "Nombre_Tipo_Bosque_Predom": "Sin Datos" }, "geometry": { "type": "MultiPolygon", "coordinates": [ [ [ [ 4911682.344461839646101, 2114320.207760001067072 ], [ 4911682.380817450582981, 2114349.988247910514474 ], [ 4911712.244807660579681, 2114349.951795551925898 ], [ 4911712.208464345894754, 2114320.171309573575854 ], [ 4911682.344461839646101, 2114320.207760001067072 ] ] ] ] } },
{ "type": "Feature", "properties": { "id": "+394083+278023", "Area_ha": 0.08893122418853891, "count": 1, "value": 1, "Porcentaje_Cobertura_Forestal": 0.0, "NDVI_Medio_Poligono": 0.44972365225261973, "Codigo_Tipo_Bosque_Predom": 0.0, "Densidad_C_Media_tC_ha": 5.3150730133056641, "Carbono_Perdido_tC": 0.47267594972473909, "Nombre_Tipo_Bosque_Predom": "Sin Datos" }, "geometry": { "type": "MultiPolygon", "coordinates": [ [ [ [ 4911717.608386649750173, 2118727.685864348895848 ], [ 4911717.645017196424305, 2118757.466386157553643 ], [ 4911747.507178338244557, 2118757.429660433437675 ], [ 4911747.470560186542571, 2118727.649140554945916 ], [ 4911717.608386649750173, 2118727.685864348895848 ] ] ] ] } },
{ "type": "Feature", "properties": { "id": "+394083+278063", "Area_ha": 0.088932669427765357, "count": 1, "value": 1, "Porcentaje_Cobertura_Forestal": 0.0, "NDVI_Medio_Poligono": 0.44861039233753219, "Codigo_Tipo_Bosque_Predom": 0.0, "Densidad_C_Media_tC_ha": 3.6604766845703125, "Carbono_Perdido_tC": 0.3255359629369341, "Nombre_Tipo_Bosque_Predom": "Sin Datos" }, "geometry": { "type": "MultiPolygon", "coordinates": [ [ [ [ 4911716.144756181165576, 2117536.465191183611751 ], [ 4911716.181309098377824, 2117566.245703280437738 ], [ 4911746.043965479359031, 2117566.209054764825851 ], [ 4911746.007424929179251, 2117536.4285445981659 ], [ 4911716.144756181165576, 2117536.465191183611751 ] ] ] ] } },
{ "type": "Feature", "properties": { "id": "+394083+278147", "Area_ha": 0.35574272913115562, "count": 4, "value": 1, "Porcentaje_Cobertura_Forestal": 0.0, "NDVI_Medio_Poligono": 0.73620790253236024, "Codigo_Tipo_Bosque_Predom": 0.0, "Densidad_C_Media_tC_ha": 9.8681547109065981, "Carbono_Perdido_tC": 3.5105242883463834, "Nombre_Tipo_Bosque_Predom": "Sin Datos" }, "geometry": { "type": "MultiPolygon", "coordinates": [ [ [ [ 4911683.217532355338335, 2115034.939536402467638 ], [ 4911683.290338709950447, 2115094.500524044036865 ], [ 4911743.017701940611005, 2115094.427535112481564 ], [ 4911742.944944837130606, 2115034.86655519483611 ], [ 4911683.217532355338335, 2115034.939536402467638 ] ] ] ] } },
{ "type": "Feature", "properties": { "id": "+394084+278012", "Area_ha": 0.088930814590750376, "count": 1, "value": 1, "Porcentaje_Cobertura_Forestal": 0.0, "NDVI_Medio_Poligono": 0.77653253907798669, "Codigo_Tipo_Bosque_Predom": 0.0, "Densidad_C_Media_tC_ha": 2.8047909736633301, "Carbono_Perdido_tC": 0.24943234604466383, "Nombre_Tipo_Bosque_Predom": "Sin Datos" }, "geometry": { "type": "MultiPolygon", "coordinates": [ [ [ [ 4911747.873466565273702, 2119055.234872580971569 ], [ 4911747.910106058232486, 2119085.01539513329044 ], [ 4911777.772128890268505, 2119084.978660612832755 ], [ 4911777.735501798801124, 2119055.198139990214258 ], [ 4911747.873466565273702, 2119055.234872580971569 ] ] ] ] } },
{ "type": "Feature", "properties": { "id": "+394084+278051", "Area_ha": 0.088932224553413111, "count": 1, "value": 1, "Porcentaje_Cobertura_Forestal": 0.0, "NDVI_Medio_Poligono": 0.05467926757554014, "Codigo_Tipo_Bosque_Predom": 0.0, "Densidad_C_Media_tC_ha": 4.9839559099963022, "Carbono_Perdido_tC": 0.44323428615210153, "Nombre_Tipo_Bosque_Predom": "Sin Datos" }, "geometry": { "type": "MultiPolygon", "coordinates": [ [ [ [ 4911746.446039577014744, 2117893.794682603795081 ], [ 4911746.482603407464921, 2117923.575195680372417 ], [ 4911776.345109391957521, 2117923.538536411244422 ], [ 4911776.308557935990393, 2117893.758025264833122 ], [ 4911746.446039577014744, 2117893.794682603795081 ] ] ] ] } },
{ "type": "Feature", "properties": { "id": "+394084+278083", "Area_ha": 1.1561339006440554, "count": 13, "value": 1, "Porcentaje_Cobertura_Forestal": 0.0, "NDVI_Medio_Poligono": 0.34771279456364845, "Codigo_Tipo_Bosque_Predom": 0.0, "Densidad_C_Media_tC_ha": 9.3104850436952784, "Carbono_Perdido_tC": 10.764167390455562, "Nombre_Tipo_Bosque_Predom": "Sin Datos" }, "geometry": { "type": "MultiPolygon", "coordinates": [ [ [ [ 4911655.688267893157899, 2116940.92825340339914 ], [ 4911655.724806705489755, 2116970.708764514420182 ], [ 4911685.587714182212949, 2116970.672129827085882 ], [ 4911685.551187724806368, 2116940.89162064762786 ], [ 4911655.688267893157899, 2116940.92825340339914 ] ] ], [ [ [ 4911745.350027017295361, 2117000.379403179977089 ], [ 4911745.313523328863084, 2116970.598897619172931 ], [ 4911775.176424999721348, 2116970.562300098594278 ], [ 4911775.139935605227947, 2116940.781796710565686 ], [ 4911715.414105620235205, 2116940.855000280309469 ], [ 4911715.45061972271651, 2116970.635507528670132 ], [ 4911685.587714182212949, 2116970.672129827085882 ], [ 4911685.660772921517491, 2117030.233148912899196 ], [ 4911715.523653751239181, 2117030.19652275275439 ], [ 4911715.487135767005384, 2117000.416015019640326 ], [ 4911745.350027017295361, 2117000.379403179977089 ] ] ], [ [ [ 4911595.998985935002565, 2116970.782071055844426 ], [ 4911596.035551398992538, 2117000.562586273998022 ], [ 4911655.761347458697855, 2117000.489275868050754 ], [ 4911655.724806705489755, 2116970.708764514420182 ], [ 4911595.998985935002565, 2116970.782071055844426 ] ] ], [ [ [ 4911476.657171620056033, 2117060.270402402617037 ], [ 4911566.245811932720244, 2117060.160295092966408 ], [ 4911566.20923022646457, 2117030.379777456633747 ], [ 4911596.072118806652725, 2117030.34310173522681 ], [ 4911596.035551398992538, 2117000.562586273998022 ], [ 4911536.309747587889433, 2117000.635946238879114 ], [ 4911536.346339706331491, 2117030.416465567890555 ], [ 4911476.620552844367921, 2117030.489878960885108 ], [ 4911476.657171620056033, 2117060.270402402617037 ] ] ] ] } },
{ "type": "Feature", "properties": { "id": "+394084+278088", "Area_ha": 0.088933559523755687, "count": 1, "value": 1, "Porcentaje_Cobertura_Forestal": 0.0, "NDVI_Medio_Poligono": 0.25904297519596126, "Codigo_Tipo_Bosque_Predom": 0.0, "Densidad_C_Media_tC_ha": 1.5257657766342163, "Carbono_Perdido_tC": 0.1356917815156084, "Nombre_Tipo_Bosque_Predom": "Sin Datos" }, "geometry": { "type": "MultiPolygon", "coordinates": [ [ [ [ 4911745.094541697762907, 2116791.915869230870157 ], [ 4911745.131033746525645, 2116821.696373336482793 ], [ 4911774.993997182697058, 2116821.659785464406013 ], [ 4911774.957517485134304, 2116791.879283288493752 ], [ 4911745.094541697762907, 2116791.915869230870157 ] ] ] ] } },
{ "type": "Feature", "properties": { "id": "+394084+278277", "Area_ha": 0.0889403377236129, "count": 1, "value": 1, "Porcentaje_Cobertura_Forestal": 0.0, "NDVI_Medio_Poligono": 0.66533395015923924, "Codigo_Tipo_Bosque_Predom": 0.0, "Densidad_C_Media_tC_ha": 12.71900749206543, "Carbono_Perdido_tC": 1.131232821853462, "Nombre_Tipo_Bosque_Predom": "Sin Datos" }, "geometry": { "type": "MultiPolygon", "coordinates": [ [ [ [ 4911738.232379746623337, 2111163.404927491676062 ], [ 4911738.268505103886127, 2111193.18538604862988 ], [ 4911768.133791227824986, 2111193.1491629476659 ], [ 4911768.097678096964955, 2111163.368706320412457 ], [ 4911738.232379746623337, 2111163.404927491676062 ] ] ] ] } },
{ "type": "Feature", "properties": { "id": "+394085+278162", "Area_ha": 0.088936209968065671, "count": 1, "value": 1, "Porcentaje_Cobertura_Forestal": 0.0, "NDVI_Medio_Poligono": 0.76073021501533344, "Codigo_Tipo_Bosque_Predom": 0.0, "Densidad_C_Media_tC_ha": 61.557247161865234, "Carbono_Perdido_tC": 5.4746682586437609, "Nombre_Tipo_Bosque_Predom": "Sin Datos" }, "geometry": { "type": "MultiPolygon", "coordinates": [ [ [ [ 4911772.263401873409748, 2114588.122793449088931 ], [ 4911772.299738050438464, 2114617.903277737554163 ], [ 4911802.163611757569015, 2114617.866845009382814 ], [ 4911802.12728788331151, 2114588.086362650152296 ], [ 4911772.263401873409748, 2114588.122793449088931 ] ] ] ] } },
{ "type": "Feature", "properties": { "id": "+394085+278280", "Area_ha": 0.35576168446463124, "count": 4, "value": 1, "Porcentaje_Cobertura_Forestal": 0.0, "NDVI_Medio_Poligono": 0.69454242381349918, "Codigo_Tipo_Bosque_Predom": 0.0, "Densidad_C_Media_tC_ha": 12.71900749206543, "Carbono_Perdido_tC": 4.5249355300954619, "Nombre_Tipo_Bosque_Predom": "Sin Datos" }, "geometry": { "type": "MultiPolygon", "coordinates": [ [ [ [ 4911738.124015314504504, 2111074.06355326063931 ], [ 4911738.196256328374147, 2111133.624469174072146 ], [ 4911797.926875547505915, 2111133.552042954135686 ], [ 4911797.854683434590697, 2111073.991134759970009 ], [ 4911738.124015314504504, 2111074.06355326063931 ] ] ] ] } },
{ "type": "Feature", "properties": { "id": "+394085+278370", "Area_ha": 0.088943636270650314, "count": 1, "value": 1, "Porcentaje_Cobertura_Forestal": 0.0, "NDVI_Medio_Poligono": 0.49804944419581154, "Codigo_Tipo_Bosque_Predom": 2.7011327743530273, "Densidad_C_Media_tC_ha": 57.322757720947266, "Carbono_Perdido_tC": 5.0984945127625458, "Nombre_Tipo_Bosque_Predom": "Sin Datos" }, "geometry": { "type": "MultiPolygon", "coordinates": [ [ [ [ 4911764.747634917497635, 2108393.787286505103111 ], [ 4911764.783567664213479, 2108423.567720885388553 ], [ 4911794.649986151605844, 2108423.531689518131316 ], [ 4911794.61406556982547, 2108393.751257067546248 ], [ 4911764.747634917497635, 2108393.787286505103111 ] ] ] ] } },
{ "type": "Feature", "properties": { "id": "+394086+278050", "Area_ha": 0.088932165214186537, "count": 1, "value": 1, "Porcentaje_Cobertura_Forestal": 0.0, "NDVI_Medio_Poligono": 0.25737067350943943, "Codigo_Tipo_Bosque_Predom": 0.0, "Densidad_C_Media_tC_ha": 5.3150730133056641, "Carbono_Perdido_tC": 0.47268095134476362, "Nombre_Tipo_Bosque_Predom": "Sin Datos" }, "geometry": { "type": "MultiPolygon", "coordinates": [ [ [ [ 4911806.207613442093134, 2117923.501889552455395 ], [ 4911806.244154460728168, 2117953.282399014569819 ], [ 4911836.106644197367132, 2117953.245762636885047 ], [ 4911836.070115555077791, 2117923.465255103074014 ], [ 4911806.207613442093134, 2117923.501889552455395 ] ] ] ] } },
{ "type": "Feature", "properties": { "id": "+394086+278067", "Area_ha": 0.17786552177280682, "count": 2, "value": 1, "Porcentaje_Cobertura_Forestal": 0.0, "NDVI_Medio_Poligono": 0.5129177840294411, "Codigo_Tipo_Bosque_Predom": 0.0, "Densidad_C_Media_tC_ha": 3.6604766845703125, "Carbono_Perdido_tC": 0.65107259543829266, "Nombre_Tipo_Bosque_Predom": "Sin Datos" }, "geometry": { "type": "MultiPolygon", "coordinates": [ [ [ [ 4911805.586712746880949, 2117417.233265826012939 ], [ 4911805.659730806015432, 2117476.79427674273029 ], [ 4911835.522418480366468, 2117476.75767121789977 ], [ 4911835.449425151571631, 2117417.196664157323539 ], [ 4911805.586712746880949, 2117417.233265826012939 ] ] ] ] } },
{ "type": "Feature", "properties": { "id": "+394086+278277", "Area_ha": 0.088940314488543656, "count": 1, "value": 1, "Porcentaje_Cobertura_Forestal": 0.0, "NDVI_Medio_Poligono": 0.6544520338987081, "Codigo_Tipo_Bosque_Predom": 0.0, "Densidad_C_Media_tC_ha": 12.71900749206543, "Carbono_Perdido_tC": 1.1312325263264422, "Nombre_Tipo_Bosque_Predom": "Sin Datos" }, "geometry": { "type": "MultiPolygon", "coordinates": [ [ [ [ 4911797.962974512018263, 2111163.33249741140753 ], [ 4911797.999075416475534, 2111193.112952108494937 ], [ 4911827.864357667043805, 2111193.076753531116992 ], [ 4911827.828268989920616, 2111163.296300763264298 ], [ 4911797.962974512018263, 2111163.33249741140753 ] ] ] ] } },
{ "type": "Feature", "properties": { "id": "+394086+278319", "Area_ha": 0.088941811450758537, "count": 1, "value": 1, "Porcentaje_Cobertura_Forestal": 0.0, "NDVI_Medio_Poligono": 0.5803006303443109, "Codigo_Tipo_Bosque_Predom": 0.0, "Densidad_C_Media_tC_ha": 45.939605712890625, "Carbono_Perdido_tC": 4.0859517494381077, "Nombre_Tipo_Bosque_Predom": "Sin Datos" }, "geometry": { "type": "MultiPolygon", "coordinates": [ [ [ [ 4911796.448487402871251, 2109912.55361653259024 ], [ 4911796.484506871551275, 2109942.334061167668551 ], [ 4911826.350302089937031, 2109942.297943611163646 ], [ 4911826.314294820651412, 2109912.517500905320048 ], [ 4911796.448487402871251, 2109912.55361653259024 ] ] ] ] } },
{ "type": "Feature", "properties": { "id": "+394086+278325", "Area_ha": 0.088942025025984917, "count": 1, "value": 1, "Porcentaje_Cobertura_Forestal": 0.0, "NDVI_Medio_Poligono": 0.75030513060334569, "Codigo_Tipo_Bosque_Predom": 2.2868595123291016, "Densidad_C_Media_tC_ha": 45.939605712890625, "Carbono_Perdido_tC": 4.0859615609997979, "Nombre_Tipo_Bosque_Predom": "Sin Datos" }, "geometry": { "type": "MultiPolygon", "coordinates": [ [ [ [ 4911796.232411310076714, 2109733.870953738689423 ], [ 4911796.268419144675136, 2109763.65139693999663 ], [ 4911826.13428754825145, 2109763.615290958434343 ], [ 4911826.098291909322143, 2109733.834849686827511 ], [ 4911796.232411310076714, 2109733.870953738689423 ] ] ] ] } },
{ "type": "Feature", "properties": { "id": "+394086+278373", "Area_ha": 0.1778874268009604, "count": 2, "value": 1, "Porcentaje_Cobertura_Forestal": 0.0, "NDVI_Medio_Poligono": 0.53969007486254306, "Codigo_Tipo_Bosque_Predom": 1.5990790128707886, "Densidad_C_Media_tC_ha": 57.322757720947266, "Carbono_Perdido_tC": 10.196997868114194, "Nombre_Tipo_Bosque_Predom": "Sin Datos" }, "geometry": { "type": "MultiPolygon", "coordinates": [ [ [ [ 4911794.506315460428596, 2108304.409961149096489 ], [ 4911794.578146927990019, 2108363.970824857242405 ], [ 4911824.444587808102369, 2108363.934809549711645 ], [ 4911824.37278066854924, 2108304.373949700035155 ], [ 4911794.506315460428596, 2108304.409961149096489 ] ] ] ] } },
{ "type": "Feature", "properties": { "id": "+394086+278435", "Area_ha": 0.088945928355871007, "count": 1, "value": 1, "Porcentaje_Cobertura_Forestal": 0.0, "NDVI_Medio_Poligono": 0.54049994800518253, "Codigo_Tipo_Bosque_Predom": 0.55899620056152344, "Densidad_C_Media_tC_ha": 41.472202301025384, "Carbono_Perdido_tC": 3.6887835346271927, "Nombre_Tipo_Bosque_Predom": "Sin Datos" }, "geometry": { "type": "MultiPolygon", "coordinates": [ [ [ [ 4911792.283386961556971, 2106458.023659047205001 ], [ 4911792.319181506522, 2106487.804076014552265 ], [ 4911822.186387471854687, 2106487.768182259518653 ], [ 4911822.150605049915612, 2106457.987767221406102 ], [ 4911792.283386961556971, 2106458.023659047205001 ] ] ] ] } },
{ "type": "Feature", "properties": { "id": "+394087+278020", "Area_ha": 0.088931069228726844, "count": 1, "value": 1, "Porcentaje_Cobertura_Forestal": 0.0, "NDVI_Medio_Poligono": 0.70140758395164537, "Codigo_Tipo_Bosque_Predom": 0.0, "Densidad_C_Media_tC_ha": 5.3150730133056641, "Carbono_Perdido_tC": 0.47267512610202383, "Nombre_Tipo_Bosque_Predom": "Sin Datos" }, "geometry": { "type": "MultiPolygon", "coordinates": [ [ [ [ 4911837.166817910969257, 2118816.88058674056083 ], [ 4911837.203404696658254, 2118846.661101561505347 ], [ 4911867.065520917065442, 2118846.624419767409563 ], [ 4911867.028946527279913, 2118816.843906873837113 ], [ 4911837.166817910969257, 2118816.88058674056083 ] ] ] ] } },
{ "type": "Feature", "properties": { "id": "+394087+278107", "Area_ha": 0.088934209198340247, "count": 1, "value": 1, "Porcentaje_Cobertura_Forestal": 0.0, "NDVI_Medio_Poligono": 0.22343728754605907, "Codigo_Tipo_Bosque_Predom": 0.0, "Densidad_C_Media_tC_ha": 1.5257657766342163, "Carbono_Perdido_tC": 0.13569277276685546, "Nombre_Tipo_Bosque_Predom": "Sin Datos" }, "geometry": { "type": "MultiPolygon", "coordinates": [ [ [ [ 4911833.991186590865254, 2116225.976726489607245 ], [ 4911834.027604761533439, 2116255.757220210041851 ], [ 4911863.890796952880919, 2116255.720706121996045 ], [ 4911863.854391121305525, 2116225.94021432986483 ], [ 4911833.991186590865254, 2116225.976726489607245 ] ] ] ] } },
{ "type": "Feature", "properties": { "id": "+394087+278121", "Area_ha": 0.088934713122586259, "count": 1, "value": 1, "Porcentaje_Cobertura_Forestal": 0.0, "NDVI_Medio_Poligono": 0.4482340835979563, "Codigo_Tipo_Bosque_Predom": 0.0, "Densidad_C_Media_tC_ha": 10.08452033996582, "Carbono_Perdido_tC": 0.89686392341374632, "Nombre_Tipo_Bosque_Predom": "Sin Datos" }, "geometry": { "type": "MultiPolygon", "coordinates": [ [ [ [ 4911833.481535706669092, 2115809.049839814193547 ], [ 4911833.517926743254066, 2115838.830330146476626 ], [ 4911863.381291615776718, 2115838.793843048624694 ], [ 4911863.344912908039987, 2115809.013354644179344 ], [ 4911833.481535706669092, 2115809.049839814193547 ] ] ] ] } },
{ "type": "Feature", "properties": { "id": "+394087+278155", "Area_ha": 0.17787188236701185, "count": 2, "value": 1, "Porcentaje_Cobertura_Forestal": 0.0, "NDVI_Medio_Poligono": 0.78472500655093591, "Codigo_Tipo_Bosque_Predom": 0.0, "Densidad_C_Media_tC_ha": 61.557247161865234, "Carbono_Perdido_tC": 10.949303426012367, "Nombre_Tipo_Bosque_Predom": "Sin Datos" }, "geometry": { "type": "MultiPolygon", "coordinates": [ [ [ [ 4911802.381595720537007, 2114796.549744229298085 ], [ 4911802.417933166958392, 2114826.330228277482092 ], [ 4911862.145502503961325, 2114826.257372837048024 ], [ 4911862.109189672395587, 2114796.476892645005137 ], [ 4911802.381595720537007, 2114796.549744229298085 ] ] ] ] } },
{ "type": "Feature", "properties": { "id": "+394087+278218", "Area_ha": 0.08893819429804134, "count": 1, "value": 1, "Porcentaje_Cobertura_Forestal": 0.0, "NDVI_Medio_Poligono": 0.49348341036293925, "Codigo_Tipo_Bosque_Predom": 0.0, "Densidad_C_Media_tC_ha": 86.213870215938201, "Carbono_Perdido_tC": 7.6677059404512313, "Nombre_Tipo_Bosque_Predom": "Sin Datos" }, "geometry": { "type": "MultiPolygon", "coordinates": [ [ [ [ 4911829.960817269049585, 2112920.343424794729799 ], [ 4911829.997020302340388, 2112950.123891733586788 ], [ 4911859.861578068695962, 2112950.087591651827097 ], [ 4911859.825387300923467, 2112920.307126640807837 ], [ 4911829.960817269049585, 2112920.343424794729799 ] ] ] ] } },
{ "type": "Feature", "properties": { "id": "+394087+278384", "Area_ha": 0.17788823143365443, "count": 2, "value": 1, "Porcentaje_Cobertura_Forestal": 0.0, "NDVI_Medio_Poligono": 0.86361904106696141, "Codigo_Tipo_Bosque_Predom": 0.0, "Densidad_C_Media_tC_ha": 57.322757720947266, "Carbono_Perdido_tC": 10.197043991879168, "Nombre_Tipo_Bosque_Predom": "Sin Datos" }, "geometry": { "type": "MultiPolygon", "coordinates": [ [ [ [ 4911794.111381027847528, 2107976.825227815192193 ], [ 4911794.147274463437498, 2108006.605656926520169 ], [ 4911853.880446154624224, 2108006.533684806898236 ], [ 4911853.84457703307271, 2107976.753259554039687 ], [ 4911794.111381027847528, 2107976.825227815192193 ] ] ] ] } },
{ "type": "Feature", "properties": { "id": "+394088+278067", "Area_ha": 0.17786547537712322, "count": 2, "value": 1, "Porcentaje_Cobertura_Forestal": 0.0, "NDVI_Medio_Poligono": 0.57780011341432547, "Codigo_Tipo_Bosque_Predom": 0.0, "Densidad_C_Media_tC_ha": 3.6604766845703125, "Carbono_Perdido_tC": 0.65107242560797451, "Nombre_Tipo_Bosque_Predom": "Sin Datos" }, "geometry": { "type": "MultiPolygon", "coordinates": [ [ [ [ 4911865.31213562656194, 2117417.160074887797236 ], [ 4911865.38510422501713, 2117476.721078093163669 ], [ 4911895.247788036242127, 2117476.684497368056327 ], [ 4911895.174844168126583, 2117417.123498016968369 ], [ 4911865.31213562656194, 2117417.160074887797236 ] ] ] ] } },
{ "type": "Feature", "properties": { "id": "+394088+278160", "Area_ha": 0.088936103336943781, "count": 1, "value": 1, "Porcentaje_Cobertura_Forestal": 0.0, "NDVI_Medio_Poligono": 0.66433058761212505, "Codigo_Tipo_Bosque_Predom": 0.0021847069729119539, "Densidad_C_Media_tC_ha": 61.557247161865234, "Carbono_Perdido_tC": 5.4746616947254356, "Nombre_Tipo_Bosque_Predom": "Sin Datos" }, "geometry": { "type": "MultiPolygon", "coordinates": [ [ [ [ 4911861.927654573693871, 2114647.574495307169855 ], [ 4911861.963957718573511, 2114677.354974292684346 ], [ 4911891.827801017090678, 2114677.318574721459299 ], [ 4911891.791510176844895, 2114647.538097663316876 ], [ 4911861.927654573693871, 2114647.574495307169855 ] ] ] ] } },
{ "type": "Feature", "properties": { "id": "+394088+278281", "Area_ha": 0.26682119495161316, "count": 3, "value": 1, "Porcentaje_Cobertura_Forestal": 0.0, "NDVI_Medio_Poligono": 0.71671031717014866, "Codigo_Tipo_Bosque_Predom": 0.0, "Densidad_C_Media_tC_ha": 12.71900749206543, "Carbono_Perdido_tC": 3.3937007776314183, "Nombre_Tipo_Bosque_Predom": "Sin Datos" }, "geometry": { "type": "MultiPolygon", "coordinates": [ [ [ [ 4911857.549275112338364, 2111044.138315417338163 ], [ 4911857.657487023621798, 2111133.479665776714683 ], [ 4911887.522789862938225, 2111133.443495579529554 ], [ 4911887.414614626206458, 2111044.102151003200561 ], [ 4911857.549275112338364, 2111044.138315417338163 ] ] ] ] } },
{ "type": "Feature", "properties": { "id": "+394088+278370", "Area_ha": 0.088943601444836526, "count": 1, "value": 1, "Porcentaje_Cobertura_Forestal": 0.0, "NDVI_Medio_Poligono": 0.45663194675600344, "Codigo_Tipo_Bosque_Predom": 1.1188501119613647, "Densidad_C_Media_tC_ha": 57.322757720947266, "Carbono_Perdido_tC": 5.0984925164508592, "Nombre_Tipo_Bosque_Predom": "Sin Datos" }, "geometry": { "type": "MultiPolygon", "coordinates": [ [ [ [ 4911854.346921067684889, 2108393.679234794341028 ], [ 4911854.382817316800356, 2108423.45966338692233 ], [ 4911884.249230000190437, 2108423.423668623901904 ], [ 4911884.213345916941762, 2108393.643241959158331 ], [ 4911854.346921067684889, 2108393.679234794341028 ] ] ] ] } },
{ "type": "Feature", "properties": { "id": "+394088+278434", "Area_ha": 0.17789170414848049, "count": 2, "value": 1, "Porcentaje_Cobertura_Forestal": 0.0, "NDVI_Medio_Poligono": 0.52916820454219371, "Codigo_Tipo_Bosque_Predom": 0.0, "Densidad_C_Media_tC_ha": 41.472202301025391, "Carbono_Perdido_tC": 7.3775607421199405, "Nombre_Tipo_Bosque_Predom": "Sin Datos" }, "geometry": { "type": "MultiPolygon", "coordinates": [ [ [ [ 4911852.053591505624354, 2106487.732300662901253 ], [ 4911852.125137916766107, 2106547.293127593118697 ], [ 4911881.992315768264234, 2106547.257254299242049 ], [ 4911881.920793605968356, 2106487.696431225631386 ], [ 4911852.053591505624354, 2106487.732300662901253 ] ] ] ] } },
{ "type": "Feature", "properties": { "id": "+394090+278099", "Area_ha": 0.17786778413315188, "count": 2, "value": 1, "Porcentaje_Cobertura_Forestal": 0.0, "NDVI_Medio_Poligono": 0.51487852866813555, "Codigo_Tipo_Bosque_Predom": 0.0, "Densidad_C_Media_tC_ha": 1.5257657766342163, "Carbono_Perdido_tC": 0.27138457779612563, "Nombre_Tipo_Bosque_Predom": "Sin Datos" }, "geometry": { "type": "MultiPolygon", "coordinates": [ [ [ [ 4911894.008795896545053, 2116464.147640238050371 ], [ 4911894.045204885303974, 2116493.928132038097829 ], [ 4911953.771382139064372, 2116493.855134909972548 ], [ 4911953.73499783873558, 2116464.074646962340921 ], [ 4911894.008795896545053, 2116464.147640238050371 ] ] ] ] } },
{ "type": "Feature", "properties": { "id": "+394090+278149", "Area_ha": 0.26680698726176633, "count": 3, "value": 1, "Porcentaje_Cobertura_Forestal": 0.0, "NDVI_Medio_Poligono": 0.71280927078431389, "Codigo_Tipo_Bosque_Predom": 0.0, "Densidad_C_Media_tC_ha": 10.08452033996582, "Carbono_Perdido_tC": 2.690620489886284, "Nombre_Tipo_Bosque_Predom": "Sin Datos" }, "geometry": { "type": "MultiPolygon", "coordinates": [ [ [ [ 4911922.054534244351089, 2114975.086952071171254 ], [ 4911922.127135851420462, 2115034.647907885257155 ], [ 4911981.854517395608127, 2115034.575124219991267 ], [ 4911981.818240247666836, 2115004.794650043360889 ], [ 4911951.954538128338754, 2115004.831033777445555 ], [ 4911951.918250604532659, 2114975.050557916983962 ], [ 4911922.054534244351089, 2114975.086952071171254 ] ] ] ] } },
{ "type": "Feature", "properties": { "id": "+394090+278370", "Area_ha": 0.088943578237619655, "count": 1, "value": 1, "Porcentaje_Cobertura_Forestal": 0.0, "NDVI_Medio_Poligono": 0.4110638082190623, "Codigo_Tipo_Bosque_Predom": 0.0, "Densidad_C_Media_tC_ha": 57.322757720947266, "Carbono_Perdido_tC": 5.0984911861491895, "Nombre_Tipo_Bosque_Predom": "Sin Datos" }, "geometry": { "type": "MultiPolygon", "coordinates": [ [ [ [ 4911914.079768830910325, 2108393.607261324301362 ], [ 4911914.11564074922353, 2108423.387686061672866 ], [ 4911943.982049564830959, 2108423.351715700700879 ], [ 4911943.946189813315868, 2108393.571292890235782 ], [ 4911914.079768830910325, 2108393.607261324301362 ] ] ] ] } },
{ "type": "Feature", "properties": { "id": "+394091+278048", "Area_ha": 0.26679606479153156, "count": 3, "value": 1, "Porcentaje_Cobertura_Forestal": 0.0, "NDVI_Medio_Poligono": 0.42199361968611693, "Codigo_Tipo_Bosque_Predom": 0.0, "Densidad_C_Media_tC_ha": 5.3150730133056641, "Carbono_Perdido_tC": 1.4180405640296188, "Nombre_Tipo_Bosque_Predom": "Sin Datos" }, "geometry": { "type": "MultiPolygon", "coordinates": [ [ [ [ 4911925.730595270171762, 2117982.916429962497205 ], [ 4911925.767090656794608, 2118012.696932198945433 ], [ 4911955.629547912627459, 2118012.660341612063348 ], [ 4911955.666032857261598, 2118042.440842167474329 ], [ 4911985.528475806117058, 2118042.404262066818774 ], [ 4911985.455532605759799, 2117982.843265050090849 ], [ 4911925.730595270171762, 2117982.916429962497205 ] ] ] ] } },
{ "type": "Feature", "properties": { "id": "+394091+278067", "Area_ha": 0.35573067887534854, "count": 4, "value": 1, "Porcentaje_Cobertura_Forestal": 0.0, "NDVI_Medio_Poligono": 0.36431988546997768, "Codigo_Tipo_Bosque_Predom": 0.0, "Densidad_C_Media_tC_ha": 3.6604766845703121, "Carbono_Perdido_tC": 1.3021438560095822, "Nombre_Tipo_Bosque_Predom": "Sin Datos" }, "geometry": { "type": "MultiPolygon", "coordinates": [ [ [ [ 4911984.835828118026257, 2117476.574829707853496 ], [ 4911984.762958440929651, 2117417.013841910753399 ], [ 4911954.900255693122745, 2117417.050381585489959 ], [ 4911954.973150100558996, 2117476.61137323314324 ], [ 4911984.835828118026257, 2117476.574829707853496 ] ] ], [ [ [ 4911925.110470152460039, 2117476.647929158061743 ], [ 4911925.146932625211775, 2117506.428427271544933 ], [ 4911955.009600207209587, 2117506.391869420651346 ], [ 4911954.973150100558996, 2117476.61137323314324 ], [ 4911925.110470152460039, 2117476.647929158061743 ] ] ], [ [ [ 4911955.009600207209587, 2117506.391869420651346 ], [ 4911955.046052250079811, 2117536.172365850768983 ], [ 4911984.908705534413457, 2117536.135818475391716 ], [ 4911984.872265858575702, 2117506.355323970783502 ], [ 4911955.009600207209587, 2117506.391869420651346 ] ] ] ] } },
{ "type": "Feature", "properties": { "id": "+394091+278118", "Area_ha": 0.088934558786488191, "count": 1, "value": 1, "Porcentaje_Cobertura_Forestal": 0.0, "NDVI_Medio_Poligono": 0.39717823026132143, "Codigo_Tipo_Bosque_Predom": 0.0, "Densidad_C_Media_tC_ha": 5.1916420781314132, "Carbono_Perdido_tC": 0.46171639759598387, "Nombre_Tipo_Bosque_Predom": "Sin Datos" }, "geometry": { "type": "MultiPolygon", "coordinates": [ [ [ [ 4911953.044063879176974, 2115898.245421916246414 ], [ 4911953.080411405302584, 2115928.025905268266797 ], [ 4911982.943731557577848, 2115927.989461850374937 ], [ 4911982.907396363094449, 2115898.208980423863977 ], [ 4911953.044063879176974, 2115898.245421916246414 ] ] ] ] } },
{ "type": "Feature", "properties": { "id": "+394091+278386", "Area_ha": 0.088944134462009244, "count": 1, "value": 1, "Porcentaje_Cobertura_Forestal": 0.0, "NDVI_Medio_Poligono": 0.68336511865515881, "Codigo_Tipo_Bosque_Predom": 0.0, "Densidad_C_Media_tC_ha": 100.68310546875, "Carbono_Perdido_tC": 8.955171670865159, "Nombre_Tipo_Bosque_Predom": "Sin Datos" }, "geometry": { "type": "MultiPolygon", "coordinates": [ [ [ [ 4911943.372697042301297, 2107917.084560373798013 ], [ 4911943.408525821752846, 2107946.864979367703199 ], [ 4911973.275127282366157, 2107946.829052025452256 ], [ 4911973.239310657605529, 2107917.048634957056493 ], [ 4911943.372697042301297, 2107917.084560373798013 ] ] ] ] } },
{ "type": "Feature", "properties": { "id": "+394092+278142", "Area_ha": 0.2668060999915004, "count": 3, "value": 1, "Porcentaje_Cobertura_Forestal": 0.0, "NDVI_Medio_Poligono": 0.55539448911556022, "Codigo_Tipo_Bosque_Predom": 0.0, "Densidad_C_Media_tC_ha": 10.08452033996582, "Carbono_Perdido_tC": 2.6906115421912404, "Nombre_Tipo_Bosque_Predom": "Sin Datos" }, "geometry": { "type": "MultiPolygon", "coordinates": [ [ [ [ 4912011.935835150070488, 2115213.221589601133019 ], [ 4912011.899558709003031, 2115183.441115900874138 ], [ 4911982.035932399332523, 2115183.477498837281018 ], [ 4911982.07222115714103, 2115213.257974462118 ], [ 4912011.935835150070488, 2115213.221589601133019 ] ] ], [ [ [ 4912041.871981264092028, 2115272.746161368209869 ], [ 4912041.799447211436927, 2115213.1852170904167 ], [ 4912011.935835150070488, 2115213.221589601133019 ], [ 4912012.00839383713901, 2115272.782537727151066 ], [ 4912041.871981264092028, 2115272.746161368209869 ] ] ] ] } },
{ "type": "Feature", "properties": { "id": "+394092+278368", "Area_ha": 0.088943484044838983, "count": 1, "value": 1, "Porcentaje_Cobertura_Forestal": 0.0, "NDVI_Medio_Poligono": 0.38397098267530583, "Codigo_Tipo_Bosque_Predom": 0.0, "Densidad_C_Media_tC_ha": 57.322757720947266, "Carbono_Perdido_tC": 5.0984857867592437, "Nombre_Tipo_Bosque_Predom": "Sin Datos" }, "geometry": { "type": "MultiPolygon", "coordinates": [ [ [ [ 4911973.884305971674621, 2108453.096178664360195 ], [ 4911973.920157426968217, 2108482.876600026153028 ], [ 4912003.786538047716022, 2108482.840650217141956 ], [ 4912003.750698759220541, 2108453.060230780858546 ], [ 4911973.884305971674621, 2108453.096178664360195 ] ] ] ] } },
{ "type": "Feature", "properties": { "id": "+394093+278104", "Area_ha": 0.3557360775594483, "count": 4, "value": 1, "Porcentaje_Cobertura_Forestal": 0.0, "NDVI_Medio_Poligono": 0.51084724440666873, "Codigo_Tipo_Bosque_Predom": 0.0, "Densidad_C_Media_tC_ha": 1.5257657766342163, "Carbono_Perdido_tC": 0.5427699326543014, "Nombre_Tipo_Bosque_Predom": "Sin Datos" }, "geometry": { "type": "MultiPolygon", "coordinates": [ [ [ [ 4911983.416265155188739, 2116315.135742403101176 ], [ 4911983.488991654478014, 2116374.696712271310389 ], [ 4912043.215256069786847, 2116374.623804807197303 ], [ 4912043.142578934319317, 2116315.062842635903507 ], [ 4911983.416265155188739, 2116315.135742403101176 ] ] ] ] } },
{ "type": "Feature", "properties": { "id": "+394094+278077", "Area_ha": 0.088933046951970032, "count": 1, "value": 1, "Porcentaje_Cobertura_Forestal": 0.0, "NDVI_Medio_Poligono": 0.35783549270329101, "Codigo_Tipo_Bosque_Predom": 0.0, "Densidad_C_Media_tC_ha": 3.6604766845703125, "Carbono_Perdido_tC": 0.32553734485548319, "Nombre_Tipo_Bosque_Predom": "Sin Datos" }, "geometry": { "type": "MultiPolygon", "coordinates": [ [ [ [ 4912044.124372834339738, 2117119.135913686361164 ], [ 4912044.16076264064759, 2117148.916401190217584 ], [ 4912074.023570852354169, 2117148.879916019272059 ], [ 4912073.987193403765559, 2117119.099430438596755 ], [ 4912044.124372834339738, 2117119.135913686361164 ] ] ] ] } },
{ "type": "Feature", "properties": { "id": "+394094+278146", "Area_ha": 0.088935530918792943, "count": 1, "value": 1, "Porcentaje_Cobertura_Forestal": 0.0, "NDVI_Medio_Poligono": 0.48689736075044926, "Codigo_Tipo_Bosque_Predom": 0.0, "Densidad_C_Media_tC_ha": 10.08452033996582, "Carbono_Perdido_tC": 0.89687217049622658, "Nombre_Tipo_Bosque_Predom": "Sin Datos" }, "geometry": { "type": "MultiPolygon", "coordinates": [ [ [ [ 4912041.618145677261055, 2115064.282860508188605 ], [ 4912041.654402068816125, 2115094.063331318553537 ], [ 4912071.518061460927129, 2115094.026978851761669 ], [ 4912071.481817381456494, 2115064.246509964112192 ], [ 4912041.618145677261055, 2115064.282860508188605 ] ] ] ] } },
{ "type": "Feature", "properties": { "id": "+394095+278141", "Area_ha": 0.17787064336643235, "count": 2, "value": 1, "Porcentaje_Cobertura_Forestal": 0.0, "NDVI_Medio_Poligono": 0.54978897869281385, "Codigo_Tipo_Bosque_Predom": 0.0, "Densidad_C_Media_tC_ha": 10.084520339965822, "Carbono_Perdido_tC": 1.793740120911594, "Nombre_Tipo_Bosque_Predom": "Sin Datos" }, "geometry": { "type": "MultiPolygon", "coordinates": [ [ [ [ 4912071.663057105615735, 2115213.148856815416366 ], [ 4912071.73556652572006, 2115272.709797247312963 ], [ 4912101.599150098860264, 2115272.673445592168719 ], [ 4912101.526665312238038, 2115213.112509005237371 ], [ 4912071.663057105615735, 2115213.148856815416366 ] ] ] ] } },
{ "type": "Feature", "properties": { "id": "+394095+278284", "Area_ha": 0.53364266112173353, "count": 6, "value": 1, "Porcentaje_Cobertura_Forestal": 0.0, "NDVI_Medio_Poligono": 0.75703180682586324, "Codigo_Tipo_Bosque_Predom": 0.0, "Densidad_C_Media_tC_ha": 12.71900749206543, "Carbono_Perdido_tC": 6.7874050048930616, "Nombre_Tipo_Bosque_Predom": "Sin Datos" }, "geometry": { "type": "MultiPolygon", "coordinates": [ [ [ [ 4912096.435968401841819, 2111014.068909228779376 ], [ 4912096.364036253653467, 2110954.508041473571211 ], [ 4912066.498673587106168, 2110954.544114306569099 ], [ 4912066.570630180649459, 2111014.104985907673836 ], [ 4912096.435968401841819, 2111014.068909228779376 ] ] ], [ [ [ 4911947.073229847475886, 2110984.468971586786211 ], [ 4911947.109258002601564, 2111014.249415206722915 ], [ 4912036.705290030688047, 2111014.141074845101684 ], [ 4912036.6692985445261, 2110984.360637000761926 ], [ 4911947.073229847475886, 2110984.468971586786211 ] ] ], [ [ [ 4912036.705290030688047, 2111014.141074845101684 ], [ 4912036.74128345027566, 2111043.921512929257005 ], [ 4912066.60661137662828, 2111043.885422068182379 ], [ 4912066.570630180649459, 2111014.104985907673836 ], [ 4912036.705290030688047, 2111014.141074845101684 ] ] ] ] } },
{ "type": "Feature", "properties": { "id": "+394095+278380", "Area_ha": 0.26683149613440038, "count": 3, "value": 1, "Porcentaje_Cobertura_Forestal": 0.0, "NDVI_Medio_Poligono": 0.88534588219821997, "Codigo_Tipo_Bosque_Predom": 0.0, "Densidad_C_Media_tC_ha": 57.322757720947266, "Carbono_Perdido_tC": 15.29551720523011, "Nombre_Tipo_Bosque_Predom": "Sin Datos" }, "geometry": { "type": "MultiPolygon", "coordinates": [ [ [ [ 4912092.956162658520043, 2108125.367925903759897 ], [ 4912092.920383060351014, 2108095.587515102699399 ], [ 4912063.053850107826293, 2108095.623403299134225 ], [ 4912063.089641864411533, 2108125.403816023375839 ], [ 4912092.956162658520043, 2108125.367925903759897 ] ] ], [ [ [ 4912122.894222194328904, 2108184.892866449896246 ], [ 4912122.822681521065533, 2108125.332047978416085 ], [ 4912092.956162658520043, 2108125.367925903759897 ], [ 4912093.027727651409805, 2108184.928748220670968 ], [ 4912122.894222194328904, 2108184.892866449896246 ] ] ] ] } },
{ "type": "Feature", "properties": { "id": "+394096+278015", "Area_ha": 0.088930784060433504, "count": 1, "value": 1, "Porcentaje_Cobertura_Forestal": 0.0, "NDVI_Medio_Poligono": 0.6098353163179151, "Codigo_Tipo_Bosque_Predom": 0.0, "Densidad_C_Media_tC_ha": 2.8047909736633301, "Carbono_Perdido_tC": 0.24943226041350663, "Nombre_Tipo_Bosque_Predom": "Sin Datos" }, "geometry": { "type": "MultiPolygon", "coordinates": [ [ [ [ 4912106.108301379717886, 2118965.453405309468508 ], [ 4912106.144786264747381, 2118995.23390402039513 ], [ 4912136.006823128089309, 2118995.197324487846345 ], [ 4912135.970350642688572, 2118965.416827698703855 ], [ 4912106.108301379717886, 2118965.453405309468508 ] ] ] ] } },
{ "type": "Feature", "properties": { "id": "+394096+278100", "Area_ha": 0.088933852817861772, "count": 1, "value": 1, "Porcentaje_Cobertura_Forestal": 0.0, "NDVI_Medio_Poligono": 0.46737250003863412, "Codigo_Tipo_Bosque_Predom": 0.0, "Densidad_C_Media_tC_ha": 1.5257657766342165, "Carbono_Perdido_tC": 0.13569222901371797, "Nombre_Tipo_Bosque_Predom": "Sin Datos" }, "geometry": { "type": "MultiPolygon", "coordinates": [ [ [ [ 4912103.014148270711303, 2116434.111902295611799 ], [ 4912103.050468919798732, 2116463.892380383331329 ], [ 4912132.913557351566851, 2116463.855964201036841 ], [ 4912132.877249045297503, 2116434.075488035101444 ], [ 4912103.014148270711303, 2116434.111902295611799 ] ] ] ] } },
{ "type": "Feature", "properties": { "id": "+394096+278124", "Area_ha": 0.088934716780351294, "count": 1, "value": 1, "Porcentaje_Cobertura_Forestal": 0.0, "NDVI_Medio_Poligono": 0.58231509886760746, "Codigo_Tipo_Bosque_Predom": 0.0, "Densidad_C_Media_tC_ha": 10.08452033996582, "Carbono_Perdido_tC": 0.89686396030055215, "Nombre_Tipo_Bosque_Predom": "Sin Datos" }, "geometry": { "type": "MultiPolygon", "coordinates": [ [ [ [ 4912102.143032362684608, 2115719.380500794388354 ], [ 4912102.179306638427079, 2115749.160973075777292 ], [ 4912132.042691124603152, 2115749.124603019561619 ], [ 4912132.006429176777601, 2115719.344132660422474 ], [ 4912102.143032362684608, 2115719.380500794388354 ] ] ] ] } },
{ "type": "Feature", "properties": { "id": "+394096+278408", "Area_ha": 2.4904544965475797, "count": 28, "value": 1, "Porcentaje_Cobertura_Forestal": 91.198906043037226, "NDVI_Medio_Poligono": 0.64893183219794093, "Codigo_Tipo_Bosque_Predom": 2.0, "Densidad_C_Media_tC_ha": 100.68310546875, "Carbono_Perdido_tC": 250.74669274102266, "Nombre_Tipo_Bosque_Predom": "Bosque Secundario Joven" }, "geometry": { "type": "MultiPolygon", "coordinates": [ [ [ [ 4912151.724483731202781, 2107321.225278126541525 ], [ 4912151.688780591823161, 2107291.44487760681659 ], [ 4912121.821923444978893, 2107291.480689515825361 ], [ 4912121.857638726010919, 2107321.261091958265752 ], [ 4912151.724483731202781, 2107321.225278126541525 ] ] ], [ [ [ 4912002.318713655695319, 2107261.843649018090218 ], [ 4912002.390239415690303, 2107321.404469055123627 ], [ 4911972.523384761065245, 2107321.44034377252683 ], [ 4911972.559162684716284, 2107351.220756073947996 ], [ 4911942.692318242043257, 2107351.256644894368947 ], [ 4911942.656528175808489, 2107321.476230666507035 ], [ 4911912.789669658988714, 2107321.512129737995565 ], [ 4911912.753869387321174, 2107291.731713822111487 ], [ 4911882.886996798217297, 2107291.76762314280495 ], [ 4911882.958623562008142, 2107351.328459068667144 ], [ 4911912.825471866875887, 2107351.292545892763883 ], [ 4911912.861276010982692, 2107381.072962285019457 ], [ 4911972.594942543655634, 2107381.001168613322079 ], [ 4911972.630724337883294, 2107410.781581391580403 ], [ 4912032.364358854480088, 2107410.709832583088428 ], [ 4912032.400118295103312, 2107440.490241749212146 ], [ 4912092.133720805868506, 2107440.418537809979171 ], [ 4912092.026521147228777, 2107351.077322570141405 ], [ 4912121.893355938605964, 2107351.04149463865906 ], [ 4912121.857638726010919, 2107321.261091958265752 ], [ 4912091.990791792050004, 2107321.29691796656698 ], [ 4912091.955064370296896, 2107291.516513601876795 ], [ 4912121.821923444978893, 2107291.480689515825361 ], [ 4912121.786210096441209, 2107261.70028731180355 ], [ 4912002.318713655695319, 2107261.843649018090218 ] ] ] ] } },
{ "type": "Feature", "properties": { "id": "+394096+278413", "Area_ha": 0.26683513561132716, "count": 3, "value": 1, "Porcentaje_Cobertura_Forestal": 100.0, "NDVI_Medio_Poligono": 0.72287579669234159, "Codigo_Tipo_Bosque_Predom": 2.0, "Densidad_C_Media_tC_ha": 100.68310546875, "Carbono_Perdido_tC": 26.865790101523462, "Nombre_Tipo_Bosque_Predom": "Bosque Secundario Joven" }, "geometry": { "type": "MultiPolygon", "coordinates": [ [ [ [ 4912032.006870567798615, 2107112.905753910541534 ], [ 4912032.042610671371222, 2107142.686160695273429 ], [ 4912121.643375779502094, 2107142.578680762089789 ], [ 4912121.607672089710832, 2107112.798279747832566 ], [ 4912032.006870567798615, 2107112.905753910541534 ] ] ] ] } },
{ "type": "Feature", "properties": { "id": "+394097+278036", "Area_ha": 3.1125981808573009, "count": 35, "value": 1, "Porcentaje_Cobertura_Forestal": 5.7180227842758207, "NDVI_Medio_Poligono": 0.3586696307996467, "Codigo_Tipo_Bosque_Predom": 0.0, "Densidad_C_Media_tC_ha": 5.3150730133056641, "Carbono_Perdido_tC": 16.543686592338943, "Nombre_Tipo_Bosque_Predom": "Sin Datos" }, "geometry": { "type": "MultiPolygon", "coordinates": [ [ [ [ 4912135.387053553014994, 2118488.92891211528331 ], [ 4912254.836024515330791, 2118488.782848878763616 ], [ 4912254.872416543774307, 2118518.563334099948406 ], [ 4912284.734642085619271, 2118518.526847427710891 ], [ 4912284.807407149113715, 2118578.087814760860056 ], [ 4912314.669605987146497, 2118578.051336676348001 ], [ 4912314.742353982292116, 2118637.612301147542894 ], [ 4912344.604526118375361, 2118637.575831652618945 ], [ 4912344.531802903860807, 2118578.01487101521343 ], [ 4912374.393997897394001, 2118577.978417778387666 ], [ 4912374.357651570811868, 2118548.197939742356539 ], [ 4912344.495444187894464, 2118548.234391062986106 ], [ 4912344.459087397903204, 2118518.453911351971328 ], [ 4912374.321307170204818, 2118518.41746194800362 ], [ 4912374.284964695572853, 2118488.636984396260232 ], [ 4912284.698262445628643, 2118488.746364125050604 ], [ 4912284.589135096408427, 2118399.404915675986558 ], [ 4912254.726860004477203, 2118399.44139467459172 ], [ 4912254.690475692041218, 2118369.660910425242037 ], [ 4912194.965894966386259, 2118369.733901843894273 ], [ 4912195.002304050140083, 2118399.514389931689948 ], [ 4912165.140023186802864, 2118399.550906190648675 ], [ 4912165.067182177677751, 2118339.989926416426897 ], [ 4912075.480253710411489, 2118340.099538184236735 ], [ 4912075.553169032558799, 2118399.660529488697648 ], [ 4912105.415455678477883, 2118399.623975969385356 ], [ 4912105.451903851702809, 2118429.404470063745975 ], [ 4912135.314176183193922, 2118429.367927042767406 ], [ 4912135.387053553014994, 2118488.92891211528331 ] ] ] ] } },
{ "type": "Feature", "properties": { "id": "+394097+278058", "Area_ha": 0.088932326654497587, "count": 1, "value": 1, "Porcentaje_Cobertura_Forestal": 0.0, "NDVI_Medio_Poligono": 0.40433517280950398, "Codigo_Tipo_Bosque_Predom": 0.0, "Densidad_C_Media_tC_ha": 3.6604766845703121, "Carbono_Perdido_tC": 0.32553470822337932, "Nombre_Tipo_Bosque_Predom": "Sin Datos" }, "geometry": { "type": "MultiPolygon", "coordinates": [ [ [ [ 4912134.403860956430435, 2117684.855695589911193 ], [ 4912134.44025038741529, 2117714.63618193520233 ], [ 4912164.302817885763943, 2117714.599697440862656 ], [ 4912164.266440825536847, 2117684.819213016424328 ], [ 4912134.403860956430435, 2117684.855695589911193 ] ] ] ] } },
{ "type": "Feature", "properties": { "id": "+394097+278092", "Area_ha": 0.088933553008729363, "count": 1, "value": 1, "Porcentaje_Cobertura_Forestal": 0.0, "NDVI_Medio_Poligono": 0.45526498835198004, "Codigo_Tipo_Bosque_Predom": 0.0, "Densidad_C_Media_tC_ha": 1.5257657766342163, "Carbono_Perdido_tC": 0.13569177157520421, "Nombre_Tipo_Bosque_Predom": "Sin Datos" }, "geometry": { "type": "MultiPolygon", "coordinates": [ [ [ [ 4912133.16776957642287, 2116672.319304139353335 ], [ 4912133.204093334265053, 2116702.099782241042703 ], [ 4912163.067081068642437, 2116702.063363066408783 ], [ 4912163.030769659206271, 2116672.282886886037886 ], [ 4912133.16776957642287, 2116672.319304139353335 ] ] ] ] } },
{ "type": "Feature", "properties": { "id": "+394097+278170", "Area_ha": 0.088936358053951697, "count": 1, "value": 1, "Porcentaje_Cobertura_Forestal": 1.0549497292134769, "NDVI_Medio_Poligono": 0.7073745548485304, "Codigo_Tipo_Bosque_Predom": 2.2814536094665527, "Densidad_C_Media_tC_ha": 61.557247161865234, "Carbono_Perdido_tC": 5.4746773744032486, "Nombre_Tipo_Bosque_Predom": "Sin Datos" }, "geometry": { "type": "MultiPolygon", "coordinates": [ [ [ [ 4912130.340467614121735, 2114349.44275732524693 ], [ 4912130.376640708185732, 2114379.223216575570405 ], [ 4912160.240589646622539, 2114379.186947265639901 ], [ 4912160.204428848810494, 2114349.406489937100559 ], [ 4912130.340467614121735, 2114349.44275732524693 ] ] ] ] } },
{ "type": "Feature", "properties": { "id": "+394099+278076", "Area_ha": 0.35573176321500793, "count": 4, "value": 1, "Porcentaje_Cobertura_Forestal": 0.0, "NDVI_Medio_Poligono": 0.58329993377073064, "Codigo_Tipo_Bosque_Predom": 0.0, "Densidad_C_Media_tC_ha": 3.6604766845703125, "Carbono_Perdido_tC": 1.3021478252096237, "Nombre_Tipo_Bosque_Predom": "Sin Datos" }, "geometry": { "type": "MultiPolygon", "coordinates": [ [ [ [ 4912163.611983925104141, 2117148.77053486276418 ], [ 4912163.684670464135706, 2117208.331495223101228 ], [ 4912223.410220109857619, 2117208.25862873531878 ], [ 4912223.337583007290959, 2117148.697676055599004 ], [ 4912163.611983925104141, 2117148.77053486276418 ] ] ] ] } },
{ "type": "Feature", "properties": { "id": "+394099+278115", "Area_ha": 0.17786872802547879, "count": 2, "value": 1, "Porcentaje_Cobertura_Forestal": 0.0, "NDVI_Medio_Poligono": 0.64034074953892695, "Codigo_Tipo_Bosque_Predom": 0.0, "Densidad_C_Media_tC_ha": 1.5257657766342163, "Carbono_Perdido_tC": 0.27138601795473483, "Nombre_Tipo_Bosque_Predom": "Sin Datos" }, "geometry": { "type": "MultiPolygon", "coordinates": [ [ [ [ 4912162.196140160784125, 2115987.332001531496644 ], [ 4912162.232407160103321, 2116017.112472146283835 ], [ 4912221.958944546058774, 2116017.039759278297424 ], [ 4912221.92270221374929, 2115987.259292504284531 ], [ 4912162.196140160784125, 2115987.332001531496644 ] ] ] ] } },
{ "type": "Feature", "properties": { "id": "+394099+278297", "Area_ha": 0.71152623954713345, "count": 8, "value": 1, "Porcentaje_Cobertura_Forestal": 0.0, "NDVI_Medio_Poligono": 0.673810316305405, "Codigo_Tipo_Bosque_Predom": 0.0, "Densidad_C_Media_tC_ha": 21.989509582519531, "Carbono_Perdido_tC": 15.646113062735779, "Nombre_Tipo_Bosque_Predom": "Sin Datos" }, "geometry": { "type": "MultiPolygon", "coordinates": [ [ [ [ 4912185.493218616582453, 2110567.254354432225227 ], [ 4912185.565027238801122, 2110626.815204424317926 ], [ 4912155.699535952880979, 2110626.851219353731722 ], [ 4912155.735455374233425, 2110656.631646630354226 ], [ 4912185.600934444926679, 2110656.59562978008762 ], [ 4912185.636843582615256, 2110686.376055375207216 ], [ 4912215.502308511175215, 2110686.340048854704946 ], [ 4912215.358732404187322, 2110567.218355594202876 ], [ 4912185.493218616582453, 2110567.254354432225227 ] ] ], [ [ [ 4912275.304983353242278, 2110745.82891295524314 ], [ 4912275.269107007421553, 2110716.048492640722543 ], [ 4912245.403658146969974, 2110716.084476578980684 ], [ 4912245.367771512828767, 2110686.304054584819824 ], [ 4912215.502308511175215, 2110686.340048854704946 ], [ 4912215.574108142405748, 2110745.900896922219545 ], [ 4912275.304983353242278, 2110745.82891295524314 ] ] ] ] } },
{ "type": "Feature", "properties": { "id": "+394099+278383", "Area_ha": 0.80049450907111164, "count": 9, "value": 1, "Porcentaje_Cobertura_Forestal": 0.0, "NDVI_Medio_Poligono": 0.74908266591236794, "Codigo_Tipo_Bosque_Predom": 0.0, "Densidad_C_Media_tC_ha": 57.322757720947266, "Carbono_Perdido_tC": 45.886552800431957, "Nombre_Tipo_Bosque_Predom": "Sin Datos" }, "geometry": { "type": "MultiPolygon", "coordinates": [ [ [ [ 4912212.315039454959333, 2108035.883278747089207 ], [ 4912212.279314283281565, 2108006.1028763493523 ], [ 4912182.412752567790449, 2108006.138710006605834 ], [ 4912182.519970345310867, 2108095.479923678096384 ], [ 4912242.25301890168339, 2108095.408257032278925 ], [ 4912242.181587086059153, 2108035.847455361392349 ], [ 4912212.315039454959333, 2108035.883278747089207 ] ] ], [ [ [ 4912272.190955504775047, 2108154.933240786194801 ], [ 4912272.226666004396975, 2108184.713640537112951 ], [ 4912302.093148989602923, 2108184.677831942681223 ], [ 4912302.021754239685833, 2108125.117036517709494 ], [ 4912272.155246933922172, 2108125.152841274160892 ], [ 4912272.119540290907025, 2108095.372442000545561 ], [ 4912242.25301890168339, 2108095.408257032278925 ], [ 4912242.324458435177803, 2108154.969059657305479 ], [ 4912272.190955504775047, 2108154.933240786194801 ] ] ] ] } },
{ "type": "Feature", "properties": { "id": "+394100+278025", "Area_ha": 0.26679326423333261, "count": 3, "value": 1, "Porcentaje_Cobertura_Forestal": 0.0, "NDVI_Medio_Poligono": 0.3624767672201728, "Codigo_Tipo_Bosque_Predom": 0.0, "Densidad_C_Media_tC_ha": 5.3150730133056641, "Carbono_Perdido_tC": 1.4180256788583134, "Nombre_Tipo_Bosque_Predom": "Sin Datos" }, "geometry": { "type": "MultiPolygon", "coordinates": [ [ [ [ 4912225.265074022114277, 2118727.063249979168177 ], [ 4912225.228656098246574, 2118697.282761137466878 ], [ 4912255.090809218585491, 2118697.246250527910888 ], [ 4912255.054405616596341, 2118667.465763848740608 ], [ 4912195.33007266651839, 2118667.538793655112386 ], [ 4912195.402931368909776, 2118727.099774934817106 ], [ 4912225.265074022114277, 2118727.063249979168177 ] ] ] ] } },
{ "type": "Feature", "properties": { "id": "+394100+278056", "Area_ha": 0.088932219770368831, "count": 1, "value": 1, "Porcentaje_Cobertura_Forestal": 0.0, "NDVI_Medio_Poligono": 0.34428730442958727, "Codigo_Tipo_Bosque_Predom": 0.0, "Densidad_C_Media_tC_ha": 3.6604766845703125, "Carbono_Perdido_tC": 0.32553431697651808, "Nombre_Tipo_Bosque_Predom": "Sin Datos" }, "geometry": { "type": "MultiPolygon", "coordinates": [ [ [ [ 4912224.064301353879273, 2117744.30724649457261 ], [ 4912224.100657531060278, 2117774.087727563921362 ], [ 4912253.963194509968162, 2117774.051276446785778 ], [ 4912253.926850704476237, 2117744.27079729642719 ], [ 4912224.064301353879273, 2117744.30724649457261 ] ] ] ] } },
{ "type": "Feature", "properties": { "id": "+394100+278277", "Area_ha": 0.088940152328458505, "count": 1, "value": 1, "Porcentaje_Cobertura_Forestal": 0.0, "NDVI_Medio_Poligono": 0.61908474862505758, "Codigo_Tipo_Bosque_Predom": 0.0, "Densidad_C_Media_tC_ha": 12.71900749206543, "Carbono_Perdido_tC": 1.1312304638111044, "Nombre_Tipo_Bosque_Predom": "Sin Datos" }, "geometry": { "type": "MultiPolygon", "coordinates": [ [ [ [ 4912216.076921455562115, 2111162.826860131230205 ], [ 4912216.112851182930171, 2111192.6072878818959 ], [ 4912245.978106415830553, 2111192.571260974276811 ], [ 4912245.942188915796578, 2111162.790835143532604 ], [ 4912216.076921455562115, 2111162.826860131230205 ] ] ] ] } },
{ "type": "Feature", "properties": { "id": "+394101+278017", "Area_ha": 0.53358460279852149, "count": 6, "value": 1, "Porcentaje_Cobertura_Forestal": 0.0, "NDVI_Medio_Poligono": 0.63774370938991587, "Codigo_Tipo_Bosque_Predom": 0.0, "Densidad_C_Media_tC_ha": 2.8047909736633301, "Carbono_Perdido_tC": 1.4965932776150264, "Nombre_Tipo_Bosque_Predom": "Sin Datos" }, "geometry": { "type": "MultiPolygon", "coordinates": [ [ [ [ 4912165.832397976890206, 2118965.380262520164251 ], [ 4912225.556486871093512, 2118965.307169461157173 ], [ 4912225.592922159470618, 2118995.087660489603877 ], [ 4912255.454951319843531, 2118995.051130690146238 ], [ 4912255.418528429232538, 2118965.270641580689698 ], [ 4912285.280568066053092, 2118965.234126132912934 ], [ 4912285.207752868533134, 2118905.67315247701481 ], [ 4912255.345688436180353, 2118905.70966408867389 ], [ 4912255.382107468321919, 2118935.490152712911367 ], [ 4912165.795939820818603, 2118935.59976789355278 ], [ 4912165.832397976890206, 2118965.380262520164251 ] ] ] ] } },
{ "type": "Feature", "properties": { "id": "+394101+278102", "Area_ha": 0.088933867063578503, "count": 1, "value": 1, "Porcentaje_Cobertura_Forestal": 0.0, "NDVI_Medio_Poligono": 0.52049562807675231, "Codigo_Tipo_Bosque_Predom": 0.0, "Densidad_C_Media_tC_ha": 1.5257657766342163, "Carbono_Perdido_tC": 0.13569225074934502, "Nombre_Tipo_Bosque_Predom": "Sin Datos" }, "geometry": { "type": "MultiPolygon", "coordinates": [ [ [ [ 4912252.257120797410607, 2116374.369018519297242 ], [ 4912252.29337587300688, 2116404.149486520327628 ], [ 4912282.156479362398386, 2116404.113136063329875 ], [ 4912282.120236628688872, 2116374.332669981289655 ], [ 4912252.257120797410607, 2116374.369018519297242 ] ] ] ] } },
{ "type": "Feature", "properties": { "id": "+394101+278129", "Area_ha": 0.0889348388387938, "count": 1, "value": 1, "Porcentaje_Cobertura_Forestal": 0.0, "NDVI_Medio_Poligono": 0.61110299059655548, "Codigo_Tipo_Bosque_Predom": 0.0, "Densidad_C_Media_tC_ha": 10.08452033996582, "Carbono_Perdido_tC": 0.89686519120139829, "Nombre_Tipo_Bosque_Predom": "Sin Datos" }, "geometry": { "type": "MultiPolygon", "coordinates": [ [ [ [ 4912251.278962902724743, 2115570.296473979018629 ], [ 4912251.315165896899998, 2115600.076935448218137 ], [ 4912281.178602384403348, 2115600.040636795572937 ], [ 4912281.142411715351045, 2115570.260177245363593 ], [ 4912251.278962902724743, 2115570.296473979018629 ] ] ] ] } },
{ "type": "Feature", "properties": { "id": "+394101+278367", "Area_ha": 0.1778866648375988, "count": 2, "value": 1, "Porcentaje_Cobertura_Forestal": 0.0, "NDVI_Medio_Poligono": 0.71008220469175409, "Codigo_Tipo_Bosque_Predom": 0.0, "Densidad_C_Media_tC_ha": 57.322757720947266, "Carbono_Perdido_tC": 10.196954190273026, "Nombre_Tipo_Bosque_Predom": "Sin Datos" }, "geometry": { "type": "MultiPolygon", "coordinates": [ [ [ [ 4912272.619608778506517, 2108512.298053544480354 ], [ 4912272.583877066150308, 2108482.517651168629527 ], [ 4912242.717513798736036, 2108482.553491153754294 ], [ 4912242.753257678821683, 2108512.333895449060947 ], [ 4912272.619608778506517, 2108512.298053544480354 ] ] ], [ [ [ 4912242.789003488607705, 2108542.11429998325184 ], [ 4912242.753257678821683, 2108512.333895449060947 ], [ 4912212.886904654093087, 2108512.369749557226896 ], [ 4912212.922662632539868, 2108542.150156011804938 ], [ 4912242.789003488607705, 2108542.11429998325184 ] ] ] ] } },
{ "type": "Feature", "properties": { "id": "+394102+278064", "Area_ha": 0.088932485459586319, "count": 1, "value": 1, "Porcentaje_Cobertura_Forestal": 0.0, "NDVI_Medio_Poligono": 0.45283641366426597, "Codigo_Tipo_Bosque_Predom": 0.0, "Densidad_C_Media_tC_ha": 3.6604766845703125, "Carbono_Perdido_tC": 0.32553528952570404, "Nombre_Tipo_Bosque_Predom": "Sin Datos" }, "geometry": { "type": "MultiPolygon", "coordinates": [ [ [ [ 4912283.498816079460084, 2117505.990551387425512 ], [ 4912283.535132086835802, 2117535.77102667838335 ], [ 4912313.397764175198972, 2117535.734615716617554 ], [ 4912313.361460534855723, 2117505.954142343718559 ], [ 4912283.498816079460084, 2117505.990551387425512 ] ] ] ] } },
{ "type": "Feature", "properties": { "id": "+394102+278135", "Area_ha": 0.088935043046216009, "count": 1, "value": 1, "Porcentaje_Cobertura_Forestal": 0.0, "NDVI_Medio_Poligono": 0.51968278996685457, "Codigo_Tipo_Bosque_Predom": 0.0, "Densidad_C_Media_tC_ha": 10.08452033996582, "Carbono_Perdido_tC": 0.89686725053530114, "Nombre_Tipo_Bosque_Predom": "Sin Datos" }, "geometry": { "type": "MultiPolygon", "coordinates": [ [ [ [ 4912280.925308191217482, 2115391.577425022143871 ], [ 4912280.96148729044944, 2115421.357883122283965 ], [ 4912310.82499578781426, 2115421.321608337108046 ], [ 4912310.788829008117318, 2115391.541152155026793 ], [ 4912280.925308191217482, 2115391.577425022143871 ] ] ] ] } },
{ "type": "Feature", "properties": { "id": "+394102+278244", "Area_ha": 0.17787786560014793, "count": 2, "value": 1, "Porcentaje_Cobertura_Forestal": 0.0, "NDVI_Medio_Poligono": 0.5599875695057468, "Codigo_Tipo_Bosque_Predom": 0.0, "Densidad_C_Media_tC_ha": 44.592903137207031, "Carbono_Perdido_tC": 7.9320904309605273, "Nombre_Tipo_Bosque_Predom": "Sin Datos" }, "geometry": { "type": "MultiPolygon", "coordinates": [ [ [ [ 4912276.993346657603979, 2112145.508938198909163 ], [ 4912277.065286406315863, 2112205.069802106823772 ], [ 4912306.930121684446931, 2112205.033734494354576 ], [ 4912306.858206434175372, 2112145.472874423488975 ], [ 4912276.993346657603979, 2112145.508938198909163 ] ] ] ] } },
{ "type": "Feature", "properties": { "id": "+394102+278374", "Area_ha": 0.26683061451017859, "count": 3, "value": 1, "Porcentaje_Cobertura_Forestal": 0.0, "NDVI_Medio_Poligono": 0.65524677021600253, "Codigo_Tipo_Bosque_Predom": 0.0, "Densidad_C_Media_tC_ha": 57.322757720947273, "Carbono_Perdido_tC": 15.295466668098445, "Nombre_Tipo_Bosque_Predom": "Sin Datos" }, "geometry": { "type": "MultiPolygon", "coordinates": [ [ [ [ 4912302.235961624421179, 2108303.799425656441599 ], [ 4912302.20025557372719, 2108274.019026869907975 ], [ 4912272.333809074014425, 2108274.054841221310198 ], [ 4912272.369527286849916, 2108303.835241925902665 ], [ 4912302.235961624421179, 2108303.799425656441599 ] ] ], [ [ [ 4912332.17378759291023, 2108363.324416037648916 ], [ 4912332.102394036948681, 2108303.763621585443616 ], [ 4912302.235961624421179, 2108303.799425656441599 ], [ 4912302.307379508391023, 2108363.360223944764584 ], [ 4912332.17378759291023, 2108363.324416037648916 ] ] ] ] } },
{ "type": "Feature", "properties": { "id": "+394103+278062", "Area_ha": 0.17786476736332987, "count": 2, "value": 1, "Porcentaje_Cobertura_Forestal": 0.0, "NDVI_Medio_Poligono": 0.3559966925559333, "Codigo_Tipo_Bosque_Predom": 0.0, "Densidad_C_Media_tC_ha": 3.6604766845703125, "Carbono_Perdido_tC": 0.65106983393999163, "Nombre_Tipo_Bosque_Predom": "Sin Datos" }, "geometry": { "type": "MultiPolygon", "coordinates": [ [ [ [ 4912313.434069744311273, 2117565.515089332126081 ], [ 4912313.506686664186418, 2117625.076037289574742 ], [ 4912343.369279726408422, 2117625.039632977452129 ], [ 4912343.296687543392181, 2117565.478688854724169 ], [ 4912313.434069744311273, 2117565.515089332126081 ] ] ] ] } },
{ "type": "Feature", "properties": { "id": "+394103+278096", "Area_ha": 0.53360126112486617, "count": 6, "value": 1, "Porcentaje_Cobertura_Forestal": 0.0, "NDVI_Medio_Poligono": 0.63820819680088825, "Codigo_Tipo_Bosque_Predom": 0.0, "Densidad_C_Media_tC_ha": 1.5257657766342165, "Carbono_Perdido_tC": 0.81415054259317876, "Nombre_Tipo_Bosque_Predom": "Sin Datos" }, "geometry": { "type": "MultiPolygon", "coordinates": [ [ [ [ 4912312.200761799700558, 2116552.979122433811426 ], [ 4912312.345741195604205, 2116672.100986352656037 ], [ 4912342.208729731850326, 2116672.06464339280501 ], [ 4912342.244967051781714, 2116701.845108059700578 ], [ 4912372.107941316440701, 2116701.808775565586984 ], [ 4912372.035493300296366, 2116642.24785030586645 ], [ 4912342.172494338825345, 2116642.284178966656327 ], [ 4912342.063799723051488, 2116552.94278714293614 ], [ 4912312.200761799700558, 2116552.979122433811426 ] ] ] ] } },
{ "type": "Feature", "properties": { "id": "+394103+278124", "Area_ha": 0.088934635893546513, "count": 1, "value": 1, "Porcentaje_Cobertura_Forestal": 0.0, "NDVI_Medio_Poligono": 0.51925317697532092, "Codigo_Tipo_Bosque_Predom": 0.0, "Densidad_C_Media_tC_ha": 10.08452033996582, "Carbono_Perdido_tC": 0.89686314459592409, "Nombre_Tipo_Bosque_Predom": "Sin Datos" }, "geometry": { "type": "MultiPolygon", "coordinates": [ [ [ [ 4912311.186769606545568, 2115719.126183445099741 ], [ 4912311.222957589663565, 2115748.906642286106944 ], [ 4912341.086328600533307, 2115748.870358764659613 ], [ 4912341.050152944400907, 2115719.08990184077993 ], [ 4912311.186769606545568, 2115719.126183445099741 ] ] ] ] } },
{ "type": "Feature", "properties": { "id": "+394103+278155", "Area_ha": 0.088935750209492112, "count": 1, "value": 1, "Porcentaje_Cobertura_Forestal": 0.0, "NDVI_Medio_Poligono": 0.54634720919709956, "Codigo_Tipo_Bosque_Predom": 0.7994038462638855, "Densidad_C_Media_tC_ha": 61.557247161865234, "Carbono_Perdido_tC": 5.4746399571716138, "Nombre_Tipo_Bosque_Predom": "Sin Datos" }, "geometry": { "type": "MultiPolygon", "coordinates": [ [ [ [ 4912310.065898220054805, 2114795.932079261168838 ], [ 4912310.102026446722448, 2114825.712530612014234 ], [ 4912339.965779300779104, 2114825.676306531298906 ], [ 4912339.929663381539285, 2114795.89585709804669 ], [ 4912310.065898220054805, 2114795.932079261168838 ] ] ] ] } },
{ "type": "Feature", "properties": { "id": "+394103+278258", "Area_ha": 0.088939439380320257, "count": 1, "value": 1, "Porcentaje_Cobertura_Forestal": 0.0, "NDVI_Medio_Poligono": 0.65499582550288427, "Codigo_Tipo_Bosque_Predom": 0.0, "Densidad_C_Media_tC_ha": 12.71900749206543, "Carbono_Perdido_tC": 1.1312213958183925, "Nombre_Tipo_Bosque_Predom": "Sin Datos" }, "geometry": { "type": "MultiPolygon", "coordinates": [ [ [ [ 4912306.355015584267676, 2111728.546880839392543 ], [ 4912306.390945257619023, 2111758.327307391911745 ], [ 4912336.255962283350527, 2111758.291280831210315 ], [ 4912336.220044849440455, 2111728.510856196284294 ], [ 4912306.355015584267676, 2111728.546880839392543 ] ] ] ] } },
{ "type": "Feature", "properties": { "id": "+394103+278278", "Area_ha": 0.088940153368542094, "count": 1, "value": 1, "Porcentaje_Cobertura_Forestal": 0.0, "NDVI_Medio_Poligono": 0.55987765377272791, "Codigo_Tipo_Bosque_Predom": 0.0, "Densidad_C_Media_tC_ha": 12.71900749206543, "Carbono_Perdido_tC": 1.1312304770399353, "Nombre_Tipo_Bosque_Predom": "Sin Datos" }, "geometry": { "type": "MultiPolygon", "coordinates": [ [ [ [ 4912305.636826945468783, 2111132.938400199171156 ], [ 4912305.672718063928187, 2111162.71882195211947 ], [ 4912335.537979752756655, 2111162.682833748403937 ], [ 4912335.502100860700011, 2111132.902413913514465 ], [ 4912305.636826945468783, 2111132.938400199171156 ] ] ] ] } },
{ "type": "Feature", "properties": { "id": "+394103+278296", "Area_ha": 0.35576296730390167, "count": 4, "value": 1, "Porcentaje_Cobertura_Forestal": 0.0, "NDVI_Medio_Poligono": 0.51690531622366798, "Codigo_Tipo_Bosque_Predom": 0.0, "Densidad_C_Media_tC_ha": 21.989509582519531, "Carbono_Perdido_tC": 7.8230531786347282, "Nombre_Tipo_Bosque_Predom": "Sin Datos" }, "geometry": { "type": "MultiPolygon", "coordinates": [ [ [ [ 4912304.991116463206708, 2110596.890849651768804 ], [ 4912305.134553704410791, 2110716.012520839925855 ], [ 4912334.999998717568815, 2110715.976561404764652 ], [ 4912334.856610338203609, 2110596.85489788884297 ], [ 4912304.991116463206708, 2110596.890849651768804 ] ] ] ] } },
{ "type": "Feature", "properties": { "id": "+394104+278276", "Area_ha": 0.088940070456801912, "count": 1, "value": 1, "Porcentaje_Cobertura_Forestal": 0.0, "NDVI_Medio_Poligono": 0.46628472537888332, "Codigo_Tipo_Bosque_Predom": 0.0, "Densidad_C_Media_tC_ha": 12.71900749206543, "Carbono_Perdido_tC": 1.1312294224848907, "Nombre_Tipo_Bosque_Predom": "Sin Datos" }, "geometry": { "type": "MultiPolygon", "coordinates": [ [ [ [ 4912335.573860571719706, 2111192.463253823574632 ], [ 4912335.609743317589164, 2111222.243674138560891 ], [ 4912365.474978627637029, 2111222.207694361917675 ], [ 4912365.439108109101653, 2111192.427275964058936 ], [ 4912335.573860571719706, 2111192.463253823574632 ] ] ] ] } },
{ "type": "Feature", "properties": { "id": "+394104+278368", "Area_ha": 0.53365990565961696, "count": 6, "value": 1, "Porcentaje_Cobertura_Forestal": 0.0, "NDVI_Medio_Poligono": 0.69045579771943755, "Codigo_Tipo_Bosque_Predom": 0.0, "Densidad_C_Media_tC_ha": 57.322757720947266, "Carbono_Perdido_tC": 30.590857477509797, "Nombre_Tipo_Bosque_Predom": "Sin Datos" }, "geometry": { "type": "MultiPolygon", "coordinates": [ [ [ [ 4912302.414520553313196, 2108452.701423053629696 ], [ 4912302.521679188124835, 2108542.04262442374602 ], [ 4912332.388014271855354, 2108542.006805007345974 ], [ 4912332.35230496712029, 2108512.226406229194254 ], [ 4912392.084993700496852, 2108512.154807842336595 ], [ 4912392.049310659058392, 2108482.3744131391868 ], [ 4912362.182955085299909, 2108482.410204314161092 ], [ 4912362.147261802107096, 2108452.629807931371033 ], [ 4912302.414520553313196, 2108452.701423053629696 ] ] ] ] } },
{ "type": "Feature", "properties": { "id": "+394104+278370", "Area_ha": 0.088943416275180057, "count": 1, "value": 1, "Porcentaje_Cobertura_Forestal": 0.0, "NDVI_Medio_Poligono": 0.68180902746679783, "Codigo_Tipo_Bosque_Predom": 0.0, "Densidad_C_Media_tC_ha": 57.322757720947266, "Carbono_Perdido_tC": 5.0984819020155046, "Nombre_Tipo_Bosque_Predom": "Sin Datos" }, "geometry": { "type": "MultiPolygon", "coordinates": [ [ [ [ 4912332.209487021900713, 2108393.104813506361097 ], [ 4912332.245188617147505, 2108422.885211329441518 ], [ 4912362.111570445820689, 2108422.849411786999553 ], [ 4912362.07588101644069, 2108393.069015881512314 ], [ 4912332.209487021900713, 2108393.104813506361097 ] ] ] ] } },
{ "type": "Feature", "properties": { "id": "+394105+278027", "Area_ha": 0.088931114191889357, "count": 1, "value": 1, "Porcentaje_Cobertura_Forestal": 0.0, "NDVI_Medio_Poligono": 0.37694003916428548, "Codigo_Tipo_Bosque_Predom": 0.0, "Densidad_C_Media_tC_ha": 5.3150730133056641, "Carbono_Perdido_tC": 0.47267536508451546, "Nombre_Tipo_Bosque_Predom": "Sin Datos" }, "geometry": { "type": "MultiPolygon", "coordinates": [ [ [ [ 4912374.430346150882542, 2118607.758896058890969 ], [ 4912374.466696329414845, 2118637.539374582935125 ], [ 4912404.328864621929824, 2118637.502929938491434 ], [ 4912404.292526833713055, 2118607.722453330643475 ], [ 4912374.430346150882542, 2118607.758896058890969 ] ] ] ] } },
{ "type": "Feature", "properties": { "id": "+394105+278098", "Area_ha": 0.08893367681036761, "count": 1, "value": 1, "Porcentaje_Cobertura_Forestal": 0.0, "NDVI_Medio_Poligono": 0.74453923423174961, "Codigo_Tipo_Bosque_Predom": 0.0, "Densidad_C_Media_tC_ha": 1.5257657766342163, "Carbono_Perdido_tC": 0.13569196046750692, "Nombre_Tipo_Bosque_Predom": "Sin Datos" }, "geometry": { "type": "MultiPolygon", "coordinates": [ [ [ [ 4912371.854406969621778, 2116493.345541392918676 ], [ 4912371.890620383433998, 2116523.126002691220492 ], [ 4912401.753666807897389, 2116523.089694076217711 ], [ 4912401.717465738765895, 2116493.309234693646431 ], [ 4912371.854406969621778, 2116493.345541392918676 ] ] ] ] } },
{ "type": "Feature", "properties": { "id": "+394105+278109", "Area_ha": 0.08893407297153462, "count": 1, "value": 1, "Porcentaje_Cobertura_Forestal": 0.0, "NDVI_Medio_Poligono": 0.45560627939083775, "Codigo_Tipo_Bosque_Predom": 0.0, "Densidad_C_Media_tC_ha": 1.5257657766342165, "Carbono_Perdido_tC": 0.1356925649166576, "Nombre_Tipo_Bosque_Predom": "Sin Datos" }, "geometry": { "type": "MultiPolygon", "coordinates": [ [ [ [ 4912371.456186559051275, 2116165.760483092628419 ], [ 4912371.492378783412278, 2116195.540941728278995 ], [ 4912401.355560960248113, 2116195.504654189106077 ], [ 4912401.319381074048579, 2116165.724197469651699 ], [ 4912371.456186559051275, 2116165.760483092628419 ] ] ] ] } },
{ "type": "Feature", "properties": { "id": "+394105+278126", "Area_ha": 0.088934684765692509, "count": 1, "value": 1, "Porcentaje_Cobertura_Forestal": 0.0, "NDVI_Medio_Poligono": 0.69538214780677643, "Codigo_Tipo_Bosque_Predom": 0.0, "Densidad_C_Media_tC_ha": 10.08452033996582, "Carbono_Perdido_tC": 0.89686363744807451, "Nombre_Tipo_Bosque_Predom": "Sin Datos" }, "geometry": { "type": "MultiPolygon", "coordinates": [ [ [ [ 4912370.841213478706777, 2115659.492723311297596 ], [ 4912370.877372955903411, 2115689.273177834227681 ], [ 4912400.74076477624476, 2115689.236922868993133 ], [ 4912400.704617626033723, 2115659.456470261793584 ], [ 4912370.841213478706777, 2115659.492723311297596 ] ] ] ] } },
{ "type": "Feature", "properties": { "id": "+394105+278134", "Area_ha": 0.088934972476183607, "count": 1, "value": 1, "Porcentaje_Cobertura_Forestal": 0.0, "NDVI_Medio_Poligono": 0.63153749900995937, "Codigo_Tipo_Bosque_Predom": 0.0, "Densidad_C_Media_tC_ha": 10.08452033996582, "Carbono_Perdido_tC": 0.89686653887037393, "Nombre_Tipo_Bosque_Predom": "Sin Datos" }, "geometry": { "type": "MultiPolygon", "coordinates": [ [ [ [ 4912370.552007014863193, 2115421.249095831532031 ], [ 4912370.588151081465185, 2115451.029548421036452 ], [ 4912400.451641491614282, 2115450.99330878444016 ], [ 4912400.415509746409953, 2115421.212858111131936 ], [ 4912370.552007014863193, 2115421.249095831532031 ] ] ] ] } },
{ "type": "Feature", "properties": { "id": "+394105+278138", "Area_ha": 0.088935116287652632, "count": 1, "value": 1, "Porcentaje_Cobertura_Forestal": 0.0, "NDVI_Medio_Poligono": 0.76389815229029345, "Codigo_Tipo_Bosque_Predom": 0.0, "Densidad_C_Media_tC_ha": 10.08452033996582, "Carbono_Perdido_tC": 0.8968679891400585, "Nombre_Tipo_Bosque_Predom": "Sin Datos" }, "geometry": { "type": "MultiPolygon", "coordinates": [ [ [ [ 4912370.40745001565665, 2115302.127287892624736 ], [ 4912370.443586375564337, 2115331.907739515416324 ], [ 4912400.307126065716147, 2115331.87150754313916 ], [ 4912400.271002023480833, 2115302.09105783700943 ], [ 4912370.40745001565665, 2115302.127287892624736 ] ] ] ] } },
{ "type": "Feature", "properties": { "id": "+394105+278176", "Area_ha": 0.26680940387770241, "count": 3, "value": 1, "Porcentaje_Cobertura_Forestal": 0.0, "NDVI_Medio_Poligono": 0.66306877384621299, "Codigo_Tipo_Bosque_Predom": 0.0, "Densidad_C_Media_tC_ha": 61.557247161865227, "Carbono_Perdido_tC": 16.424052419609652, "Nombre_Tipo_Bosque_Predom": "Sin Datos" }, "geometry": { "type": "MultiPolygon", "coordinates": [ [ [ [ 4912369.035695740953088, 2114170.470305185765028 ], [ 4912369.071758899837732, 2114200.250747633632272 ], [ 4912339.207749661058187, 2114200.2869191179052 ], [ 4912339.243827040307224, 2114230.067363725509495 ], [ 4912398.971819009631872, 2114229.995029251556844 ], [ 4912398.899715352803469, 2114170.434147945605218 ], [ 4912369.035695740953088, 2114170.470305185765028 ] ] ] ] } },
{ "type": "Feature", "properties": { "id": "+394106+278107", "Area_ha": 0.266801861679554, "count": 3, "value": 1, "Porcentaje_Cobertura_Forestal": 0.0, "NDVI_Medio_Poligono": 0.46453839306021222, "Codigo_Tipo_Bosque_Predom": 0.0, "Densidad_C_Media_tC_ha": 1.5257657766342165, "Carbono_Perdido_tC": 0.40707714969295949, "Nombre_Tipo_Bosque_Predom": "Sin Datos" }, "geometry": { "type": "MultiPolygon", "coordinates": [ [ [ [ 4912431.291082329116762, 2116255.029289470054209 ], [ 4912431.25491093005985, 2116225.24883418250829 ], [ 4912401.391743011772633, 2116225.28511126479134 ], [ 4912401.427926748991013, 2116255.065568468067795 ], [ 4912431.291082329116762, 2116255.029289470054209 ] ] ], [ [ [ 4912491.053536373190582, 2116284.737220294773579 ], [ 4912491.017387727275491, 2116254.956768593750894 ], [ 4912431.291082329116762, 2116255.029289470054209 ], [ 4912431.327255654148757, 2116284.809744999743998 ], [ 4912491.053536373190582, 2116284.737220294773579 ] ] ] ] } },
{ "type": "Feature", "properties": { "id": "+394106+278290", "Area_ha": 0.17788110507219973, "count": 2, "value": 1, "Porcentaje_Cobertura_Forestal": 0.0, "NDVI_Medio_Poligono": 0.5185089275311211, "Codigo_Tipo_Bosque_Predom": 0.0, "Densidad_C_Media_tC_ha": 21.989509582519531, "Carbono_Perdido_tC": 3.9115182645342994, "Nombre_Tipo_Bosque_Predom": "Sin Datos" }, "geometry": { "type": "MultiPolygon", "coordinates": [ [ [ [ 4912364.937123123556376, 2110775.501443583983928 ], [ 4912364.972966671921313, 2110805.281858623027802 ], [ 4912424.703773777931929, 2110805.209989513270557 ], [ 4912424.667954666540027, 2110775.429578307084739 ], [ 4912364.937123123556376, 2110775.501443583983928 ] ] ] ] } },
{ "type": "Feature", "properties": { "id": "+394106+278365", "Area_ha": 0.088943215659318953, "count": 1, "value": 1, "Porcentaje_Cobertura_Forestal": 0.0, "NDVI_Medio_Poligono": 0.67768959192863443, "Codigo_Tipo_Bosque_Predom": 0.0, "Densidad_C_Media_tC_ha": 57.322757720947266, "Carbono_Perdido_tC": 5.0984704021611034, "Nombre_Tipo_Bosque_Predom": "Sin Datos" }, "geometry": { "type": "MultiPolygon", "coordinates": [ [ [ [ 4912392.12067866884172, 2108541.935202785767615 ], [ 4912392.156365562230349, 2108571.715597968082875 ], [ 4912422.022682706825435, 2108571.679813247174025 ], [ 4912421.987007983028889, 2108541.899419981054962 ], [ 4912392.12067866884172, 2108541.935202785767615 ] ] ] ] } },
{ "type": "Feature", "properties": { "id": "+394107+278159", "Area_ha": 0.088935847724396444, "count": 1, "value": 1, "Porcentaje_Cobertura_Forestal": 0.0, "NDVI_Medio_Poligono": 0.68838379858013721, "Codigo_Tipo_Bosque_Predom": 2.265460729598999, "Densidad_C_Media_tC_ha": 61.557247161865234, "Carbono_Perdido_tC": 5.4746459599206814, "Nombre_Tipo_Bosque_Predom": "Sin Datos" }, "geometry": { "type": "MultiPolygon", "coordinates": [ [ [ [ 4912429.376650582998991, 2114676.665492331143469 ], [ 4912429.412721881642938, 2114706.445935050491244 ], [ 4912459.276516273617744, 2114706.409767996519804 ], [ 4912459.240457278676331, 2114676.629327191971242 ], [ 4912429.376650582998991, 2114676.665492331143469 ] ] ] ] } },
{ "type": "Feature", "properties": { "id": "+394107+278381", "Area_ha": 1.8678161888944189, "count": 21, "value": 1, "Porcentaje_Cobertura_Forestal": 0.0, "NDVI_Medio_Poligono": 0.73754752518343092, "Codigo_Tipo_Bosque_Predom": 0.0, "Densidad_C_Media_tC_ha": 57.322757720947266, "Carbono_Perdido_tC": 107.06837486325784, "Nombre_Tipo_Bosque_Predom": "Sin Datos" }, "geometry": { "type": "MultiPolygon", "coordinates": [ [ [ [ 4912391.549950290471315, 2108065.448912335559726 ], [ 4912391.585606370121241, 2108095.22930369945243 ], [ 4912361.719092675484717, 2108095.265069955028594 ], [ 4912361.754762839525938, 2108125.045463474467397 ], [ 4912451.35426168050617, 2108124.938195541501045 ], [ 4912451.496815674938262, 2108244.05974900862202 ], [ 4912421.630366625264287, 2108244.095500453840941 ], [ 4912421.594713078811765, 2108214.315109813120216 ], [ 4912391.728249947540462, 2108214.350871539209038 ], [ 4912391.799583291634917, 2108273.911656891927123 ], [ 4912421.666022097691894, 2108273.875891332980245 ], [ 4912421.701679495163262, 2108303.656282449141145 ], [ 4912391.83525285217911, 2108303.69204992428422 ], [ 4912391.906597751192749, 2108363.252836708445102 ], [ 4912421.773000066168606, 2108363.217065400909632 ], [ 4912421.737338818609715, 2108333.436673805583268 ], [ 4912451.60375137720257, 2108333.400916613638401 ], [ 4912451.532458984293044, 2108273.840137972030789 ], [ 4912481.3988939486444, 2108273.804396809544414 ], [ 4912481.363262801431119, 2108244.024009760469198 ], [ 4912511.229708009399474, 2108243.988282709848136 ], [ 4912511.122862594202161, 2108154.647128739859909 ], [ 4912481.256380902603269, 2108154.682850047945976 ], [ 4912481.185135923326015, 2108095.122078097425401 ], [ 4912451.318627993576229, 2108095.157807771116495 ], [ 4912451.282996231690049, 2108065.377420238684863 ], [ 4912391.549950290471315, 2108065.448912335559726 ] ] ] ] } },
{ "type": "Feature", "properties": { "id": "+394108+278030", "Area_ha": 0.35572470305649329, "count": 4, "value": 1, "Porcentaje_Cobertura_Forestal": 0.0, "NDVI_Medio_Poligono": 0.64221016190658442, "Codigo_Tipo_Bosque_Predom": 0.62184292078018188, "Densidad_C_Media_tC_ha": 5.3150730133056641, "Carbono_Perdido_tC": 1.8907027693817384, "Nombre_Tipo_Bosque_Predom": "Sin Datos" }, "geometry": { "type": "MultiPolygon", "coordinates": [ [ [ [ 4912434.045740952715278, 2118518.34460040833801 ], [ 4912434.11838212236762, 2118577.905548577196896 ], [ 4912493.842758666723967, 2118577.832729071844369 ], [ 4912493.770167054608464, 2118518.271788559854031 ], [ 4912434.045740952715278, 2118518.34460040833801 ] ] ] ] } },
{ "type": "Feature", "properties": { "id": "+394108+278132", "Area_ha": 0.35573941501087974, "count": 4, "value": 1, "Porcentaje_Cobertura_Forestal": 0.0, "NDVI_Medio_Poligono": 0.71349071331811786, "Codigo_Tipo_Bosque_Predom": 0.0, "Densidad_C_Media_tC_ha": 10.084520339965822, "Carbono_Perdido_tC": 3.5874613664047597, "Nombre_Tipo_Bosque_Predom": "Sin Datos" }, "geometry": { "type": "MultiPolygon", "coordinates": [ [ [ [ 4912430.351251328364015, 2115480.737530502490699 ], [ 4912430.423499802127481, 2115540.298429224640131 ], [ 4912490.150397086516023, 2115540.226000241935253 ], [ 4912490.078197902068496, 2115480.665109177585691 ], [ 4912430.351251328364015, 2115480.737530502490699 ] ] ] ] } },
{ "type": "Feature", "properties": { "id": "+394108+278362", "Area_ha": 0.53365833777411897, "count": 6, "value": 1, "Porcentaje_Cobertura_Forestal": 0.0, "NDVI_Medio_Poligono": 0.58203752158989364, "Codigo_Tipo_Bosque_Predom": 0.0, "Densidad_C_Media_tC_ha": 57.322757720947266, "Carbono_Perdido_tC": 30.590767601989263, "Nombre_Tipo_Bosque_Predom": "Sin Datos" }, "geometry": { "type": "MultiPolygon", "coordinates": [ [ [ [ 4912422.094037931412458, 2108631.240600493736565 ], [ 4912422.201085206121206, 2108720.581783155445009 ], [ 4912481.933592023327947, 2108720.51023117499426 ], [ 4912481.82661777921021, 2108631.169060004409403 ], [ 4912422.094037931412458, 2108631.240600493736565 ] ] ] ] } },
{ "type": "Feature", "properties": { "id": "+394109+278100", "Area_ha": 0.17786735796779393, "count": 2, "value": 1, "Porcentaje_Cobertura_Forestal": 0.0, "NDVI_Medio_Poligono": 0.59914278247517083, "Codigo_Tipo_Bosque_Predom": 0.0, "Densidad_C_Media_tC_ha": 1.5257657766342163, "Carbono_Perdido_tC": 0.27138392756760726, "Nombre_Tipo_Bosque_Predom": "Sin Datos" }, "geometry": { "type": "MultiPolygon", "coordinates": [ [ [ [ 4912521.133532079868019, 2116463.383680312428623 ], [ 4912521.097384233959019, 2116433.603229071944952 ], [ 4912491.234308459796011, 2116433.63948243111372 ], [ 4912491.270468648523092, 2116463.419935584999621 ], [ 4912521.133532079868019, 2116463.383680312428623 ] ] ], [ [ [ 4912551.032731018960476, 2116493.127886987291276 ], [ 4912550.996593593619764, 2116463.347437417600304 ], [ 4912521.133532079868019, 2116463.383680312428623 ], [ 4912521.169681848026812, 2116493.164131795056164 ], [ 4912551.032731018960476, 2116493.127886987291276 ] ] ] ] } },
{ "type": "Feature", "properties": { "id": "+394109+278272", "Area_ha": 1.1562173770410968, "count": 13, "value": 1, "Porcentaje_Cobertura_Forestal": 23.089828526468356, "NDVI_Medio_Poligono": 0.74549040587112303, "Codigo_Tipo_Bosque_Predom": 0.0, "Densidad_C_Media_tC_ha": 12.71900749206543, "Carbono_Perdido_tC": 14.70593748104195, "Nombre_Tipo_Bosque_Predom": "Sin Datos" }, "geometry": { "type": "MultiPolygon", "coordinates": [ [ [ [ 4912485.18670601863414, 2111430.526779857464135 ], [ 4912515.051846112124622, 2111430.490847996436059 ], [ 4912514.908566278405488, 2111311.369207434356213 ], [ 4912485.043377260677516, 2111311.405131639447063 ], [ 4912485.079206564463675, 2111341.185543334111571 ], [ 4912425.348847228102386, 2111341.257432368118316 ], [ 4912425.492281535640359, 2111460.37909686518833 ], [ 4912485.222543017938733, 2111460.307192511856556 ], [ 4912485.18670601863414, 2111430.526779857464135 ] ] ], [ [ [ 4912425.528144924901426, 2111490.159513589460403 ], [ 4912425.492281535640359, 2111460.37909686518833 ], [ 4912395.627147912047803, 2111460.415067443624139 ], [ 4912395.66302353516221, 2111490.195486083626747 ], [ 4912425.528144924901426, 2111490.159513589460403 ] ] ] ] } },
{ "type": "Feature", "properties": { "id": "+394109+278276", "Area_ha": 0.17787997840791941, "count": 2, "value": 1, "Porcentaje_Cobertura_Forestal": 0.0, "NDVI_Medio_Poligono": 0.60362908210496447, "Codigo_Tipo_Bosque_Predom": 0.0, "Densidad_C_Media_tC_ha": 12.71900749206543, "Carbono_Perdido_tC": 2.2624567780587639, "Nombre_Tipo_Bosque_Predom": "Sin Datos" }, "geometry": { "type": "MultiPolygon", "coordinates": [ [ [ [ 4912514.801126596517861, 2111222.027979532256722 ], [ 4912514.765317215584219, 2111192.24757071165368 ], [ 4912484.900079283863306, 2111192.283487260807306 ], [ 4912484.935900892131031, 2111222.063897995743901 ], [ 4912514.801126596517861, 2111222.027979532256722 ] ] ], [ [ [ 4912544.702149459160864, 2111251.772480479441583 ], [ 4912544.66635038331151, 2111221.992073331959546 ], [ 4912514.801126596517861, 2111222.027979532256722 ], [ 4912514.83693790063262, 2111251.80838859314099 ], [ 4912544.702149459160864, 2111251.772480479441583 ] ] ] ] } },
{ "type": "Feature", "properties": { "id": "+394109+278320", "Area_ha": 1.3341226465314626, "count": 15, "value": 1, "Porcentaje_Cobertura_Forestal": 0.0, "NDVI_Medio_Poligono": 0.62744488228033946, "Codigo_Tipo_Bosque_Predom": 0.0, "Densidad_C_Media_tC_ha": 29.410902656647025, "Carbono_Perdido_tC": 39.237751289165153, "Nombre_Tipo_Bosque_Predom": "Sin Datos" }, "geometry": { "type": "MultiPolygon", "coordinates": [ [ [ [ 4912513.26305983401835, 2109941.470616696402431 ], [ 4912513.191608387976885, 2109881.909819901455194 ], [ 4912483.32583309430629, 2109881.945652232971042 ], [ 4912483.361570054665208, 2109911.726052424870431 ], [ 4912423.630038104020059, 2109911.797757617663592 ], [ 4912423.665801386348903, 2109941.578161879442632 ], [ 4912393.800044728443027, 2109941.614034743048251 ], [ 4912393.835822135210037, 2109971.394441159442067 ], [ 4912513.298788441345096, 2109971.251015453133732 ], [ 4912513.37025142647326, 2110030.81181368464604 ], [ 4912573.101674257777631, 2110030.74016659008339 ], [ 4912572.994555868208408, 2109941.398981080856174 ], [ 4912513.26305983401835, 2109941.470616696402431 ] ] ], [ [ [ 4912603.003080568276346, 2110060.484755133744329 ], [ 4912602.967382796108723, 2110030.704361397773027 ], [ 4912573.101674257777631, 2110030.74016659008339 ], [ 4912573.137384231202304, 2110060.520562238525599 ], [ 4912603.003080568276346, 2110060.484755133744329 ] ] ] ] } },
{ "type": "Feature", "properties": { "id": "+394109+278358", "Area_ha": 0.26682873011272312, "count": 3, "value": 1, "Porcentaje_Cobertura_Forestal": 0.0, "NDVI_Medio_Poligono": 0.51978128846160243, "Codigo_Tipo_Bosque_Predom": 0.0, "Densidad_C_Media_tC_ha": 57.322757720947273, "Carbono_Perdido_tC": 15.295358649239656, "Nombre_Tipo_Bosque_Predom": "Sin Datos" }, "geometry": { "type": "MultiPolygon", "coordinates": [ [ [ [ 4912481.969253952614963, 2108750.290622043423355 ], [ 4912482.040583583526313, 2108809.851404496468604 ], [ 4912541.773009678348899, 2108809.779889862984419 ], [ 4912541.737368250265718, 2108779.999502344988286 ], [ 4912511.871143988333642, 2108780.035251643043011 ], [ 4912511.835492309182882, 2108750.254862450063229 ], [ 4912481.969253952614963, 2108750.290622043423355 ] ] ] ] } },
{ "type": "Feature", "properties": { "id": "+394109+278365", "Area_ha": 0.088943181084777459, "count": 1, "value": 1, "Porcentaje_Cobertura_Forestal": 0.0, "NDVI_Medio_Poligono": 0.70221201568960612, "Codigo_Tipo_Bosque_Predom": 0.0, "Densidad_C_Media_tC_ha": 57.322757720947266, "Carbono_Perdido_tC": 5.0984684202530381, "Nombre_Tipo_Bosque_Predom": "Sin Datos" }, "geometry": { "type": "MultiPolygon", "coordinates": [ [ [ [ 4912481.719660848379135, 2108541.827890982851386 ], [ 4912481.755311234854162, 2108571.6082804184407 ], [ 4912511.621622619219124, 2108571.572532310616225 ], [ 4912511.58598440233618, 2108541.792144789360464 ], [ 4912481.719660848379135, 2108541.827890982851386 ] ] ] ] } },
{ "type": "Feature", "properties": { "id": "+394109+278369", "Area_ha": 0.26683000393241529, "count": 3, "value": 1, "Porcentaje_Cobertura_Forestal": 0.0, "NDVI_Medio_Poligono": 0.68707327257032413, "Codigo_Tipo_Bosque_Predom": 0.0, "Densidad_C_Media_tC_ha": 57.322757720947273, "Carbono_Perdido_tC": 15.295431668097249, "Nombre_Tipo_Bosque_Predom": "Sin Datos" }, "geometry": { "type": "MultiPolygon", "coordinates": [ [ [ [ 4912421.844328337348998, 2108422.777849305886775 ], [ 4912421.879995360970497, 2108452.558241616934538 ], [ 4912511.479081290774047, 2108452.450983659364283 ], [ 4912511.44345076661557, 2108422.670597093179822 ], [ 4912421.844328337348998, 2108422.777849305886775 ] ] ] ] } },
{ "type": "Feature", "properties": { "id": "+394110+278078", "Area_ha": 0.088932898302766267, "count": 1, "value": 1, "Porcentaje_Cobertura_Forestal": 0.0, "NDVI_Medio_Poligono": 0.46961298329846923, "Codigo_Tipo_Bosque_Predom": 0.0, "Densidad_C_Media_tC_ha": 3.6604766845703125, "Carbono_Perdido_tC": 0.32553680072853863, "Nombre_Tipo_Bosque_Predom": "Sin Datos" }, "geometry": { "type": "MultiPolygon", "coordinates": [ [ [ [ 4912521.893080809153616, 2117088.773212200030684 ], [ 4912521.929270960390568, 2117118.553668770939112 ], [ 4912551.792060758918524, 2117118.517383796162903 ], [ 4912551.755882965400815, 2117088.736929138191044 ], [ 4912521.893080809153616, 2117088.773212200030684 ] ] ] ] } },
{ "type": "Feature", "properties": { "id": "+394110+278081", "Area_ha": 0.088933006481993648, "count": 1, "value": 1, "Porcentaje_Cobertura_Forestal": 0.0, "NDVI_Medio_Poligono": 0.3404545419305714, "Codigo_Tipo_Bosque_Predom": 0.0, "Densidad_C_Media_tC_ha": 3.6604766845703125, "Carbono_Perdido_tC": 0.32553719671607823, "Nombre_Tipo_Bosque_Predom": "Sin Datos" }, "geometry": { "type": "MultiPolygon", "coordinates": [ [ [ [ 4912521.784521891735494, 2116999.431843942962587 ], [ 4912521.820706274360418, 2117029.212299785576761 ], [ 4912551.683533144183457, 2117029.176020548678935 ], [ 4912551.64736111741513, 2116999.39556661946699 ], [ 4912521.784521891735494, 2116999.431843942962587 ] ] ] ] } },
{ "type": "Feature", "properties": { "id": "+394111+278086", "Area_ha": 0.088933175238491091, "count": 1, "value": 1, "Porcentaje_Cobertura_Forestal": 0.0, "NDVI_Medio_Poligono": 0.70123240083316618, "Codigo_Tipo_Bosque_Predom": 0.0, "Densidad_C_Media_tC_ha": 1.5257657766342163, "Carbono_Perdido_tC": 0.13569119518630321, "Nombre_Tipo_Bosque_Predom": "Sin Datos" }, "geometry": { "type": "MultiPolygon", "coordinates": [ [ [ [ 4912551.466529817320406, 2116850.493300601374358 ], [ 4912551.502692232839763, 2116880.273753320332617 ], [ 4912581.365578955970705, 2116880.237496034242213 ], [ 4912581.329428892582655, 2116850.457045226823539 ], [ 4912551.466529817320406, 2116850.493300601374358 ] ] ] ] } },
{ "type": "Feature", "properties": { "id": "+394111+278095", "Area_ha": 0.62253432364621553, "count": 7, "value": 1, "Porcentaje_Cobertura_Forestal": 0.0, "NDVI_Medio_Poligono": 0.64690348474210879, "Codigo_Tipo_Bosque_Predom": 0.0, "Densidad_C_Media_tC_ha": 1.5257657766342163, "Carbono_Perdido_tC": 0.94984156579952461, "Nombre_Tipo_Bosque_Predom": "Sin Datos" }, "geometry": { "type": "MultiPolygon", "coordinates": [ [ [ [ 4912491.415128398686647, 2116582.541750507429242 ], [ 4912491.487469935789704, 2116642.102659478317946 ], [ 4912521.350459296256304, 2116642.066392725333571 ], [ 4912521.386620602570474, 2116671.84684566128999 ], [ 4912551.249595695175231, 2116671.810589377302676 ], [ 4912551.213446736335754, 2116642.030138353817165 ], [ 4912581.076432259753346, 2116641.993896364234388 ], [ 4912581.004164802841842, 2116582.432998870033771 ], [ 4912491.415128398686647, 2116582.541750507429242 ] ] ] ] } },
{ "type": "Feature", "properties": { "id": "+394111+278106", "Area_ha": 0.1778678031362855, "count": 2, "value": 1, "Porcentaje_Cobertura_Forestal": 0.0, "NDVI_Medio_Poligono": 0.53211240308724195, "Codigo_Tipo_Bosque_Predom": 0.0, "Densidad_C_Media_tC_ha": 1.5257657766342163, "Carbono_Perdido_tC": 0.27138460679045656, "Nombre_Tipo_Bosque_Predom": "Sin Datos" }, "geometry": { "type": "MultiPolygon", "coordinates": [ [ [ [ 4912520.880537307821214, 2116254.920526601374149 ], [ 4912520.916673615574837, 2116284.70097638759762 ], [ 4912580.642942820675671, 2116284.628525924868882 ], [ 4912580.606831192038953, 2116254.848079963587224 ], [ 4912520.880537307821214, 2116254.920526601374149 ] ] ] ] } },
{ "type": "Feature", "properties": { "id": "+394111+278129", "Area_ha": 0.08893472353509714, "count": 1, "value": 1, "Porcentaje_Cobertura_Forestal": 0.0, "NDVI_Medio_Poligono": 0.71039044847132582, "Codigo_Tipo_Bosque_Predom": 0.0, "Densidad_C_Media_tC_ha": 10.08452033996582, "Carbono_Perdido_tC": 0.8968640284189241, "Nombre_Tipo_Bosque_Predom": "Sin Datos" }, "geometry": { "type": "MultiPolygon", "coordinates": [ [ [ [ 4912549.913364524021745, 2115569.93406275799498 ], [ 4912549.949444277212024, 2115599.714505068957806 ], [ 4912579.812861555255949, 2115599.67833000421524 ], [ 4912579.7767941262573, 2115569.89788960525766 ], [ 4912549.913364524021745, 2115569.93406275799498 ] ] ] ] } },
{ "type": "Feature", "properties": { "id": "+394111+278244", "Area_ha": 0.088938846912258299, "count": 1, "value": 1, "Porcentaje_Cobertura_Forestal": 0.0, "NDVI_Medio_Poligono": 0.52593635011231454, "Codigo_Tipo_Bosque_Predom": 0.0, "Densidad_C_Media_tC_ha": 44.592903137207024, "Carbono_Perdido_tC": 3.9660413854932184, "Nombre_Tipo_Bosque_Predom": "Sin Datos" }, "geometry": { "type": "MultiPolygon", "coordinates": [ [ [ [ 4912545.777015458792448, 2112145.184806406497955 ], [ 4912545.812874131835997, 2112174.965220998041332 ], [ 4912575.677704371511936, 2112174.929265856277198 ], [ 4912575.641857947222888, 2112145.148853177670389 ], [ 4912545.777015458792448, 2112145.184806406497955 ] ] ] ] } },
{ "type": "Feature", "properties": { "id": "+394111+278373", "Area_ha": 0.35577372038329486, "count": 4, "value": 1, "Porcentaje_Cobertura_Forestal": 0.0, "NDVI_Medio_Poligono": 0.70919674605562266, "Codigo_Tipo_Bosque_Predom": 0.0, "Densidad_C_Media_tC_ha": 57.322757720947266, "Carbono_Perdido_tC": 20.393930777011647, "Nombre_Tipo_Bosque_Predom": "Sin Datos" }, "geometry": { "type": "MultiPolygon", "coordinates": [ [ [ [ 4912511.300947901792824, 2108303.549053215887398 ], [ 4912511.372195487841964, 2108363.109824677929282 ], [ 4912571.104982835240662, 2108363.038391862530261 ], [ 4912571.033783906139433, 2108303.477628053165972 ], [ 4912511.300947901792824, 2108303.549053215887398 ] ] ] ] } },
{ "type": "Feature", "properties": { "id": "+394112+278040", "Area_ha": 0.44465728758001205, "count": 5, "value": 1, "Porcentaje_Cobertura_Forestal": 0.0, "NDVI_Medio_Poligono": 0.47693383162389152, "Codigo_Tipo_Bosque_Predom": 0.0, "Densidad_C_Media_tC_ha": 5.3150730133056641, "Carbono_Perdido_tC": 2.3633859493862177, "Nombre_Tipo_Bosque_Predom": "Sin Datos" }, "geometry": { "type": "MultiPolygon", "coordinates": [ [ [ [ 4912582.994320738129318, 2118220.358033350668848 ], [ 4912583.103041884489357, 2118309.699419981334358 ], [ 4912642.827622219920158, 2118309.62675911327824 ], [ 4912642.755189067684114, 2118250.065842092037201 ], [ 4912612.892875091172755, 2118250.102162496186793 ], [ 4912612.856649013236165, 2118220.321702441200614 ], [ 4912582.994320738129318, 2118220.358033350668848 ] ] ] ] } },
{ "type": "Feature", "properties": { "id": "+394112+278108", "Area_ha": 0.088933956328492783, "count": 1, "value": 1, "Porcentaje_Cobertura_Forestal": 0.0, "NDVI_Medio_Poligono": 0.4916105503383017, "Codigo_Tipo_Bosque_Predom": 0.0, "Densidad_C_Media_tC_ha": 1.5257657766342163, "Carbono_Perdido_tC": 0.13569238694669628, "Nombre_Tipo_Bosque_Predom": "Sin Datos" }, "geometry": { "type": "MultiPolygon", "coordinates": [ [ [ [ 4912580.534613699652255, 2116195.287188763264567 ], [ 4912580.57072148565203, 2116225.067634242586792 ], [ 4912610.43387789092958, 2116225.031431394163519 ], [ 4912610.397782444022596, 2116195.25098782684654 ], [ 4912580.534613699652255, 2116195.287188763264567 ] ] ] ] } },
{ "type": "Feature", "properties": { "id": "+394112+278247", "Area_ha": 0.088938942631955439, "count": 1, "value": 1, "Porcentaje_Cobertura_Forestal": 0.0, "NDVI_Medio_Poligono": 0.57450885870713886, "Codigo_Tipo_Bosque_Predom": 0.0, "Densidad_C_Media_tC_ha": 44.592903137207031, "Carbono_Perdido_tC": 3.9660456539124018, "Nombre_Tipo_Bosque_Predom": "Sin Datos" }, "geometry": { "type": "MultiPolygon", "coordinates": [ [ [ [ 4912575.534330204129219, 2112055.807616584934294 ], [ 4912575.57017086353153, 2112085.58802854269743 ], [ 4912605.435035930015147, 2112085.552091421093792 ], [ 4912605.399207517504692, 2112055.771681374870241 ], [ 4912575.534330204129219, 2112055.807616584934294 ] ] ] ] } },
{ "type": "Feature", "properties": { "id": "+394112+278275", "Area_ha": 0.17787983796596527, "count": 2, "value": 1, "Porcentaje_Cobertura_Forestal": 0.0, "NDVI_Medio_Poligono": 0.54758290716742986, "Codigo_Tipo_Bosque_Predom": 0.0, "Densidad_C_Media_tC_ha": 12.71900749206543, "Carbono_Perdido_tC": 2.2624549917764969, "Nombre_Tipo_Bosque_Predom": "Sin Datos" }, "geometry": { "type": "MultiPolygon", "coordinates": [ [ [ [ 4912604.432566820643842, 2111251.700701041612774 ], [ 4912604.396792201325297, 2111221.920297719072551 ], [ 4912574.531572250649333, 2111221.956179393921047 ], [ 4912574.567359098233283, 2111251.736584628932178 ], [ 4912604.432566820643842, 2111251.700701041612774 ] ] ], [ [ [ 4912634.33353693690151, 2111281.445231368765235 ], [ 4912634.297772624529898, 2111251.664829717483371 ], [ 4912604.432566820643842, 2111251.700701041612774 ], [ 4912604.468343361280859, 2111281.481104604434222 ], [ 4912634.33353693690151, 2111281.445231368765235 ] ] ] ] } },
{ "type": "Feature", "properties": { "id": "+394113+278082", "Area_ha": 0.17786597998673095, "count": 2, "value": 1, "Porcentaje_Cobertura_Forestal": 0.0, "NDVI_Medio_Poligono": 0.54890241146695296, "Codigo_Tipo_Bosque_Predom": 0.0, "Densidad_C_Media_tC_ha": 3.6604766845703125, "Carbono_Perdido_tC": 0.65107427271967844, "Nombre_Tipo_Bosque_Predom": "Sin Datos" }, "geometry": { "type": "MultiPolygon", "coordinates": [ [ [ [ 4912611.336888421326876, 2116969.542599274776876 ], [ 4912611.409181131981313, 2117029.10349924582988 ], [ 4912641.272002251818776, 2117029.067257179412991 ], [ 4912641.199734251946211, 2116969.50636102957651 ], [ 4912611.336888421326876, 2116969.542599274776876 ] ] ] ] } },
{ "type": "Feature", "properties": { "id": "+394113+278111", "Area_ha": 0.088934052836400226, "count": 1, "value": 1, "Porcentaje_Cobertura_Forestal": 0.0, "NDVI_Medio_Poligono": 0.51711331761994639, "Codigo_Tipo_Bosque_Predom": 0.0, "Densidad_C_Media_tC_ha": 1.5257657766342163, "Carbono_Perdido_tC": 0.13569253419515862, "Nombre_Tipo_Bosque_Predom": "Sin Datos" }, "geometry": { "type": "MultiPolygon", "coordinates": [ [ [ [ 4912610.289507627487183, 2116105.90965857822448 ], [ 4912610.325597312301397, 2116135.690101419575512 ], [ 4912640.188788812607527, 2116135.653916676994413 ], [ 4912640.152711464092135, 2116105.873475746251643 ], [ 4912610.289507627487183, 2116105.90965857822448 ] ] ] ] } },
{ "type": "Feature", "properties": { "id": "+394113+278134", "Area_ha": 0.26680460358411073, "count": 3, "value": 1, "Porcentaje_Cobertura_Forestal": 0.0, "NDVI_Medio_Poligono": 0.6524487492552814, "Codigo_Tipo_Bosque_Predom": 0.0, "Densidad_C_Media_tC_ha": 10.08452033996582, "Carbono_Perdido_tC": 2.6905964516404821, "Nombre_Tipo_Bosque_Predom": "Sin Datos" }, "geometry": { "type": "MultiPolygon", "coordinates": [ [ [ [ 4912639.359495901502669, 2115450.703836602158844 ], [ 4912639.323462722823024, 2115420.923401234671474 ], [ 4912609.459975344128907, 2115420.959540116600692 ], [ 4912609.496020843274891, 2115450.739977394696325 ], [ 4912639.359495901502669, 2115450.703836602158844 ] ] ], [ [ [ 4912609.53206826467067, 2115480.520414914935827 ], [ 4912609.496020843274891, 2115450.739977394696325 ], [ 4912549.769064975902438, 2115450.812296047341079 ], [ 4912549.805137039162219, 2115480.59273739065975 ], [ 4912609.53206826467067, 2115480.520414914935827 ] ] ] ] } },
{ "type": "Feature", "properties": { "id": "+394113+278137", "Area_ha": 0.08893498819097731, "count": 1, "value": 1, "Porcentaje_Cobertura_Forestal": 0.0, "NDVI_Medio_Poligono": 0.75674147633974098, "Codigo_Tipo_Bosque_Predom": 0.0, "Densidad_C_Media_tC_ha": 10.08452033996582, "Carbono_Perdido_tC": 0.89686669734653068, "Nombre_Tipo_Bosque_Predom": "Sin Datos" }, "geometry": { "type": "MultiPolygon", "coordinates": [ [ [ [ 4912609.351850131526589, 2115331.618229618296027 ], [ 4912609.387889868579805, 2115361.398666171822697 ], [ 4912639.251401888206601, 2115361.362531111575663 ], [ 4912639.215374470688403, 2115331.582096469122916 ], [ 4912609.351850131526589, 2115331.618229618296027 ] ] ] ] } },
{ "type": "Feature", "properties": { "id": "+394113+278180", "Area_ha": 0.26680955693189173, "count": 3, "value": 1, "Porcentaje_Cobertura_Forestal": 0.0, "NDVI_Medio_Poligono": 0.48421334703161018, "Codigo_Tipo_Bosque_Predom": 0.0, "Densidad_C_Media_tC_ha": 61.557247161865234, "Carbono_Perdido_tC": 16.424061841204214, "Nombre_Tipo_Bosque_Predom": "Sin Datos" }, "geometry": { "type": "MultiPolygon", "coordinates": [ [ [ [ 4912577.939903481863439, 2114051.095749596133828 ], [ 4912577.975872901268303, 2114080.87617767881602 ], [ 4912607.839915952645242, 2114080.840112465433776 ], [ 4912607.875875003635883, 2114110.620538879651576 ], [ 4912637.739903846755624, 2114110.584484080784023 ], [ 4912637.668012249283493, 2114051.0236353171058 ], [ 4912577.939903481863439, 2114051.095749596133828 ] ] ] ] } },
{ "type": "Feature", "properties": { "id": "+394113+278370", "Area_ha": 0.08894331257201557, "count": 1, "value": 1, "Porcentaje_Cobertura_Forestal": 0.0, "NDVI_Medio_Poligono": 0.70215001811797251, "Codigo_Tipo_Bosque_Predom": 0.0, "Densidad_C_Media_tC_ha": 57.322757720947266, "Carbono_Perdido_tC": 5.0984759574641316, "Nombre_Tipo_Bosque_Predom": "Sin Datos" }, "geometry": { "type": "MultiPolygon", "coordinates": [ [ [ [ 4912601.006963814608753, 2108392.783074102830142 ], [ 4912601.04255591891706, 2108422.563454691786319 ], [ 4912630.908920467831194, 2108422.527764960657805 ], [ 4912630.873340530321002, 2108392.747386283241212 ], [ 4912601.006963814608753, 2108392.783074102830142 ] ] ] ] } },
{ "type": "Feature", "properties": { "id": "+394114+278098", "Area_ha": 0.26680068514123267, "count": 3, "value": 1, "Porcentaje_Cobertura_Forestal": 0.0, "NDVI_Medio_Poligono": 0.66158902423473231, "Codigo_Tipo_Bosque_Predom": 0.0, "Densidad_C_Media_tC_ha": 1.5257657766342165, "Carbono_Perdido_tC": 0.40707535457105393, "Nombre_Tipo_Bosque_Predom": "Sin Datos" }, "geometry": { "type": "MultiPolygon", "coordinates": [ [ [ [ 4912610.758823365904391, 2116493.055434391833842 ], [ 4912610.831054603680968, 2116552.616326611489058 ], [ 4912640.694073333404958, 2116552.580115117132664 ], [ 4912640.657969099469483, 2116522.799670797307044 ], [ 4912670.520998257212341, 2116522.763473592698574 ], [ 4912670.484908288344741, 2116492.983031425159425 ], [ 4912610.758823365904391, 2116493.055434391833842 ] ] ] ] } },
{ "type": "Feature", "properties": { "id": "+394114+278176", "Area_ha": 0.26680902422720248, "count": 3, "value": 1, "Porcentaje_Cobertura_Forestal": 0.0, "NDVI_Medio_Poligono": 0.64140290024346824, "Codigo_Tipo_Bosque_Predom": 0.0, "Densidad_C_Media_tC_ha": 61.557247161865234, "Carbono_Perdido_tC": 16.424029049369992, "Nombre_Tipo_Bosque_Predom": "Sin Datos" }, "geometry": { "type": "MultiPolygon", "coordinates": [ [ [ [ 4912637.81180312577635, 2114170.145333810243756 ], [ 4912637.919666448608041, 2114259.486610212363303 ], [ 4912667.783631908707321, 2114259.450558187440038 ], [ 4912667.67580546811223, 2114170.109287516679615 ], [ 4912637.81180312577635, 2114170.145333810243756 ] ] ] ] } },
{ "type": "Feature", "properties": { "id": "+394114+278243", "Area_ha": 0.26681621120125054, "count": 3, "value": 1, "Porcentaje_Cobertura_Forestal": 0.0, "NDVI_Medio_Poligono": 0.51375270460694189, "Codigo_Tipo_Bosque_Predom": 0.0, "Densidad_C_Media_tC_ha": 44.592903137207031, "Carbono_Perdido_tC": 11.89810946153394, "Nombre_Tipo_Bosque_Predom": "Sin Datos" }, "geometry": { "type": "MultiPolygon", "coordinates": [ [ [ [ 4912665.343808947131038, 2112234.382288857828826 ], [ 4912665.272183829918504, 2112174.821474247612059 ], [ 4912635.40735934022814, 2112174.8573925383389 ], [ 4912635.479008956812322, 2112234.41821096977219 ], [ 4912665.343808947131038, 2112234.382288857828826 ] ] ], [ [ [ 4912695.244410209357738, 2112264.126784786116332 ], [ 4912695.208607021719217, 2112234.346379030495882 ], [ 4912665.343808947131038, 2112234.382288857828826 ], [ 4912665.379624386318028, 2112264.162696523126215 ], [ 4912695.244410209357738, 2112264.126784786116332 ] ] ] ] } },
{ "type": "Feature", "properties": { "id": "+394114+278372", "Area_ha": 0.17788669712990524, "count": 2, "value": 1, "Porcentaje_Cobertura_Forestal": 0.0, "NDVI_Medio_Poligono": 0.66837508956696612, "Codigo_Tipo_Bosque_Predom": 0.33328276872634888, "Densidad_C_Media_tC_ha": 57.322757720947266, "Carbono_Perdido_tC": 10.196956041357083, "Nombre_Tipo_Bosque_Predom": "Sin Datos" }, "geometry": { "type": "MultiPolygon", "coordinates": [ [ [ [ 4912660.704149714671075, 2108362.931334252469242 ], [ 4912660.668585781939328, 2108333.150957963895053 ], [ 4912630.802186654880643, 2108333.186629761010408 ], [ 4912630.837762751616538, 2108362.96700796065852 ], [ 4912660.704149714671075, 2108362.931334252469242 ] ] ], [ [ [ 4912690.606088447384536, 2108392.676047360990196 ], [ 4912690.570534760132432, 2108362.895672744140029 ], [ 4912660.704149714671075, 2108362.931334252469242 ], [ 4912660.739715566858649, 2108392.711710778996348 ], [ 4912690.606088447384536, 2108392.676047360990196 ] ] ] ] } },
{ "type": "Feature", "properties": { "id": "+394115+278092", "Area_ha": 0.088933345480925352, "count": 1, "value": 1, "Porcentaje_Cobertura_Forestal": 0.0, "NDVI_Medio_Poligono": 0.55622027347229575, "Codigo_Tipo_Bosque_Predom": 0.0, "Densidad_C_Media_tC_ha": 1.5257657766342163, "Carbono_Perdido_tC": 0.13569145493638315, "Nombre_Tipo_Bosque_Predom": "Sin Datos" }, "geometry": { "type": "MultiPolygon", "coordinates": [ [ [ [ 4912670.701476899906993, 2116671.665688063018024 ], [ 4912670.737578387372196, 2116701.446131682954729 ], [ 4912700.600531550124288, 2116701.409935400355607 ], [ 4912700.564442411065102, 2116671.629493690095842 ], [ 4912670.701476899906993, 2116671.665688063018024 ] ] ] ] } },
{ "type": "Feature", "properties": { "id": "+394115+278101", "Area_ha": 0.26680090270191431, "count": 3, "value": 1, "Porcentaje_Cobertura_Forestal": 0.0, "NDVI_Medio_Poligono": 0.64714035693300331, "Codigo_Tipo_Bosque_Predom": 0.0, "Densidad_C_Media_tC_ha": 9.0813382948242509, "Carbono_Perdido_tC": 2.4229092548005733, "Nombre_Tipo_Bosque_Predom": "Sin Datos" }, "geometry": { "type": "MultiPolygon", "coordinates": [ [ [ [ 4912700.275798622518778, 2116433.38596883462742 ], [ 4912700.239726754836738, 2116403.605529303196818 ], [ 4912670.376650138758123, 2116403.641706490889192 ], [ 4912670.412734348326921, 2116433.422147931531072 ], [ 4912700.275798622518778, 2116433.38596883462742 ] ] ], [ [ [ 4912760.037970529869199, 2116463.094083727803081 ], [ 4912760.001921429298818, 2116433.313647771254182 ], [ 4912700.275798622518778, 2116433.38596883462742 ], [ 4912700.311872408725321, 2116463.166408608201891 ], [ 4912760.037970529869199, 2116463.094083727803081 ] ] ] ] } },
{ "type": "Feature", "properties": { "id": "+394115+278133", "Area_ha": 0.44467394111238973, "count": 5, "value": 1, "Porcentaje_Cobertura_Forestal": 0.0, "NDVI_Medio_Poligono": 0.71918182358447047, "Codigo_Tipo_Bosque_Predom": 0.0, "Densidad_C_Media_tC_ha": 10.08452033996582, "Carbono_Perdido_tC": 4.4843234038006576, "Nombre_Tipo_Bosque_Predom": "Sin Datos" }, "geometry": { "type": "MultiPolygon", "coordinates": [ [ [ [ 4912669.222968805581331, 2115450.667708049993962 ], [ 4912669.258991584181786, 2115480.448141749482602 ], [ 4912639.395530763082206, 2115480.484272097237408 ], [ 4912639.467606722377241, 2115540.045144039206207 ], [ 4912699.194477159529924, 2115539.972888060379773 ], [ 4912699.086440033279359, 2115450.631591968238354 ], [ 4912669.222968805581331, 2115450.667708049993962 ] ] ] ] } },
{ "type": "Feature", "properties": { "id": "+394115+278138", "Area_ha": 0.088935001139517411, "count": 1, "value": 1, "Porcentaje_Cobertura_Forestal": 0.0, "NDVI_Medio_Poligono": 0.61862483829876602, "Codigo_Tipo_Bosque_Predom": 0.0, "Densidad_C_Media_tC_ha": 10.08452033996582, "Carbono_Perdido_tC": 0.89686682792634675, "Nombre_Tipo_Bosque_Predom": "Sin Datos" }, "geometry": { "type": "MultiPolygon", "coordinates": [ [ [ [ 4912669.042883712798357, 2115301.765543181914836 ], [ 4912669.078896892257035, 2115331.545975672546774 ], [ 4912698.942417398095131, 2115331.5098672285676 ], [ 4912698.906416537240148, 2115301.729436648078263 ], [ 4912669.042883712798357, 2115301.765543181914836 ] ] ] ] } },
{ "type": "Feature", "properties": { "id": "+394115+278160", "Area_ha": 0.177871547170353, "count": 2, "value": 1, "Porcentaje_Cobertura_Forestal": 0.0, "NDVI_Medio_Poligono": 0.69542815782473488, "Codigo_Tipo_Bosque_Predom": 0.24229587614536285, "Densidad_C_Media_tC_ha": 61.557247161865234, "Carbono_Perdido_tC": 10.949282792228791, "Nombre_Tipo_Bosque_Predom": "Sin Datos" }, "geometry": { "type": "MultiPolygon", "coordinates": [ [ [ [ 4912668.251079478301108, 2114646.596089518163353 ], [ 4912668.323023285716772, 2114706.156944113317877 ], [ 4912698.186802334152162, 2114706.120875772088766 ], [ 4912698.114883135072887, 2114646.560024996288121 ], [ 4912668.251079478301108, 2114646.596089518163353 ] ] ] ] } },
{ "type": "Feature", "properties": { "id": "+394115+278302", "Area_ha": 0.88940793205649238, "count": 10, "value": 1, "Porcentaje_Cobertura_Forestal": 0.0, "NDVI_Medio_Poligono": 0.76892982383246899, "Codigo_Tipo_Bosque_Predom": 0.0, "Densidad_C_Media_tC_ha": 21.989509582519531, "Carbono_Perdido_tC": 19.557644244725118, "Nombre_Tipo_Bosque_Predom": "Sin Datos" }, "geometry": { "type": "MultiPolygon", "coordinates": [ [ [ [ 4912693.063927883282304, 2110447.522473086137325 ], [ 4912693.028241766616702, 2110417.742081968579441 ], [ 4912663.162697655148804, 2110417.777875283267349 ], [ 4912663.198395981453359, 2110447.558268310967833 ], [ 4912693.063927883282304, 2110447.522473086137325 ] ] ], [ [ [ 4912603.645968983881176, 2110596.531883339863271 ], [ 4912633.51144365593791, 2110596.496054066345096 ], [ 4912633.475723516196012, 2110566.715657930355519 ], [ 4912663.341208485886455, 2110566.679842816665769 ], [ 4912663.198395981453359, 2110447.558268310967833 ], [ 4912603.467326428741217, 2110447.629895497579128 ], [ 4912603.645968983881176, 2110596.531883339863271 ] ] ] ] } },
{ "type": "Feature", "properties": { "id": "+394115+278317", "Area_ha": 0.17788277475051728, "count": 2, "value": 1, "Porcentaje_Cobertura_Forestal": 0.0, "NDVI_Medio_Poligono": 0.70210295754057928, "Codigo_Tipo_Bosque_Predom": 0.0, "Densidad_C_Media_tC_ha": 21.989509582519531, "Carbono_Perdido_tC": 3.9115549799416631, "Nombre_Tipo_Bosque_Predom": "Sin Datos" }, "geometry": { "type": "MultiPolygon", "coordinates": [ [ [ [ 4912662.627452906221151, 2109971.07200849801302 ], [ 4912662.698793881572783, 2110030.632787607144564 ], [ 4912692.564496669918299, 2110030.597019124776125 ], [ 4912692.493180095218122, 2109971.036243835929781 ], [ 4912662.627452906221151, 2109971.07200849801302 ] ] ] ] } },
{ "type": "Feature", "properties": { "id": "+394115+278358", "Area_ha": 0.53365700160618001, "count": 6, "value": 1, "Porcentaje_Cobertura_Forestal": 0.0, "NDVI_Medio_Poligono": 0.69744481218298349, "Codigo_Tipo_Bosque_Predom": 0.0, "Densidad_C_Media_tC_ha": 57.322757720947259, "Carbono_Perdido_tC": 30.59069100915822, "Nombre_Tipo_Bosque_Predom": "Sin Datos" }, "geometry": { "type": "MultiPolygon", "coordinates": [ [ [ [ 4912631.300426542758942, 2108750.111946162767708 ], [ 4912631.407241258770227, 2108839.453091505449265 ], [ 4912691.139623824506998, 2108839.381695148535073 ], [ 4912691.032882153987885, 2108750.040561269503087 ], [ 4912631.300426542758942, 2108750.111946162767708 ] ] ] ] } },
{ "type": "Feature", "properties": { "id": "+394117+278028", "Area_ha": 0.17786203597981656, "count": 2, "value": 1, "Porcentaje_Cobertura_Forestal": 0.0, "NDVI_Medio_Poligono": 0.50451467717168352, "Codigo_Tipo_Bosque_Predom": 0.0, "Densidad_C_Media_tC_ha": 2.8131825923919678, "Carbono_Perdido_tC": 0.50035838346581385, "Nombre_Tipo_Bosque_Predom": "Sin Datos" }, "geometry": { "type": "MultiPolygon", "coordinates": [ [ [ [ 4912702.878016164526343, 2118577.578252161387354 ], [ 4912702.914228123612702, 2118607.358709403779358 ], [ 4912762.638545392081141, 2118607.286109714768827 ], [ 4912762.602358213625848, 2118577.505656288471073 ], [ 4912702.878016164526343, 2118577.578252161387354 ] ] ] ] } },
{ "type": "Feature", "properties": { "id": "+394117+278104", "Area_ha": 0.35573497018440975, "count": 4, "value": 1, "Porcentaje_Cobertura_Forestal": 0.0, "NDVI_Medio_Poligono": 0.63357190445817235, "Codigo_Tipo_Bosque_Predom": 0.0, "Densidad_C_Media_tC_ha": 12.834289714212126, "Carbono_Perdido_tC": 4.5656056688233271, "Nombre_Tipo_Bosque_Predom": "Sin Datos" }, "geometry": { "type": "MultiPolygon", "coordinates": [ [ [ [ 4912700.131522426381707, 2116314.264212047681212 ], [ 4912700.2036565663293, 2116373.825089898891747 ], [ 4912759.929828742519021, 2116373.752776469569653 ], [ 4912759.857743966393173, 2116314.191906252410263 ], [ 4912700.131522426381707, 2116314.264212047681212 ] ] ] ] } },
{ "type": "Feature", "properties": { "id": "+394117+278114", "Area_ha": 0.17786824117838987, "count": 2, "value": 1, "Porcentaje_Cobertura_Forestal": 0.0, "NDVI_Medio_Poligono": 0.71364722031962513, "Codigo_Tipo_Bosque_Predom": 0.0, "Densidad_C_Media_tC_ha": 12.759761377561285, "Carbono_Perdido_tC": 2.2695563140827746, "Nombre_Tipo_Bosque_Predom": "Sin Datos" }, "geometry": { "type": "MultiPolygon", "coordinates": [ [ [ [ 4912699.770966872572899, 2116016.459837312344462 ], [ 4912699.80701379198581, 2116046.2402736954391 ], [ 4912759.533457400277257, 2116046.168002253863961 ], [ 4912759.49743514880538, 2116016.387569687794894 ], [ 4912699.770966872572899, 2116016.459837312344462 ] ] ] ] } },
{ "type": "Feature", "properties": { "id": "+394117+278145", "Area_ha": 0.17787047099722259, "count": 2, "value": 1, "Porcentaje_Cobertura_Forestal": 0.0, "NDVI_Medio_Poligono": 0.59666147556663074, "Codigo_Tipo_Bosque_Predom": 0.0, "Densidad_C_Media_tC_ha": 84.733315263102114, "Carbono_Perdido_tC": 15.071554695004123, "Nombre_Tipo_Bosque_Predom": "Sin Datos" }, "geometry": { "type": "MultiPolygon", "coordinates": [ [ [ [ 4912698.654464246705174, 2115093.266429350245744 ], [ 4912698.690451673232019, 2115123.046858239918947 ], [ 4912758.417659371159971, 2115122.974705131724477 ], [ 4912758.381696571595967, 2115093.194280059542507 ], [ 4912698.654464246705174, 2115093.266429350245744 ] ] ] ] } },
{ "type": "Feature", "properties": { "id": "+394118+278106", "Area_ha": 0.088933815338007122, "count": 1, "value": 1, "Porcentaje_Cobertura_Forestal": 0.0, "NDVI_Medio_Poligono": 0.50068912802639309, "Codigo_Tipo_Bosque_Predom": 0.0, "Densidad_C_Media_tC_ha": 13.283352851867676, "Carbono_Perdido_tC": 1.1813392495975901, "Nombre_Tipo_Bosque_Predom": "Sin Datos" }, "geometry": { "type": "MultiPolygon", "coordinates": [ [ [ [ 4912759.785666860640049, 2116254.631037003360689 ], [ 4912759.82170445472002, 2116284.411471506115049 ], [ 4912789.684824692085385, 2116284.375339077785611 ], [ 4912789.648799437098205, 2116254.594906482845545 ], [ 4912759.785666860640049, 2116254.631037003360689 ] ] ] ] } },
{ "type": "Feature", "properties": { "id": "+394118+278297", "Area_ha": 0.088940658217822779, "count": 1, "value": 1, "Porcentaje_Cobertura_Forestal": 0.0, "NDVI_Medio_Poligono": 0.63932819025263732, "Codigo_Tipo_Bosque_Predom": 0.0, "Densidad_C_Media_tC_ha": 19.186077117919922, "Carbono_Perdido_tC": 1.706422327485706, "Nombre_Tipo_Bosque_Predom": "Sin Datos" }, "geometry": { "type": "MultiPolygon", "coordinates": [ [ [ [ 4912752.937651664018631, 2110566.572470851708204 ], [ 4912752.973322948440909, 2110596.352859347593039 ], [ 4912782.838788043707609, 2110596.317091318778694 ], [ 4912782.803128972649574, 2110566.536704730708152 ], [ 4912752.937651664018631, 2110566.572470851708204 ] ] ] ] } },
{ "type": "Feature", "properties": { "id": "+394119+278092", "Area_ha": 0.088933299539414298, "count": 1, "value": 1, "Porcentaje_Cobertura_Forestal": 0.0, "NDVI_Medio_Poligono": 0.45216679702736201, "Codigo_Tipo_Bosque_Predom": 0.0, "Densidad_C_Media_tC_ha": 13.283352851867676, "Carbono_Perdido_tC": 1.1813323980628812, "Nombre_Tipo_Bosque_Predom": "Sin Datos" }, "geometry": { "type": "MultiPolygon", "coordinates": [ [ [ [ 4912790.153327462263405, 2116671.520984864793718 ], [ 4912790.189379557035863, 2116701.301420850213617 ], [ 4912820.052325066179037, 2116701.265274099539965 ], [ 4912820.016285319812596, 2116671.484840020537376 ], [ 4912790.153327462263405, 2116671.520984864793718 ] ] ] ] } },
{ "type": "Feature", "properties": { "id": "+394119+278098", "Area_ha": 0.3557339622152329, "count": 4, "value": 1, "Porcentaje_Cobertura_Forestal": 0.0, "NDVI_Medio_Poligono": 0.70608561911045531, "Codigo_Tipo_Bosque_Predom": 0.0, "Densidad_C_Media_tC_ha": 13.283352851867676, "Carbono_Perdido_tC": 4.7253397414979021, "Nombre_Tipo_Bosque_Predom": "Sin Datos" }, "geometry": { "type": "MultiPolygon", "coordinates": [ [ [ [ 4912760.074021309614182, 2116492.874519811477512 ], [ 4912760.182185871526599, 2116582.215829861816019 ], [ 4912790.045182681642473, 2116582.179678358137608 ], [ 4912789.973095746710896, 2116522.618808564264327 ], [ 4912819.836115336045623, 2116522.582673254422843 ], [ 4912819.80008708871901, 2116492.802240627352148 ], [ 4912760.074021309614182, 2116492.874519811477512 ] ] ] ] } },
{ "type": "Feature", "properties": { "id": "+394119+278108", "Area_ha": 0.17786776324247186, "count": 2, "value": 1, "Porcentaje_Cobertura_Forestal": 0.0, "NDVI_Medio_Poligono": 0.63637731076372062, "Codigo_Tipo_Bosque_Predom": 0.0, "Densidad_C_Media_tC_ha": 13.283352851867678, "Carbono_Perdido_tC": 2.3626802601222137, "Nombre_Tipo_Bosque_Predom": "Sin Datos" }, "geometry": { "type": "MultiPolygon", "coordinates": [ [ [ [ 4912759.713597426190972, 2116195.070168721489608 ], [ 4912759.749631184153259, 2116224.850602741353214 ], [ 4912819.475919103249907, 2116224.778357887174934 ], [ 4912819.439910019747913, 2116194.997927682008594 ], [ 4912759.713597426190972, 2116195.070168721489608 ] ] ] ] } },
{ "type": "Feature", "properties": { "id": "+394119+278114", "Area_ha": 0.088934091874025761, "count": 1, "value": 1, "Porcentaje_Cobertura_Forestal": 0.0, "NDVI_Medio_Poligono": 0.43672892269139879, "Codigo_Tipo_Bosque_Predom": 0.0, "Densidad_C_Media_tC_ha": 13.283352851867676, "Carbono_Perdido_tC": 1.1813429229231021, "Nombre_Tipo_Bosque_Predom": "Sin Datos" }, "geometry": { "type": "MultiPolygon", "coordinates": [ [ [ [ 4912789.360666415654123, 2116016.351454427465796 ], [ 4912789.396676333621144, 2116046.13188508618623 ], [ 4912819.259893353097141, 2116046.095780286472291 ], [ 4912819.223895769566298, 2116016.31535153510049 ], [ 4912789.360666415654123, 2116016.351454427465796 ] ] ] ] } },
{ "type": "Feature", "properties": { "id": "+394119+278310", "Area_ha": 0.08894110994086514, "count": 1, "value": 1, "Porcentaje_Cobertura_Forestal": 0.0, "NDVI_Medio_Poligono": 0.70495600163705741, "Codigo_Tipo_Bosque_Predom": 0.0, "Densidad_C_Media_tC_ha": 19.186077117919922, "Carbono_Perdido_tC": 1.7064309942788327, "Nombre_Tipo_Bosque_Predom": "Sin Datos" }, "geometry": { "type": "MultiPolygon", "coordinates": [ [ [ [ 4912782.339735520072281, 2110179.391700876876712 ], [ 4912782.375369667075574, 2110209.172084351535887 ], [ 4912812.24099157564342, 2110209.136353369336575 ], [ 4912812.20536963455379, 2110179.355971802026033 ], [ 4912782.339735520072281, 2110179.391700876876712 ] ] ] ] } },
{ "type": "Feature", "properties": { "id": "+394119+278329", "Area_ha": 0.088941786346817389, "count": 1, "value": 1, "Porcentaje_Cobertura_Forestal": 0.0, "NDVI_Medio_Poligono": 0.59067304908090701, "Codigo_Tipo_Bosque_Predom": 2.328685998916626, "Densidad_C_Media_tC_ha": 23.526819229125977, "Carbono_Perdido_tC": 2.0925173292971175, "Nombre_Tipo_Bosque_Predom": "Sin Datos" }, "geometry": { "type": "MultiPolygon", "coordinates": [ [ [ [ 4912781.663051017560065, 2109613.564460346940905 ], [ 4912781.698648735880852, 2109643.344839273951948 ], [ 4912811.564502431079745, 2109643.309144535567611 ], [ 4912811.528916904702783, 2109613.528767516370863 ], [ 4912781.663051017560065, 2109613.564460346940905 ] ] ] ] } },
{ "type": "Feature", "properties": { "id": "+394120+278110", "Area_ha": 0.088933936412243925, "count": 1, "value": 1, "Porcentaje_Cobertura_Forestal": 0.0, "NDVI_Medio_Poligono": 0.75496396316332748, "Codigo_Tipo_Bosque_Predom": 0.0, "Densidad_C_Media_tC_ha": 13.283352851867676, "Carbono_Perdido_tC": 1.1813408578693989, "Nombre_Tipo_Bosque_Predom": "Sin Datos" }, "geometry": { "type": "MultiPolygon", "coordinates": [ [ [ [ 4912819.367897603660822, 2116135.437067998573184 ], [ 4912819.403902853839099, 2116165.217497718520463 ], [ 4912849.267068621702492, 2116165.181397662498057 ], [ 4912849.231075707823038, 2116135.400969848968089 ], [ 4912819.367897603660822, 2116135.437067998573184 ] ] ] ] } },
{ "type": "Feature", "properties": { "id": "+394120+278282", "Area_ha": 1.0672803104419857, "count": 12, "value": 1, "Porcentaje_Cobertura_Forestal": 0.0, "NDVI_Medio_Poligono": 0.72657485326195059, "Codigo_Tipo_Bosque_Predom": 0.0, "Densidad_C_Media_tC_ha": 41.051418304443359, "Carbono_Perdido_tC": 43.813370472050124, "Nombre_Tipo_Bosque_Predom": "Sin Datos" }, "geometry": { "type": "MultiPolygon", "coordinates": [ [ [ [ 4912873.005391454324126, 2111072.695987339597195 ], [ 4912902.870653392747045, 2111072.660237818025053 ], [ 4912902.835012542083859, 2111042.879855019040406 ], [ 4912843.104462306946516, 2111042.951362509280443 ], [ 4912843.068798923864961, 2111013.170976138208061 ], [ 4912783.338216589763761, 2111013.242528849281371 ], [ 4912783.480979413725436, 2111132.364091029390693 ], [ 4912813.34622263815254, 2111132.328300915192813 ], [ 4912813.274861842393875, 2111072.767523160204291 ], [ 4912843.140127605758607, 2111072.731749120168388 ], [ 4912843.211463950574398, 2111132.292523061856627 ], [ 4912873.076703350059688, 2111132.256757468450814 ], [ 4912873.005391454324126, 2111072.695987339597195 ] ] ], [ [ [ 4912843.282807960174978, 2111191.853297962341458 ], [ 4912843.211463950574398, 2111132.292523061856627 ], [ 4912813.34622263815254, 2111132.328300915192813 ], [ 4912813.417591100558639, 2111191.889079629909247 ], [ 4912843.282807960174978, 2111191.853297962341458 ] ] ] ] } },
{ "type": "Feature", "properties": { "id": "+394120+278285", "Area_ha": 0.08894020740346896, "count": 1, "value": 1, "Porcentaje_Cobertura_Forestal": 0.0, "NDVI_Medio_Poligono": 0.64730425781082201, "Codigo_Tipo_Bosque_Predom": 0.0, "Densidad_C_Media_tC_ha": 29.853204274683812, "Carbono_Perdido_tC": 2.6551501798485044, "Nombre_Tipo_Bosque_Predom": "Sin Datos" }, "geometry": { "type": "MultiPolygon", "coordinates": [ [ [ [ 4912813.096493153832853, 2110923.865582855883986 ], [ 4912813.132163010537624, 2110953.64597041439265 ], [ 4912842.997477665543556, 2110953.610204001422971 ], [ 4912842.961820030584931, 2110923.829818349797279 ], [ 4912813.096493153832853, 2110923.865582855883986 ] ] ] ] } },
{ "type": "Feature", "properties": { "id": "+394121+278097", "Area_ha": 0.17786686600446702, "count": 2, "value": 1, "Porcentaje_Cobertura_Forestal": 0.0, "NDVI_Medio_Poligono": 0.60969129824195256, "Codigo_Tipo_Bosque_Predom": 0.0, "Densidad_C_Media_tC_ha": 13.283352851867676, "Carbono_Perdido_tC": 2.3626683417932028, "Nombre_Tipo_Bosque_Predom": "Sin Datos" }, "geometry": { "type": "MultiPolygon", "coordinates": [ [ [ [ 4912879.598154493607581, 2116552.290868942625821 ], [ 4912879.562149019911885, 2116522.510439886245877 ], [ 4912849.69913325458765, 2116522.546550437808037 ], [ 4912849.735151072964072, 2116552.32698140013963 ], [ 4912879.598154493607581, 2116552.290868942625821 ] ] ], [ [ [ 4912909.497151047922671, 2116582.035196259152144 ], [ 4912909.461156004108489, 2116552.254768864717335 ], [ 4912879.598154493607581, 2116552.290868942625821 ], [ 4912879.634161883033812, 2116582.071298242080957 ], [ 4912909.497151047922671, 2116582.035196259152144 ] ] ] ] } },
{ "type": "Feature", "properties": { "id": "+394121+278105", "Area_ha": 0.53360221415972919, "count": 6, "value": 1, "Porcentaje_Cobertura_Forestal": 0.0, "NDVI_Medio_Poligono": 0.58276204498079853, "Codigo_Tipo_Bosque_Predom": 0.0, "Densidad_C_Media_tC_ha": 13.283352851867676, "Carbono_Perdido_tC": 7.0880264932215447, "Nombre_Tipo_Bosque_Predom": "Sin Datos" }, "geometry": { "type": "MultiPolygon", "coordinates": [ [ [ [ 4912879.310164327733219, 2116314.047443269286305 ], [ 4912879.274174175225198, 2116284.267016149591655 ], [ 4912819.547943257726729, 2116284.339219137560576 ], [ 4912819.583958089351654, 2116314.119650069158524 ], [ 4912879.310164327733219, 2116314.047443269286305 ] ] ], [ [ [ 4912789.720852103084326, 2116314.155772030819207 ], [ 4912789.792912198230624, 2116373.716638433746994 ], [ 4912819.655993503518403, 2116373.680512658320367 ], [ 4912819.583958089351654, 2116314.119650069158524 ], [ 4912789.720852103084326, 2116314.155772030819207 ] ] ], [ [ [ 4912819.655993503518403, 2116373.680512658320367 ], [ 4912819.692014085128903, 2116403.460944315884262 ], [ 4912879.418146276846528, 2116403.388726080302149 ], [ 4912879.382150378078222, 2116373.608298234641552 ], [ 4912819.655993503518403, 2116373.680512658320367 ] ] ] ] } },
{ "type": "Feature", "properties": { "id": "+394121+278178", "Area_ha": 0.17787270142056222, "count": 2, "value": 1, "Porcentaje_Cobertura_Forestal": 0.0, "NDVI_Medio_Poligono": 0.59288677884558605, "Codigo_Tipo_Bosque_Predom": 0.76305478811264038, "Densidad_C_Media_tC_ha": 123.20417785644531, "Carbono_Perdido_tC": 21.914659941625342, "Nombre_Tipo_Bosque_Predom": "Sin Datos" }, "geometry": { "type": "MultiPolygon", "coordinates": [ [ [ [ 4912846.788052133284509, 2114110.332445616368204 ], [ 4912846.859779321588576, 2114169.893268628045917 ], [ 4912876.72376827057451, 2114169.857308625243604 ], [ 4912876.652065666392446, 2114110.29648942546919 ], [ 4912846.788052133284509, 2114110.332445616368204 ] ] ] ] } },
{ "type": "Feature", "properties": { "id": "+394121+278367", "Area_ha": 0.088943114130220782, "count": 1, "value": 1, "Porcentaje_Cobertura_Forestal": 0.0, "NDVI_Medio_Poligono": 0.69620188241457348, "Codigo_Tipo_Bosque_Predom": 0.0, "Densidad_C_Media_tC_ha": 69.037612915039062, "Carbono_Perdido_tC": 6.1404202847803235, "Nombre_Tipo_Bosque_Predom": "Sin Datos" }, "geometry": { "type": "MultiPolygon", "coordinates": [ [ [ [ 4912840.044413973577321, 2108481.839009820017964 ], [ 4912840.079914499074221, 2108511.619375848677009 ], [ 4912869.946227231062949, 2108511.583778007887304 ], [ 4912869.910738873295486, 2108481.803413885645568 ], [ 4912840.044413973577321, 2108481.839009820017964 ] ] ] ] } },
{ "type": "Feature", "properties": { "id": "+394122+278099", "Area_ha": 0.17786704612732865, "count": 2, "value": 1, "Porcentaje_Cobertura_Forestal": 0.0, "NDVI_Medio_Poligono": 0.75447454026993943, "Codigo_Tipo_Bosque_Predom": 0.0, "Densidad_C_Media_tC_ha": 13.283352851867676, "Carbono_Perdido_tC": 2.3626707344287303, "Nombre_Tipo_Bosque_Predom": "Sin Datos" }, "geometry": { "type": "MultiPolygon", "coordinates": [ [ [ [ 4912849.627103123813868, 2116462.985689125955105 ], [ 4912849.66311711166054, 2116492.766119602601975 ], [ 4912909.389171421527863, 2116492.693914688192308 ], [ 4912909.35318212211132, 2116462.913488022051752 ], [ 4912849.627103123813868, 2116462.985689125955105 ] ] ] ] } },
{ "type": "Feature", "properties": { "id": "+394122+278111", "Area_ha": 0.088933949471337842, "count": 1, "value": 1, "Porcentaje_Cobertura_Forestal": 0.0, "NDVI_Medio_Poligono": 0.85354754650695552, "Codigo_Tipo_Bosque_Predom": 0.0, "Densidad_C_Media_tC_ha": 13.283352851867676, "Carbono_Perdido_tC": 1.1813410313379513, "Nombre_Tipo_Bosque_Predom": "Sin Datos" }, "geometry": { "type": "MultiPolygon", "coordinates": [ [ [ [ 4912879.058273239061236, 2116105.584458401892334 ], [ 4912879.094251900911331, 2116135.364884069655091 ], [ 4912908.957426180131733, 2116135.32881066063419 ], [ 4912908.921459854580462, 2116105.54838689789176 ], [ 4912879.058273239061236, 2116105.584458401892334 ] ] ] ] } },
{ "type": "Feature", "properties": { "id": "+394122+278117", "Area_ha": 0.088934165427421982, "count": 1, "value": 1, "Porcentaje_Cobertura_Forestal": 0.0, "NDVI_Medio_Poligono": 0.80185912294379202, "Codigo_Tipo_Bosque_Predom": 0.0, "Densidad_C_Media_tC_ha": 13.283352851867676, "Carbono_Perdido_tC": 1.1813438999588175, "Nombre_Tipo_Bosque_Predom": "Sin Datos" }, "geometry": { "type": "MultiPolygon", "coordinates": [ [ [ [ 4912878.842441487126052, 2115926.90190948266536 ], [ 4912878.878408658318222, 2115956.682333696633577 ], [ 4912908.741656942293048, 2115956.646271717268974 ], [ 4912908.705702103674412, 2115926.865849408321083 ], [ 4912878.842441487126052, 2115926.90190948266536 ] ] ] ] } },
{ "type": "Feature", "properties": { "id": "+394122+278286", "Area_ha": 0.088940220113335813, "count": 1, "value": 1, "Porcentaje_Cobertura_Forestal": 0.0, "NDVI_Medio_Poligono": 0.74512404109457131, "Codigo_Tipo_Bosque_Predom": 0.0, "Densidad_C_Media_tC_ha": 19.186077117919925, "Carbono_Perdido_tC": 1.7064139219792338, "Nombre_Tipo_Bosque_Predom": "Sin Datos" }, "geometry": { "type": "MultiPolygon", "coordinates": [ [ [ [ 4912872.791501497849822, 2110894.013682595454156 ], [ 4912872.827144996263087, 2110923.794066099915653 ], [ 4912902.692468047142029, 2110923.758326105773449 ], [ 4912902.656836770474911, 2110893.977944507263601 ], [ 4912872.791501497849822, 2110894.013682595454156 ] ] ] ] } },
{ "type": "Feature", "properties": { "id": "+394123+278078", "Area_ha": 0.26679821239014856, "count": 3, "value": 1, "Porcentaje_Cobertura_Forestal": 0.0, "NDVI_Medio_Poligono": 0.59527637970550329, "Codigo_Tipo_Bosque_Predom": 0.0, "Densidad_C_Media_tC_ha": 2.6074230670928955, "Carbono_Perdido_tC": 0.69565581324522296, "Nombre_Tipo_Bosque_Predom": "Sin Datos" }, "geometry": { "type": "MultiPolygon", "coordinates": [ [ [ [ 4912880.246580272912979, 2117088.338633285835385 ], [ 4912880.318665910512209, 2117147.899500850588083 ], [ 4912910.181420381180942, 2117147.863362675067037 ], [ 4912910.145388962700963, 2117118.082930677104741 ], [ 4912940.008153884671628, 2117118.046806798316538 ], [ 4912939.972136738710105, 2117088.266376945655793 ], [ 4912880.246580272912979, 2117088.338633285835385 ] ] ] ] } },
{ "type": "Feature", "properties": { "id": "+394123+278102", "Area_ha": 0.088933613934650199, "count": 1, "value": 1, "Porcentaje_Cobertura_Forestal": 0.0, "NDVI_Medio_Poligono": 0.44833599137158381, "Codigo_Tipo_Bosque_Predom": 0.0, "Densidad_C_Media_tC_ha": 13.283352851867676, "Carbono_Perdido_tC": 1.1813365742857347, "Nombre_Tipo_Bosque_Predom": "Sin Datos" }, "geometry": { "type": "MultiPolygon", "coordinates": [ [ [ [ 4912909.245225708931684, 2116373.572209470905364 ], [ 4912909.281209265813231, 2116403.352635412476957 ], [ 4912939.144270585849881, 2116403.316557235550135 ], [ 4912939.108299371786416, 2116373.536133198067546 ], [ 4912909.245225708931684, 2116373.572209470905364 ] ] ] ] } },
{ "type": "Feature", "properties": { "id": "+394123+278315", "Area_ha": 0.17788243716657162, "count": 2, "value": 1, "Porcentaje_Cobertura_Forestal": 9.8723996074313654, "NDVI_Medio_Poligono": 0.67395089521327545, "Codigo_Tipo_Bosque_Predom": 0.0, "Densidad_C_Media_tC_ha": 19.186077117919922, "Carbono_Perdido_tC": 3.4128661574013881, "Nombre_Tipo_Bosque_Predom": "Sin Datos" }, "geometry": { "type": "MultiPolygon", "coordinates": [ [ [ [ 4912931.525613871403039, 2110060.091684637591243 ], [ 4912931.490050320513546, 2110030.311311891768128 ], [ 4912901.624362835660577, 2110030.346982482355088 ], [ 4912901.659938587807119, 2110060.127357133198529 ], [ 4912931.525613871403039, 2110060.091684637591243 ] ] ], [ [ [ 4912961.426840506494045, 2110089.836395460180938 ], [ 4912961.391287243925035, 2110060.056024379096925 ], [ 4912931.525613871403039, 2110060.091684637591243 ], [ 4912931.561179336160421, 2110089.872057623229921 ], [ 4912961.426840506494045, 2110089.836395460180938 ] ] ] ] } },
{ "type": "Feature", "properties": { "id": "+394124+278031", "Area_ha": 0.2667931556257303, "count": 3, "value": 1, "Porcentaje_Cobertura_Forestal": 0.0, "NDVI_Medio_Poligono": 0.59869586337544622, "Codigo_Tipo_Bosque_Predom": 0.0, "Densidad_C_Media_tC_ha": 2.8131825923919678, "Carbono_Perdido_tC": 0.75053786117562571, "Nombre_Tipo_Bosque_Predom": "Sin Datos" }, "geometry": { "type": "MultiPolygon", "coordinates": [ [ [ [ 4912881.94261800032109, 2118488.019277688581496 ], [ 4912881.97874987218529, 2118517.799722760450095 ], [ 4912971.565300007350743, 2118517.69108264381066 ], [ 4912971.529205300845206, 2118487.910643284209073 ], [ 4912881.94261800032109, 2118488.019277688581496 ] ] ] ] } },
{ "type": "Feature", "properties": { "id": "+394124+278083", "Area_ha": 0.44466451359614728, "count": 5, "value": 1, "Porcentaje_Cobertura_Forestal": 0.0, "NDVI_Medio_Poligono": 0.59533105630320826, "Codigo_Tipo_Bosque_Predom": 0.0, "Densidad_C_Media_tC_ha": 2.6074230670928955, "Carbono_Perdido_tC": 1.1594285098682369, "Nombre_Tipo_Bosque_Predom": "Sin Datos" }, "geometry": { "type": "MultiPolygon", "coordinates": [ [ [ [ 4912850.203556815162301, 2116939.472605844493955 ], [ 4912850.239601455628872, 2116969.253040199633688 ], [ 4912939.828087290748954, 2116969.144659960642457 ], [ 4912939.864096782170236, 2116998.925088843796402 ], [ 4912969.726909221149981, 2116998.888984971214086 ], [ 4912969.654916861094534, 2116939.328131254762411 ], [ 4912850.203556815162301, 2116939.472605844493955 ] ] ] ] } },
{ "type": "Feature", "properties": { "id": "+394124+278129", "Area_ha": 0.088934574239930952, "count": 1, "value": 1, "Porcentaje_Cobertura_Forestal": 0.0, "NDVI_Medio_Poligono": 0.73700784055291502, "Codigo_Tipo_Bosque_Predom": 0.0, "Densidad_C_Media_tC_ha": 89.771575927734375, "Carbono_Perdido_tC": 7.9837968839806912, "Nombre_Tipo_Bosque_Predom": "Sin Datos" }, "geometry": { "type": "MultiPolygon", "coordinates": [ [ [ [ 4912938.137800009921193, 2115569.464775700587779 ], [ 4912938.173719550482929, 2115599.245193203911185 ], [ 4912968.037111957557499, 2115599.209178802091628 ], [ 4912968.001204741187394, 2115569.428763202391565 ], [ 4912938.137800009921193, 2115569.464775700587779 ] ] ] ] } },
{ "type": "Feature", "properties": { "id": "+394124+278318", "Area_ha": 0.17788263934384158, "count": 2, "value": 1, "Porcentaje_Cobertura_Forestal": 0.0, "NDVI_Medio_Poligono": 0.35546224881976168, "Codigo_Tipo_Bosque_Predom": 0.0, "Densidad_C_Media_tC_ha": 19.460872418685167, "Carbono_Perdido_tC": 3.4617513497694872, "Nombre_Tipo_Bosque_Predom": "Sin Datos" }, "geometry": { "type": "MultiPolygon", "coordinates": [ [ [ [ 4912931.383370911702514, 2109940.970194975379854 ], [ 4912931.454488443210721, 2110000.530939271207899 ], [ 4912961.32018621917814, 2110000.495282820891589 ], [ 4912961.249093088321388, 2109940.934542333707213 ], [ 4912931.383370911702514, 2109940.970194975379854 ] ] ] ] } },
{ "type": "Feature", "properties": { "id": "+394125+278087", "Area_ha": 0.26679914994537829, "count": 3, "value": 1, "Porcentaje_Cobertura_Forestal": 0.0, "NDVI_Medio_Poligono": 0.81266638765980359, "Codigo_Tipo_Bosque_Predom": 0.0, "Densidad_C_Media_tC_ha": 13.283352851867676, "Carbono_Perdido_tC": 3.5439872493028122, "Nombre_Tipo_Bosque_Predom": "Sin Datos" }, "geometry": { "type": "MultiPolygon", "coordinates": [ [ [ [ 4912999.409815207123756, 2116849.950770645868033 ], [ 4912999.37383998837322, 2116820.170346781611443 ], [ 4912939.648068781942129, 2116820.242519298102707 ], [ 4912939.684068704023957, 2116850.022946969140321 ], [ 4912999.409815207123756, 2116849.950770645868033 ] ] ], [ [ [ 4912939.720070539973676, 2116879.803374881390482 ], [ 4912939.684068704023957, 2116850.022946969140321 ], [ 4912909.821192588657141, 2116850.059053709730506 ], [ 4912909.857206776738167, 2116879.839483526535332 ], [ 4912939.720070539973676, 2116879.803374881390482 ] ] ] ] } },
{ "type": "Feature", "properties": { "id": "+394125+278097", "Area_ha": 0.088933410907180224, "count": 1, "value": 1, "Porcentaje_Cobertura_Forestal": 0.0, "NDVI_Medio_Poligono": 0.61372349181457531, "Codigo_Tipo_Bosque_Predom": 0.0, "Densidad_C_Media_tC_ha": 13.283352851867676, "Carbono_Perdido_tC": 1.1813338774002122, "Nombre_Tipo_Bosque_Predom": "Sin Datos" }, "geometry": { "type": "MultiPolygon", "coordinates": [ [ [ [ 4912969.151184620335698, 2116522.402182389050722 ], [ 4912969.187153059057891, 2116552.182605733629316 ], [ 4912999.050148842856288, 2116552.146542794536799 ], [ 4912999.014192749746144, 2116522.366121353115886 ], [ 4912969.151184620335698, 2116522.402182389050722 ] ] ] ] } },
{ "type": "Feature", "properties": { "id": "+394125+278107", "Area_ha": 0.088933771080299637, "count": 1, "value": 1, "Porcentaje_Cobertura_Forestal": 0.0, "NDVI_Medio_Poligono": 0.50250481729072771, "Codigo_Tipo_Bosque_Predom": 0.0, "Densidad_C_Media_tC_ha": 13.283352851867676, "Carbono_Perdido_tC": 1.1813386617068453, "Nombre_Tipo_Bosque_Predom": "Sin Datos" }, "geometry": { "type": "MultiPolygon", "coordinates": [ [ [ [ 4912968.791605457663536, 2116224.59796226862818 ], [ 4912968.827554764226079, 2116254.37838319176808 ], [ 4912998.690673969686031, 2116254.342339281924069 ], [ 4912998.654737000353634, 2116224.56192026194185 ], [ 4912968.791605457663536, 2116224.59796226862818 ] ] ] ] } },
{ "type": "Feature", "properties": { "id": "+394125+278174", "Area_ha": 0.088936179289304709, "count": 1, "value": 1, "Porcentaje_Cobertura_Forestal": 0.0, "NDVI_Medio_Poligono": 0.59404963032452274, "Codigo_Tipo_Bosque_Predom": 0.051153227686882019, "Densidad_C_Media_tC_ha": 123.20417785644531, "Carbono_Perdido_tC": 10.957308851032206, "Nombre_Tipo_Bosque_Predom": "Sin Datos" }, "geometry": { "type": "MultiPolygon", "coordinates": [ [ [ [ 4912966.387360157445073, 2114229.310311317909509 ], [ 4912966.423181279562414, 2114259.090716048609465 ], [ 4912996.287125707603991, 2114259.054799645673484 ], [ 4912996.251316879875958, 2114229.274396818131208 ], [ 4912966.387360157445073, 2114229.310311317909509 ] ] ] ] } },
{ "type": "Feature", "properties": { "id": "+394127+278079", "Area_ha": 0.17786548986721026, "count": 2, "value": 1, "Porcentaje_Cobertura_Forestal": 0.0, "NDVI_Medio_Poligono": 0.68856625835447194, "Codigo_Tipo_Bosque_Predom": 0.21765193343162537, "Densidad_C_Media_tC_ha": 2.6074230670928955, "Carbono_Perdido_tC": 0.46377058111954172, "Nombre_Tipo_Bosque_Predom": "Sin Datos" }, "geometry": { "type": "MultiPolygon", "coordinates": [ [ [ [ 4912999.661695051006973, 2117058.413744367193431 ], [ 4912999.697685570456088, 2117088.194170170929283 ], [ 4913059.423226768150926, 2117088.122012961190194 ], [ 4913059.387260963208973, 2117058.341590961441398 ], [ 4912999.661695051006973, 2117058.413744367193431 ] ] ] ] } },
{ "type": "Feature", "properties": { "id": "+394127+278081", "Area_ha": 0.17786563409332012, "count": 2, "value": 1, "Porcentaje_Cobertura_Forestal": 0.0, "NDVI_Medio_Poligono": 0.64654396399598246, "Codigo_Tipo_Bosque_Predom": 0.0, "Densidad_C_Media_tC_ha": 2.6074230670928955, "Carbono_Perdido_tC": 0.46377095717802747, "Nombre_Tipo_Bosque_Predom": "Sin Datos" }, "geometry": { "type": "MultiPolygon", "coordinates": [ [ [ [ 4912999.589719750918448, 2116998.85289348801598 ], [ 4912999.625706444494426, 2117028.633318805601448 ], [ 4913059.351297068409622, 2117028.561169203836471 ], [ 4913059.315335085615516, 2116998.780747690238059 ], [ 4912999.589719750918448, 2116998.85289348801598 ] ] ] ] } },
{ "type": "Feature", "properties": { "id": "+394127+278293", "Area_ha": 0.088940412431958243, "count": 1, "value": 1, "Porcentaje_Cobertura_Forestal": 0.0, "NDVI_Medio_Poligono": 0.61144016883098795, "Codigo_Tipo_Bosque_Predom": 1.1650499105453491, "Densidad_C_Media_tC_ha": 19.186077117919922, "Carbono_Perdido_tC": 1.7064176118191545, "Nombre_Tipo_Bosque_Predom": "Sin Datos" }, "geometry": { "type": "MultiPolygon", "coordinates": [ [ [ [ 4913021.869135547429323, 2110685.372503529302776 ], [ 4913021.904704556800425, 2110715.152875836007297 ], [ 4913051.770103597082198, 2110715.117210438009351 ], [ 4913051.734546803869307, 2110685.33684003399685 ], [ 4913021.869135547429323, 2110685.372503529302776 ] ] ] ] } },
{ "type": "Feature", "properties": { "id": "+394128+278095", "Area_ha": 0.17786657296680058, "count": 2, "value": 1, "Porcentaje_Cobertura_Forestal": 0.0, "NDVI_Medio_Poligono": 0.63654841128629092, "Codigo_Tipo_Bosque_Predom": 0.0, "Densidad_C_Media_tC_ha": 13.283352851867676, "Carbono_Perdido_tC": 2.3626644492704805, "Nombre_Tipo_Bosque_Predom": "Sin Datos" }, "geometry": { "type": "MultiPolygon", "coordinates": [ [ [ [ 4913058.812068000435829, 2116581.854871934745461 ], [ 4913058.883940364234149, 2116641.41570841986686 ], [ 4913088.746893387287855, 2116641.379676916170865 ], [ 4913088.675045717507601, 2116581.818844233173877 ], [ 4913058.812068000435829, 2116581.854871934745461 ] ] ] ] } },
{ "type": "Feature", "properties": { "id": "+394128+278098", "Area_ha": 0.088933412584636246, "count": 1, "value": 1, "Porcentaje_Cobertura_Forestal": 0.0, "NDVI_Medio_Poligono": 0.76569201925381714, "Codigo_Tipo_Bosque_Predom": 0.0, "Densidad_C_Media_tC_ha": 13.283352851867676, "Carbono_Perdido_tC": 1.1813338996824525, "Nombre_Tipo_Bosque_Predom": "Sin Datos" }, "geometry": { "type": "MultiPolygon", "coordinates": [ [ [ [ 4913058.704273789189756, 2116492.513619021978229 ], [ 4913058.740203281864524, 2116522.294036417268217 ], [ 4913088.603205689229071, 2116522.258012517355382 ], [ 4913088.56728854123503, 2116492.477597023360431 ], [ 4913058.704273789189756, 2116492.513619021978229 ] ] ] ] } },
{ "type": "Feature", "properties": { "id": "+394128+278124", "Area_ha": 0.17786866119392652, "count": 2, "value": 1, "Porcentaje_Cobertura_Forestal": 0.0, "NDVI_Medio_Poligono": 0.83481013755246136, "Codigo_Tipo_Bosque_Predom": 0.0, "Densidad_C_Media_tC_ha": 89.771575927734375, "Carbono_Perdido_tC": 15.967550023535036, "Nombre_Tipo_Bosque_Predom": "Sin Datos" }, "geometry": { "type": "MultiPolygon", "coordinates": [ [ [ [ 4913057.770777818746865, 2115718.222851733677089 ], [ 4913057.842539331875741, 2115777.783674179110676 ], [ 4913087.705850150436163, 2115777.747697805520147 ], [ 4913087.634113293141127, 2115718.186879162210971 ], [ 4913057.770777818746865, 2115718.222851733677089 ] ] ] ] } },
{ "type": "Feature", "properties": { "id": "+394128+278143", "Area_ha": 0.088935031762774452, "count": 1, "value": 1, "Porcentaje_Cobertura_Forestal": 8.2115143612271968, "NDVI_Medio_Poligono": 0.68262758829347259, "Codigo_Tipo_Bosque_Predom": 2.0276825428009033, "Densidad_C_Media_tC_ha": 89.771575927734375, "Carbono_Perdido_tC": 7.9838379565273749, "Nombre_Tipo_Bosque_Predom": "Sin Datos" }, "geometry": { "type": "MultiPolygon", "coordinates": [ [ [ [ 4913057.089424734003842, 2115152.395086752250791 ], [ 4913057.125268221832812, 2115182.175493258982897 ], [ 4913086.988825473934412, 2115182.139554907102138 ], [ 4913086.952994301915169, 2115152.359150301665068 ], [ 4913057.089424734003842, 2115152.395086752250791 ] ] ] ] } },
{ "type": "Feature", "properties": { "id": "+394128+278172", "Area_ha": 0.088936073169103472, "count": 1, "value": 1, "Porcentaje_Cobertura_Forestal": 0.0, "NDVI_Medio_Poligono": 0.54334099866977792, "Codigo_Tipo_Bosque_Predom": 2.260692834854126, "Densidad_C_Media_tC_ha": 123.20417785644531, "Carbono_Perdido_tC": 10.957295776580057, "Nombre_Tipo_Bosque_Predom": "Sin Datos" }, "geometry": { "type": "MultiPolygon", "coordinates": [ [ [ [ 4913056.050794987007976, 2114288.763403092045337 ], [ 4913056.086583049036562, 2114318.543802596163005 ], [ 4913085.950497163459659, 2114318.507919378578663 ], [ 4913085.914721397683024, 2114288.727521775756031 ], [ 4913056.050794987007976, 2114288.763403092045337 ] ] ] ] } },
{ "type": "Feature", "properties": { "id": "+394128+278330", "Area_ha": 0.08894171875450993, "count": 1, "value": 1, "Porcentaje_Cobertura_Forestal": 0.0, "NDVI_Medio_Poligono": 0.69592837650452777, "Codigo_Tipo_Bosque_Predom": 0.0, "Densidad_C_Media_tC_ha": 23.526819229125977, "Carbono_Perdido_tC": 2.0925157390651186, "Nombre_Tipo_Bosque_Predom": "Sin Datos" }, "geometry": { "type": "MultiPolygon", "coordinates": [ [ [ [ 4913050.420289134606719, 2109583.463303514290601 ], [ 4913050.455775207839906, 2109613.243665055837482 ], [ 4913080.321623905561864, 2109613.208082271274179 ], [ 4913080.286150025203824, 2109583.427722631487995 ], [ 4913050.420289134606719, 2109583.463303514290601 ] ] ] ] } },
{ "type": "Feature", "properties": { "id": "+394128+278356", "Area_ha": 0.088942643186645007, "count": 1, "value": 1, "Porcentaje_Cobertura_Forestal": 0.0, "NDVI_Medio_Poligono": 0.62136801481683501, "Codigo_Tipo_Bosque_Predom": 0.0, "Densidad_C_Media_tC_ha": 69.037612915039062, "Carbono_Perdido_tC": 6.1403877719600342, "Nombre_Tipo_Bosque_Predom": "Sin Datos" }, "geometry": { "type": "MultiPolygon", "coordinates": [ [ [ [ 4913049.498322135768831, 2108809.173987351823598 ], [ 4913049.533758512698114, 2108838.954342676792294 ], [ 4913079.399923988617957, 2108838.918809338472784 ], [ 4913079.364499786868691, 2108809.138455914799124 ], [ 4913049.498322135768831, 2108809.173987351823598 ] ] ] ] } },
{ "type": "Feature", "properties": { "id": "+394129+278090", "Area_ha": 0.088933112883855941, "count": 1, "value": 1, "Porcentaje_Cobertura_Forestal": 0.0, "NDVI_Medio_Poligono": 0.69465702467098489, "Codigo_Tipo_Bosque_Predom": 0.0, "Densidad_C_Media_tC_ha": 13.283352851867676, "Carbono_Perdido_tC": 1.1813299186512378, "Nombre_Tipo_Bosque_Predom": "Sin Datos" }, "geometry": { "type": "MultiPolygon", "coordinates": [ [ [ [ 4913088.854679222218692, 2116730.720927759073675 ], [ 4913088.890611655078828, 2116760.501345191616565 ], [ 4913118.753513378091156, 2116760.465318468399346 ], [ 4913118.71759329456836, 2116730.684902936220169 ], [ 4913088.854679222218692, 2116730.720927759073675 ] ] ] ] } },
{ "type": "Feature", "properties": { "id": "+394129+278308", "Area_ha": 0.17788181255026866, "count": 2, "value": 1, "Porcentaje_Cobertura_Forestal": 0.0, "NDVI_Medio_Poligono": 0.73441013877477046, "Codigo_Tipo_Bosque_Predom": 0.0, "Densidad_C_Media_tC_ha": 19.186077117919922, "Carbono_Perdido_tC": 3.4128541734648303, "Nombre_Tipo_Bosque_Predom": "Sin Datos" }, "geometry": { "type": "MultiPolygon", "coordinates": [ [ [ [ 4913081.067016780376434, 2110238.595690018031746 ], [ 4913081.138050524517894, 2110298.15642007207498 ], [ 4913111.003616718575358, 2110298.120805791113526 ], [ 4913110.93260738812387, 2110238.560079539194703 ], [ 4913081.067016780376434, 2110238.595690018031746 ] ] ] ] } },
{ "type": "Feature", "properties": { "id": "+394130+278085", "Area_ha": 0.17786580637336447, "count": 2, "value": 1, "Porcentaje_Cobertura_Forestal": 0.0, "NDVI_Medio_Poligono": 0.59813706536874245, "Codigo_Tipo_Bosque_Predom": 0.0, "Densidad_C_Media_tC_ha": 7.230203442077058, "Carbono_Perdido_tC": 1.2860059654685112, "Nombre_Tipo_Bosque_Predom": "Sin Datos" }, "geometry": { "type": "MultiPolygon", "coordinates": [ [ [ [ 4913118.897212808951735, 2116879.586983019951731 ], [ 4913118.969073982909322, 2116939.147816748823971 ], [ 4913148.831899686716497, 2116939.111791011877358 ], [ 4913148.76006321888417, 2116879.5509610818699 ], [ 4913118.897212808951735, 2116879.586983019951731 ] ] ] ] } },
{ "type": "Feature", "properties": { "id": "+394130+278093", "Area_ha": 0.088933209551182515, "count": 1, "value": 1, "Porcentaje_Cobertura_Forestal": 0.0, "NDVI_Medio_Poligono": 0.6764655982370833, "Codigo_Tipo_Bosque_Predom": 0.0, "Densidad_C_Media_tC_ha": 13.283352851867676, "Carbono_Perdido_tC": 1.1813312027174458, "Nombre_Tipo_Bosque_Predom": "Sin Datos" }, "geometry": { "type": "MultiPolygon", "coordinates": [ [ [ [ 4913118.609844504855573, 2116641.3436577944085 ], [ 4913118.645758858881891, 2116671.124072599690408 ], [ 4913148.508695720694959, 2116671.088063959497958 ], [ 4913148.472793715074658, 2116641.307651053648442 ], [ 4913118.609844504855573, 2116641.3436577944085 ] ] ] ] } },
{ "type": "Feature", "properties": { "id": "+394130+278107", "Area_ha": 0.088933713843036097, "count": 1, "value": 1, "Porcentaje_Cobertura_Forestal": 0.0, "NDVI_Medio_Poligono": 0.73712319929465797, "Codigo_Tipo_Bosque_Predom": 0.0, "Densidad_C_Media_tC_ha": 13.283352851867676, "Carbono_Perdido_tC": 1.1813379014040772, "Nombre_Tipo_Bosque_Predom": "Sin Datos" }, "geometry": { "type": "MultiPolygon", "coordinates": [ [ [ [ 4913118.107244097627699, 2116224.417875959537923 ], [ 4913118.143131712451577, 2116254.198287373874336 ], [ 4913148.006241381168365, 2116254.162305329460651 ], [ 4913147.970366104505956, 2116224.381895814556628 ], [ 4913118.107244097627699, 2116224.417875959537923 ] ] ] ] } },
{ "type": "Feature", "properties": { "id": "+394130+278139", "Area_ha": 0.088934865103235644, "count": 1, "value": 1, "Porcentaje_Cobertura_Forestal": 0.0, "NDVI_Medio_Poligono": 0.66105606178715492, "Codigo_Tipo_Bosque_Predom": 2.066044807434082, "Densidad_C_Media_tC_ha": 89.771575927734375, "Carbono_Perdido_tC": 7.9838229952379329, "Nombre_Tipo_Bosque_Predom": "Sin Datos" }, "geometry": { "type": "MultiPolygon", "coordinates": [ [ [ [ 4913116.95984885469079, 2115271.44483847450465 ], [ 4913116.995675352402031, 2115301.225242146290839 ], [ 4913146.859179524704814, 2115301.189320893958211 ], [ 4913146.823365343734622, 2115271.408919122070074 ], [ 4913116.95984885469079, 2115271.44483847450465 ] ] ] ] } },
{ "type": "Feature", "properties": { "id": "+394130+278143", "Area_ha": 0.08893500887149712, "count": 1, "value": 1, "Porcentaje_Cobertura_Forestal": 9.9336111597728092, "NDVI_Medio_Poligono": 0.81047710326473554, "Codigo_Tipo_Bosque_Predom": 2.0602405071258545, "Densidad_C_Media_tC_ha": 89.771575927734389, "Carbono_Perdido_tC": 7.9838359015413349, "Nombre_Tipo_Bosque_Predom": "Sin Datos" }, "geometry": { "type": "MultiPolygon", "coordinates": [ [ [ [ 4913116.816561962477863, 2115152.323226199951023 ], [ 4913116.852380820550025, 2115182.103628905024379 ], [ 4913146.715934258885682, 2115182.067715252283961 ], [ 4913146.680127715691924, 2115152.287314447108656 ], [ 4913116.816561962477863, 2115152.323226199951023 ] ] ] ] } },
{ "type": "Feature", "properties": { "id": "+394131+278120", "Area_ha": 0.088934170359771816, "count": 1, "value": 1, "Porcentaje_Cobertura_Forestal": 0.0, "NDVI_Medio_Poligono": 0.87881795319795164, "Codigo_Tipo_Bosque_Predom": 0.0, "Densidad_C_Media_tC_ha": 89.771575927734361, "Carbono_Perdido_tC": 7.9837606270223187, "Nombre_Tipo_Bosque_Predom": "Sin Datos" }, "geometry": { "type": "MultiPolygon", "coordinates": [ [ [ [ 4913147.504161252640188, 2115837.236594154499471 ], [ 4913147.540011708624661, 2115867.017000522930175 ], [ 4913177.403279824182391, 2115866.981055539567024 ], [ 4913177.367441697977483, 2115837.200651070568711 ], [ 4913147.504161252640188, 2115837.236594154499471 ] ] ] ] } },
{ "type": "Feature", "properties": { "id": "+394131+278321", "Area_ha": 0.088941364145113042, "count": 1, "value": 1, "Porcentaje_Cobertura_Forestal": 0.0, "NDVI_Medio_Poligono": 0.37246876319126249, "Codigo_Tipo_Bosque_Predom": 0.0, "Densidad_C_Media_tC_ha": 23.526819229125977, "Carbono_Perdido_tC": 2.0925073962339411, "Nombre_Tipo_Bosque_Predom": "Sin Datos" }, "geometry": { "type": "MultiPolygon", "coordinates": [ [ [ [ 4913140.336980292573571, 2109851.379808713216335 ], [ 4913140.372446974739432, 2109881.160166706889868 ], [ 4913170.238180196844041, 2109881.124603506177664 ], [ 4913170.202725713141263, 2109851.344247412402183 ], [ 4913140.336980292573571, 2109851.379808713216335 ] ] ] ] } },
{ "type": "Feature", "properties": { "id": "+394132+278028", "Area_ha": 0.17786169225472259, "count": 2, "value": 1, "Porcentaje_Cobertura_Forestal": 0.0, "NDVI_Medio_Poligono": 0.59225692826284315, "Codigo_Tipo_Bosque_Predom": 0.0, "Densidad_C_Media_tC_ha": 2.8131825923919678, "Carbono_Perdido_tC": 0.50035741650436283, "Nombre_Tipo_Bosque_Predom": "Sin Datos" }, "geometry": { "type": "MultiPolygon", "coordinates": [ [ [ [ 4913171.44579999987036, 2118606.628699999302626 ], [ 4913173.557099999859929, 2118604.729299999773502 ], [ 4913177.2511, 2118600.9309 ], [ 4913191.606100000441074, 2118587.002699999138713 ], [ 4913194.350200000219047, 2118584.259400000795722 ], [ 4913200.977454584091902, 2118576.974328628275543 ], [ 4913150.810395253822207, 2118577.034994456451386 ], [ 4913150.846421358175576, 2118606.815423138905317 ], [ 4913171.265721524134278, 2118606.790729257743806 ], [ 4913171.44579999987036, 2118606.628699999302626 ] ] ] ] } },
{ "type": "Feature", "properties": { "id": "+394132+278041", "Area_ha": 0.17786258449536543, "count": 2, "value": 1, "Porcentaje_Cobertura_Forestal": 0.0, "NDVI_Medio_Poligono": 0.34126141700968637, "Codigo_Tipo_Bosque_Predom": 0.0, "Densidad_C_Media_tC_ha": 2.8131825923919678, "Carbono_Perdido_tC": 0.50035992654020756, "Nombre_Tipo_Bosque_Predom": "Sin Datos" }, "geometry": { "type": "MultiPolygon", "coordinates": [ [ [ [ 4913180.204533996991813, 2118189.853350608609617 ], [ 4913180.276513711549342, 2118249.414198097772896 ], [ 4913210.138791404664516, 2118249.378113613463938 ], [ 4913210.06683645490557, 2118189.817269920837134 ], [ 4913180.204533996991813, 2118189.853350608609617 ] ] ] ] } },
{ "type": "Feature", "properties": { "id": "+394132+278122", "Area_ha": 0.088934230888991439, "count": 1, "value": 1, "Porcentaje_Cobertura_Forestal": 0.0, "NDVI_Medio_Poligono": 0.65997980007037393, "Codigo_Tipo_Bosque_Predom": 0.47329863905906677, "Densidad_C_Media_tC_ha": 89.771575927734375, "Carbono_Perdido_tC": 7.9837660608257544, "Nombre_Tipo_Bosque_Predom": "Sin Datos" }, "geometry": { "type": "MultiPolygon", "coordinates": [ [ [ [ 4913177.295771171338856, 2115777.639842859469354 ], [ 4913177.331605480052531, 2115807.42024684464559 ], [ 4913207.194896349683404, 2115807.384318022988737 ], [ 4913207.159074369817972, 2115777.603915935847908 ], [ 4913177.295771171338856, 2115777.639842859469354 ] ] ] ] } },
{ "type": "Feature", "properties": { "id": "+394132+278181", "Area_ha": 0.26680908519512742, "count": 3, "value": 1, "Porcentaje_Cobertura_Forestal": 0.0, "NDVI_Medio_Poligono": 0.74353471687701744, "Codigo_Tipo_Bosque_Predom": 0.0, "Densidad_C_Media_tC_ha": 123.20417785644531, "Carbono_Perdido_tC": 32.871993986095951, "Nombre_Tipo_Bosque_Predom": "Sin Datos" }, "geometry": { "type": "MultiPolygon", "coordinates": [ [ [ [ 4913115.456860621459782, 2114020.668102314230055 ], [ 4913115.492606901563704, 2114050.448495847173035 ], [ 4913205.084664007648826, 2114050.341008449904621 ], [ 4913205.048954596742988, 2114020.560620615258813 ], [ 4913115.456860621459782, 2114020.668102314230055 ] ] ] ] } },
{ "type": "Feature", "properties": { "id": "+394133+278087", "Area_ha": 0.088932959025756278, "count": 1, "value": 1, "Porcentaje_Cobertura_Forestal": 0.0, "NDVI_Medio_Poligono": 0.67730990915184386, "Codigo_Tipo_Bosque_Predom": 0.0, "Densidad_C_Media_tC_ha": 13.283352851867674, "Carbono_Perdido_tC": 1.1813278748998106, "Nombre_Tipo_Bosque_Predom": "Sin Datos" }, "geometry": { "type": "MultiPolygon", "coordinates": [ [ [ [ 4913208.413978908210993, 2116819.918132999446243 ], [ 4913208.44986766576767, 2116849.698543562088162 ], [ 4913238.312724716961384, 2116849.662560682278126 ], [ 4913238.276848310604692, 2116819.882152017205954 ], [ 4913208.413978908210993, 2116819.918132999446243 ] ] ] ] } },
{ "type": "Feature", "properties": { "id": "+394133+278104", "Area_ha": 0.26680059511512516, "count": 3, "value": 1, "Porcentaje_Cobertura_Forestal": 0.0, "NDVI_Medio_Poligono": 0.62896619808839216, "Codigo_Tipo_Bosque_Predom": 0.0, "Densidad_C_Media_tC_ha": 13.283352851867676, "Carbono_Perdido_tC": 3.5440064460024909, "Nombre_Tipo_Bosque_Predom": "Sin Datos" }, "geometry": { "type": "MultiPolygon", "coordinates": [ [ [ [ 4913237.738931324332952, 2116373.176051245536655 ], [ 4913237.667241451330483, 2116313.615241912193596 ], [ 4913207.80416217353195, 2116313.651190633419901 ], [ 4913207.875876728445292, 2116373.212003762368113 ], [ 4913237.738931324332952, 2116373.176051245536655 ] ] ], [ [ [ 4913267.63781947735697, 2116402.92051423760131 ], [ 4913267.601984021253884, 2116373.140111105050892 ], [ 4913237.738931324332952, 2116373.176051245536655 ], [ 4913237.774779122322798, 2116402.956456275656819 ], [ 4913267.63781947735697, 2116402.92051423760131 ] ] ] ] } },
{ "type": "Feature", "properties": { "id": "+394133+278116", "Area_ha": 0.088934003547468457, "count": 1, "value": 1, "Porcentaje_Cobertura_Forestal": 0.0, "NDVI_Medio_Poligono": 0.57800365604689252, "Codigo_Tipo_Bosque_Predom": 0.0, "Densidad_C_Media_tC_ha": 13.283352851867676, "Carbono_Perdido_tC": 1.1813417496502752, "Nombre_Tipo_Bosque_Predom": "Sin Datos" }, "geometry": { "type": "MultiPolygon", "coordinates": [ [ [ [ 4913207.374034872278571, 2115956.286332083400339 ], [ 4913207.40986829996109, 2115986.0667356220074 ], [ 4913237.273083278909326, 2115986.030807776376605 ], [ 4913237.237262182869017, 2115956.25040613533929 ], [ 4913207.374034872278571, 2115956.286332083400339 ] ] ] ] } },
{ "type": "Feature", "properties": { "id": "+394133+278308", "Area_ha": 0.17788172106079436, "count": 2, "value": 1, "Porcentaje_Cobertura_Forestal": 0.0, "NDVI_Medio_Poligono": 0.65147826476372661, "Codigo_Tipo_Bosque_Predom": 0.0, "Densidad_C_Media_tC_ha": 19.186077117919922, "Carbono_Perdido_tC": 3.4128524181407212, "Nombre_Tipo_Bosque_Predom": "Sin Datos" }, "geometry": { "type": "MultiPolygon", "coordinates": [ [ [ [ 4913200.529367773793638, 2110238.453321548178792 ], [ 4913200.600303863175213, 2110298.014036402106285 ], [ 4913230.465862434357405, 2110297.978471090551466 ], [ 4913230.394950757734478, 2110238.417760033626109 ], [ 4913200.529367773793638, 2110238.453321548178792 ] ] ] ] } },
{ "type": "Feature", "properties": { "id": "+394133+278336", "Area_ha": 0.17788371446152595, "count": 2, "value": 1, "Porcentaje_Cobertura_Forestal": 0.0, "NDVI_Medio_Poligono": 0.6442085461125675, "Codigo_Tipo_Bosque_Predom": 0.0, "Densidad_C_Media_tC_ha": 23.526819229125977, "Carbono_Perdido_tC": 4.1850379939417834, "Nombre_Tipo_Bosque_Predom": "Sin Datos" }, "geometry": { "type": "MultiPolygon", "coordinates": [ [ [ [ 4913199.537063911557198, 2109404.60341414809227 ], [ 4913199.607893148437142, 2109464.164115597959608 ], [ 4913229.473793269135058, 2109464.128603442106396 ], [ 4913229.402988409623504, 2109404.567905789241195 ], [ 4913199.537063911557198, 2109404.60341414809227 ] ] ] ] } },
{ "type": "Feature", "properties": { "id": "+394134+278030", "Area_ha": 0.1778617436031287, "count": 2, "value": 1, "Porcentaje_Cobertura_Forestal": 0.0, "NDVI_Medio_Poligono": 0.70254510282013527, "Codigo_Tipo_Bosque_Predom": 0.54574048519134521, "Densidad_C_Media_tC_ha": 2.8131825923919678, "Carbono_Perdido_tC": 0.50035756095680506, "Nombre_Tipo_Bosque_Predom": "Sin Datos" }, "geometry": { "type": "MultiPolygon", "coordinates": [ [ [ [ 4913253.9803, 2118521.1667 ], [ 4913256.563, 2118518.374099999666214 ], [ 4913257.461401347070932, 2118517.345130307134241 ], [ 4913240.324847437441349, 2118517.365833118092269 ], [ 4913240.346209579147398, 2118535.044161534868181 ], [ 4913253.9803, 2118521.1667 ] ] ] ] } },
{ "type": "Feature", "properties": { "id": "+394134+278346", "Area_ha": 0.088942219189903693, "count": 1, "value": 1, "Porcentaje_Cobertura_Forestal": 0.0, "NDVI_Medio_Poligono": 0.7244678111081243, "Codigo_Tipo_Bosque_Predom": 0.0, "Densidad_C_Media_tC_ha": 23.52681922912598, "Carbono_Perdido_tC": 2.092527512718164, "Nombre_Tipo_Bosque_Predom": "Sin Datos" }, "geometry": { "type": "MultiPolygon", "coordinates": [ [ [ [ 4913229.049078554846346, 2109106.76443187892437 ], [ 4913229.084460956975818, 2109136.544778194278479 ], [ 4913258.950493216514587, 2109136.509299139026552 ], [ 4913258.915122996084392, 2109106.728954721242189 ], [ 4913229.049078554846346, 2109106.76443187892437 ] ] ] ] } },
{ "type": "Feature", "properties": { "id": "+394136+278032", "Area_ha": 0.17786189013248077, "count": 2, "value": 1, "Porcentaje_Cobertura_Forestal": 0.0, "NDVI_Medio_Poligono": 0.64377088326061216, "Codigo_Tipo_Bosque_Predom": 0.0, "Densidad_C_Media_tC_ha": 2.8131825923919678, "Carbono_Perdido_tC": 0.50035797317062758, "Nombre_Tipo_Bosque_Predom": "Sin Datos" }, "geometry": { "type": "MultiPolygon", "coordinates": [ [ [ [ 4913288.806300000287592, 2118482.553300000727177 ], [ 4913291.339100000448525, 2118479.599600000306964 ], [ 4913296.826500000432134, 2118473.269899999722838 ], [ 4913299.7813, 2118469.893899999558926 ], [ 4913302.842299999669194, 2118466.939400000497699 ], [ 4913307.5987, 2118461.63880000077188 ], [ 4913311.22547962795943, 2118457.719281002413481 ], [ 4913270.115070114843547, 2118457.768915915396065 ], [ 4913270.151039031334221, 2118487.54933603387326 ], [ 4913284.146972221322358, 2118487.532437060028315 ], [ 4913288.806300000287592, 2118482.553300000727177 ] ] ] ] } },
{ "type": "Feature", "properties": { "id": "+394136+278040", "Area_ha": 0.97824261199384932, "count": 11, "value": 1, "Porcentaje_Cobertura_Forestal": 0.0, "NDVI_Medio_Poligono": 0.32103472002520772, "Codigo_Tipo_Bosque_Predom": 0.0, "Densidad_C_Media_tC_ha": 2.8131825923919678, "Carbono_Perdido_tC": 2.7519750871971471, "Nombre_Tipo_Bosque_Predom": "Sin Datos" }, "geometry": { "type": "MultiPolygon", "coordinates": [ [ [ [ 4913329.587883391417563, 2118249.233899957500398 ], [ 4913329.551954491995275, 2118219.453485575504601 ], [ 4913269.827387656085193, 2118219.525563835632056 ], [ 4913269.863341320306063, 2118249.305982009507716 ], [ 4913329.587883391417563, 2118249.233899957500398 ] ] ], [ [ [ 4913269.935254368931055, 2118308.86681908601895 ], [ 4913269.971213752403855, 2118338.647237988654524 ], [ 4913240.108977016061544, 2118338.683303330559283 ], [ 4913240.144950691610575, 2118368.463724372908473 ], [ 4913329.731618042103946, 2118368.355559915304184 ], [ 4913329.69568152166903, 2118338.57514456147328 ], [ 4913389.420141685754061, 2118338.503100809175521 ], [ 4913389.384231839329004, 2118308.722689487040043 ], [ 4913359.521990321576595, 2118308.758703259751201 ], [ 4913359.450151573866606, 2118249.197877556551248 ], [ 4913329.587883391417563, 2118249.233899957500398 ], [ 4913329.659746906720102, 2118308.794729450251907 ], [ 4913269.935254368931055, 2118308.86681908601895 ] ] ] ] } },
{ "type": "Feature", "properties": { "id": "+394136+278301", "Area_ha": 0.17788120078793435, "count": 2, "value": 1, "Porcentaje_Cobertura_Forestal": 0.0, "NDVI_Medio_Poligono": 0.63661522821973027, "Codigo_Tipo_Bosque_Predom": 0.6318594217300415, "Densidad_C_Media_tC_ha": 19.186077117919925, "Carbono_Perdido_tC": 3.4128424361455068, "Nombre_Tipo_Bosque_Predom": "Sin Datos" }, "geometry": { "type": "MultiPolygon", "coordinates": [ [ [ [ 4913260.508670629933476, 2110446.844690370839089 ], [ 4913260.544126654975116, 2110476.625045557972044 ], [ 4913320.275087775662541, 2110476.553953385446221 ], [ 4913320.239656171761453, 2110446.773601991590112 ], [ 4913260.508670629933476, 2110446.844690370839089 ] ] ] ] } },
{ "type": "Feature", "properties": { "id": "+394137+278068", "Area_ha": 0.0889322281464687, "count": 1, "value": 1, "Porcentaje_Cobertura_Forestal": 0.0, "NDVI_Medio_Poligono": 0.77581600586914123, "Codigo_Tipo_Bosque_Predom": 0.0, "Densidad_C_Media_tC_ha": 2.6074230670928955, "Carbono_Perdido_tC": 0.23188394307707055, "Nombre_Tipo_Bosque_Predom": "Sin Datos" }, "geometry": { "type": "MultiPolygon", "coordinates": [ [ [ [ 4913328.5467186011374, 2117385.601981374900788 ], [ 4913328.582594152539968, 2117415.382388958241791 ], [ 4913358.445208793506026, 2117415.346419616602361 ], [ 4913358.409345605410635, 2117385.566013928502798 ], [ 4913328.5467186011374, 2117385.601981374900788 ] ] ] ] } },
{ "type": "Feature", "properties": { "id": "+394137+278113", "Area_ha": 0.177867663821725, "count": 2, "value": 1, "Porcentaje_Cobertura_Forestal": 0.0, "NDVI_Medio_Poligono": 0.71596656842309692, "Codigo_Tipo_Bosque_Predom": 0.0, "Densidad_C_Media_tC_ha": 13.283352851867676, "Carbono_Perdido_tC": 2.3626789394813517, "Nombre_Tipo_Bosque_Predom": "Sin Datos" }, "geometry": { "type": "MultiPolygon", "coordinates": [ [ [ [ 4913326.93429072201252, 2116045.483891069889069 ], [ 4913327.005872255191207, 2116105.044684667140245 ], [ 4913356.869030291214585, 2116105.008798709604889 ], [ 4913356.797473426908255, 2116045.44800890237093 ], [ 4913326.93429072201252, 2116045.483891069889069 ] ] ] ] } },
{ "type": "Feature", "properties": { "id": "+394137+278145", "Area_ha": 0.088935000796125679, "count": 1, "value": 1, "Porcentaje_Cobertura_Forestal": 0.0, "NDVI_Medio_Poligono": 0.7629903832871292, "Codigo_Tipo_Bosque_Predom": 0.36810305714607239, "Densidad_C_Media_tC_ha": 89.771575927734375, "Carbono_Perdido_tC": 7.983835176602514, "Nombre_Tipo_Bosque_Predom": "Sin Datos" }, "geometry": { "type": "MultiPolygon", "coordinates": [ [ [ [ 4913325.7900226758793, 2115092.511325137224048 ], [ 4913325.82575151976198, 2115122.291714075021446 ], [ 4913355.68931626714766, 2115122.255890659056604 ], [ 4913355.653599736280739, 2115092.475503616500646 ], [ 4913325.7900226758793, 2115092.511325137224048 ] ] ] ] } },
{ "type": "Feature", "properties": { "id": "+394138+278052", "Area_ha": 0.088931639188721601, "count": 1, "value": 1, "Porcentaje_Cobertura_Forestal": 0.0, "NDVI_Medio_Poligono": 0.54825594716076331, "Codigo_Tipo_Bosque_Predom": 0.0, "Densidad_C_Media_tC_ha": 2.6074230670928955, "Carbono_Perdido_tC": 0.23188240741505523, "Nombre_Tipo_Bosque_Predom": "Sin Datos" }, "geometry": { "type": "MultiPolygon", "coordinates": [ [ [ [ 4913358.983385169878602, 2117862.052534061484039 ], [ 4913359.019278831779957, 2117891.832943634130061 ], [ 4913388.881693661212921, 2117891.796956381294876 ], [ 4913388.845812373794615, 2117862.016548703424633 ], [ 4913358.983385169878602, 2117862.052534061484039 ] ] ] ] } },
{ "type": "Feature", "properties": { "id": "+394138+278098", "Area_ha": 0.088933298356403248, "count": 1, "value": 1, "Porcentaje_Cobertura_Forestal": 0.0, "NDVI_Medio_Poligono": 0.72599561171050597, "Codigo_Tipo_Bosque_Predom": 0.0, "Densidad_C_Media_tC_ha": 13.283352851867674, "Carbono_Perdido_tC": 1.1813323823485278, "Nombre_Tipo_Bosque_Predom": "Sin Datos" }, "geometry": { "type": "MultiPolygon", "coordinates": [ [ [ [ 4913357.3343356102705, 2116492.153956056572497 ], [ 4913357.370141658931971, 2116521.934354471508414 ], [ 4913387.233125036582351, 2116521.898454360663891 ], [ 4913387.197331331670284, 2116492.118057840503752 ], [ 4913357.3343356102705, 2116492.153956056572497 ] ] ] ] } },
{ "type": "Feature", "properties": { "id": "+394138+278347", "Area_ha": 0.088942209076868312, "count": 1, "value": 1, "Porcentaje_Cobertura_Forestal": 0.0, "NDVI_Medio_Poligono": 0.83687386153800947, "Codigo_Tipo_Bosque_Predom": 0.0, "Densidad_C_Media_tC_ha": 23.526819229125977, "Carbono_Perdido_tC": 2.0925272747906085, "Nombre_Tipo_Bosque_Predom": "Sin Datos" }, "geometry": { "type": "MultiPolygon", "coordinates": [ [ [ [ 4913348.477913128212094, 2109076.842258056625724 ], [ 4913348.513244899921119, 2109106.622596545610577 ], [ 4913378.37928173225373, 2109106.587168252561241 ], [ 4913378.343962142243981, 2109076.806831658817828 ], [ 4913348.477913128212094, 2109076.842258056625724 ] ] ] ] } },
{ "type": "Feature", "properties": { "id": "+394139+278269", "Area_ha": 0.35575757688166343, "count": 4, "value": 1, "Porcentaje_Cobertura_Forestal": 0.0, "NDVI_Medio_Poligono": 0.79266841031151491, "Codigo_Tipo_Bosque_Predom": 0.0, "Densidad_C_Media_tC_ha": 41.051418304443359, "Carbono_Perdido_tC": 14.604353103544334, "Nombre_Tipo_Bosque_Predom": "Sin Datos" }, "geometry": { "type": "MultiPolygon", "coordinates": [ [ [ [ 4913351.239511414431036, 2111399.70937909046188 ], [ 4913351.345958164893091, 2111489.050451335962862 ], [ 4913381.211018406786025, 2111489.014871433842927 ], [ 4913381.140076467767358, 2111429.454160153865814 ], [ 4913411.005159275606275, 2111429.41859630914405 ], [ 4913410.969703394919634, 2111399.638242922723293 ], [ 4913351.239511414431036, 2111399.70937909046188 ] ] ] ] } },
{ "type": "Feature", "properties": { "id": "+394139+278283", "Area_ha": 3.1128922021521883, "count": 35, "value": 1, "Porcentaje_Cobertura_Forestal": 0.2374775607803617, "NDVI_Medio_Poligono": 0.72456686604724108, "Codigo_Tipo_Bosque_Predom": 0.0, "Densidad_C_Media_tC_ha": 41.051418304443359, "Carbono_Perdido_tC": 127.78863992718934, "Nombre_Tipo_Bosque_Predom": "Sin Datos" }, "geometry": { "type": "MultiPolygon", "coordinates": [ [ [ [ 4913261.218153660185635, 2111042.451839807443321 ], [ 4913261.182661406695843, 2111012.671480062883347 ], [ 4913201.452132499776781, 2111012.742689548525959 ], [ 4913201.487649200484157, 2111042.523053089156747 ], [ 4913261.218153660185635, 2111042.451839807443321 ] ] ], [ [ [ 4913261.395643530413508, 2111191.353642127942294 ], [ 4913261.431147224269807, 2111221.134003311861306 ], [ 4913291.296323246322572, 2111221.098403676878661 ], [ 4913291.260831779800355, 2111191.318044390063733 ], [ 4913321.126018127426505, 2111191.282458913978189 ], [ 4913321.161497367545962, 2111221.062816304620355 ], [ 4913351.026669583283365, 2111221.02724119508639 ], [ 4913350.955737464129925, 2111161.466530445031822 ], [ 4913380.820932236500084, 2111161.430971387773752 ], [ 4913380.785481260158122, 2111131.650618267711252 ], [ 4913350.920274262316525, 2111131.686175429727882 ], [ 4913350.813896083272994, 2111042.345111824106425 ], [ 4913410.544381529092789, 2111042.274021129123867 ], [ 4913410.47352115996182, 2110982.713320836890489 ], [ 4913380.608254941180348, 2110982.74885626649484 ], [ 4913380.643696396611631, 2111012.529208187013865 ], [ 4913320.913182706572115, 2111012.600319609045982 ], [ 4913320.948650512844324, 2111042.380675559863448 ], [ 4913261.218153660185635, 2111042.451839807443321 ], [ 4913261.25364782102406, 2111072.232199791353196 ], [ 4913231.3884087651968, 2111072.267802200745791 ], [ 4913231.530453377403319, 2111191.389252127613872 ], [ 4913261.395643530413508, 2111191.353642127942294 ] ] ], [ [ [ 4913470.593605175614357, 2111310.226108578033745 ], [ 4913470.558181366883218, 2111280.445759939495474 ], [ 4913440.693041203543544, 2111280.481289784889668 ], [ 4913440.657607068307698, 2111250.700939492788166 ], [ 4913410.792452780529857, 2111250.736479708459228 ], [ 4913410.757008319720626, 2111220.956127763260156 ], [ 4913351.026669583283365, 2111221.02724119508639 ], [ 4913351.062138499692082, 2111250.807596929837018 ], [ 4913380.927296590059996, 2111250.772032187785953 ], [ 4913380.998215680010617, 2111310.332740587648004 ], [ 4913470.593605175614357, 2111310.226108578033745 ] ] ] ] } },
{ "type": "Feature", "properties": { "id": "+394140+278140", "Area_ha": 0.17786952645480633, "count": 2, "value": 1, "Porcentaje_Cobertura_Forestal": 44.030483426051106, "NDVI_Medio_Poligono": 0.7774859515091963, "Codigo_Tipo_Bosque_Predom": 0.092948481440544128, "Densidad_C_Media_tC_ha": 89.771575927734375, "Carbono_Perdido_tC": 15.967627699367805, "Nombre_Tipo_Bosque_Predom": "Sin Datos" }, "geometry": { "type": "MultiPolygon", "coordinates": [ [ [ [ 4913445.458425846882164, 2115271.050405043177307 ], [ 4913445.422736742533743, 2115241.270022473763674 ], [ 4913415.559226954355836, 2115241.305816418491304 ], [ 4913415.594928375445306, 2115271.086200880818069 ], [ 4913445.458425846882164, 2115271.050405043177307 ] ] ], [ [ [ 4913475.35760011151433, 2115300.795002474915236 ], [ 4913475.321921422146261, 2115271.014621556270868 ], [ 4913445.458425846882164, 2115271.050405043177307 ], [ 4913445.494116852991283, 2115300.830787853803486 ], [ 4913475.35760011151433, 2115300.795002474915236 ] ] ] ] } },
{ "type": "Feature", "properties": { "id": "+394140+278348", "Area_ha": 0.088942221817022077, "count": 1, "value": 1, "Porcentaje_Cobertura_Forestal": 0.0, "NDVI_Medio_Poligono": 0.88198029657908383, "Codigo_Tipo_Bosque_Predom": 0.0, "Densidad_C_Media_tC_ha": 23.526819229125977, "Carbono_Perdido_tC": 2.0925275745259029, "Nombre_Tipo_Bosque_Predom": "Sin Datos" }, "geometry": { "type": "MultiPolygon", "coordinates": [ [ [ [ 4913408.174703748896718, 2109046.991083016619086 ], [ 4913408.210009255446494, 2109076.771417476702482 ], [ 4913438.076054468750954, 2109076.736015510279685 ], [ 4913438.040761142969131, 2109046.955682944040745 ], [ 4913408.174703748896718, 2109046.991083016619086 ] ] ] ] } },
{ "type": "Feature", "properties": { "id": "+394140+278352", "Area_ha": 0.53365387986734569, "count": 6, "value": 1, "Porcentaje_Cobertura_Forestal": 0.0, "NDVI_Medio_Poligono": 0.8183323717088351, "Codigo_Tipo_Bosque_Predom": 0.0, "Densidad_C_Media_tC_ha": 34.976494219441193, "Carbono_Perdido_tC": 18.665341844362583, "Nombre_Tipo_Bosque_Predom": "Sin Datos" }, "geometry": { "type": "MultiPolygon", "coordinates": [ [ [ [ 4913378.167392991483212, 2108927.905152393504977 ], [ 4913378.238015035167336, 2108987.465823428239673 ], [ 4913408.104098686948419, 2108987.430414929986 ], [ 4913408.068798891268671, 2108957.650081187486649 ], [ 4913437.934892818331718, 2108957.614686796907336 ], [ 4913437.899607104249299, 2108927.83435518713668 ], [ 4913378.167392991483212, 2108927.905152393504977 ] ] ], [ [ [ 4913437.934892818331718, 2108957.614686796907336 ], [ 4913437.970180436037481, 2108987.39501864509657 ], [ 4913467.836260288953781, 2108987.359634573571384 ], [ 4913467.800984849222004, 2108957.579304618760943 ], [ 4913437.934892818331718, 2108957.614686796907336 ] ] ], [ [ [ 4913467.836260288953781, 2108987.359634573571384 ], [ 4913467.906816873699427, 2109046.92029520124197 ], [ 4913497.772870469838381, 2109046.884919558651745 ], [ 4913497.702338242903352, 2108987.324262715876102 ], [ 4913467.836260288953781, 2108987.359634573571384 ] ] ] ] } },
{ "type": "Feature", "properties": { "id": "+394141+278085", "Area_ha": 0.17786555529026227, "count": 2, "value": 1, "Porcentaje_Cobertura_Forestal": 0.0, "NDVI_Medio_Poligono": 0.57878134008622029, "Codigo_Tipo_Bosque_Predom": 0.0, "Densidad_C_Media_tC_ha": 7.3010963396069464, "Carbono_Perdido_tC": 1.2986135546718909, "Nombre_Tipo_Bosque_Predom": "Sin Datos" }, "geometry": { "type": "MultiPolygon", "coordinates": [ [ [ [ 4913447.388462699949741, 2116879.191422973759472 ], [ 4913447.460052104666829, 2116938.752214982639998 ], [ 4913477.322856894694269, 2116938.716325514018536 ], [ 4913477.25129219610244, 2116879.155537289567292 ], [ 4913447.388462699949741, 2116879.191422973759472 ] ] ] ] } },
{ "type": "Feature", "properties": { "id": "+394141+278109", "Area_ha": 0.088933660309483825, "count": 1, "value": 1, "Porcentaje_Cobertura_Forestal": 0.0, "NDVI_Medio_Poligono": 0.75687293566616809, "Codigo_Tipo_Bosque_Predom": 0.0, "Densidad_C_Media_tC_ha": 13.283352851867676, "Carbono_Perdido_tC": 1.1813371902990131, "Nombre_Tipo_Bosque_Predom": "Sin Datos" }, "geometry": { "type": "MultiPolygon", "coordinates": [ [ [ [ 4913446.529983473010361, 2116164.461994465440512 ], [ 4913446.565731559880078, 2116194.242384534794837 ], [ 4913476.428844990208745, 2116194.206542377825826 ], [ 4913476.393109239637852, 2116164.426154201384634 ], [ 4913446.529983473010361, 2116164.461994465440512 ] ] ] ] } },
{ "type": "Feature", "properties": { "id": "+394141+278337", "Area_ha": 0.088941819296077307, "count": 1, "value": 1, "Porcentaje_Cobertura_Forestal": 0.0, "NDVI_Medio_Poligono": 0.75527223703465118, "Codigo_Tipo_Bosque_Predom": 0.0, "Densidad_C_Media_tC_ha": 23.526819229125977, "Carbono_Perdido_tC": 2.0925181044883994, "Nombre_Tipo_Bosque_Predom": "Sin Datos" }, "geometry": { "type": "MultiPolygon", "coordinates": [ [ [ [ 4913438.429092385806143, 2109374.539354317355901 ], [ 4913438.46440664306283, 2109404.319689514115453 ], [ 4913468.330315930768847, 2109404.284278936684132 ], [ 4913468.29501385986805, 2109374.503945633769035 ], [ 4913438.429092385806143, 2109374.539354317355901 ] ] ] ] } },
{ "type": "Feature", "properties": { "id": "+394142+278249", "Area_ha": 0.088938670638523759, "count": 1, "value": 1, "Porcentaje_Cobertura_Forestal": 0.0, "NDVI_Medio_Poligono": 0.65727903467051851, "Codigo_Tipo_Bosque_Predom": 0.0, "Densidad_C_Media_tC_ha": 35.586700439453125, "Carbono_Perdido_tC": 3.1650338294963301, "Nombre_Tipo_Bosque_Predom": "Sin Datos" }, "geometry": { "type": "MultiPolygon", "coordinates": [ [ [ [ 4913471.408877524547279, 2111995.174193433951586 ], [ 4913471.444346983917058, 2112024.954547837376595 ], [ 4913501.309179318137467, 2112024.918982946779579 ], [ 4913501.273722103796899, 2111995.138630435336381 ], [ 4913471.408877524547279, 2111995.174193433951586 ] ] ] ] } },
{ "type": "Feature", "properties": { "id": "+394142+278283", "Area_ha": 0.088939884523776713, "count": 1, "value": 1, "Porcentaje_Cobertura_Forestal": 0.0, "NDVI_Medio_Poligono": 0.62253286607096714, "Codigo_Tipo_Bosque_Predom": 0.0, "Densidad_C_Media_tC_ha": 41.051418304443359, "Carbono_Perdido_tC": 3.6511084035344461, "Nombre_Tipo_Bosque_Predom": "Sin Datos" }, "geometry": { "type": "MultiPolygon", "coordinates": [ [ [ [ 4913470.204047657549381, 2110982.642286635935307 ], [ 4913470.239452444948256, 2111012.422632873989642 ], [ 4913500.104700745083392, 2111012.387132323812693 ], [ 4913500.069308180361986, 2110982.60678797820583 ], [ 4913470.204047657549381, 2110982.642286635935307 ] ] ] ] } },
{ "type": "Feature", "properties": { "id": "+394142+278334", "Area_ha": 0.08894170119694754, "count": 1, "value": 1, "Porcentaje_Cobertura_Forestal": 0.0, "NDVI_Medio_Poligono": 0.7198131625569002, "Codigo_Tipo_Bosque_Predom": 0.0, "Densidad_C_Media_tC_ha": 23.526819229125977, "Carbono_Perdido_tC": 2.0925153259915223, "Nombre_Tipo_Bosque_Predom": "Sin Datos" }, "geometry": { "type": "MultiPolygon", "coordinates": [ [ [ [ 4913468.400925776921213, 2109463.844946261495352 ], [ 4913468.436233554035425, 2109493.625280281063169 ], [ 4913498.302104379050434, 2109493.589876248501241 ], [ 4913498.2668087920174, 2109463.809544121846557 ], [ 4913468.400925776921213, 2109463.844946261495352 ] ] ] ] } },
{ "type": "Feature", "properties": { "id": "+394143+278340", "Area_ha": 0.088941903213500331, "count": 1, "value": 1, "Porcentaje_Cobertura_Forestal": 0.0, "NDVI_Medio_Poligono": 0.74186547392973301, "Codigo_Tipo_Bosque_Predom": 0.6435081958770752, "Densidad_C_Media_tC_ha": 23.526819229125977, "Carbono_Perdido_tC": 2.092520078798441, "Nombre_Tipo_Bosque_Predom": "Sin Datos" }, "geometry": { "type": "MultiPolygon", "coordinates": [ [ [ [ 4913498.055075200274587, 2109285.127556376624852 ], [ 4913498.090359378606081, 2109314.907887069508433 ], [ 4913527.956301432102919, 2109314.872506613843143 ], [ 4913527.921029439195991, 2109285.092177812475711 ], [ 4913498.055075200274587, 2109285.127556376624852 ] ] ] ] } },
{ "type": "Feature", "properties": { "id": "+394145+278171", "Area_ha": 0.17787169800630073, "count": 2, "value": 1, "Porcentaje_Cobertura_Forestal": 0.0, "NDVI_Medio_Poligono": 0.71123433071368536, "Codigo_Tipo_Bosque_Predom": 0.0, "Densidad_C_Media_tC_ha": 123.20417785644531, "Carbono_Perdido_tC": 21.914536316796205, "Nombre_Tipo_Bosque_Predom": "Sin Datos" }, "geometry": { "type": "MultiPolygon", "coordinates": [ [ [ [ 4913533.908980492502451, 2114317.97115078009665 ], [ 4913533.944573723711073, 2114347.751520185731351 ], [ 4913593.672314619645476, 2114347.68015687726438 ], [ 4913593.636745981872082, 2114317.899791252333671 ], [ 4913533.908980492502451, 2114317.97115078009665 ] ] ] ] } },
{ "type": "Feature", "properties": { "id": "+394145+278278", "Area_ha": 0.177879355372797, "count": 2, "value": 1, "Porcentaje_Cobertura_Forestal": 0.0, "NDVI_Medio_Poligono": 0.56018266213523582, "Codigo_Tipo_Bosque_Predom": 0.0, "Densidad_C_Media_tC_ha": 41.051418304443359, "Carbono_Perdido_tC": 7.3021998251334246, "Nombre_Tipo_Bosque_Predom": "Sin Datos" }, "geometry": { "type": "MultiPolygon", "coordinates": [ [ [ [ 4913530.111487521789968, 2111131.473016251344234 ], [ 4913530.146877367980778, 2111161.253359906375408 ], [ 4913589.87724223267287, 2111161.182401188183576 ], [ 4913589.841876838356256, 2111131.402061314787716 ], [ 4913530.111487521789968, 2111131.473016251344234 ] ] ] ] } },
{ "type": "Feature", "properties": { "id": "+394146+278166", "Area_ha": 0.08893565249146923, "count": 1, "value": 1, "Porcentaje_Cobertura_Forestal": 0.0, "NDVI_Medio_Poligono": 0.79600122549816188, "Codigo_Tipo_Bosque_Predom": 0.0, "Densidad_C_Media_tC_ha": 123.20417785644531, "Carbono_Perdido_tC": 10.957243947337989, "Nombre_Tipo_Bosque_Predom": "Sin Datos" }, "geometry": { "type": "MultiPolygon", "coordinates": [ [ [ [ 4913593.814608165994287, 2114466.801621788647026 ], [ 4913593.850186301395297, 2114496.581988620571792 ], [ 4913623.713992415927351, 2114496.546316015534103 ], [ 4913623.678426580503583, 2114466.765951073262841 ], [ 4913593.814608165994287, 2114466.801621788647026 ] ] ] ] } },
{ "type": "Feature", "properties": { "id": "+394146+278241", "Area_ha": 0.17787663121521474, "count": 2, "value": 1, "Porcentaje_Cobertura_Forestal": 0.0, "NDVI_Medio_Poligono": 0.54860598925984905, "Codigo_Tipo_Bosque_Predom": 0.0, "Densidad_C_Media_tC_ha": 35.586700439453125, "Carbono_Perdido_tC": 6.3300423902349241, "Nombre_Tipo_Bosque_Predom": "Sin Datos" }, "geometry": { "type": "MultiPolygon", "coordinates": [ [ [ [ 4913621.051824156194925, 2112263.019614540971816 ], [ 4913621.016400731168687, 2112233.239267669152468 ], [ 4913591.151661716401577, 2112233.27479666704312 ], [ 4913591.187097392044961, 2112263.055145428515971 ], [ 4913621.051824156194925, 2112263.019614540971816 ] ] ], [ [ [ 4913650.951962097547948, 2112292.764441161882132 ], [ 4913650.91654902510345, 2112262.984095938503742 ], [ 4913621.051824156194925, 2112263.019614540971816 ], [ 4913621.087249480187893, 2112292.799961653072387 ], [ 4913650.951962097547948, 2112292.764441161882132 ] ] ] ] } },
{ "type": "Feature", "properties": { "id": "+394146+278246", "Area_ha": 0.088938517894940741, "count": 1, "value": 1, "Porcentaje_Cobertura_Forestal": 0.0, "NDVI_Medio_Poligono": 0.73081378832052246, "Codigo_Tipo_Bosque_Predom": 0.0, "Densidad_C_Media_tC_ha": 35.586700439453125, "Carbono_Perdido_tC": 3.1650283938561974, "Nombre_Tipo_Bosque_Predom": "Sin Datos" }, "geometry": { "type": "MultiPolygon", "coordinates": [ [ [ [ 4913590.974511592648923, 2112084.373056353535503 ], [ 4913591.009937770664692, 2112114.153403911739588 ], [ 4913620.874725779518485, 2112114.117882472462952 ], [ 4913620.839311849325895, 2112084.337536804378033 ], [ 4913590.974511592648923, 2112084.373056353535503 ] ] ] ] } },
{ "type": "Feature", "properties": { "id": "+394146+278289", "Area_ha": 0.088940052984899376, "count": 1, "value": 1, "Porcentaje_Cobertura_Forestal": 0.0, "NDVI_Medio_Poligono": 0.74824166389695024, "Codigo_Tipo_Bosque_Predom": 0.0, "Densidad_C_Media_tC_ha": 19.186077117919922, "Carbono_Perdido_tC": 1.7064107154401633, "Nombre_Tipo_Bosque_Predom": "Sin Datos" }, "geometry": { "type": "MultiPolygon", "coordinates": [ [ [ [ 4913589.452982877381146, 2110803.818338545970619 ], [ 4913589.488327375613153, 2110833.598675780463964 ], [ 4913619.353641416877508, 2110833.56323560141027 ], [ 4913619.318309136666358, 2110803.782900256570429 ], [ 4913589.452982877381146, 2110803.818338545970619 ] ] ] ] } },
{ "type": "Feature", "properties": { "id": "+394147+278286", "Area_ha": 0.088939934621364222, "count": 1, "value": 1, "Porcentaje_Cobertura_Forestal": 0.0, "NDVI_Medio_Poligono": 0.6935600983534157, "Codigo_Tipo_Bosque_Predom": 0.0, "Densidad_C_Media_tC_ha": 19.186077117919918, "Carbono_Perdido_tC": 1.7064084445082497, "Nombre_Tipo_Bosque_Predom": "Sin Datos" }, "geometry": { "type": "MultiPolygon", "coordinates": [ [ [ [ 4913619.424311673268676, 2110893.12390701007098 ], [ 4913619.459649650380015, 2110922.904243072960526 ], [ 4913649.324925134889781, 2110922.868809480220079 ], [ 4913649.289599379524589, 2110893.088475306518376 ], [ 4913619.424311673268676, 2110893.12390701007098 ] ] ] ] } },
{ "type": "Feature", "properties": { "id": "+394148+278044", "Area_ha": 0.088931236385813101, "count": 1, "value": 1, "Porcentaje_Cobertura_Forestal": 0.0, "NDVI_Medio_Poligono": 0.69653591668123949, "Codigo_Tipo_Bosque_Predom": 0.0, "Densidad_C_Media_tC_ha": 2.8131825923919678, "Carbono_Perdido_tC": 0.25017980612046459, "Nombre_Tipo_Bosque_Predom": "Sin Datos" }, "geometry": { "type": "MultiPolygon", "coordinates": [ [ [ [ 4913657.893784306012094, 2118099.936370917595923 ], [ 4913657.929569407366216, 2118129.716763517819345 ], [ 4913687.79186625406146, 2118129.680885252077132 ], [ 4913687.756093532778323, 2118099.900494539178908 ], [ 4913657.893784306012094, 2118099.936370917595923 ] ] ] ] } },
{ "type": "Feature", "properties": { "id": "+394148+278160", "Area_ha": 0.80041808792948721, "count": 9, "value": 1, "Porcentaje_Cobertura_Forestal": 3.225870191335209, "NDVI_Medio_Poligono": 0.65378692536546357, "Codigo_Tipo_Bosque_Predom": 0.0, "Densidad_C_Media_tC_ha": 119.68880389565584, "Carbono_Perdido_tC": 95.801083560728202, "Nombre_Tipo_Bosque_Predom": "Sin Datos" }, "geometry": { "type": "MultiPolygon", "coordinates": [ [ [ [ 4913623.891850315034389, 2114645.448144460096955 ], [ 4913623.963006670586765, 2114705.008877483196557 ], [ 4913653.826724775135517, 2114704.973203991074115 ], [ 4913653.862293495796621, 2114734.753568975720555 ], [ 4913683.725997399538755, 2114734.717905934900045 ], [ 4913683.619333843700588, 2114645.376817368902266 ], [ 4913623.891850315034389, 2114645.448144460096955 ] ] ], [ [ [ 4913653.897864115424454, 2114764.533934202510864 ], [ 4913653.933436632156372, 2114794.314299670513719 ], [ 4913743.524468834511936, 2114794.207336240913719 ], [ 4913743.488933236338198, 2114764.426976435352117 ], [ 4913713.62524542119354, 2114764.462616683915257 ], [ 4913713.589699412696064, 2114734.682255233172327 ], [ 4913683.725997399538755, 2114734.717905934900045 ], [ 4913683.761555712670088, 2114764.498269272968173 ], [ 4913653.897864115424454, 2114764.533934202510864 ] ] ] ] } },
{ "type": "Feature", "properties": { "id": "+394148+278171", "Area_ha": 0.088935809199215149, "count": 1, "value": 1, "Porcentaje_Cobertura_Forestal": 0.0, "NDVI_Medio_Poligono": 0.70370045610851717, "Codigo_Tipo_Bosque_Predom": 0.0, "Densidad_C_Media_tC_ha": 123.20417785644531, "Carbono_Perdido_tC": 10.957263254386989, "Nombre_Tipo_Bosque_Predom": "Sin Datos" }, "geometry": { "type": "MultiPolygon", "coordinates": [ [ [ [ 4913653.364503893069923, 2114317.828481046482921 ], [ 4913653.400047938339412, 2114347.608842893037945 ], [ 4913683.263911754824221, 2114347.573204397689551 ], [ 4913683.228380005806684, 2114317.792844439391047 ], [ 4913653.364503893069923, 2114317.828481046482921 ] ] ] ] } },
{ "type": "Feature", "properties": { "id": "+394148+278352", "Area_ha": 1.2451910325692677, "count": 14, "value": 1, "Porcentaje_Cobertura_Forestal": 0.0, "NDVI_Medio_Poligono": 0.60891772461847748, "Codigo_Tipo_Bosque_Predom": 0.0, "Densidad_C_Media_tC_ha": 30.565961172727455, "Carbono_Perdido_tC": 38.060460754140642, "Nombre_Tipo_Bosque_Predom": "Sin Datos" }, "geometry": { "type": "MultiPolygon", "coordinates": [ [ [ [ 4913646.962296475656331, 2108927.58694953750819 ], [ 4913646.997496948577464, 2108957.367267906200141 ], [ 4913587.265333753079176, 2108957.437897920608521 ], [ 4913587.335789105854928, 2109016.998542937915772 ], [ 4913617.201847294345498, 2109016.963218044023961 ], [ 4913617.237065641209483, 2109046.743539019487798 ], [ 4913676.969151972793043, 2109046.67292209668085 ], [ 4913676.933957984670997, 2109016.892604899592698 ], [ 4913766.532109819352627, 2109016.786776788532734 ], [ 4913766.496954265981913, 2108987.006465490907431 ], [ 4913736.630893368273973, 2108987.041727426927537 ], [ 4913736.595727532170713, 2108957.261414481326938 ], [ 4913676.863575702533126, 2108957.331971218343824 ], [ 4913676.828387407585979, 2108927.551654738374054 ], [ 4913646.962296475656331, 2108927.58694953750819 ] ] ] ] } },
{ "type": "Feature", "properties": { "id": "+394149+278096", "Area_ha": 0.088933101094279848, "count": 1, "value": 1, "Porcentaje_Cobertura_Forestal": 0.0, "NDVI_Medio_Poligono": 0.7401553552893323, "Codigo_Tipo_Bosque_Predom": 0.0, "Densidad_C_Media_tC_ha": 49.474050787017283, "Carbono_Perdido_tC": 4.3998807601853436, "Nombre_Tipo_Bosque_Predom": "Sin Datos" }, "geometry": { "type": "MultiPolygon", "coordinates": [ [ [ [ 4913685.898526607081294, 2116551.320511943660676 ], [ 4913685.934200664050877, 2116581.100890039931983 ], [ 4913715.797138492576778, 2116581.065122321713716 ], [ 4913715.761476781219244, 2116551.284746112767607 ], [ 4913685.898526607081294, 2116551.320511943660676 ] ] ] ] } },
{ "type": "Feature", "properties": { "id": "+394150+278061", "Area_ha": 0.088931827576458455, "count": 1, "value": 1, "Porcentaje_Cobertura_Forestal": 0.0, "NDVI_Medio_Poligono": 0.66887102367783868, "Codigo_Tipo_Bosque_Predom": 0.0, "Densidad_C_Media_tC_ha": 4.3064851760864258, "Carbono_Perdido_tC": 0.38298359714029234, "Nombre_Tipo_Bosque_Predom": "Sin Datos" }, "geometry": { "type": "MultiPolygon", "coordinates": [ [ [ [ 4913717.01076525170356, 2117593.598057684954256 ], [ 4913717.046493349596858, 2117623.378442383371294 ], [ 4913746.908996778540313, 2117623.342621015850455 ], [ 4913746.873281049542129, 2117593.562238203827292 ], [ 4913717.01076525170356, 2117593.598057684954256 ] ] ] ] } },
{ "type": "Feature", "properties": { "id": "+394150+278137", "Area_ha": 0.088934565292968185, "count": 1, "value": 1, "Porcentaje_Cobertura_Forestal": 0.0, "NDVI_Medio_Poligono": 0.74521128825427463, "Codigo_Tipo_Bosque_Predom": 0.4713711142539978, "Densidad_C_Media_tC_ha": 65.468925476074219, "Carbono_Perdido_tC": 5.8224504274123907, "Nombre_Tipo_Bosque_Predom": "Sin Datos" }, "geometry": { "type": "MultiPolygon", "coordinates": [ [ [ [ 4913714.300979724153876, 2115330.289530043955892 ], [ 4913714.336563668213785, 2115360.069896328728646 ], [ 4913744.200005235150456, 2115360.034218344371766 ], [ 4913744.164433609694242, 2115330.253853946458548 ], [ 4913714.300979724153876, 2115330.289530043955892 ] ] ] ] } },
{ "type": "Feature", "properties": { "id": "+394150+278147", "Area_ha": 0.088934924691682682, "count": 1, "value": 1, "Porcentaje_Cobertura_Forestal": 0.0, "NDVI_Medio_Poligono": 0.66833333286633123, "Codigo_Tipo_Bosque_Predom": 0.22644948959350586, "Densidad_C_Media_tC_ha": 65.468925476074219, "Carbono_Perdido_tC": 5.8224739568600468, "Nombre_Tipo_Bosque_Predom": "Sin Datos" }, "geometry": { "type": "MultiPolygon", "coordinates": [ [ [ [ 4913713.945244608446956, 2115032.48588049877435 ], [ 4913713.980809584259987, 2115062.266244364436716 ], [ 4913743.844374309293926, 2115062.230585247743875 ], [ 4913743.808821644634008, 2115032.450223268941045 ], [ 4913713.945244608446956, 2115032.48588049877435 ] ] ] ] } },
{ "type": "Feature", "properties": { "id": "+394150+278164", "Area_ha": 0.26680653816073174, "count": 3, "value": 1, "Porcentaje_Cobertura_Forestal": 0.0, "NDVI_Medio_Poligono": 0.81216478979687046, "Codigo_Tipo_Bosque_Predom": 0.0, "Densidad_C_Media_tC_ha": 108.31620788574219, "Carbono_Perdido_tC": 28.899472452693026, "Nombre_Tipo_Bosque_Predom": "Sin Datos" }, "geometry": { "type": "MultiPolygon", "coordinates": [ [ [ [ 4913713.340930228121579, 2114526.219731724821031 ], [ 4913713.411997585557401, 2114585.780451487749815 ], [ 4913773.139518970623612, 2114585.70920596877113 ], [ 4913773.104008946567774, 2114555.928849739488214 ], [ 4913743.240236897952855, 2114555.964464444667101 ], [ 4913743.204716469161212, 2114526.184106570668519 ], [ 4913713.340930228121579, 2114526.219731724821031 ] ] ] ] } },
{ "type": "Feature", "properties": { "id": "+394150+278338", "Area_ha": 0.088941752469648777, "count": 1, "value": 1, "Porcentaje_Cobertura_Forestal": 0.0, "NDVI_Medio_Poligono": 0.74703566961409396, "Codigo_Tipo_Bosque_Predom": 1.3056975603103638, "Densidad_C_Media_tC_ha": 40.915485382080078, "Carbono_Perdido_tC": 3.6390949730284992, "Nombre_Tipo_Bosque_Predom": "Sin Datos" }, "geometry": { "type": "MultiPolygon", "coordinates": [ [ [ [ 4913707.187114709988236, 2109344.440798215568066 ], [ 4913707.222317384555936, 2109374.221116155851632 ], [ 4913737.088221800513566, 2109374.185817470308393 ], [ 4913737.053031312301755, 2109344.405501417815685 ], [ 4913707.187114709988236, 2109344.440798215568066 ] ] ] ] } },
{ "type": "Feature", "properties": { "id": "+394151+278169", "Area_ha": 0.17787137080703105, "count": 2, "value": 1, "Porcentaje_Cobertura_Forestal": 0.0, "NDVI_Medio_Poligono": 0.66562255736834253, "Codigo_Tipo_Bosque_Predom": 0.0, "Densidad_C_Media_tC_ha": 108.31620788574219, "Carbono_Perdido_tC": 19.266352377256311, "Nombre_Tipo_Bosque_Predom": "Sin Datos" }, "geometry": { "type": "MultiPolygon", "coordinates": [ [ [ [ 4913743.02714276406914, 2114377.282320825848728 ], [ 4913743.098166557960212, 2114436.843034399207681 ], [ 4913772.961987805552781, 2114436.807427238672972 ], [ 4913772.890988607890904, 2114377.246717437636107 ], [ 4913743.02714276406914, 2114377.282320825848728 ] ] ] ] } },
{ "type": "Feature", "properties": { "id": "+394152+278050", "Area_ha": 0.088931407703955481, "count": 1, "value": 1, "Porcentaje_Cobertura_Forestal": 0.0, "NDVI_Medio_Poligono": 0.60566038703863811, "Codigo_Tipo_Bosque_Predom": 0.0, "Densidad_C_Media_tC_ha": 15.758776664733887, "Carbono_Perdido_tC": 1.4014501924870291, "Nombre_Tipo_Bosque_Predom": "Sin Datos" }, "geometry": { "type": "MultiPolygon", "coordinates": [ [ [ [ 4913777.128636170178652, 2117921.110634660348296 ], [ 4913777.1643603798002, 2117950.891018257476389 ], [ 4913807.026723928749561, 2117950.855200958903879 ], [ 4913806.991012094542384, 2117921.074819246772677 ], [ 4913777.128636170178652, 2117921.110634660348296 ] ] ] ] } },
{ "type": "Feature", "properties": { "id": "+394152+278154", "Area_ha": 0.17787027098152902, "count": 2, "value": 1, "Porcentaje_Cobertura_Forestal": 0.0, "NDVI_Medio_Poligono": 0.75235932045953258, "Codigo_Tipo_Bosque_Predom": 0.0, "Densidad_C_Media_tC_ha": 108.31620788574217, "Carbono_Perdido_tC": 19.266233248328589, "Nombre_Tipo_Bosque_Predom": "Sin Datos" }, "geometry": { "type": "MultiPolygon", "coordinates": [ [ [ [ 4913773.423667400144041, 2114823.95206449367106 ], [ 4913773.494723462499678, 2114883.512781539931893 ], [ 4913803.358358264900744, 2114883.477158429566771 ], [ 4913803.287326818332076, 2114823.916445154696703 ], [ 4913773.423667400144041, 2114823.95206449367106 ] ] ] ] } },
{ "type": "Feature", "properties": { "id": "+394152+278156", "Area_ha": 0.088935225285809424, "count": 1, "value": 1, "Porcentaje_Cobertura_Forestal": 0.0, "NDVI_Medio_Poligono": 0.71181397928064905, "Codigo_Tipo_Bosque_Predom": 0.0, "Densidad_C_Media_tC_ha": 108.31620788574219, "Carbono_Perdido_tC": 9.6331263504230495, "Nombre_Tipo_Bosque_Predom": "Sin Datos" }, "geometry": { "type": "MultiPolygon", "coordinates": [ [ [ [ 4913773.352618919685483, 2114764.391348412260413 ], [ 4913773.388142212294042, 2114794.171706332359463 ], [ 4913803.251813936978579, 2114794.136088878847659 ], [ 4913803.21630295086652, 2114764.355732844211161 ], [ 4913773.352618919685483, 2114764.391348412260413 ] ] ] ] } },
{ "type": "Feature", "properties": { "id": "+394152+278401", "Area_ha": 0.1778878975693835, "count": 2, "value": 1, "Porcentaje_Cobertura_Forestal": 0.0, "NDVI_Medio_Poligono": 0.58275831668994527, "Codigo_Tipo_Bosque_Predom": 0.0, "Densidad_C_Media_tC_ha": 25.288669586181641, "Carbono_Perdido_tC": 4.4985482650126638, "Nombre_Tipo_Bosque_Predom": "Sin Datos" }, "geometry": { "type": "MultiPolygon", "coordinates": [ [ [ [ 4913764.706534652039409, 2107468.210906059015542 ], [ 4913764.77665429841727, 2107527.77150453813374 ], [ 4913794.643309257924557, 2107527.736347238533199 ], [ 4913794.573213902302086, 2107468.175752531737089 ], [ 4913764.706534652039409, 2107468.210906059015542 ] ] ] ] } },
{ "type": "Feature", "properties": { "id": "+394153+278041", "Area_ha": 0.88930946836024527, "count": 10, "value": 1, "Porcentaje_Cobertura_Forestal": 0.0, "NDVI_Medio_Poligono": 0.69364721138957264, "Codigo_Tipo_Bosque_Predom": 0.0, "Densidad_C_Media_tC_ha": 15.758776664733887, "Carbono_Perdido_tC": 14.014429297722332, "Nombre_Tipo_Bosque_Predom": "Sin Datos" }, "geometry": { "type": "MultiPolygon", "coordinates": [ [ [ [ 4913809.114500000141561, 2118191.256300000473857 ], [ 4913814.325400000438094, 2118190.11600000038743 ], [ 4913816.938372821547091, 2118189.086717204190791 ], [ 4913807.312487052753568, 2118189.09826351236552 ], [ 4913807.315381486900151, 2118191.510803404264152 ], [ 4913809.114500000141561, 2118191.256300000473857 ] ] ] ] } },
{ "type": "Feature", "properties": { "id": "+394153+278074", "Area_ha": 0.088932262601626275, "count": 1, "value": 1, "Porcentaje_Cobertura_Forestal": 0.0, "NDVI_Medio_Poligono": 0.56470862418698631, "Codigo_Tipo_Bosque_Predom": 0.0, "Densidad_C_Media_tC_ha": 4.3064851760864258, "Carbono_Perdido_tC": 0.38298547056972876, "Nombre_Tipo_Bosque_Predom": "Sin Datos" }, "geometry": { "type": "MultiPolygon", "coordinates": [ [ [ [ 4913806.134496497921646, 2117206.345731014385819 ], [ 4913806.170162857510149, 2117236.126106900162995 ], [ 4913836.032821353524923, 2117236.090347240678966 ], [ 4913835.997167353518307, 2117206.309973239898682 ], [ 4913806.134496497921646, 2117206.345731014385819 ] ] ] ] } },
{ "type": "Feature", "properties": { "id": "+394153+278167", "Area_ha": 0.088935608871745356, "count": 1, "value": 1, "Porcentaje_Cobertura_Forestal": 0.0, "NDVI_Medio_Poligono": 0.61603390215777809, "Codigo_Tipo_Bosque_Predom": 0.56646907329559326, "Densidad_C_Media_tC_ha": 108.31620788574219, "Carbono_Perdido_tC": 9.6331678989970264, "Nombre_Tipo_Bosque_Predom": "Sin Datos" }, "geometry": { "type": "MultiPolygon", "coordinates": [ [ [ [ 4913802.825807160697877, 2114436.771832411177456 ], [ 4913802.861297303810716, 2114466.55218578921631 ], [ 4913832.725102470256388, 2114466.516601409763098 ], [ 4913832.68962462618947, 2114436.736249916721135 ], [ 4913802.825807160697877, 2114436.771832411177456 ] ] ] ] } },
{ "type": "Feature", "properties": { "id": "+394153+278326", "Area_ha": 0.088941291499813085, "count": 1, "value": 1, "Porcentaje_Cobertura_Forestal": 0.0, "NDVI_Medio_Poligono": 0.85605084208733939, "Codigo_Tipo_Bosque_Predom": 0.0, "Densidad_C_Media_tC_ha": 40.915485382080078, "Carbono_Perdido_tC": 3.6390761122239255, "Nombre_Tipo_Bosque_Predom": "Sin Datos" }, "geometry": { "type": "MultiPolygon", "coordinates": [ [ [ [ 4913797.206977280788124, 2109701.698707649484277 ], [ 4913797.242166134528816, 2109731.479022802785039 ], [ 4913827.107918582856655, 2109731.443738158792257 ], [ 4913827.072741922922432, 2109701.663424890954047 ], [ 4913797.206977280788124, 2109701.698707649484277 ] ] ] ] } },
{ "type": "Feature", "properties": { "id": "+394153+278335", "Area_ha": 0.088941611706301049, "count": 1, "value": 1, "Porcentaje_Cobertura_Forestal": 0.0, "NDVI_Medio_Poligono": 0.75543162449593848, "Codigo_Tipo_Bosque_Predom": 0.0, "Densidad_C_Media_tC_ha": 40.915485382080078, "Carbono_Perdido_tC": 3.6390892136278028, "Nombre_Tipo_Bosque_Predom": "Sin Datos" }, "geometry": { "type": "MultiPolygon", "coordinates": [ [ [ [ 4913796.890362867154181, 2109433.675882045645267 ], [ 4913796.925534666515887, 2109463.456195045262575 ], [ 4913826.791396841406822, 2109463.42092736903578 ], [ 4913826.75623723026365, 2109433.640616255346686 ], [ 4913796.890362867154181, 2109433.675882045645267 ] ] ] ] } },
{ "type": "Feature", "properties": { "id": "+394153+278358", "Area_ha": 0.26682725094109772, "count": 3, "value": 1, "Porcentaje_Cobertura_Forestal": 0.0, "NDVI_Medio_Poligono": 0.76800062422589954, "Codigo_Tipo_Bosque_Predom": 0.0, "Densidad_C_Media_tC_ha": 54.960369110107422, "Carbono_Perdido_tC": 14.664924200357989, "Nombre_Tipo_Bosque_Predom": "Sin Datos" }, "geometry": { "type": "MultiPolygon", "coordinates": [ [ [ [ 4913825.983205292373896, 2108778.473832387011498 ], [ 4913825.94808925036341, 2108748.693526773713529 ], [ 4913796.081934728659689, 2108748.728749198839068 ], [ 4913796.117062943987548, 2108778.509056698065251 ], [ 4913825.983205292373896, 2108778.473832387011498 ] ] ], [ [ [ 4913796.152193054556847, 2108808.289364435710013 ], [ 4913796.117062943987548, 2108778.509056698065251 ], [ 4913736.384772576391697, 2108778.579541946295649 ], [ 4913736.419927035458386, 2108808.359853457193822 ], [ 4913796.152193054556847, 2108808.289364435710013 ] ] ] ] } },
{ "type": "Feature", "properties": { "id": "+394153+278396", "Area_ha": 0.088943777911261721, "count": 1, "value": 1, "Porcentaje_Cobertura_Forestal": 0.0, "NDVI_Medio_Poligono": 0.61634660465568591, "Codigo_Tipo_Bosque_Predom": 0.0, "Densidad_C_Media_tC_ha": 25.288669586181641, "Carbono_Perdido_tC": 2.2492698113446186, "Nombre_Tipo_Bosque_Predom": "Sin Datos" }, "geometry": { "type": "MultiPolygon", "coordinates": [ [ [ [ 4913794.748466503806412, 2107617.077241089660674 ], [ 4913794.783522709272802, 2107646.857539515476674 ], [ 4913824.650127187371254, 2107646.822386854793876 ], [ 4913824.61508313100785, 2107617.04209031490609 ], [ 4913794.748466503806412, 2107617.077241089660674 ] ] ] ] } },
{ "type": "Feature", "properties": { "id": "+394155+278049", "Area_ha": 0.08893133755809686, "count": 1, "value": 1, "Porcentaje_Cobertura_Forestal": 0.0, "NDVI_Medio_Poligono": 0.77261097503818288, "Codigo_Tipo_Bosque_Predom": 1.5167876482009888, "Densidad_C_Media_tC_ha": 15.758776664733887, "Carbono_Perdido_tC": 1.401449087074109, "Nombre_Tipo_Bosque_Predom": "Sin Datos" }, "geometry": { "type": "MultiPolygon", "coordinates": [ [ [ [ 4913866.751445357687771, 2117950.783603592310101 ], [ 4913866.787134334445, 2117980.563981778919697 ], [ 4913896.649479838088155, 2117980.528199827764183 ], [ 4913896.613803238607943, 2117950.747823524288833 ], [ 4913866.751445357687771, 2117950.783603592310101 ] ] ] ] } },
{ "type": "Feature", "properties": { "id": "+394156+278258", "Area_ha": 0.088938833103550136, "count": 1, "value": 1, "Porcentaje_Cobertura_Forestal": 0.0, "NDVI_Medio_Poligono": 0.67259235733797396, "Codigo_Tipo_Bosque_Predom": 0.0, "Densidad_C_Media_tC_ha": 5.8383731842041016, "Carbono_Perdido_tC": 0.51925809822617119, "Nombre_Tipo_Bosque_Predom": "Sin Datos" }, "geometry": { "type": "MultiPolygon", "coordinates": [ [ [ [ 4913889.198932125233114, 2111726.654487976338714 ], [ 4913889.23421311751008, 2111756.43481378396973 ], [ 4913919.099129129201174, 2111756.399437764193863 ], [ 4913919.063860377296805, 2111726.619113839697093 ], [ 4913889.198932125233114, 2111726.654487976338714 ] ] ] ] } },
{ "type": "Feature", "properties": { "id": "+394157+278138", "Area_ha": 0.35573788299857406, "count": 4, "value": 1, "Porcentaje_Cobertura_Forestal": 0.0, "NDVI_Medio_Poligono": 0.74705239368136711, "Codigo_Tipo_Bosque_Predom": 0.25326871871948242, "Densidad_C_Media_tC_ha": 65.468925476074219, "Carbono_Perdido_tC": 23.289776951050055, "Nombre_Tipo_Bosque_Predom": "Sin Datos" }, "geometry": { "type": "MultiPolygon", "coordinates": [ [ [ [ 4913953.244043510407209, 2115359.784818462561816 ], [ 4913953.173074612393975, 2115300.224116286728531 ], [ 4913923.309621635824442, 2115300.259704033378512 ], [ 4913923.380615171045065, 2115359.820409973151982 ], [ 4913953.244043510407209, 2115359.784818462561816 ] ] ], [ [ [ 4913893.517184944823384, 2115359.856013837270439 ], [ 4913893.552696869708598, 2115389.636369052808732 ], [ 4913923.416114776395261, 2115389.600763305556029 ], [ 4913923.380615171045065, 2115359.820409973151982 ], [ 4913893.517184944823384, 2115359.856013837270439 ] ] ], [ [ [ 4913923.416114776395261, 2115389.600763305556029 ], [ 4913923.451616274192929, 2115419.381116880103946 ], [ 4913953.31501997448504, 2115419.345521605107933 ], [ 4913953.279530796222389, 2115389.56516991276294 ], [ 4913923.416114776395261, 2115389.600763305556029 ] ] ] ] } },
{ "type": "Feature", "properties": { "id": "+394157+278326", "Area_ha": 0.26682377243162775, "count": 3, "value": 1, "Porcentaje_Cobertura_Forestal": 0.0, "NDVI_Medio_Poligono": 0.85347028813654791, "Codigo_Tipo_Bosque_Predom": 0.0, "Densidad_C_Media_tC_ha": 40.915485382080078, "Carbono_Perdido_tC": 10.917224160517726, "Nombre_Tipo_Bosque_Predom": "Sin Datos" }, "geometry": { "type": "MultiPolygon", "coordinates": [ [ [ [ 4913856.93850467633456, 2109701.628154360689223 ], [ 4913856.973669141530991, 2109731.408465743996203 ], [ 4913946.570909477770329, 2109731.302721879445016 ], [ 4913946.535781595855951, 2109701.522416146472096 ], [ 4913856.93850467633456, 2109701.628154360689223 ] ] ] ] } },
{ "type": "Feature", "properties": { "id": "+394157+278358", "Area_ha": 0.088942383951385276, "count": 1, "value": 1, "Porcentaje_Cobertura_Forestal": 0.0, "NDVI_Medio_Poligono": 0.79603008922586216, "Codigo_Tipo_Bosque_Predom": 0.0, "Densidad_C_Media_tC_ha": 54.960369110107422, "Carbono_Perdido_tC": 4.8883062515010298, "Nombre_Tipo_Bosque_Predom": "Sin Datos" }, "geometry": { "type": "MultiPolygon", "coordinates": [ [ [ [ 4913915.546541232615709, 2108748.587932632770389 ], [ 4913915.581620753742754, 2108778.368232593871653 ], [ 4913945.447755541652441, 2108778.333057119045407 ], [ 4913945.412688193842769, 2108748.552759040147066 ], [ 4913915.546541232615709, 2108748.587932632770389 ] ] ] ] } },
{ "type": "Feature", "properties": { "id": "+394158+278162", "Area_ha": 0.088935372708855723, "count": 1, "value": 1, "Porcentaje_Cobertura_Forestal": 10.054860872554691, "NDVI_Medio_Poligono": 0.7996771018989971, "Codigo_Tipo_Bosque_Predom": 1.984779953956604, "Densidad_C_Media_tC_ha": 108.31620788574219, "Carbono_Perdido_tC": 9.6331423187283782, "Nombre_Tipo_Bosque_Predom": "Sin Datos" }, "geometry": { "type": "MultiPolygon", "coordinates": [ [ [ [ 4913952.322037755511701, 2114585.495765483006835 ], [ 4913952.357475860975683, 2114615.276110650505871 ], [ 4913982.221210082061589, 2114615.240578531753272 ], [ 4913982.185784277506173, 2114585.460235245991498 ], [ 4913952.322037755511701, 2114585.495765483006835 ] ] ] ] } },
{ "type": "Feature", "properties": { "id": "+394158+278257", "Area_ha": 0.088938774718993224, "count": 1, "value": 1, "Porcentaje_Cobertura_Forestal": 0.0, "NDVI_Medio_Poligono": 0.63525053120875108, "Codigo_Tipo_Bosque_Predom": 0.0, "Densidad_C_Media_tC_ha": 5.8383731842041016, "Carbono_Perdido_tC": 0.51925775735533974, "Nombre_Tipo_Bosque_Predom": "Sin Datos" }, "geometry": { "type": "MultiPolygon", "coordinates": [ [ [ [ 4913948.964043252170086, 2111756.364074018783867 ], [ 4913948.999301658011973, 2111786.144396299496293 ], [ 4913978.864201654680073, 2111786.109042946714908 ], [ 4913978.828955489210784, 2111756.328722547739744 ], [ 4913948.964043252170086, 2111756.364074018783867 ] ] ] ] } },
{ "type": "Feature", "properties": { "id": "+394158+278299", "Area_ha": 0.26682071283973929, "count": 3, "value": 1, "Porcentaje_Cobertura_Forestal": 0.0, "NDVI_Medio_Poligono": 0.7522012331750072, "Codigo_Tipo_Bosque_Predom": 0.0, "Densidad_C_Media_tC_ha": 6.5886874198913574, "Carbono_Perdido_tC": 1.7579982740536346, "Nombre_Tipo_Bosque_Predom": "Sin Datos" }, "geometry": { "type": "MultiPolygon", "coordinates": [ [ [ [ 4913947.484898373484612, 2110505.590754995122552 ], [ 4913947.590440918691456, 2110594.931692317128181 ], [ 4913977.455829995684326, 2110594.89641424221918 ], [ 4913977.350324089638889, 2110505.555482565890998 ], [ 4913947.484898373484612, 2110505.590754995122552 ] ] ] ] } },
{ "type": "Feature", "properties": { "id": "+394159+278273", "Area_ha": 0.08893933466175076, "count": 1, "value": 1, "Porcentaje_Cobertura_Forestal": 0.0, "NDVI_Medio_Poligono": 0.3635741133584029, "Codigo_Tipo_Bosque_Predom": 0.0, "Densidad_C_Media_tC_ha": 5.8383731842041016, "Carbono_Perdido_tC": 0.51926102651011996, "Nombre_Tipo_Bosque_Predom": "Sin Datos" }, "geometry": { "type": "MultiPolygon", "coordinates": [ [ [ [ 4913978.265274012461305, 2111279.843628817237914 ], [ 4913978.300489922985435, 2111309.623945374507457 ], [ 4914008.165583789348602, 2111309.588634396437556 ], [ 4914008.130380108952522, 2111279.808319720439613 ], [ 4913978.265274012461305, 2111279.843628817237914 ] ] ] ] } },
{ "type": "Feature", "properties": { "id": "+394159+278285", "Area_ha": 0.088939762791433896, "count": 1, "value": 1, "Porcentaje_Cobertura_Forestal": 0.0, "NDVI_Medio_Poligono": 0.68197899641135951, "Codigo_Tipo_Bosque_Predom": 0.0, "Densidad_C_Media_tC_ha": 6.2575509512343332, "Carbono_Perdido_tC": 0.55654509725809309, "Nombre_Tipo_Bosque_Predom": "Sin Datos" }, "geometry": { "type": "MultiPolygon", "coordinates": [ [ [ [ 4913977.842830589972436, 2110922.479848855640739 ], [ 4913977.878023807890713, 2110952.260162532795221 ], [ 4914007.743264382705092, 2110952.224874130450189 ], [ 4914007.708083386532962, 2110922.444562334567308 ], [ 4913977.842830589972436, 2110922.479848855640739 ] ] ] ] } },
{ "type": "Feature", "properties": { "id": "+394160+278041", "Area_ha": 0.088930991924197594, "count": 1, "value": 1, "Porcentaje_Cobertura_Forestal": 0.0, "NDVI_Medio_Poligono": 0.46309511896463051, "Codigo_Tipo_Bosque_Predom": 0.0, "Densidad_C_Media_tC_ha": 15.758776664733887, "Carbono_Perdido_tC": 1.4014436403066828, "Nombre_Tipo_Bosque_Predom": "Sin Datos" }, "geometry": { "type": "MultiPolygon", "coordinates": [ [ [ [ 4914018.460199999623001, 2118191.655099999159575 ], [ 4914021.911299999803305, 2118190.807900000363588 ], [ 4914024.798499999567866, 2118189.750700000673532 ], [ 4914026.497499615885317, 2118188.835639858152717 ], [ 4914016.348285567946732, 2118188.847784370183945 ], [ 4914016.35209596529603, 2118192.031510725617409 ], [ 4914018.460199999623001, 2118191.655099999159575 ] ] ] ] } },
{ "type": "Feature", "properties": { "id": "+394160+278296", "Area_ha": 0.088940143682304185, "count": 1, "value": 1, "Porcentaje_Cobertura_Forestal": 0.0, "NDVI_Medio_Poligono": 0.68789866557805424, "Codigo_Tipo_Bosque_Predom": 0.0, "Densidad_C_Media_tC_ha": 6.5886874198913574, "Carbono_Perdido_tC": 0.5859988058029274, "Nombre_Tipo_Bosque_Predom": "Sin Datos" }, "geometry": { "type": "MultiPolygon", "coordinates": [ [ [ [ 4914007.321217183955014, 2110594.86114841606468 ], [ 4914007.356377387419343, 2110624.641457573510706 ], [ 4914037.221750476397574, 2110624.606202115304768 ], [ 4914037.186602488160133, 2110594.825894838664681 ], [ 4914007.321217183955014, 2110594.86114841606468 ] ] ] ] } },
{ "type": "Feature", "properties": { "id": "+394160+278402", "Area_ha": 0.088943911259704328, "count": 1, "value": 1, "Porcentaje_Cobertura_Forestal": 0.0, "NDVI_Medio_Poligono": 0.70151991547844139, "Codigo_Tipo_Bosque_Predom": 0.0, "Densidad_C_Media_tC_ha": 25.288669586181641, "Carbono_Perdido_tC": 2.2492731835493238, "Nombre_Tipo_Bosque_Predom": "Sin Datos" }, "geometry": { "type": "MultiPolygon", "coordinates": [ [ [ [ 4914003.604955918155611, 2107438.14973507495597 ], [ 4914003.639915741048753, 2107467.930018885992467 ], [ 4914033.506579880602658, 2107467.894962800201029 ], [ 4914033.471632202155888, 2107438.114680869970471 ], [ 4914003.604955918155611, 2107438.14973507495597 ] ] ] ] } },
{ "type": "Feature", "properties": { "id": "+394161+278045", "Area_ha": 0.1778622615665634, "count": 2, "value": 1, "Porcentaje_Cobertura_Forestal": 0.02059665152077203, "NDVI_Medio_Poligono": 0.73911265445673779, "Codigo_Tipo_Bosque_Predom": 2.2786579132080078, "Densidad_C_Media_tC_ha": 15.758776664733887, "Carbono_Perdido_tC": 2.802891657111954, "Nombre_Tipo_Bosque_Predom": "Sin Datos" }, "geometry": { "type": "MultiPolygon", "coordinates": [ [ [ [ 4914016.205735607072711, 2118069.726303917821497 ], [ 4914016.241370261646807, 2118099.506673666648567 ], [ 4914075.965941495262086, 2118099.435231246054173 ], [ 4914075.930331598035991, 2118069.654865256510675 ], [ 4914016.205735607072711, 2118069.726303917821497 ] ] ] ] } },
{ "type": "Feature", "properties": { "id": "+394161+278087", "Area_ha": 0.088932640725684173, "count": 1, "value": 1, "Porcentaje_Cobertura_Forestal": 0.0, "NDVI_Medio_Poligono": 0.82918969304856471, "Codigo_Tipo_Bosque_Predom": 0.0, "Densidad_C_Media_tC_ha": 70.303817749023438, "Carbono_Perdido_tC": 6.2523041655178799, "Nombre_Tipo_Bosque_Predom": "Sin Datos" }, "geometry": { "type": "MultiPolygon", "coordinates": [ [ [ [ 4914044.57360518258065, 2116818.915347169619054 ], [ 4914044.609148099087179, 2116848.695704843383282 ], [ 4914074.471952125430107, 2116848.660068771801889 ], [ 4914074.436421560123563, 2116818.879712976980954 ], [ 4914044.57360518258065, 2116818.915347169619054 ] ] ] ] } },
{ "type": "Feature", "properties": { "id": "+394161+278091", "Area_ha": 0.088932784894012726, "count": 1, "value": 1, "Porcentaje_Cobertura_Forestal": 0.0, "NDVI_Medio_Poligono": 0.57856261582449819, "Codigo_Tipo_Bosque_Predom": 2.2892615795135498, "Densidad_C_Media_tC_ha": 70.303817749023438, "Carbono_Perdido_tC": 6.2523143011017757, "Nombre_Tipo_Bosque_Predom": "Sin Datos" }, "geometry": { "type": "MultiPolygon", "coordinates": [ [ [ [ 4914044.431452412158251, 2116699.793918899726123 ], [ 4914044.466987770982087, 2116729.574275603983551 ], [ 4914074.329841199330986, 2116729.53864705003798 ], [ 4914074.294318189844489, 2116699.758292225189507 ], [ 4914044.431452412158251, 2116699.793918899726123 ] ] ] ] } },
{ "type": "Feature", "properties": { "id": "+394161+278248", "Area_ha": 0.088938419202921795, "count": 1, "value": 1, "Porcentaje_Cobertura_Forestal": 0.0, "NDVI_Medio_Poligono": 0.59014932643719942, "Codigo_Tipo_Bosque_Predom": 0.0, "Densidad_C_Media_tC_ha": 79.604011535644531, "Carbono_Perdido_tC": 7.0798549481913753, "Nombre_Tipo_Bosque_Predom": "Sin Datos" }, "geometry": { "type": "MultiPolygon", "coordinates": [ [ [ [ 4914038.875837502069771, 2112024.280914822593331 ], [ 4914038.911076194606721, 2112054.06123362435028 ], [ 4914068.775860343128443, 2112054.025900176726282 ], [ 4914068.740633896552026, 2112024.24558325484395 ], [ 4914038.875837502069771, 2112024.280914822593331 ] ] ] ] } },
{ "type": "Feature", "properties": { "id": "+394161+278254", "Area_ha": 0.35575450817837556, "count": 4, "value": 1, "Porcentaje_Cobertura_Forestal": 0.0, "NDVI_Medio_Poligono": 0.59899633389390705, "Codigo_Tipo_Bosque_Predom": 0.0, "Densidad_C_Media_tC_ha": 5.8383731842041016, "Carbono_Perdido_tC": 2.0770275807083465, "Nombre_Tipo_Bosque_Predom": "Sin Datos" }, "geometry": { "type": "MultiPolygon", "coordinates": [ [ [ [ 4914008.799573285505176, 2111845.634339627344161 ], [ 4914008.834812882356346, 2111875.414658867754042 ], [ 4913978.969951497390866, 2111875.450005589518696 ], [ 4913979.005205226130784, 2111905.230326949618757 ], [ 4914038.734901627525687, 2111905.159642020706087 ], [ 4914038.699672382324934, 2111875.379324422683567 ], [ 4914068.564529996365309, 2111875.34400225430727 ], [ 4914068.529314883053303, 2111845.563686774577945 ], [ 4914008.799573285505176, 2111845.634339627344161 ] ] ] ] } },
{ "type": "Feature", "properties": { "id": "+394164+278139", "Area_ha": 0.1778689684531535, "count": 2, "value": 1, "Porcentaje_Cobertura_Forestal": 0.0, "NDVI_Medio_Poligono": 0.55066647878382413, "Codigo_Tipo_Bosque_Predom": 0.0, "Densidad_C_Media_tC_ha": 65.468925476074219, "Carbono_Perdido_tC": 11.644890240165703, "Nombre_Tipo_Bosque_Predom": "Sin Datos" }, "geometry": { "type": "MultiPolygon", "coordinates": [ [ [ [ 4914102.454890930093825, 2115270.266021396499127 ], [ 4914102.490310955792665, 2115300.046362719032913 ], [ 4914162.217192397452891, 2115299.975347802042961 ], [ 4914162.181797006167471, 2115270.195010235067457 ], [ 4914102.454890930093825, 2115270.266021396499127 ] ] ] ] } },
{ "type": "Feature", "properties": { "id": "+394165+278254", "Area_ha": 0.088938588361135038, "count": 1, "value": 1, "Porcentaje_Cobertura_Forestal": 0.0, "NDVI_Medio_Poligono": 0.54077848710000409, "Codigo_Tipo_Bosque_Predom": 0.0, "Densidad_C_Media_tC_ha": 5.8383731842041016, "Carbono_Perdido_tC": 0.5192566693286178, "Nombre_Tipo_Bosque_Predom": "Sin Datos" }, "geometry": { "type": "MultiPolygon", "coordinates": [ [ [ [ 4914158.123913144692779, 2111845.457799566909671 ], [ 4914158.159091532230377, 2111875.238109410740435 ], [ 4914188.023941610008478, 2111875.202836350072175 ], [ 4914187.9887754637748, 2111845.42252838332206 ], [ 4914158.123913144692779, 2111845.457799566909671 ] ] ] ] } },
{ "type": "Feature", "properties": { "id": "+394165+278357", "Area_ha": 0.088942257890860493, "count": 1, "value": 1, "Porcentaje_Cobertura_Forestal": 0.0, "NDVI_Medio_Poligono": 0.71444989890452559, "Codigo_Tipo_Bosque_Predom": 0.0, "Densidad_C_Media_tC_ha": 54.960369110107422, "Carbono_Perdido_tC": 4.8882993231680567, "Nombre_Tipo_Bosque_Predom": "Sin Datos" }, "geometry": { "type": "MultiPolygon", "coordinates": [ [ [ [ 4914154.51064623799175, 2108778.087170641869307 ], [ 4914154.545630258508027, 2108807.867455797735602 ], [ 4914184.411737787537277, 2108807.832376116421074 ], [ 4914184.376765941269696, 2108778.052092838101089 ], [ 4914154.51064623799175, 2108778.087170641869307 ] ] ] ] } },
{ "type": "Feature", "properties": { "id": "+394166+278248", "Area_ha": 0.17787668961674644, "count": 2, "value": 1, "Porcentaje_Cobertura_Forestal": 0.0, "NDVI_Medio_Poligono": 0.69696711477049988, "Codigo_Tipo_Bosque_Predom": 0.0, "Densidad_C_Media_tC_ha": 79.604011535644531, "Carbono_Perdido_tC": 14.159698052173745, "Nombre_Tipo_Bosque_Predom": "Sin Datos" }, "geometry": { "type": "MultiPolygon", "coordinates": [ [ [ [ 4914188.199800635688007, 2112024.104379784781486 ], [ 4914188.270157449878752, 2112083.664998842868954 ], [ 4914218.134919934906065, 2112083.629724922124296 ], [ 4914218.064587611705065, 2112024.069109617266804 ], [ 4914188.199800635688007, 2112024.104379784781486 ] ] ] ] } },
{ "type": "Feature", "properties": { "id": "+394167+278396", "Area_ha": 0.44471787158681397, "count": 5, "value": 1, "Porcentaje_Cobertura_Forestal": 0.0, "NDVI_Medio_Poligono": 0.83119110460640855, "Codigo_Tipo_Bosque_Predom": 0.0, "Densidad_C_Media_tC_ha": 25.288669586181641, "Carbono_Perdido_tC": 11.246323313628896, "Nombre_Tipo_Bosque_Predom": "Sin Datos" }, "geometry": { "type": "MultiPolygon", "coordinates": [ [ [ [ 4914212.88092746771872, 2107616.586238930467516 ], [ 4914212.985591502860188, 2107705.927055910229683 ], [ 4914272.718697161413729, 2107705.857096422463655 ], [ 4914272.648967850022018, 2107646.296559033915401 ], [ 4914242.782391662709415, 2107646.331528933718801 ], [ 4914242.74751768540591, 2107616.551258723251522 ], [ 4914212.88092746771872, 2107616.586238930467516 ] ] ] ] } },
{ "type": "Feature", "properties": { "id": "+394168+278231", "Area_ha": 0.088937732294705349, "count": 1, "value": 1, "Porcentaje_Cobertura_Forestal": 0.0, "NDVI_Medio_Poligono": 0.70590111872775507, "Codigo_Tipo_Bosque_Predom": 0.086046725511550903, "Densidad_C_Media_tC_ha": 79.604011535644531, "Carbono_Perdido_tC": 7.0798002675417901, "Nombre_Tipo_Bosque_Predom": "Sin Datos" }, "geometry": { "type": "MultiPolygon", "coordinates": [ [ [ [ 4914248.527229613624513, 2112530.299080587923527 ], [ 4914248.562414632178843, 2112560.079390331637114 ], [ 4914278.426977325230837, 2112560.044110969174653 ], [ 4914278.391804563812912, 2112530.263803100213408 ], [ 4914248.527229613624513, 2112530.299080587923527 ] ] ] ] } },
{ "type": "Feature", "properties": { "id": "+394168+278375", "Area_ha": 0.088942863201512956, "count": 1, "value": 1, "Porcentaje_Cobertura_Forestal": 0.0, "NDVI_Medio_Poligono": 0.5725648529030829, "Codigo_Tipo_Bosque_Predom": 0.82269996404647827, "Densidad_C_Media_tC_ha": 54.960369110107422, "Carbono_Perdido_tC": 4.8883325912649429, "Nombre_Tipo_Bosque_Predom": "Sin Datos" }, "geometry": { "type": "MultiPolygon", "coordinates": [ [ [ [ 4914243.480267093516886, 2108241.936983278952539 ], [ 4914243.515180659480393, 2108271.717258503194898 ], [ 4914273.381501576863229, 2108271.682249212637544 ], [ 4914273.346600173041224, 2108241.90197586407885 ], [ 4914243.480267093516886, 2108241.936983278952539 ] ] ] ] } },
{ "type": "Feature", "properties": { "id": "+394169+278069", "Area_ha": 0.088931901219399881, "count": 1, "value": 1, "Porcentaje_Cobertura_Forestal": 0.0, "NDVI_Medio_Poligono": 0.71000599843077739, "Codigo_Tipo_Bosque_Predom": 0.0, "Densidad_C_Media_tC_ha": 4.3064851760864258, "Carbono_Perdido_tC": 0.38298391428252793, "Nombre_Tipo_Bosque_Predom": "Sin Datos" }, "geometry": { "type": "MultiPolygon", "coordinates": [ [ [ [ 4914284.114365672692657, 2117354.676825352478772 ], [ 4914284.149843694642186, 2117384.45717237656936 ], [ 4914314.01241022720933, 2117384.421601657755673 ], [ 4914313.976944568566978, 2117354.641256507951766 ], [ 4914284.114365672692657, 2117354.676825352478772 ] ] ] ] } },
{ "type": "Feature", "properties": { "id": "+394170+278147", "Area_ha": 0.088934698337916049, "count": 1, "value": 1, "Porcentaje_Cobertura_Forestal": 0.0, "NDVI_Medio_Poligono": 0.72727280833197361, "Codigo_Tipo_Bosque_Predom": 0.0, "Densidad_C_Media_tC_ha": 65.468925476074219, "Carbono_Perdido_tC": 5.8224591377221673, "Nombre_Tipo_Bosque_Predom": "Sin Datos" }, "geometry": { "type": "MultiPolygon", "coordinates": [ [ [ [ 4914311.216426638886333, 2115031.775081665720791 ], [ 4914311.251745374873281, 2115061.555407920386642 ], [ 4914341.115272387862206, 2115061.519995738752186 ], [ 4914341.079965963959694, 2115031.739671357907355 ], [ 4914311.216426638886333, 2115031.775081665720791 ] ] ] ] } },
{ "type": "Feature", "properties": { "id": "+394170+278151", "Area_ha": 0.088934842049276625, "count": 1, "value": 1, "Porcentaje_Cobertura_Forestal": 0.0, "NDVI_Medio_Poligono": 0.61437259442077585, "Codigo_Tipo_Bosque_Predom": 1.9891308546066284, "Densidad_C_Media_tC_ha": 71.18091742612728, "Carbono_Perdido_tC": 6.3304636482152317, "Nombre_Tipo_Bosque_Predom": "Sin Datos" }, "geometry": { "type": "MultiPolygon", "coordinates": [ [ [ [ 4914311.075170534662902, 2114912.653779060579836 ], [ 4914311.110481735318899, 2114942.434104349929839 ], [ 4914340.97405799292028, 2114942.398699663579464 ], [ 4914340.938759101554751, 2114912.618376248050481 ], [ 4914311.075170534662902, 2114912.653779060579836 ] ] ] ] } },
{ "type": "Feature", "properties": { "id": "+394170+278365", "Area_ha": 0.7115397603303194, "count": 8, "value": 1, "Porcentaje_Cobertura_Forestal": 0.0, "NDVI_Medio_Poligono": 0.66166610746896182, "Codigo_Tipo_Bosque_Predom": 0.0, "Densidad_C_Media_tC_ha": 54.960369110107422, "Carbono_Perdido_tC": 39.106487864271728, "Nombre_Tipo_Bosque_Predom": "Sin Datos" }, "geometry": { "type": "MultiPolygon", "coordinates": [ [ [ [ 4914243.899354539811611, 2108599.300301843322814 ], [ 4914243.829487821087241, 2108539.73974637966603 ], [ 4914213.963274512439966, 2108539.774784754961729 ], [ 4914214.033165569417179, 2108599.335343971848488 ], [ 4914243.899354539811611, 2108599.300301843322814 ] ] ], [ [ [ 4914303.666638682596385, 2108629.010528541635722 ], [ 4914303.631726835854352, 2108599.230254201684147 ], [ 4914333.497910162433982, 2108599.195248688571155 ], [ 4914333.428116458468139, 2108539.634704474359751 ], [ 4914273.69569924660027, 2108539.704720207490027 ], [ 4914273.765541627071798, 2108599.265271920245141 ], [ 4914243.899354539811611, 2108599.300301843322814 ], [ 4914243.934290727600455, 2108629.080579933710396 ], [ 4914303.666638682596385, 2108629.010528541635722 ] ] ] ] } },
{ "type": "Feature", "properties": { "id": "+394171+278053", "Area_ha": 1.7786243019869696, "count": 20, "value": 1, "Porcentaje_Cobertura_Forestal": 0.0, "NDVI_Medio_Poligono": 0.69029662686354309, "Codigo_Tipo_Bosque_Predom": 0.0, "Densidad_C_Media_tC_ha": 11.578197686637008, "Carbono_Perdido_tC": 20.593263778661896, "Nombre_Tipo_Bosque_Predom": "Sin Datos" }, "geometry": { "type": "MultiPolygon", "coordinates": [ [ [ [ 4914195.491100000217557, 2118063.848200000822544 ], [ 4914201.9079, 2118061.011700000613928 ], [ 4914206.403800000436604, 2118059.066400000825524 ], [ 4914212.737700000405312, 2118056.759999999776483 ], [ 4914216.121399999596179, 2118055.261 ], [ 4914219.078700000420213, 2118053.992799999192357 ], [ 4914222.1058, 2118052.0219 ], [ 4914224.56940000038594, 2118050.192299999296665 ], [ 4914227.208700000308454, 2118048.081499999389052 ], [ 4914238.173709539696574, 2118039.680654592812061 ], [ 4914225.206242738291621, 2118039.696129579562694 ], [ 4914225.17069850768894, 2118009.91577346296981 ], [ 4914251.238577280193567, 2118009.884666486643255 ], [ 4914251.2824, 2118009.612999999895692 ], [ 4914251.463000000454485, 2118005.266100000590086 ], [ 4914251.920599999837577, 2118000.106499999761581 ], [ 4914251.874900000169873, 2117996.20240000076592 ], [ 4914251.342400000430644, 2117992.830800000578165 ], [ 4914251.780899999663234, 2117989.481499999761581 ], [ 4914253.6255, 2117985.0548 ], [ 4914255.872700000181794, 2117981.232999999076128 ], [ 4914258.0883, 2117978.279500000178814 ], [ 4914260.477900000289083, 2117975.3004 ], [ 4914262.67949999962002, 2117973.468399999663234 ], [ 4914266.110500000417233, 2117970.682199999690056 ], [ 4914268.855399999767542, 2117968.360400000587106 ], [ 4914272.426199999637902, 2117965.181700000539422 ], [ 4914276.455500000156462, 2117961.185100000351667 ], [ 4914278.883500000461936, 2117959.0746 ], [ 4914280.888799999840558, 2117956.964400000870228 ], [ 4914283.315999999642372, 2117954.2215 ], [ 4914284.827160599641502, 2117952.693142047151923 ], [ 4914284.788770535029471, 2117920.503460437059402 ], [ 4914254.92642477247864, 2117920.539077298715711 ], [ 4914254.961950970813632, 2117950.319430811330676 ], [ 4914225.099615702405572, 2117950.355061958078295 ], [ 4914225.135156162083149, 2117980.135417588986456 ], [ 4914165.41050473600626, 2117980.20672086533159 ], [ 4914165.481640821322799, 2118039.767440361436456 ], [ 4914195.343942721374333, 2118039.731778764165938 ], [ 4914195.372814632952213, 2118063.912101611029357 ], [ 4914195.491100000217557, 2118063.848200000822544 ] ] ], [ [ [ 4914319.588499999605119, 2117887.153200000524521 ], [ 4914321.0647, 2117884.411399999633431 ], [ 4914323.596599999815226, 2117880.825300000607967 ], [ 4914326.340200000442564, 2117877.4496 ], [ 4914328.34499999973923, 2117874.917999999597669 ], [ 4914331.195000000298023, 2117872.174699999392033 ], [ 4914334.888799999840558, 2117868.1656 ], [ 4914337.738800000399351, 2117865.4221 ], [ 4914340.166299999691546, 2117862.890000000596046 ], [ 4914343.1212, 2117859.51410000026226 ], [ 4914345.3377, 2117857.193 ], [ 4914347.79619999974966, 2117854.176000000908971 ], [ 4914349.811200000345707, 2117850.744300000369549 ], [ 4914352.0883, 2117846.646500000730157 ], [ 4914353.670199999585748, 2117843.904500000178814 ], [ 4914359.953479359857738, 2117831.072707694023848 ], [ 4914284.682240372523665, 2117831.162406981457025 ], [ 4914284.717748542316258, 2117860.942757890559733 ], [ 4914224.993005637079477, 2117861.013996523339301 ], [ 4914225.064077128656209, 2117920.574706570245326 ], [ 4914254.92642477247864, 2117920.539077298715711 ], [ 4914254.890900459140539, 2117890.758724029175937 ], [ 4914317.889105345122516, 2117890.683616140857339 ], [ 4914319.588499999605119, 2117887.153200000524521 ] ] ] ] } },
{ "type": "Feature", "properties": { "id": "+394171+278250", "Area_ha": 0.088938377717869305, "count": 1, "value": 1, "Porcentaje_Cobertura_Forestal": 0.0, "NDVI_Medio_Poligono": 0.6402231815799625, "Codigo_Tipo_Bosque_Predom": 0.0, "Densidad_C_Media_tC_ha": 79.604011535644531, "Carbono_Perdido_tC": 7.0798516458147791, "Nombre_Tipo_Bosque_Predom": "Sin Datos" }, "geometry": { "type": "MultiPolygon", "coordinates": [ [ [ [ 4914337.453489889390767, 2111964.367552408017218 ], [ 4914337.488602358847857, 2111994.147851957473904 ], [ 4914367.35339218005538, 2111994.112645064014941 ], [ 4914367.318291955627501, 2111964.332347387913615 ], [ 4914337.453489889390767, 2111964.367552408017218 ] ] ] ] } },
{ "type": "Feature", "properties": { "id": "+394171+278299", "Area_ha": 0.17788021701505494, "count": 2, "value": 1, "Porcentaje_Cobertura_Forestal": 0.0, "NDVI_Medio_Poligono": 0.65311870991139676, "Codigo_Tipo_Bosque_Predom": 0.3266541063785553, "Densidad_C_Media_tC_ha": 6.5886874198913574, "Carbono_Perdido_tC": 1.171997148094637, "Nombre_Tipo_Bosque_Predom": "Sin Datos" }, "geometry": { "type": "MultiPolygon", "coordinates": [ [ [ [ 4914335.735285664908588, 2110505.133168668951839 ], [ 4914335.805327943526208, 2110564.693744480609894 ], [ 4914365.670704753138125, 2110564.658627512864769 ], [ 4914365.600686899386346, 2110505.098055447917432 ], [ 4914335.735285664908588, 2110505.133168668951839 ] ] ] ] } },
{ "type": "Feature", "properties": { "id": "+394173+278365", "Area_ha": 0.088942451771146444, "count": 1, "value": 1, "Porcentaje_Cobertura_Forestal": 0.0, "NDVI_Medio_Poligono": 0.69048873736528327, "Codigo_Tipo_Bosque_Predom": 0.0, "Densidad_C_Media_tC_ha": 54.960369110107422, "Carbono_Perdido_tC": 4.8883099789001365, "Nombre_Tipo_Bosque_Predom": "Sin Datos" }, "geometry": { "type": "MultiPolygon", "coordinates": [ [ [ [ 4914393.160525913350284, 2108539.564737441483885 ], [ 4914393.195397485978901, 2108569.34500568266958 ], [ 4914423.061587345786393, 2108569.310038656461984 ], [ 4914423.026727941818535, 2108539.529772287700325 ], [ 4914393.160525913350284, 2108539.564737441483885 ] ] ] ] } },
{ "type": "Feature", "properties": { "id": "+394174+278393", "Area_ha": 0.44471703819262332, "count": 5, "value": 1, "Porcentaje_Cobertura_Forestal": 0.0, "NDVI_Medio_Poligono": 0.77652758932159727, "Codigo_Tipo_Bosque_Predom": 0.0, "Densidad_C_Media_tC_ha": 25.288669586181641, "Carbono_Perdido_tC": 11.246302238198572, "Nombre_Tipo_Bosque_Predom": "Sin Datos" }, "geometry": { "type": "MultiPolygon", "coordinates": [ [ [ [ 4914422.051428399048746, 2107705.68241094565019 ], [ 4914422.086235129274428, 2107735.462670627050102 ], [ 4914362.35317257232964, 2107735.532512007281184 ], [ 4914362.388005485758185, 2107765.312775674741715 ], [ 4914422.121043740771711, 2107765.242930548731238 ], [ 4914422.155854233540595, 2107795.023190708830953 ], [ 4914452.022358391433954, 2107794.988284553866833 ], [ 4914451.917969010770321, 2107705.647510406561196 ], [ 4914422.051428399048746, 2107705.68241094565019 ] ] ] ] } },
{ "type": "Feature", "properties": { "id": "+394176+278135", "Area_ha": 0.088934199447445281, "count": 1, "value": 1, "Porcentaje_Cobertura_Forestal": 0.0, "NDVI_Medio_Poligono": 0.79499307634042782, "Codigo_Tipo_Bosque_Predom": 0.0, "Densidad_C_Media_tC_ha": 65.468925476074219, "Carbono_Perdido_tC": 5.8224264758991158, "Nombre_Tipo_Bosque_Predom": "Sin Datos" }, "geometry": { "type": "MultiPolygon", "coordinates": [ [ [ [ 4914490.820696847513318, 2115388.926601245068014 ], [ 4914490.855964267626405, 2115418.706919170450419 ], [ 4914520.719332225620747, 2115418.67155863204971 ], [ 4914520.684077125042677, 2115388.891242576297373 ], [ 4914490.820696847513318, 2115388.926601245068014 ] ] ] ] } },
{ "type": "Feature", "properties": { "id": "+394176+278357", "Area_ha": 0.53365262445515105, "count": 6, "value": 1, "Porcentaje_Cobertura_Forestal": 0.0, "NDVI_Medio_Poligono": 0.69291894003824728, "Codigo_Tipo_Bosque_Predom": 0.0, "Densidad_C_Media_tC_ha": 54.960369110107429, "Carbono_Perdido_tC": 29.329745216632645, "Nombre_Tipo_Bosque_Predom": "Sin Datos" }, "geometry": { "type": "MultiPolygon", "coordinates": [ [ [ [ 4914483.037859534844756, 2108777.701986285392195 ], [ 4914483.072709640488029, 2108807.482250823173672 ], [ 4914453.206620908342302, 2108807.517208409495652 ], [ 4914453.241485067643225, 2108837.297475056257099 ], [ 4914423.375406634993851, 2108837.332446724176407 ], [ 4914423.410284850746393, 2108867.112715482711792 ], [ 4914483.142415490932763, 2108867.042780614458025 ], [ 4914483.107561625540257, 2108837.262515598442405 ], [ 4914542.839709110558033, 2108837.192633313592523 ], [ 4914542.804881474934518, 2108807.412372278515249 ], [ 4914512.93879649695009, 2108807.447305446024984 ], [ 4914512.903958565555513, 2108777.667042778804898 ], [ 4914483.037859534844756, 2108777.701986285392195 ] ] ] ] } },
{ "type": "Feature", "properties": { "id": "+394177+278296", "Area_ha": 0.088939951808645862, "count": 1, "value": 1, "Porcentaje_Cobertura_Forestal": 0.0, "NDVI_Medio_Poligono": 0.31899290476841524, "Codigo_Tipo_Bosque_Predom": 0.0, "Densidad_C_Media_tC_ha": 6.5886874198913574, "Carbono_Perdido_tC": 0.58599754160736861, "Nombre_Tipo_Bosque_Predom": "Sin Datos" }, "geometry": { "type": "MultiPolygon", "coordinates": [ [ [ [ 4914515.032511318102479, 2110594.263503427617252 ], [ 4914515.06746388040483, 2110624.043780701700598 ], [ 4914544.932804998010397, 2110624.008733483031392 ], [ 4914544.897864650003612, 2110594.228458078112453 ], [ 4914515.032511318102479, 2110594.263503427617252 ] ] ] ] } },
{ "type": "Feature", "properties": { "id": "+394178+278225", "Area_ha": 0.17787478540092708, "count": 2, "value": 1, "Porcentaje_Cobertura_Forestal": 0.0, "NDVI_Medio_Poligono": 0.73525038970750256, "Codigo_Tipo_Bosque_Predom": 0.013757895678281784, "Densidad_C_Media_tC_ha": 79.604011535644531, "Carbono_Perdido_tC": 14.159546468955694, "Nombre_Tipo_Bosque_Predom": "Sin Datos" }, "geometry": { "type": "MultiPolygon", "coordinates": [ [ [ [ 4914577.282841773703694, 2112738.373733481392264 ], [ 4914577.247780312784016, 2112708.593442884739488 ], [ 4914547.383297687396407, 2112708.628608672413975 ], [ 4914547.418371408246458, 2112738.408901138231158 ], [ 4914577.282841773703694, 2112738.373733481392264 ] ] ], [ [ [ 4914547.453447007574141, 2112768.189193845260888 ], [ 4914547.418371408246458, 2112738.408901138231158 ], [ 4914517.553899169899523, 2112738.444081090856344 ], [ 4914517.588987031020224, 2112768.224375667050481 ], [ 4914547.453447007574141, 2112768.189193845260888 ] ] ] ] } },
{ "type": "Feature", "properties": { "id": "+394178+278272", "Area_ha": 0.2668171465503954, "count": 3, "value": 1, "Porcentaje_Cobertura_Forestal": 0.0, "NDVI_Medio_Poligono": 0.69232528719759745, "Codigo_Tipo_Bosque_Predom": 0.0, "Densidad_C_Media_tC_ha": 5.8383731842041025, "Carbono_Perdido_tC": 1.5577780735056848, "Nombre_Tipo_Bosque_Predom": "Sin Datos" }, "geometry": { "type": "MultiPolygon", "coordinates": [ [ [ [ 4914545.736951475962996, 2111308.955134007614106 ], [ 4914545.841913408599794, 2111398.295978221111 ], [ 4914575.706934857182205, 2111398.260894660372287 ], [ 4914575.602009615860879, 2111308.920056053437293 ], [ 4914545.736951475962996, 2111308.955134007614106 ] ] ] ] } },
{ "type": "Feature", "properties": { "id": "+394179+278356", "Area_ha": 0.088942064536162074, "count": 1, "value": 1, "Porcentaje_Cobertura_Forestal": 0.0, "NDVI_Medio_Poligono": 0.65205198781184914, "Codigo_Tipo_Bosque_Predom": 0.0, "Densidad_C_Media_tC_ha": 54.960369110107422, "Carbono_Perdido_tC": 4.888288696322463, "Nombre_Tipo_Bosque_Predom": "Sin Datos" }, "geometry": { "type": "MultiPolygon", "coordinates": [ [ [ [ 4914572.670964580960572, 2108807.377451320644468 ], [ 4914572.705780042335391, 2108837.157710486557335 ], [ 4914602.571849099360406, 2108837.12279986962676 ], [ 4914602.537045813165605, 2108807.342542571946979 ], [ 4914572.670964580960572, 2108807.377451320644468 ] ] ] ] } },
{ "type": "Feature", "properties": { "id": "+394180+278121", "Area_ha": 0.088933650917348853, "count": 1, "value": 1, "Porcentaje_Cobertura_Forestal": 0.0, "NDVI_Medio_Poligono": 0.6897295401536182, "Codigo_Tipo_Bosque_Predom": 0.31049865484237671, "Densidad_C_Media_tC_ha": 65.468925476074219, "Carbono_Perdido_tC": 5.8223905642231113, "Nombre_Tipo_Bosque_Predom": "Sin Datos" }, "geometry": { "type": "MultiPolygon", "coordinates": [ [ [ [ 4914610.767431491985917, 2115805.709609013050795 ], [ 4914610.802675911225379, 2115835.489922849927098 ], [ 4914640.665863827802241, 2115835.45458558993414 ], [ 4914640.6306317364797, 2115805.6742736203596 ], [ 4914610.767431491985917, 2115805.709609013050795 ] ] ] ] } },
{ "type": "Feature", "properties": { "id": "+394182+278187", "Area_ha": 0.35574394657561786, "count": 4, "value": 1, "Porcentaje_Cobertura_Forestal": 0.0, "NDVI_Medio_Poligono": 0.69309392236189704, "Codigo_Tipo_Bosque_Predom": 0.0, "Densidad_C_Media_tC_ha": 74.915657988049873, "Carbono_Perdido_tC": 26.650791832978072, "Nombre_Tipo_Bosque_Predom": "Sin Datos" }, "geometry": { "type": "MultiPolygon", "coordinates": [ [ [ [ 4914638.309462554752827, 2113840.174218198284507 ], [ 4914638.37968092225492, 2113899.73481047898531 ], [ 4914698.107651177793741, 2113899.664415658451617 ], [ 4914698.037481955252588, 2113840.103830842766911 ], [ 4914638.309462554752827, 2113840.174218198284507 ] ] ] ] } },
{ "type": "Feature", "properties": { "id": "+394182+278382", "Area_ha": 0.35577176723185983, "count": 4, "value": 1, "Porcentaje_Cobertura_Forestal": 0.0, "NDVI_Medio_Poligono": 0.82768654100204631, "Codigo_Tipo_Bosque_Predom": 0.0, "Densidad_C_Media_tC_ha": 54.960369110107422, "Carbono_Perdido_tC": 19.553347646018235, "Nombre_Tipo_Bosque_Predom": "Sin Datos" }, "geometry": { "type": "MultiPolygon", "coordinates": [ [ [ [ 4914631.499214955605567, 2108033.021088713314384 ], [ 4914631.568701472133398, 2108092.581587388645858 ], [ 4914691.301438559778035, 2108092.511920548975468 ], [ 4914691.232000675052404, 2108032.951429341454059 ], [ 4914631.499214955605567, 2108033.021088713314384 ] ] ] ] } },
{ "type": "Feature", "properties": { "id": "+394183+278107", "Area_ha": 0.088933113320759732, "count": 1, "value": 1, "Porcentaje_Cobertura_Forestal": 0.0, "NDVI_Medio_Poligono": 0.6741491398581283, "Codigo_Tipo_Bosque_Predom": 1.968537449836731, "Densidad_C_Media_tC_ha": 86.578872680664062, "Carbono_Perdido_tC": 7.6997286952931256, "Nombre_Tipo_Bosque_Predom": "Sin Datos" }, "geometry": { "type": "MultiPolygon", "coordinates": [ [ [ [ 4914700.850101300515234, 2116222.527977301273495 ], [ 4914700.885334984399378, 2116252.308288930915296 ], [ 4914730.748344612307847, 2116252.272962650749832 ], [ 4914730.713123265653849, 2116222.492652885615826 ], [ 4914700.850101300515234, 2116222.527977301273495 ] ] ] ] } },
{ "type": "Feature", "properties": { "id": "+394183+278273", "Area_ha": 0.35575632355795822, "count": 4, "value": 1, "Porcentaje_Cobertura_Forestal": 0.0, "NDVI_Medio_Poligono": 0.67678422845700492, "Codigo_Tipo_Bosque_Predom": 0.0, "Densidad_C_Media_tC_ha": 5.5207451224566677, "Carbono_Perdido_tC": 1.964039988065714, "Nombre_Tipo_Bosque_Predom": "Sin Datos" }, "geometry": { "type": "MultiPolygon", "coordinates": [ [ [ [ 4914605.432106787338853, 2111279.104713176377118 ], [ 4914605.467065881937742, 2111308.884990363381803 ], [ 4914724.927272219210863, 2111308.744850247632712 ], [ 4914724.89236204046756, 2111278.964580526575446 ], [ 4914605.432106787338853, 2111279.104713176377118 ] ] ] ] } },
{ "type": "Feature", "properties": { "id": "+394184+278184", "Area_ha": 0.088935868932370793, "count": 1, "value": 1, "Porcentaje_Cobertura_Forestal": 0.0, "NDVI_Medio_Poligono": 0.58671794633846408, "Codigo_Tipo_Bosque_Predom": 0.0, "Densidad_C_Media_tC_ha": 96.139686584472656, "Carbono_Perdido_tC": 8.5502665652758676, "Nombre_Tipo_Bosque_Predom": "Sin Datos" }, "geometry": { "type": "MultiPolygon", "coordinates": [ [ [ [ 4914728.006708637811244, 2113929.409527635201812 ], [ 4914728.041785649955273, 2113959.189818779937923 ], [ 4914757.905741527676582, 2113959.154648443218321 ], [ 4914757.870676803402603, 2113929.374359162990004 ], [ 4914728.006708637811244, 2113929.409527635201812 ] ] ] ] } },
{ "type": "Feature", "properties": { "id": "+394184+278314", "Area_ha": 0.088940514432505002, "count": 1, "value": 1, "Porcentaje_Cobertura_Forestal": 0.0, "NDVI_Medio_Poligono": 0.67620963988680138, "Codigo_Tipo_Bosque_Predom": 0.0, "Densidad_C_Media_tC_ha": 26.655111312866211, "Carbono_Perdido_tC": 2.3707193124220045, "Nombre_Tipo_Bosque_Predom": "Sin Datos" }, "geometry": { "type": "MultiPolygon", "coordinates": [ [ [ [ 4914723.462658723816276, 2110057.973728603217751 ], [ 4914723.497492044232786, 2110087.753988488577306 ], [ 4914753.363039810210466, 2110087.719060585834086 ], [ 4914753.328218691051006, 2110057.938802565913647 ], [ 4914723.462658723816276, 2110057.973728603217751 ] ] ] ] } },
{ "type": "Feature", "properties": { "id": "+394185+278277", "Area_ha": 0.088939184321723583, "count": 1, "value": 1, "Porcentaje_Cobertura_Forestal": 0.0, "NDVI_Medio_Poligono": 0.55295642199068962, "Codigo_Tipo_Bosque_Predom": 0.0, "Densidad_C_Media_tC_ha": 4.7126984596252441, "Carbono_Perdido_tC": 0.4191435569533124, "Nombre_Tipo_Bosque_Predom": "Sin Datos" }, "geometry": { "type": "MultiPolygon", "coordinates": [ [ [ [ 4914754.61784811783582, 2111159.808509001508355 ], [ 4914754.652738571166992, 2111189.58877589693293 ], [ 4914784.517832518555224, 2111189.553791250567883 ], [ 4914784.482954291626811, 2111159.773526219185442 ], [ 4914754.61784811783582, 2111159.808509001508355 ] ] ] ] } },
{ "type": "Feature", "properties": { "id": "+394186+278194", "Area_ha": 0.53361718973922256, "count": 6, "value": 1, "Porcentaje_Cobertura_Forestal": 0.0, "NDVI_Medio_Poligono": 0.69606231286786657, "Codigo_Tipo_Bosque_Predom": 0.0, "Densidad_C_Media_tC_ha": 16.31419563293457, "Carbono_Perdido_tC": 8.7055352265024428, "Nombre_Tipo_Bosque_Predom": "Sin Datos" }, "geometry": { "type": "MultiPolygon", "coordinates": [ [ [ [ 4914727.656041617505252, 2113631.606629442889243 ], [ 4914727.726160026155412, 2113691.167207152582705 ], [ 4914817.318353743292391, 2113691.061783438548446 ], [ 4914817.248309023678303, 2113631.501216913573444 ], [ 4914727.656041617505252, 2113631.606629442889243 ] ] ] ] } },
{ "type": "Feature", "properties": { "id": "+394186+278269", "Area_ha": 0.53363317673948918, "count": 6, "value": 1, "Porcentaje_Cobertura_Forestal": 0.0, "NDVI_Medio_Poligono": 0.64160966839801115, "Codigo_Tipo_Bosque_Predom": 0.0, "Densidad_C_Media_tC_ha": 4.7126984596252441, "Carbono_Perdido_tC": 2.5148522500251165, "Nombre_Tipo_Bosque_Predom": "Sin Datos" }, "geometry": { "type": "MultiPolygon", "coordinates": [ [ [ [ 4914814.661920256912708, 2111427.760932963807136 ], [ 4914814.627039276063442, 2111397.980667874682695 ], [ 4914784.762032799422741, 2111398.015653305221349 ], [ 4914784.796926013194025, 2111427.795920257456601 ], [ 4914814.661920256912708, 2111427.760932963807136 ] ] ], [ [ [ 4914725.136772896163166, 2111487.426473730243742 ], [ 4914755.001746411435306, 2111487.391458172351122 ], [ 4914754.966837218031287, 2111457.611188875511289 ], [ 4914784.831821099855006, 2111457.576187449973077 ], [ 4914784.796926013194025, 2111427.795920257456601 ], [ 4914754.931929899379611, 2111427.830919818487018 ], [ 4914754.897024454548955, 2111398.050651001743972 ], [ 4914725.032014242373407, 2111398.085660964716226 ], [ 4914725.136772896163166, 2111487.426473730243742 ] ] ], [ [ [ 4914695.271797508001328, 2111487.461501555982977 ], [ 4914695.306733042001724, 2111517.24177482444793 ], [ 4914725.171696197241545, 2111517.206745132803917 ], [ 4914725.136772896163166, 2111487.426473730243742 ], [ 4914695.271797508001328, 2111487.461501555982977 ] ] ] ] } },
{ "type": "Feature", "properties": { "id": "+394186+278374", "Area_ha": 0.088942625131095701, "count": 1, "value": 1, "Porcentaje_Cobertura_Forestal": 0.0, "NDVI_Medio_Poligono": 0.39877290136769789, "Codigo_Tipo_Bosque_Predom": 0.0, "Densidad_C_Media_tC_ha": 28.402107238769531, "Carbono_Perdido_tC": 2.5261579770710578, "Nombre_Tipo_Bosque_Predom": "Sin Datos" }, "geometry": { "type": "MultiPolygon", "coordinates": [ [ [ [ 4914781.108669927343726, 2108271.088957526255399 ], [ 4914781.143366445787251, 2108300.869199324399233 ], [ 4914811.009641446173191, 2108300.834407729096711 ], [ 4914810.974957090802491, 2108271.054167794529349 ], [ 4914781.108669927343726, 2108271.088957526255399 ] ] ] ] } },
{ "type": "Feature", "properties": { "id": "+394187+278185", "Area_ha": 0.088935871138522637, "count": 1, "value": 1, "Porcentaje_Cobertura_Forestal": 0.0, "NDVI_Medio_Poligono": 0.75590771332424489, "Codigo_Tipo_Bosque_Predom": 0.0, "Densidad_C_Media_tC_ha": 35.230411489088674, "Carbono_Perdido_tC": 3.1332473363507178, "Nombre_Tipo_Bosque_Predom": "Sin Datos" }, "geometry": { "type": "MultiPolygon", "coordinates": [ [ [ [ 4914817.563569246791303, 2113899.523773871362209 ], [ 4914817.598607523366809, 2113929.30405918462202 ], [ 4914847.462570081464946, 2113929.268927678000182 ], [ 4914847.42754409275949, 2113899.488644227851182 ], [ 4914817.563569246791303, 2113899.523773871362209 ] ] ] ] } },
{ "type": "Feature", "properties": { "id": "+394187+278277", "Area_ha": 0.088939161891939872, "count": 1, "value": 1, "Porcentaje_Cobertura_Forestal": 0.0, "NDVI_Medio_Poligono": 0.56545597380402424, "Codigo_Tipo_Bosque_Predom": 0.0, "Densidad_C_Media_tC_ha": 4.7126984596252441, "Carbono_Perdido_tC": 0.41914345124850527, "Nombre_Tipo_Bosque_Predom": "Sin Datos" }, "geometry": { "type": "MultiPolygon", "coordinates": [ [ [ [ 4914814.34805859811604, 2111159.738555697724223 ], [ 4914814.382924598641694, 2111189.518818865530193 ], [ 4914844.248014810495079, 2111189.483858742751181 ], [ 4914844.213161036372185, 2111159.703597437590361 ], [ 4914814.34805859811604, 2111159.738555697724223 ] ] ] ] } },
{ "type": "Feature", "properties": { "id": "+394189+278191", "Area_ha": 0.088936063822713907, "count": 1, "value": 1, "Porcentaje_Cobertura_Forestal": 0.0, "NDVI_Medio_Poligono": 0.67629088253467973, "Codigo_Tipo_Bosque_Predom": 0.0, "Densidad_C_Media_tC_ha": 16.31419563293457, "Carbono_Perdido_tC": 1.4509203440269094, "Nombre_Tipo_Bosque_Predom": "Sin Datos" }, "geometry": { "type": "MultiPolygon", "coordinates": [ [ [ [ 4914877.081474151462317, 2113720.771842445712537 ], [ 4914877.116476627066731, 2113750.552122584544122 ], [ 4914906.980509160086513, 2113750.517026890069246 ], [ 4914906.945518967695534, 2113720.736748612485826 ], [ 4914877.081474151462317, 2113720.771842445712537 ] ] ] ] } },
{ "type": "Feature", "properties": { "id": "+394189+278272", "Area_ha": 0.355755663625896, "count": 4, "value": 1, "Porcentaje_Cobertura_Forestal": 0.0, "NDVI_Medio_Poligono": 0.54009546965042654, "Codigo_Tipo_Bosque_Predom": 0.0, "Densidad_C_Media_tC_ha": 4.7126984596252441, "Carbono_Perdido_tC": 1.6765691679727166, "Nombre_Tipo_Bosque_Predom": "Sin Datos" }, "geometry": { "type": "MultiPolygon", "coordinates": [ [ [ [ 4914904.152364532463253, 2111338.315266898833215 ], [ 4914904.117525857873261, 2111308.535008118022233 ], [ 4914874.252488294616342, 2111308.569951164536178 ], [ 4914874.28733919840306, 2111338.350211807060987 ], [ 4914904.152364532463253, 2111338.315266898833215 ] ] ], [ [ [ 4914874.391903137788177, 2111427.690995176322758 ], [ 4914874.28733919840306, 2111338.350211807060987 ], [ 4914844.422311999835074, 2111338.385168980341405 ], [ 4914844.526912632398307, 2111427.725957936607301 ], [ 4914874.391903137788177, 2111427.690995176322758 ] ] ] ] } },
{ "type": "Feature", "properties": { "id": "+394189+278321", "Area_ha": 0.088940707566885976, "count": 1, "value": 1, "Porcentaje_Cobertura_Forestal": 0.0, "NDVI_Medio_Poligono": 0.45279421563228295, "Codigo_Tipo_Bosque_Predom": 0.0, "Densidad_C_Media_tC_ha": 11.676418304443358, "Carbono_Perdido_tC": 1.0385089058441312, "Nombre_Tipo_Bosque_Predom": "Sin Datos" }, "geometry": { "type": "MultiPolygon", "coordinates": [ [ [ [ 4914872.547086095437407, 2109849.337473533116281 ], [ 4914872.581845305860043, 2109879.117722421884537 ], [ 4914902.447469126433134, 2109879.082868739962578 ], [ 4914902.412722113542259, 2109849.302621712908149 ], [ 4914872.547086095437407, 2109849.337473533116281 ] ] ] ] } },
{ "type": "Feature", "properties": { "id": "+394190+278090", "Area_ha": 0.088932422437470821, "count": 1, "value": 1, "Porcentaje_Cobertura_Forestal": 0.0, "NDVI_Medio_Poligono": 0.70713079345984686, "Codigo_Tipo_Bosque_Predom": 2.1190135478973389, "Densidad_C_Media_tC_ha": 86.578872680664062, "Carbono_Perdido_tC": 7.6996688793968184, "Nombre_Tipo_Bosque_Predom": "Sin Datos" }, "geometry": { "type": "MultiPolygon", "coordinates": [ [ [ [ 4914910.488974577747285, 2116728.546075157821178 ], [ 4914910.524153692647815, 2116758.326377866789699 ], [ 4914940.38694039452821, 2116758.291106567718089 ], [ 4914940.35177362896502, 2116728.510805719066411 ], [ 4914910.488974577747285, 2116728.546075157821178 ] ] ] ] } },
{ "type": "Feature", "properties": { "id": "+394190+278260", "Area_ha": 0.088938521421160835, "count": 1, "value": 1, "Porcentaje_Cobertura_Forestal": 0.0, "NDVI_Medio_Poligono": 0.46534701370021048, "Codigo_Tipo_Bosque_Predom": 0.0, "Densidad_C_Media_tC_ha": 4.7126984596252441, "Carbono_Perdido_tC": 0.41914043290285147, "Nombre_Tipo_Bosque_Predom": "Sin Datos" }, "geometry": { "type": "MultiPolygon", "coordinates": [ [ [ [ 4914904.535713167861104, 2111665.89812923129648 ], [ 4914904.570574289187789, 2111695.678390895947814 ], [ 4914934.435450946912169, 2111695.643435920588672 ], [ 4914934.400602063164115, 2111665.863176117185503 ], [ 4914904.535713167861104, 2111665.89812923129648 ] ] ] ] } },
{ "type": "Feature", "properties": { "id": "+394190+278275", "Area_ha": 0.088939056901205918, "count": 1, "value": 1, "Porcentaje_Cobertura_Forestal": 0.0, "NDVI_Medio_Poligono": 0.58710782642823156, "Codigo_Tipo_Bosque_Predom": 0.0, "Densidad_C_Media_tC_ha": 4.7126984596252441, "Carbono_Perdido_tC": 0.41914295645883509, "Nombre_Tipo_Bosque_Predom": "Sin Datos" }, "geometry": { "type": "MultiPolygon", "coordinates": [ [ [ [ 4914904.013020819984376, 2111219.194233102258295 ], [ 4914904.047853881493211, 2111248.974491161294281 ], [ 4914933.912914036773145, 2111248.939564101397991 ], [ 4914933.878093202598393, 2111219.159307903144509 ], [ 4914904.013020819984376, 2111219.194233102258295 ] ] ] ] } },
{ "type": "Feature", "properties": { "id": "+394190+278278", "Area_ha": 0.088939163949745131, "count": 1, "value": 1, "Porcentaje_Cobertura_Forestal": 0.0, "NDVI_Medio_Poligono": 0.64927956230992623, "Codigo_Tipo_Bosque_Predom": 0.0, "Densidad_C_Media_tC_ha": 4.7126984596252441, "Carbono_Perdido_tC": 0.41914346094632093, "Nombre_Tipo_Bosque_Predom": "Sin Datos" }, "geometry": { "type": "MultiPolygon", "coordinates": [ [ [ [ 4914903.908532856963575, 2111129.853460360318422 ], [ 4914903.943360307253897, 2111159.633717700839043 ], [ 4914933.808457143604755, 2111159.598796223755926 ], [ 4914933.77364191878587, 2111129.818540744483471 ], [ 4914903.908532856963575, 2111129.853460360318422 ] ] ] ] } },
{ "type": "Feature", "properties": { "id": "+394190+278348", "Area_ha": 0.088941656777232134, "count": 1, "value": 1, "Porcentaje_Cobertura_Forestal": 0.0, "NDVI_Medio_Poligono": 0.67098843308059686, "Codigo_Tipo_Bosque_Predom": 0.0, "Densidad_C_Media_tC_ha": 11.676418304443359, "Carbono_Perdido_tC": 1.038519989221192, "Nombre_Tipo_Bosque_Predom": "Sin Datos" }, "geometry": { "type": "MultiPolygon", "coordinates": [ [ [ [ 4914901.475259879603982, 2109045.236042500007898 ], [ 4914901.509956385008991, 2109075.016283063217998 ], [ 4914931.375907448120415, 2109074.981491866987199 ], [ 4914931.34122312348336, 2109045.201253165025264 ], [ 4914901.475259879603982, 2109045.236042500007898 ] ] ] ] } },
{ "type": "Feature", "properties": { "id": "+394191+278317", "Area_ha": 0.17788104992862064, "count": 2, "value": 1, "Porcentaje_Cobertura_Forestal": 0.0, "NDVI_Medio_Poligono": 0.70910130476720334, "Codigo_Tipo_Bosque_Predom": 0.0, "Densidad_C_Media_tC_ha": 26.655111312866211, "Carbono_Perdido_tC": 4.741439186296895, "Nombre_Tipo_Bosque_Predom": "Sin Datos" }, "geometry": { "type": "MultiPolygon", "coordinates": [ [ [ [ 4914932.417306749150157, 2109968.38876422541216 ], [ 4914932.486793208867311, 2110027.949256712105125 ], [ 4914962.352352301590145, 2110027.914418193511665 ], [ 4914962.282890242524445, 2109968.353929427452385 ], [ 4914932.417306749150157, 2109968.38876422541216 ] ] ] ] } },
{ "type": "Feature", "properties": { "id": "+394193+278274", "Area_ha": 0.088938987630004698, "count": 1, "value": 1, "Porcentaje_Cobertura_Forestal": 0.0, "NDVI_Medio_Poligono": 0.70777672661807267, "Codigo_Tipo_Bosque_Predom": 0.0, "Densidad_C_Media_tC_ha": 4.7126984596252441, "Carbono_Perdido_tC": 0.41914263000455176, "Nombre_Tipo_Bosque_Predom": "Sin Datos" }, "geometry": { "type": "MultiPolygon", "coordinates": [ [ [ [ 4914993.643028747290373, 2111248.869746770244092 ], [ 4914993.677826994098723, 2111278.649999490473419 ], [ 4915023.542869322933257, 2111278.615107360295951 ], [ 4915023.508083304390311, 2111248.834856499452144 ], [ 4914993.643028747290373, 2111248.869746770244092 ] ] ] ] } },
{ "type": "Feature", "properties": { "id": "+394193+278303", "Area_ha": 0.088940021733220784, "count": 1, "value": 1, "Porcentaje_Cobertura_Forestal": 0.0, "NDVI_Medio_Poligono": 0.76095009550910364, "Codigo_Tipo_Bosque_Predom": 0.0, "Densidad_C_Media_tC_ha": 26.655111312866211, "Carbono_Perdido_tC": 2.37070617946774, "Nombre_Tipo_Bosque_Predom": "Sin Datos" }, "geometry": { "type": "MultiPolygon", "coordinates": [ [ [ [ 4914992.634692443534732, 2110385.242522327229381 ], [ 4914992.669436499476433, 2110415.022768087219447 ], [ 4915022.534833188168705, 2110414.987929871771485 ], [ 4915022.500101341865957, 2110385.207685970701277 ], [ 4914992.634692443534732, 2110385.242522327229381 ] ] ] ] } },
{ "type": "Feature", "properties": { "id": "+394194+278188", "Area_ha": 0.088935900317280908, "count": 1, "value": 1, "Porcentaje_Cobertura_Forestal": 0.0, "NDVI_Medio_Poligono": 0.68859496805158782, "Codigo_Tipo_Bosque_Predom": 0.0, "Densidad_C_Media_tC_ha": 16.31419563293457, "Carbono_Perdido_tC": 1.4509176765672884, "Nombre_Tipo_Bosque_Predom": "Sin Datos" }, "geometry": { "type": "MultiPolygon", "coordinates": [ [ [ [ 4915026.506508368067443, 2113809.93730969587341 ], [ 4915026.541455031372607, 2113839.717581260018051 ], [ 4915056.405441389419138, 2113839.682541580405086 ], [ 4915056.370507011190057, 2113809.902271875180304 ], [ 4915026.506508368067443, 2113809.93730969587341 ] ] ] ] } },
{ "type": "Feature", "properties": { "id": "+394194+278204", "Area_ha": 0.088936473693104923, "count": 1, "value": 1, "Porcentaje_Cobertura_Forestal": 0.0, "NDVI_Medio_Poligono": 0.58447051103973224, "Codigo_Tipo_Bosque_Predom": 0.0, "Densidad_C_Media_tC_ha": 16.31419563293457, "Carbono_Perdido_tC": 1.4509270307326527, "Nombre_Tipo_Bosque_Predom": "Sin Datos" }, "geometry": { "type": "MultiPolygon", "coordinates": [ [ [ [ 4915025.947615787386894, 2113333.45299748564139 ], [ 4915025.982532564550638, 2113363.233265190850943 ], [ 4915055.846715402789414, 2113363.19825524231419 ], [ 4915055.811810901388526, 2113333.417989395558834 ], [ 4915025.947615787386894, 2113333.45299748564139 ] ] ] ] } },
{ "type": "Feature", "properties": { "id": "+394194+278305", "Area_ha": 0.088940081806972743, "count": 1, "value": 1, "Porcentaje_Cobertura_Forestal": 0.0, "NDVI_Medio_Poligono": 0.80408783307569753, "Codigo_Tipo_Bosque_Predom": 0.0, "Densidad_C_Media_tC_ha": 26.655111312866211, "Carbono_Perdido_tC": 2.3707077807402852, "Nombre_Tipo_Bosque_Predom": "Sin Datos" }, "geometry": { "type": "MultiPolygon", "coordinates": [ [ [ [ 4915022.43064325209707, 2110325.647198889870197 ], [ 4915022.465371362864971, 2110355.427442309912294 ], [ 4915052.330790607258677, 2110355.392620055936277 ], [ 4915052.296074705198407, 2110325.612378494348377 ], [ 4915022.43064325209707, 2110325.647198889870197 ] ] ] ] } },
{ "type": "Feature", "properties": { "id": "+394195+278096", "Area_ha": 0.08893258269126382, "count": 1, "value": 1, "Porcentaje_Cobertura_Forestal": 2.5208523073161135, "NDVI_Medio_Poligono": 0.69820054715806501, "Codigo_Tipo_Bosque_Predom": 2.061032772064209, "Densidad_C_Media_tC_ha": 86.578872680664062, "Carbono_Perdido_tC": 7.6996827539895589, "Nombre_Tipo_Bosque_Predom": "Sin Datos" }, "geometry": { "type": "MultiPolygon", "coordinates": [ [ [ [ 4915059.592286184430122, 2116549.688096412923187 ], [ 4915059.627392349764705, 2116579.468388371169567 ], [ 4915089.490243817679584, 2116579.433190134819597 ], [ 4915089.455149997957051, 2116549.652900033630431 ], [ 4915059.592286184430122, 2116549.688096412923187 ] ] ] ] } },
{ "type": "Feature", "properties": { "id": "+394195+278101", "Area_ha": 0.08893276280936116, "count": 1, "value": 1, "Porcentaje_Cobertura_Forestal": 72.820228553334999, "NDVI_Medio_Poligono": 0.70861572780979021, "Codigo_Tipo_Bosque_Predom": 2.0, "Densidad_C_Media_tC_ha": 86.578872680664062, "Carbono_Perdido_tC": 7.6996983484113759, "Nombre_Tipo_Bosque_Predom": "Bosque Secundario Joven" }, "geometry": { "type": "MultiPolygon", "coordinates": [ [ [ [ 4915059.416783367283642, 2116400.786640260834247 ], [ 4915059.451880196109414, 2116430.566931006964296 ], [ 4915089.314793384633958, 2116430.531742056366056 ], [ 4915089.279708897694945, 2116400.751453167293221 ], [ 4915059.416783367283642, 2116400.786640260834247 ] ] ] ] } },
{ "type": "Feature", "properties": { "id": "+394195+278107", "Area_ha": 0.088932978885440384, "count": 1, "value": 1, "Porcentaje_Cobertura_Forestal": 0.0, "NDVI_Medio_Poligono": 0.52057975063186612, "Codigo_Tipo_Bosque_Predom": 0.0, "Densidad_C_Media_tC_ha": 86.578872680664062, "Carbono_Perdido_tC": 7.6997170560347286, "Nombre_Tipo_Bosque_Predom": "Sin Datos" }, "geometry": { "type": "MultiPolygon", "coordinates": [ [ [ [ 4915059.206241603940725, 2116222.104900877922773 ], [ 4915059.241327229887247, 2116251.885190169792622 ], [ 4915089.104314461350441, 2116251.850012362934649 ], [ 4915089.069241173565388, 2116222.069724928122014 ], [ 4915059.206241603940725, 2116222.104900877922773 ] ] ] ] } },
{ "type": "Feature", "properties": { "id": "+394195+278197", "Area_ha": 0.35574479757154476, "count": 4, "value": 1, "Porcentaje_Cobertura_Forestal": 0.0, "NDVI_Medio_Poligono": 0.70099147230980785, "Codigo_Tipo_Bosque_Predom": 0.098019279539585114, "Densidad_C_Media_tC_ha": 16.31419563293457, "Carbono_Perdido_tC": 5.8036902229808884, "Nombre_Tipo_Bosque_Predom": "Sin Datos" }, "geometry": { "type": "MultiPolygon", "coordinates": [ [ [ [ 4915026.192072451114655, 2113541.914876480586827 ], [ 4915026.2619340242818, 2113601.475415507331491 ], [ 4915085.990101399831474, 2113601.405378194060177 ], [ 4915085.920288944616914, 2113541.844846598803997 ], [ 4915026.192072451114655, 2113541.914876480586827 ] ] ] ] } },
{ "type": "Feature", "properties": { "id": "+394195+278218", "Area_ha": 0.088936963812044995, "count": 1, "value": 1, "Porcentaje_Cobertura_Forestal": 0.0, "NDVI_Medio_Poligono": 0.62463441113146534, "Codigo_Tipo_Bosque_Predom": 0.0, "Densidad_C_Media_tC_ha": 13.304560234004086, "Carbono_Perdido_tC": 1.1832671920667943, "Nombre_Tipo_Bosque_Predom": "Sin Datos" }, "geometry": { "type": "MultiPolygon", "coordinates": [ [ [ [ 4915055.323343935422599, 2112916.494292854331434 ], [ 4915055.35822229553014, 2112946.274555327370763 ], [ 4915085.222575053572655, 2112946.239583694376051 ], [ 4915085.187708958983421, 2112916.459323078859597 ], [ 4915055.323343935422599, 2112916.494292854331434 ] ] ] ] } },
{ "type": "Feature", "properties": { "id": "+394195+278302", "Area_ha": 0.088939963734103372, "count": 1, "value": 1, "Porcentaje_Cobertura_Forestal": 0.0, "NDVI_Medio_Poligono": 0.72660144601367083, "Codigo_Tipo_Bosque_Predom": 0.0, "Densidad_C_Media_tC_ha": 26.655111312866211, "Carbono_Perdido_tC": 2.3707046334948094, "Nombre_Tipo_Bosque_Predom": "Sin Datos" }, "geometry": { "type": "MultiPolygon", "coordinates": [ [ [ [ 4915052.400228014215827, 2110414.953103900887072 ], [ 4915052.434949519112706, 2110444.733346183318645 ], [ 4915082.300330271944404, 2110444.698530599009246 ], [ 4915082.265620976686478, 2110414.918290174566209 ], [ 4915052.400228014215827, 2110414.953103900887072 ] ] ] ] } },
{ "type": "Feature", "properties": { "id": "+394195+278356", "Area_ha": 0.088941885106166588, "count": 1, "value": 1, "Porcentaje_Cobertura_Forestal": 0.0, "NDVI_Medio_Poligono": 0.72169560668704613, "Codigo_Tipo_Bosque_Predom": 0.0, "Densidad_C_Media_tC_ha": 28.402107238769531, "Carbono_Perdido_tC": 2.526136958803662, "Nombre_Tipo_Bosque_Predom": "Sin Datos" }, "geometry": { "type": "MultiPolygon", "coordinates": [ [ [ [ 4915050.52803982142359, 2108806.820376477669924 ], [ 4915050.562660487368703, 2108836.600605826359242 ], [ 4915080.428699647076428, 2108836.5658905711025 ], [ 4915080.394091155380011, 2108806.785663079936057 ], [ 4915050.52803982142359, 2108806.820376477669924 ] ] ] ] } },
{ "type": "Feature", "properties": { "id": "+394196+278225", "Area_ha": 0.088937203140245405, "count": 1, "value": 1, "Porcentaje_Cobertura_Forestal": 0.0, "NDVI_Medio_Poligono": 0.77625248269484748, "Codigo_Tipo_Bosque_Predom": 0.0, "Densidad_C_Media_tC_ha": 8.4355459213256836, "Carbono_Perdido_tC": 0.75023386120381086, "Nombre_Tipo_Bosque_Predom": "Sin Datos" }, "geometry": { "type": "MultiPolygon", "coordinates": [ [ [ [ 4915084.94369856081903, 2112707.997505519539118 ], [ 4915084.978551589883864, 2112737.77776444889605 ], [ 4915114.842988327145576, 2112737.742818114813417 ], [ 4915114.80814755987376, 2112707.962561042513698 ], [ 4915084.94369856081903, 2112707.997505519539118 ] ] ] ] } },
{ "type": "Feature", "properties": { "id": "+394196+278304", "Area_ha": 0.088940023812113217, "count": 1, "value": 1, "Porcentaje_Cobertura_Forestal": 0.0, "NDVI_Medio_Poligono": 0.74865763722294054, "Codigo_Tipo_Bosque_Predom": 0.0, "Densidad_C_Media_tC_ha": 26.655111312866211, "Carbono_Perdido_tC": 2.3707062348808492, "Nombre_Tipo_Bosque_Predom": "Sin Datos" }, "geometry": { "type": "MultiPolygon", "coordinates": [ [ [ [ 4915082.196207988075912, 2110355.357810045126826 ], [ 4915082.230913549661636, 2110385.138049990404397 ], [ 4915112.096316857263446, 2110385.103250365704298 ], [ 4915112.061623505316675, 2110355.323012277949601 ], [ 4915082.196207988075912, 2110355.357810045126826 ] ] ] ] } },
{ "type": "Feature", "properties": { "id": "+394197+278198", "Area_ha": 0.44468075647300864, "count": 5, "value": 1, "Porcentaje_Cobertura_Forestal": 0.0, "NDVI_Medio_Poligono": 0.58492074101440261, "Codigo_Tipo_Bosque_Predom": 0.0, "Densidad_C_Media_tC_ha": 16.31419563293457, "Carbono_Perdido_tC": 7.2546088553019992, "Nombre_Tipo_Bosque_Predom": "Sin Datos" }, "geometry": { "type": "MultiPolygon", "coordinates": [ [ [ [ 4915145.718261562287807, 2113601.335390253458172 ], [ 4915145.613619354553521, 2113511.994604362174869 ], [ 4915115.749503484927118, 2113512.029586663935333 ], [ 4915115.854182530194521, 2113601.370378123130649 ], [ 4915145.718261562287807, 2113601.335390253458172 ] ] ], [ [ [ 4915145.718261562287807, 2113601.335390253458172 ], [ 4915145.75314602907747, 2113631.115652699023485 ], [ 4915175.617210919968784, 2113631.080675288103521 ], [ 4915175.58233873359859, 2113601.300414697732776 ], [ 4915145.718261562287807, 2113601.335390253458172 ] ] ], [ [ [ 4915115.889079277403653, 2113631.150642425287515 ], [ 4915115.923977890051901, 2113660.930906968656927 ], [ 4915145.78803236130625, 2113660.895915386267006 ], [ 4915145.75314602907747, 2113631.115652699023485 ], [ 4915115.889079277403653, 2113631.150642425287515 ] ] ] ] } },
{ "type": "Feature", "properties": { "id": "+394197+278215", "Area_ha": 0.17787363232702047, "count": 2, "value": 1, "Porcentaje_Cobertura_Forestal": 0.0, "NDVI_Medio_Poligono": 0.72345073603559984, "Codigo_Tipo_Bosque_Predom": 0.0, "Densidad_C_Media_tC_ha": 16.31419563293457, "Carbono_Perdido_tC": 2.9018652357236867, "Nombre_Tipo_Bosque_Predom": "Sin Datos" }, "geometry": { "type": "MultiPolygon", "coordinates": [ [ [ [ 4915115.156639205291867, 2113005.765142599120736 ], [ 4915115.22635992616415, 2113065.325661802664399 ], [ 4915145.0906598912552, 2113065.290707344654948 ], [ 4915145.020963706076145, 2113005.730191854294389 ], [ 4915115.156639205291867, 2113005.765142599120736 ] ] ] ] } },
{ "type": "Feature", "properties": { "id": "+394197+278252", "Area_ha": 0.17787627894601027, "count": 2, "value": 1, "Porcentaje_Cobertura_Forestal": 0.0, "NDVI_Medio_Poligono": 0.56907958760799926, "Codigo_Tipo_Bosque_Predom": 0.0, "Densidad_C_Media_tC_ha": 6.585517977777239, "Carbono_Perdido_tC": 1.1714074328190696, "Nombre_Tipo_Bosque_Predom": "Sin Datos" }, "geometry": { "type": "MultiPolygon", "coordinates": [ [ [ [ 4915113.86815217975527, 2111903.895711086690426 ], [ 4915113.937734817154706, 2111963.456212476827204 ], [ 4915143.802488257177174, 2111963.421326703391969 ], [ 4915143.732930106110871, 2111903.860829025972635 ], [ 4915113.86815217975527, 2111903.895711086690426 ] ] ] ] } },
{ "type": "Feature", "properties": { "id": "+394197+278373", "Area_ha": 0.08894246646847169, "count": 1, "value": 1, "Porcentaje_Cobertura_Forestal": 0.0, "NDVI_Medio_Poligono": 0.67807704219435994, "Codigo_Tipo_Bosque_Predom": 0.0, "Densidad_C_Media_tC_ha": 28.402107238769531, "Carbono_Perdido_tC": 2.5261534707181963, "Nombre_Tipo_Bosque_Predom": "Sin Datos" }, "geometry": { "type": "MultiPolygon", "coordinates": [ [ [ [ 4915109.672288753092289, 2108300.487162681296468 ], [ 4915109.706853345967829, 2108330.267384252976626 ], [ 4915139.573095657862723, 2108330.23272498184815 ], [ 4915139.538543228060007, 2108300.452505267225206 ], [ 4915109.672288753092289, 2108300.487162681296468 ] ] ] ] } },
{ "type": "Feature", "properties": { "id": "+394197+278382", "Area_ha": 0.1778855828932312, "count": 2, "value": 1, "Porcentaje_Cobertura_Forestal": 0.0, "NDVI_Medio_Poligono": 0.6545077666270499, "Codigo_Tipo_Bosque_Predom": 0.0, "Densidad_C_Media_tC_ha": 28.402107238769531, "Carbono_Perdido_tC": 5.0523254015645795, "Nombre_Tipo_Bosque_Predom": "Sin Datos" }, "geometry": { "type": "MultiPolygon", "coordinates": [ [ [ [ 4915079.494925608858466, 2108032.49983218871057 ], [ 4915079.529485564678907, 2108062.280053466558456 ], [ 4915139.262190947309136, 2108062.210756153333932 ], [ 4915139.227655306458473, 2108032.430538590066135 ], [ 4915079.494925608858466, 2108032.49983218871057 ] ] ] ] } },
{ "type": "Feature", "properties": { "id": "+394197+278390", "Area_ha": 0.17788615044669714, "count": 2, "value": 1, "Porcentaje_Cobertura_Forestal": 0.0, "NDVI_Medio_Poligono": 0.64281236170915812, "Codigo_Tipo_Bosque_Predom": 0.0, "Densidad_C_Media_tC_ha": 13.56253147125244, "Carbono_Perdido_tC": 2.412586513733276, "Nombre_Tipo_Bosque_Predom": "Sin Datos" }, "geometry": { "type": "MultiPolygon", "coordinates": [ [ [ [ 4915079.21851316653192, 2107794.258070555515587 ], [ 4915079.253058187663555, 2107824.038289924152195 ], [ 4915138.985958054661751, 2107823.969022325705737 ], [ 4915138.951437337324023, 2107794.188806670717895 ], [ 4915079.21851316653192, 2107794.258070555515587 ] ] ] ] } },
{ "type": "Feature", "properties": { "id": "+394198+278225", "Area_ha": 0.088937180797004842, "count": 1, "value": 1, "Porcentaje_Cobertura_Forestal": 0.0, "NDVI_Medio_Poligono": 0.60469796696412803, "Codigo_Tipo_Bosque_Predom": 0.0, "Densidad_C_Media_tC_ha": 8.4355459213256836, "Carbono_Perdido_tC": 0.75023367272637909, "Nombre_Tipo_Bosque_Predom": "Sin Datos" }, "geometry": { "type": "MultiPolygon", "coordinates": [ [ [ [ 4915144.67259469628334, 2112707.927628860343248 ], [ 4915144.707423202693462, 2112737.707884076051414 ], [ 4915174.571856218390167, 2112737.672962333541363 ], [ 4915174.53703997284174, 2112707.892708973027766 ], [ 4915144.67259469628334, 2112707.927628860343248 ] ] ] ] } },
{ "type": "Feature", "properties": { "id": "+394198+278268", "Area_ha": 0.088938717575771445, "count": 1, "value": 1, "Porcentaje_Cobertura_Forestal": 0.0, "NDVI_Medio_Poligono": 0.50025280439470732, "Codigo_Tipo_Bosque_Predom": 0.0, "Densidad_C_Media_tC_ha": 4.7126984596252441, "Carbono_Perdido_tC": 0.41914135732038271, "Nombre_Tipo_Bosque_Predom": "Sin Datos" }, "geometry": { "type": "MultiPolygon", "coordinates": [ [ [ [ 4915143.176733511500061, 2111427.376882233656943 ], [ 4915143.211481808684766, 2111457.157127104699612 ], [ 4915173.076441439799964, 2111457.122285157907754 ], [ 4915173.041705375537276, 2111427.342042142525315 ], [ 4915143.176733511500061, 2111427.376882233656943 ] ] ] ] } },
{ "type": "Feature", "properties": { "id": "+394198+278333", "Area_ha": 0.08894103389786906, "count": 1, "value": 1, "Porcentaje_Cobertura_Forestal": 0.0, "NDVI_Medio_Poligono": 0.64274941165843213, "Codigo_Tipo_Bosque_Predom": 0.0, "Densidad_C_Media_tC_ha": 11.676418304443359, "Carbono_Perdido_tC": 1.0385127162211956, "Nombre_Tipo_Bosque_Predom": "Sin Datos" }, "geometry": { "type": "MultiPolygon", "coordinates": [ [ [ [ 4915140.92209545057267, 2109491.661480329465121 ], [ 4915140.956722497940063, 2109521.441709611099213 ], [ 4915170.822475871071219, 2109521.406988297589123 ], [ 4915170.787861014716327, 2109491.626760871615261 ], [ 4915140.92209545057267, 2109491.661480329465121 ] ] ] ] } },
{ "type": "Feature", "properties": { "id": "+394201+278320", "Area_ha": 0.17788108673277311, "count": 2, "value": 1, "Porcentaje_Cobertura_Forestal": 0.0, "NDVI_Medio_Poligono": 0.65697276883570377, "Codigo_Tipo_Bosque_Predom": 0.0, "Densidad_C_Media_tC_ha": 11.676418304443359, "Carbono_Perdido_tC": 2.0770139771408287, "Nombre_Tipo_Bosque_Predom": "Sin Datos" }, "geometry": { "type": "MultiPolygon", "coordinates": [ [ [ [ 4915201.103604790754616, 2109878.735004732385278 ], [ 4915201.138231690973043, 2109908.515233416575938 ], [ 4915260.869412081316113, 2109908.445803701411933 ], [ 4915260.834809577092528, 2109878.665578725747764 ], [ 4915201.103604790754616, 2109878.735004732385278 ] ] ] ] } },
{ "type": "Feature", "properties": { "id": "+394202+278104", "Area_ha": 0.53359671503175921, "count": 6, "value": 1, "Porcentaje_Cobertura_Forestal": 0.0, "NDVI_Medio_Poligono": 0.65457588623822927, "Codigo_Tipo_Bosque_Predom": 0.0, "Densidad_C_Media_tC_ha": 86.578872680664062, "Carbono_Perdido_tC": 46.198202053555264, "Nombre_Tipo_Bosque_Predom": "Sin Datos" }, "geometry": { "type": "MultiPolygon", "coordinates": [ [ [ [ 4915208.626298230141401, 2116311.26998561155051 ], [ 4915208.696359147317708, 2116370.830547330435365 ], [ 4915298.285139272920787, 2116370.725214378442615 ], [ 4915298.215152398683131, 2116311.164663779549301 ], [ 4915208.626298230141401, 2116311.26998561155051 ] ] ] ] } },
{ "type": "Feature", "properties": { "id": "+394202+278209", "Area_ha": 0.088936563415658018, "count": 1, "value": 1, "Porcentaje_Cobertura_Forestal": 0.0, "NDVI_Medio_Poligono": 0.73726748924723517, "Codigo_Tipo_Bosque_Predom": 0.0, "Densidad_C_Media_tC_ha": 16.31419563293457, "Carbono_Perdido_tC": 1.4509284944839365, "Nombre_Tipo_Bosque_Predom": "Sin Datos" }, "geometry": { "type": "MultiPolygon", "coordinates": [ [ [ [ 4915264.687059592455626, 2113184.272016739938408 ], [ 4915264.721868859604001, 2113214.052268390543759 ], [ 4915294.586098178289831, 2113214.01736618205905 ], [ 4915294.551301181316376, 2113184.237116384319961 ], [ 4915264.687059592455626, 2113184.272016739938408 ] ] ] ] } },
{ "type": "Feature", "properties": { "id": "+394202+278238", "Area_ha": 0.088937601134511352, "count": 1, "value": 1, "Porcentaje_Cobertura_Forestal": 0.0, "NDVI_Medio_Poligono": 0.55773677650292741, "Codigo_Tipo_Bosque_Predom": 0.0, "Densidad_C_Media_tC_ha": 8.4355459213256836, "Carbono_Perdido_tC": 0.75023721850271774, "Nombre_Tipo_Bosque_Predom": "Sin Datos" }, "geometry": { "type": "MultiPolygon", "coordinates": [ [ [ [ 4915263.678401108831167, 2112320.644823633134365 ], [ 4915263.713156358338892, 2112350.425068300683051 ], [ 4915293.577741272747517, 2112350.390219829976559 ], [ 4915293.542998275719583, 2112320.609977015759796 ], [ 4915263.678401108831167, 2112320.644823633134365 ] ] ] ] } },
{ "type": "Feature", "properties": { "id": "+394202+278271", "Area_ha": 0.17787752434583382, "count": 2, "value": 1, "Porcentaje_Cobertura_Forestal": 0.0, "NDVI_Medio_Poligono": 0.6142335860271112, "Codigo_Tipo_Bosque_Predom": 0.0, "Densidad_C_Media_tC_ha": 4.7126984596252441, "Carbono_Perdido_tC": 0.83828313498656293, "Nombre_Tipo_Bosque_Predom": "Sin Datos" }, "geometry": { "type": "MultiPolygon", "coordinates": [ [ [ [ 4915262.532522877678275, 2111337.896884553600103 ], [ 4915262.60191229917109, 2111397.457358258310705 ], [ 4915292.466888955794275, 2111397.422569088172168 ], [ 4915292.397523996420205, 2111337.86209908965975 ], [ 4915262.532522877678275, 2111337.896884553600103 ] ] ] ] } },
{ "type": "Feature", "properties": { "id": "+394203+278386", "Area_ha": 0.53365684140324587, "count": 6, "value": 1, "Porcentaje_Cobertura_Forestal": 0.0, "NDVI_Medio_Poligono": 0.59818442865067478, "Codigo_Tipo_Bosque_Predom": 0.0, "Densidad_C_Media_tC_ha": 24.843368552944106, "Carbono_Perdido_tC": 13.257833591780878, "Nombre_Tipo_Bosque_Predom": "Sin Datos" }, "geometry": { "type": "MultiPolygon", "coordinates": [ [ [ [ 4915318.35688017308712, 2107972.6625383682549 ], [ 4915318.287967813201249, 2107913.102127165533602 ], [ 4915288.421566433273256, 2107913.136687302496284 ], [ 4915288.490503104403615, 2107972.697102210950106 ], [ 4915318.35688017308712, 2107972.6625383682549 ] ] ], [ [ [ 4915288.559447223320603, 2108032.257518075406551 ], [ 4915288.490503104403615, 2107972.697102210950106 ], [ 4915228.757743386551738, 2107972.766266470309347 ], [ 4915228.826736131682992, 2108032.32668974949047 ], [ 4915288.559447223320603, 2108032.257518075406551 ] ] ] ] } },
{ "type": "Feature", "properties": { "id": "+394204+278189", "Area_ha": 0.088935824510556996, "count": 1, "value": 1, "Porcentaje_Cobertura_Forestal": 0.0, "NDVI_Medio_Poligono": 0.74787644056626712, "Codigo_Tipo_Bosque_Predom": 2.1789145469665527, "Densidad_C_Media_tC_ha": 16.31419563293457, "Carbono_Perdido_tC": 1.4509164398415644, "Nombre_Tipo_Bosque_Predom": "Sin Datos" }, "geometry": { "type": "MultiPolygon", "coordinates": [ [ [ [ 4915325.111589077860117, 2113779.807233077008277 ], [ 4915325.146411030553281, 2113809.587485847529024 ], [ 4915355.010391070507467, 2113809.552571217995137 ], [ 4915354.975581401959062, 2113779.77232029940933 ], [ 4915325.111589077860117, 2113779.807233077008277 ] ] ] ] } },
{ "type": "Feature", "properties": { "id": "+394204+278246", "Area_ha": 0.088937864805530994, "count": 1, "value": 1, "Porcentaje_Cobertura_Forestal": 0.0, "NDVI_Medio_Poligono": 0.71356852978248564, "Codigo_Tipo_Bosque_Predom": 0.0, "Densidad_C_Media_tC_ha": 8.4355459213256836, "Carbono_Perdido_tC": 0.75023944271171206, "Nombre_Tipo_Bosque_Predom": "Sin Datos" }, "geometry": { "type": "MultiPolygon", "coordinates": [ [ [ [ 4915323.129814635030925, 2112082.333223656751215 ], [ 4915323.164530488662422, 2112112.113462692126632 ], [ 4915353.029209685511887, 2112112.078653610311449 ], [ 4915352.994506078772247, 2112082.298416426870972 ], [ 4915323.129814635030925, 2112082.333223656751215 ] ] ] ] } },
{ "type": "Feature", "properties": { "id": "+394204+278280", "Area_ha": 0.44469504867494108, "count": 5, "value": 1, "Porcentaje_Cobertura_Forestal": 0.0, "NDVI_Medio_Poligono": 0.6525447818619059, "Codigo_Tipo_Bosque_Predom": 0.0, "Densidad_C_Media_tC_ha": 4.7126984596252441, "Carbono_Perdido_tC": 2.0957136708933679, "Nombre_Tipo_Bosque_Predom": "Sin Datos" }, "geometry": { "type": "MultiPolygon", "coordinates": [ [ [ [ 4915351.954263369552791, 2111188.891412803437561 ], [ 4915351.815690841525793, 2111069.770495311822742 ], [ 4915321.950583396479487, 2111069.805239578709006 ], [ 4915322.089204825460911, 2111188.926164478063583 ], [ 4915351.954263369552791, 2111188.891412803437561 ] ] ], [ [ [ 4915322.123864836990833, 2111218.706396303139627 ], [ 4915322.089204825460911, 2111188.926164478063583 ], [ 4915292.224144424311817, 2111188.960928414016962 ], [ 4915292.258816663175821, 2111218.741162091493607 ], [ 4915322.123864836990833, 2111218.706396303139627 ] ] ] ] } },
{ "type": "Feature", "properties": { "id": "+394205+278241", "Area_ha": 0.17787532528936864, "count": 2, "value": 1, "Porcentaje_Cobertura_Forestal": 0.0, "NDVI_Medio_Poligono": 0.61667970010376782, "Codigo_Tipo_Bosque_Predom": 0.0, "Densidad_C_Media_tC_ha": 8.4355459213256836, "Carbono_Perdido_tC": 1.5004754747492128, "Nombre_Tipo_Bosque_Predom": "Sin Datos" }, "geometry": { "type": "MultiPolygon", "coordinates": [ [ [ [ 4915383.067371967248619, 2112260.945037202909589 ], [ 4915383.032671307213604, 2112231.164800665806979 ], [ 4915353.168042959645391, 2112231.199604870285839 ], [ 4915353.202755870297551, 2112260.979843258392066 ], [ 4915383.067371967248619, 2112260.945037202909589 ] ] ], [ [ [ 4915353.237470641732216, 2112290.760081886779517 ], [ 4915353.202755870297551, 2112260.979843258392066 ], [ 4915323.338137918151915, 2112261.014661598950624 ], [ 4915323.372864940203726, 2112290.794902079273015 ], [ 4915353.237470641732216, 2112290.760081886779517 ] ] ] ] } },
{ "type": "Feature", "properties": { "id": "+394206+278107", "Area_ha": 0.088932856145840192, "count": 1, "value": 1, "Porcentaje_Cobertura_Forestal": 0.0, "NDVI_Medio_Poligono": 0.77411163654919868, "Codigo_Tipo_Bosque_Predom": 1.709992527961731, "Densidad_C_Media_tC_ha": 86.578872680664062, "Carbono_Perdido_tC": 7.6997064293785105, "Nombre_Tipo_Bosque_Predom": "Sin Datos" }, "geometry": { "type": "MultiPolygon", "coordinates": [ [ [ [ 4915387.699134550988674, 2116221.718645894434303 ], [ 4915387.734084457159042, 2116251.498914792668074 ], [ 4915417.597051240503788, 2116251.463873085565865 ], [ 4915417.562113672494888, 2116221.683606037870049 ], [ 4915387.699134550988674, 2116221.718645894434303 ] ] ] ] } },
{ "type": "Feature", "properties": { "id": "+394206+278374", "Area_ha": 0.088942401543923189, "count": 1, "value": 1, "Porcentaje_Cobertura_Forestal": 0.0, "NDVI_Medio_Poligono": 0.64882359379214882, "Codigo_Tipo_Bosque_Predom": 0.0, "Densidad_C_Media_tC_ha": 28.402107238769531, "Carbono_Perdido_tC": 2.5261516267242072, "Nombre_Tipo_Bosque_Predom": "Sin Datos" }, "geometry": { "type": "MultiPolygon", "coordinates": [ [ [ [ 4915378.434058806858957, 2108270.395480449777097 ], [ 4915378.468512069433928, 2108300.175685092806816 ], [ 4915408.334749813191593, 2108300.141137463506311 ], [ 4915408.300308714620769, 2108270.360934671014547 ], [ 4915378.434058806858957, 2108270.395480449777097 ] ] ] ] } },
{ "type": "Feature", "properties": { "id": "+394207+278249", "Area_ha": 0.17787588834864729, "count": 2, "value": 1, "Porcentaje_Cobertura_Forestal": 0.0, "NDVI_Medio_Poligono": 0.67767681060455154, "Codigo_Tipo_Bosque_Predom": 0.0, "Densidad_C_Media_tC_ha": 8.4355459213256836, "Carbono_Perdido_tC": 1.5004802244616142, "Nombre_Tipo_Bosque_Predom": "Sin Datos" }, "geometry": { "type": "MultiPolygon", "coordinates": [ [ [ [ 4915382.755132747814059, 2111992.922916918992996 ], [ 4915382.789818527176976, 2112022.703151531517506 ], [ 4915442.519241117872298, 2112022.633605878334492 ], [ 4915442.484579828567803, 2111992.853374966420233 ], [ 4915382.755132747814059, 2111992.922916918992996 ] ] ] ] } },
{ "type": "Feature", "properties": { "id": "+394207+278275", "Area_ha": 0.088938867041484626, "count": 1, "value": 1, "Porcentaje_Cobertura_Forestal": 0.0, "NDVI_Medio_Poligono": 0.59929214067988656, "Codigo_Tipo_Bosque_Predom": 0.0, "Densidad_C_Media_tC_ha": 4.7126984596252441, "Carbono_Perdido_tC": 0.41914206170721902, "Nombre_Tipo_Bosque_Predom": "Sin Datos" }, "geometry": { "type": "MultiPolygon", "coordinates": [ [ [ [ 4915411.718997979536653, 2111218.602172397077084 ], [ 4915411.75362316891551, 2111248.382398908026516 ], [ 4915441.61865168903023, 2111248.347680318634957 ], [ 4915441.584038727916777, 2111218.567455657757819 ], [ 4915411.718997979536653, 2111218.602172397077084 ] ] ] ] } },
{ "type": "Feature", "properties": { "id": "+394207+278296", "Area_ha": 0.088939615997922369, "count": 1, "value": 1, "Porcentaje_Cobertura_Forestal": 0.0, "NDVI_Medio_Poligono": 0.65052959927991971, "Codigo_Tipo_Bosque_Predom": 0.0, "Densidad_C_Media_tC_ha": 26.655111312866211, "Carbono_Perdido_tC": 2.3706953645481974, "Nombre_Tipo_Bosque_Predom": "Sin Datos" }, "geometry": { "type": "MultiPolygon", "coordinates": [ [ [ [ 4915410.992298547178507, 2110593.217471117619425 ], [ 4915411.026884687133133, 2110622.997692588251084 ], [ 4915440.892169853672385, 2110622.963012848049402 ], [ 4915440.857595927082002, 2110593.182793227490038 ], [ 4915410.992298547178507, 2110593.217471117619425 ] ] ] ] } },
{ "type": "Feature", "properties": { "id": "+394207+278302", "Area_ha": 0.1778796707958798, "count": 2, "value": 1, "Porcentaje_Cobertura_Forestal": 0.0, "NDVI_Medio_Poligono": 0.59816057939946987, "Codigo_Tipo_Bosque_Predom": 2.1052377223968506, "Densidad_C_Media_tC_ha": 26.655111312866211, "Carbono_Perdido_tC": 4.7414024253601728, "Nombre_Tipo_Bosque_Predom": "Sin Datos" }, "geometry": { "type": "MultiPolygon", "coordinates": [ [ [ [ 4915380.919448247179389, 2110414.57082637026906 ], [ 4915380.95403544139117, 2110444.351048252079636 ], [ 4915440.684754178859293, 2110444.281698726583272 ], [ 4915440.650191405788064, 2110414.501480545382947 ], [ 4915380.919448247179389, 2110414.57082637026906 ] ] ] ] } },
{ "type": "Feature", "properties": { "id": "+394208+278228", "Area_ha": 0.26681142255152518, "count": 3, "value": 1, "Porcentaje_Cobertura_Forestal": 0.0, "NDVI_Medio_Poligono": 0.65117788468363225, "Codigo_Tipo_Bosque_Predom": 0.0, "Densidad_C_Media_tC_ha": 8.4355459213256836, "Carbono_Perdido_tC": 2.2507000072676218, "Nombre_Tipo_Bosque_Predom": "Sin Datos" }, "geometry": { "type": "MultiPolygon", "coordinates": [ [ [ [ 4915443.212857258506119, 2112618.238274644128978 ], [ 4915443.316963807679713, 2112707.578983264043927 ], [ 4915473.181390506215394, 2112707.544186326675117 ], [ 4915473.077320735901594, 2112618.203483254183084 ], [ 4915443.212857258506119, 2112618.238274644128978 ] ] ] ] } },
{ "type": "Feature", "properties": { "id": "+394208+278240", "Area_ha": 0.088937605785837509, "count": 1, "value": 1, "Porcentaje_Cobertura_Forestal": 0.0, "NDVI_Medio_Poligono": 0.62981151231350141, "Codigo_Tipo_Bosque_Predom": 0.69961708784103394, "Densidad_C_Media_tC_ha": 8.4355459213256836, "Carbono_Perdido_tC": 0.75023725773919314, "Nombre_Tipo_Bosque_Predom": "Sin Datos" }, "geometry": { "type": "MultiPolygon", "coordinates": [ [ [ [ 4915442.796598353423178, 2112260.875461832620203 ], [ 4915442.831276372075081, 2112290.65569491032511 ], [ 4915472.695874650962651, 2112290.620923860929906 ], [ 4915472.661208882927895, 2112260.840692632365972 ], [ 4915442.796598353423178, 2112260.875461832620203 ] ] ] ] } },
{ "type": "Feature", "properties": { "id": "+394208+278283", "Area_ha": 0.088939141321681375, "count": 1, "value": 1, "Porcentaje_Cobertura_Forestal": 0.0, "NDVI_Medio_Poligono": 0.4498558117982272, "Codigo_Tipo_Bosque_Predom": 0.0, "Densidad_C_Media_tC_ha": 4.7126984596252441, "Carbono_Perdido_tC": 0.41914335430707972, "Nombre_Tipo_Bosque_Predom": "Sin Datos" }, "geometry": { "type": "MultiPolygon", "coordinates": [ [ [ [ 4915441.307201955467463, 2110980.325667010154575 ], [ 4915441.341800046153367, 2111010.105889749247581 ], [ 4915471.206924514845014, 2111010.07119821710512 ], [ 4915471.172338646836579, 2110980.290977327153087 ], [ 4915441.307201955467463, 2110980.325667010154575 ] ] ] ] } },
{ "type": "Feature", "properties": { "id": "+394212+278259", "Area_ha": 0.35575292048305274, "count": 4, "value": 1, "Porcentaje_Cobertura_Forestal": 0.0, "NDVI_Medio_Poligono": 0.69917227940923765, "Codigo_Tipo_Bosque_Predom": 0.0, "Densidad_C_Media_tC_ha": 4.7126984596252441, "Carbono_Perdido_tC": 1.6765562403676646, "Nombre_Tipo_Bosque_Predom": "Sin Datos" }, "geometry": { "type": "MultiPolygon", "coordinates": [ [ [ [ 4915591.496848229318857, 2111724.657750861719251 ], [ 4915591.462266718968749, 2111694.877531594596803 ], [ 4915561.597430962137878, 2111694.912216568831354 ], [ 4915561.632024710066617, 2111724.692437682766467 ], [ 4915591.496848229318857, 2111724.657750861719251 ] ] ], [ [ [ 4915561.666620315052569, 2111754.472659036982805 ], [ 4915561.632024710066617, 2111724.692437682766467 ], [ 4915472.037543036043644, 2111724.796571785584092 ], [ 4915472.072175357490778, 2111754.576798683498055 ], [ 4915561.666620315052569, 2111754.472659036982805 ] ] ] ] } },
{ "type": "Feature", "properties": { "id": "+394212+278278", "Area_ha": 0.088938918469514461, "count": 1, "value": 1, "Porcentaje_Cobertura_Forestal": 0.0, "NDVI_Medio_Poligono": 0.56586541433625026, "Codigo_Tipo_Bosque_Predom": 0.0, "Densidad_C_Media_tC_ha": 4.7126984596252441, "Carbono_Perdido_tC": 0.41914230407201597, "Nombre_Tipo_Bosque_Predom": "Sin Datos" }, "geometry": { "type": "MultiPolygon", "coordinates": [ [ [ [ 4915560.940502167679369, 2111129.088060957379639 ], [ 4915560.975060649216175, 2111158.868277505971491 ], [ 4915590.840116582810879, 2111158.833625771105289 ], [ 4915590.80557032674551, 2111129.053411069326103 ], [ 4915560.940502167679369, 2111129.088060957379639 ] ] ] ] } },
{ "type": "Feature", "properties": { "id": "+394213+278236", "Area_ha": 0.088937407169066132, "count": 1, "value": 1, "Porcentaje_Cobertura_Forestal": 0.0, "NDVI_Medio_Poligono": 0.64186875611116523, "Codigo_Tipo_Bosque_Predom": 0.0, "Densidad_C_Media_tC_ha": 8.4355459213256836, "Carbono_Perdido_tC": 0.75023558229829745, "Nombre_Tipo_Bosque_Predom": "Sin Datos" }, "geometry": { "type": "MultiPolygon", "coordinates": [ [ [ [ 4915592.258110661990941, 2112379.822635479271412 ], [ 4915592.292734849266708, 2112409.602860279846936 ], [ 4915622.157274856232107, 2112409.568143276497722 ], [ 4915622.122662922367454, 2112379.787920321337879 ], [ 4915592.258110661990941, 2112379.822635479271412 ] ] ] ] } },
{ "type": "Feature", "properties": { "id": "+394216+278280", "Area_ha": 0.35575573241896635, "count": 4, "value": 1, "Porcentaje_Cobertura_Forestal": 0.0, "NDVI_Medio_Poligono": 0.75662963182038279, "Codigo_Tipo_Bosque_Predom": 0.0, "Densidad_C_Media_tC_ha": 6.5753703908594447, "Carbono_Perdido_tC": 2.339225709326187, "Nombre_Tipo_Bosque_Predom": "Sin Datos" }, "geometry": { "type": "MultiPolygon", "coordinates": [ [ [ [ 4915650.466663048602641, 2111069.423726776149124 ], [ 4915650.535701093263924, 2111128.98414807440713 ], [ 4915710.265824458561838, 2111128.914934120606631 ], [ 4915710.196835312992334, 2111069.354520199820399 ], [ 4915650.466663048602641, 2111069.423726776149124 ] ] ] ] } },
{ "type": "Feature", "properties": { "id": "+394217+278260", "Area_ha": 0.088938220423966416, "count": 1, "value": 1, "Porcentaje_Cobertura_Forestal": 0.0, "NDVI_Medio_Poligono": 0.74810447137138814, "Codigo_Tipo_Bosque_Predom": 0.0, "Densidad_C_Media_tC_ha": 9.225712776184082, "Carbono_Perdido_tC": 0.82051847645646303, "Nombre_Tipo_Bosque_Predom": "Sin Datos" }, "geometry": { "type": "MultiPolygon", "coordinates": [ [ [ [ 4915710.887060295790434, 2111664.958702662959695 ], [ 4915710.921591000631452, 2111694.738914310466498 ], [ 4915740.786417507566512, 2111694.704290699679404 ], [ 4915740.751899041235447, 2111664.924080895725638 ], [ 4915710.887060295790434, 2111664.958702662959695 ] ] ] ] } },
{ "type": "Feature", "properties": { "id": "+394219+278215", "Area_ha": 0.35574630742002339, "count": 4, "value": 1, "Porcentaje_Cobertura_Forestal": 0.0, "NDVI_Medio_Poligono": 0.40289025435316345, "Codigo_Tipo_Bosque_Predom": 0.0, "Densidad_C_Media_tC_ha": 45.403224945068359, "Carbono_Perdido_tC": 16.152029619168761, "Nombre_Tipo_Bosque_Predom": "Sin Datos" }, "geometry": { "type": "MultiPolygon", "coordinates": [ [ [ [ 4915742.307063743472099, 2113005.033760270103812 ], [ 4915742.376269227825105, 2113064.594201784115285 ], [ 4915802.104789417237043, 2113064.524821889121085 ], [ 4915802.035633002407849, 2113004.964387744199485 ], [ 4915742.307063743472099, 2113005.033760270103812 ] ] ] ] } },
{ "type": "Feature", "properties": { "id": "+394219+278249", "Area_ha": 0.17787562164551346, "count": 2, "value": 1, "Porcentaje_Cobertura_Forestal": 0.0, "NDVI_Medio_Poligono": 0.69229903492499634, "Codigo_Tipo_Bosque_Predom": 0.0, "Densidad_C_Media_tC_ha": 20.988861083984375, "Carbono_Perdido_tC": 3.7334067129450461, "Nombre_Tipo_Bosque_Predom": "Sin Datos" }, "geometry": { "type": "MultiPolygon", "coordinates": [ [ [ [ 4915741.131704049184918, 2111992.506401960272342 ], [ 4915741.166242890059948, 2112022.286614409647882 ], [ 4915800.895621044561267, 2112022.21736347489059 ], [ 4915800.861106692813337, 2111992.437154709827155 ], [ 4915741.131704049184918, 2111992.506401960272342 ] ] ] ] } },
{ "type": "Feature", "properties": { "id": "+394220+278209", "Area_ha": 1.1561712953605501, "count": 13, "value": 1, "Porcentaje_Cobertura_Forestal": 0.0, "NDVI_Medio_Poligono": 0.56227384959472504, "Codigo_Tipo_Bosque_Predom": 0.0, "Densidad_C_Media_tC_ha": 45.403224945068359, "Carbono_Perdido_tC": 52.493905398286124, "Nombre_Tipo_Bosque_Predom": "Sin Datos" }, "geometry": { "type": "MultiPolygon", "coordinates": [ [ [ [ 4915832.141909059137106, 2113213.391230882145464 ], [ 4915832.10733294300735, 2113183.61101432563737 ], [ 4915802.243124697357416, 2113183.645693183876574 ], [ 4915802.277713084593415, 2113213.425911581609398 ], [ 4915832.141909059137106, 2113213.391230882145464 ] ] ], [ [ [ 4915742.549315593205392, 2113213.495309898629785 ], [ 4915742.583930375054479, 2113243.275532221887261 ], [ 4915802.312303323298693, 2113243.206130220554769 ], [ 4915802.277713084593415, 2113213.425911581609398 ], [ 4915742.549315593205392, 2113213.495309898629785 ] ] ], [ [ [ 4915921.872661606408656, 2113332.408109178766608 ], [ 4915921.90721015073359, 2113362.188321420922875 ], [ 4915951.771337379701436, 2113362.153680752497166 ], [ 4915951.667734112590551, 2113272.813050264492631 ], [ 4915891.939404167234898, 2113272.882332876790315 ], [ 4915891.870295472443104, 2113213.321906401310116 ], [ 4915832.141909059137106, 2113213.391230882145464 ], [ 4915832.176487025804818, 2113243.171447679866105 ], [ 4915862.0406688824296, 2113243.136777446139604 ], [ 4915862.144377063959837, 2113332.477423764299601 ], [ 4915921.872661606408656, 2113332.408109178766608 ] ] ] ] } },
{ "type": "Feature", "properties": { "id": "+394220+278293", "Area_ha": 0.88939325592666862, "count": 10, "value": 1, "Porcentaje_Cobertura_Forestal": 0.0, "NDVI_Medio_Poligono": 0.70907718770835726, "Codigo_Tipo_Bosque_Predom": 0.0, "Densidad_C_Media_tC_ha": 17.767061233520508, "Carbono_Perdido_tC": 15.801904438729299, "Nombre_Tipo_Bosque_Predom": "Sin Datos" }, "geometry": { "type": "MultiPolygon", "coordinates": [ [ [ [ 4915829.243965234607458, 2110711.853879347909242 ], [ 4915829.209544539451599, 2110682.073682998307049 ], [ 4915739.613828977569938, 2110682.177292300388217 ], [ 4915739.682745515368879, 2110741.737696292344481 ], [ 4915709.8175277300179, 2110741.772260914091021 ], [ 4915709.886476112529635, 2110801.332669553346932 ], [ 4915739.751669462770224, 2110801.298101244494319 ], [ 4915739.717206562869251, 2110771.517898648511618 ], [ 4915799.447612152434886, 2110771.44880247535184 ], [ 4915799.378740777261555, 2110711.888405372854322 ], [ 4915829.243965234607458, 2110711.853879347909242 ] ] ], [ [ [ 4915829.347238422371447, 2110801.194469837006181 ], [ 4915829.312812175601721, 2110771.414272767491639 ], [ 4915799.447612152434886, 2110771.44880247535184 ], [ 4915799.482050616294146, 2110801.229001386556774 ], [ 4915829.347238422371447, 2110801.194469837006181 ] ] ] ] } },
{ "type": "Feature", "properties": { "id": "+394221+278256", "Area_ha": 0.088938033206347605, "count": 1, "value": 1, "Porcentaje_Cobertura_Forestal": 0.0, "NDVI_Medio_Poligono": 0.70508530838637218, "Codigo_Tipo_Bosque_Predom": 0.0, "Densidad_C_Media_tC_ha": 9.225712776184082, "Carbono_Perdido_tC": 0.82051674924048523, "Nombre_Tipo_Bosque_Predom": "Sin Datos" }, "geometry": { "type": "MultiPolygon", "coordinates": [ [ [ [ 4915830.48434230312705, 2111783.941107778809965 ], [ 4915830.518831457942724, 2111813.721313017886132 ], [ 4915860.38360161986202, 2111813.686731135472655 ], [ 4915860.349124704487622, 2111783.906527736689895 ], [ 4915830.48434230312705, 2111783.941107778809965 ] ] ] ] } },
{ "type": "Feature", "properties": { "id": "+394221+278330", "Area_ha": 0.088940671282580291, "count": 1, "value": 1, "Porcentaje_Cobertura_Forestal": 0.0, "NDVI_Medio_Poligono": 0.46355566387690167, "Codigo_Tipo_Bosque_Predom": 0.0, "Densidad_C_Media_tC_ha": 12.7913818359375, "Carbono_Perdido_tC": 1.1376740871200857, "Nombre_Tipo_Bosque_Predom": "Sin Datos" }, "geometry": { "type": "MultiPolygon", "coordinates": [ [ [ [ 4915827.937279329635203, 2109580.206586569081992 ], [ 4915827.971631564199924, 2109609.986774045974016 ], [ 4915857.837305728346109, 2109609.952328384853899 ], [ 4915857.802965685725212, 2109580.172142749186605 ], [ 4915827.937279329635203, 2109580.206586569081992 ] ] ] ] } },
{ "type": "Feature", "properties": { "id": "+394222+278228", "Area_ha": 0.17787400661171995, "count": 2, "value": 1, "Porcentaje_Cobertura_Forestal": 0.0, "NDVI_Medio_Poligono": 0.77737965540534892, "Codigo_Tipo_Bosque_Predom": 0.0, "Densidad_C_Media_tC_ha": 20.988861083984379, "Carbono_Perdido_tC": 3.7333728152251089, "Nombre_Tipo_Bosque_Predom": "Sin Datos" }, "geometry": { "type": "MultiPolygon", "coordinates": [ [ [ [ 4915861.31517746578902, 2112617.752313847653568 ], [ 4915861.38423672132194, 2112677.312734362669289 ], [ 4915891.248649783432484, 2112677.278111394494772 ], [ 4915891.17961504496634, 2112617.717694559134543 ], [ 4915861.31517746578902, 2112617.752313847653568 ] ] ] ] } },
{ "type": "Feature", "properties": { "id": "+394222+278230", "Area_ha": 0.088937092740916698, "count": 1, "value": 1, "Porcentaje_Cobertura_Forestal": 0.0, "NDVI_Medio_Poligono": 0.77853108609619093, "Codigo_Tipo_Bosque_Predom": 0.0, "Densidad_C_Media_tC_ha": 20.988861083984375, "Carbono_Perdido_tC": 1.8666882847525357, "Nombre_Tipo_Bosque_Predom": "Sin Datos" }, "geometry": { "type": "MultiPolygon", "coordinates": [ [ [ [ 4915861.24612560775131, 2112558.191894294228405 ], [ 4915861.280650611966848, 2112587.972103950567544 ], [ 4915891.145100450143218, 2112587.937486502341926 ], [ 4915891.110587703064084, 2112558.157278686296195 ], [ 4915861.24612560775131, 2112558.191894294228405 ] ] ] ] } },
{ "type": "Feature", "properties": { "id": "+394222+278314", "Area_ha": 0.53364061501786053, "count": 6, "value": 1, "Porcentaje_Cobertura_Forestal": 0.0, "NDVI_Medio_Poligono": 0.3475466385545018, "Codigo_Tipo_Bosque_Predom": 0.0, "Densidad_C_Media_tC_ha": 17.767061233520508, "Carbono_Perdido_tC": 9.4812254837158711, "Nombre_Tipo_Bosque_Predom": "Sin Datos" }, "geometry": { "type": "MultiPolygon", "coordinates": [ [ [ [ 4915828.487137116491795, 2110056.68961496418342 ], [ 4915828.521518955007195, 2110086.469806276727468 ], [ 4915738.925070850178599, 2110086.573305048048496 ], [ 4915738.959491148591042, 2110116.353502126876265 ], [ 4915858.421369450166821, 2110116.215520872268826 ], [ 4915858.38699796423316, 2110086.435331161133945 ], [ 4915888.252475125715137, 2110086.400868283119053 ], [ 4915888.218117690645158, 2110056.620680651627481 ], [ 4915828.487137116491795, 2110056.68961496418342 ] ] ] ] } },
{ "type": "Feature", "properties": { "id": "+394223+278212", "Area_ha": 0.17787288605280338, "count": 2, "value": 1, "Porcentaje_Cobertura_Forestal": 0.0, "NDVI_Medio_Poligono": 0.48914787025018125, "Codigo_Tipo_Bosque_Predom": 0.0, "Densidad_C_Media_tC_ha": 45.403224945068359, "Carbono_Perdido_tC": 8.0760026570839436, "Nombre_Tipo_Bosque_Predom": "Sin Datos" }, "geometry": { "type": "MultiPolygon", "coordinates": [ [ [ [ 4915861.867858666926622, 2113094.235704956110567 ], [ 4915861.902416963130236, 2113124.015918949153274 ], [ 4915921.630873308517039, 2113123.946630117949098 ], [ 4915921.596339549869299, 2113094.166419804096222 ], [ 4915861.867858666926622, 2113094.235704956110567 ] ] ] ] } },
{ "type": "Feature", "properties": { "id": "+394224+278200", "Area_ha": 0.088935996619788057, "count": 1, "value": 1, "Porcentaje_Cobertura_Forestal": 0.0, "NDVI_Medio_Poligono": 0.48080236953066513, "Codigo_Tipo_Bosque_Predom": 0.0, "Densidad_C_Media_tC_ha": 45.403224945068359, "Carbono_Perdido_tC": 4.0379810602420765, "Nombre_Tipo_Bosque_Predom": "Sin Datos" }, "geometry": { "type": "MultiPolygon", "coordinates": [ [ [ [ 4915922.010866632685065, 2113451.528959481045604 ], [ 4915922.045422569848597, 2113481.30917268851772 ], [ 4915951.909500694833696, 2113481.2745246659033 ], [ 4915951.874957034364343, 2113451.494313296861947 ], [ 4915922.010866632685065, 2113451.528959481045604 ] ] ] ] } },
{ "type": "Feature", "properties": { "id": "+394224+278227", "Area_ha": 0.088936963278541226, "count": 1, "value": 1, "Porcentaje_Cobertura_Forestal": 0.0, "NDVI_Medio_Poligono": 0.69409949463916687, "Codigo_Tipo_Bosque_Predom": 0.0, "Densidad_C_Media_tC_ha": 20.988861083984375, "Carbono_Perdido_tC": 1.8666855674847214, "Nombre_Tipo_Bosque_Predom": "Sin Datos" }, "geometry": { "type": "MultiPolygon", "coordinates": [ [ [ [ 4915921.078554968349636, 2112647.463294020853937 ], [ 4915921.113061002455652, 2112677.243500720243901 ], [ 4915950.977470375597477, 2112677.208902340847999 ], [ 4915950.94297660049051, 2112647.428697479888797 ], [ 4915921.078554968349636, 2112647.463294020853937 ] ] ] ] } },
{ "type": "Feature", "properties": { "id": "+394224+278231", "Area_ha": 0.26681121178148021, "count": 3, "value": 1, "Porcentaje_Cobertura_Forestal": 0.0, "NDVI_Medio_Poligono": 0.7210470286734294, "Codigo_Tipo_Bosque_Predom": 0.0, "Densidad_C_Media_tC_ha": 20.988861083984375, "Carbono_Perdido_tC": 5.6000634597310235, "Nombre_Tipo_Bosque_Predom": "Sin Datos" }, "geometry": { "type": "MultiPolygon", "coordinates": [ [ [ [ 4915920.940549313090742, 2112528.342469634953886 ], [ 4915921.044050781987607, 2112617.683087564073503 ], [ 4915950.908484673127532, 2112617.648492861539125 ], [ 4915950.80501997563988, 2112528.307880448643118 ], [ 4915920.940549313090742, 2112528.342469634953886 ] ] ] ] } },
{ "type": "Feature", "properties": { "id": "+394224+278297", "Area_ha": 0.26681834956523814, "count": 3, "value": 1, "Porcentaje_Cobertura_Forestal": 0.0, "NDVI_Medio_Poligono": 0.72555591157448551, "Codigo_Tipo_Bosque_Predom": 0.0, "Densidad_C_Media_tC_ha": 17.767061233520508, "Carbono_Perdido_tC": 4.7405779549524665, "Nombre_Tipo_Bosque_Predom": "Sin Datos" }, "geometry": { "type": "MultiPolygon", "coordinates": [ [ [ [ 4915918.667725538834929, 2110562.849422920495272 ], [ 4915918.70210219360888, 2110592.629612788558006 ], [ 4915888.836834412068129, 2110592.664094701875001 ], [ 4915888.871225128881633, 2110622.444286650978029 ], [ 4915948.601734416559339, 2110622.375331394374371 ], [ 4915948.533003687858582, 2110562.814955094829202 ], [ 4915918.667725538834929, 2110562.849422920495272 ] ] ] ] } },
{ "type": "Feature", "properties": { "id": "+394225+278287", "Area_ha": 0.17787820173510699, "count": 2, "value": 1, "Porcentaje_Cobertura_Forestal": 0.0, "NDVI_Medio_Poligono": 0.49372447589612861, "Codigo_Tipo_Bosque_Predom": 0.0, "Densidad_C_Media_tC_ha": 17.767061233520508, "Carbono_Perdido_tC": 3.1603729023361598, "Nombre_Tipo_Bosque_Predom": "Sin Datos" }, "geometry": { "type": "MultiPolygon", "coordinates": [ [ [ [ 4915919.011575254611671, 2110860.651332411915064 ], [ 4915919.045970392413437, 2110890.431524681858718 ], [ 4915978.776256080716848, 2110890.362560829613358 ], [ 4915978.741885382682085, 2110860.582372236531228 ], [ 4915919.011575254611671, 2110860.651332411915064 ] ] ] ] } },
{ "type": "Feature", "properties": { "id": "+394226+278213", "Area_ha": 1.9565970628498179, "count": 22, "value": 1, "Porcentaje_Cobertura_Forestal": 0.0, "NDVI_Medio_Poligono": 0.50897117901972488, "Codigo_Tipo_Bosque_Predom": 0.0, "Densidad_C_Media_tC_ha": 45.403224945068359, "Carbono_Perdido_tC": 88.835816571430342, "Nombre_Tipo_Bosque_Predom": "Sin Datos" }, "geometry": { "type": "MultiPolygon", "coordinates": [ [ [ [ 4915981.290305922739208, 2113064.31697758520022 ], [ 4915981.324813295155764, 2113094.097183980979025 ], [ 4916011.189047285355628, 2113094.062584466766566 ], [ 4916011.154552180320024, 2113064.282379908487201 ], [ 4915981.290305922739208, 2113064.31697758520022 ] ] ], [ [ [ 4916011.189047285355628, 2113094.062584466766566 ], [ 4916011.258043033070862, 2113153.622994307428598 ], [ 4916041.122250641696155, 2113153.588403423316777 ], [ 4916041.053279432468116, 2113094.02799725625664 ], [ 4916011.189047285355628, 2113094.062584466766566 ] ] ], [ [ [ 4916041.191229233518243, 2113213.14881055476144 ], [ 4916041.22572129778564, 2113242.929014482069761 ], [ 4916130.818222634494305, 2113242.825299139600247 ], [ 4916130.783767385408282, 2113213.045100718270987 ], [ 4916100.919589840807021, 2113213.079658357892185 ], [ 4916100.85066033154726, 2113153.519258568994701 ], [ 4916041.122250641696155, 2113153.588403423316777 ], [ 4916041.156739014200866, 2113183.368606868200004 ], [ 4916011.292543676681817, 2113183.403199589345604 ], [ 4916011.327046166174114, 2113213.183405112009495 ], [ 4916041.191229233518243, 2113213.14881055476144 ] ] ], [ [ [ 4916160.647943089716136, 2113213.01055538514629 ], [ 4916160.682386067695916, 2113242.790751972235739 ], [ 4916130.818222634494305, 2113242.825299139600247 ], [ 4916130.852679726667702, 2113272.605497802142054 ], [ 4916220.445127691142261, 2113272.501887719612569 ], [ 4916220.376288981176913, 2113212.941501636058092 ], [ 4916190.512116953730583, 2113212.976022357586771 ], [ 4916190.477688089944422, 2113183.195827845018357 ], [ 4916130.749313979409635, 2113183.264902538154274 ], [ 4916130.783767385408282, 2113213.045100718270987 ], [ 4916160.647943089716136, 2113213.01055538514629 ] ] ], [ [ [ 4916280.242214129306376, 2113331.993255588691682 ], [ 4916280.173417146317661, 2113272.432875867467374 ], [ 4916220.445127691142261, 2113272.501887719612569 ], [ 4916220.513973767869174, 2113332.062274767551571 ], [ 4916280.242214129306376, 2113331.993255588691682 ] ] ] ] } },
{ "type": "Feature", "properties": { "id": "+394226+278276", "Area_ha": 0.17787739483305776, "count": 2, "value": 1, "Porcentaje_Cobertura_Forestal": 0.0, "NDVI_Medio_Poligono": 0.50857308494479136, "Codigo_Tipo_Bosque_Predom": 0.0, "Densidad_C_Media_tC_ha": 9.225712776184082, "Carbono_Perdido_tC": 1.6410457541056813, "Nombre_Tipo_Bosque_Predom": "Sin Datos" }, "geometry": { "type": "MultiPolygon", "coordinates": [ [ [ [ 4915949.255044952966273, 2111188.198954143095762 ], [ 4915949.289448195137084, 2111217.979147215839475 ], [ 4916009.019461274147034, 2111217.910167440772057 ], [ 4916008.985082486644387, 2111188.129978043492883 ], [ 4915949.255044952966273, 2111188.198954143095762 ] ] ] ] } },
{ "type": "Feature", "properties": { "id": "+394227+278217", "Area_ha": 0.17787315553220687, "count": 2, "value": 1, "Porcentaje_Cobertura_Forestal": 0.0, "NDVI_Medio_Poligono": 0.40291062563415447, "Codigo_Tipo_Bosque_Predom": 0.0, "Densidad_C_Media_tC_ha": 45.403224945068359, "Carbono_Perdido_tC": 8.076014892317918, "Nombre_Tipo_Bosque_Predom": "Sin Datos" }, "geometry": { "type": "MultiPolygon", "coordinates": [ [ [ [ 4915981.152294659987092, 2112945.196154297795147 ], [ 4915981.186794645152986, 2112974.976359728723764 ], [ 4916040.915358921512961, 2112974.907187699805945 ], [ 4916040.880883468315005, 2112945.126985943410546 ], [ 4915981.152294659987092, 2112945.196154297795147 ] ] ] ] } },
{ "type": "Feature", "properties": { "id": "+394227+278266", "Area_ha": 0.088938323912024497, "count": 1, "value": 1, "Porcentaje_Cobertura_Forestal": 0.0, "NDVI_Medio_Poligono": 0.75707627472700112, "Codigo_Tipo_Bosque_Predom": 0.0, "Densidad_C_Media_tC_ha": 9.225712776184082, "Carbono_Perdido_tC": 0.82051943120756266, "Nombre_Tipo_Bosque_Predom": "Sin Datos" }, "geometry": { "type": "MultiPolygon", "coordinates": [ [ [ [ 4916009.328953444957733, 2111485.931882825680077 ], [ 4916009.363350695930421, 2111515.712074626237154 ], [ 4916039.228232165798545, 2111515.677584763616323 ], [ 4916039.193847148679197, 2111485.897394800093025 ], [ 4916009.328953444957733, 2111485.931882825680077 ] ] ] ] } },
{ "type": "Feature", "properties": { "id": "+394227+278325", "Area_ha": 0.08894042695344688, "count": 1, "value": 1, "Porcentaje_Cobertura_Forestal": 0.0, "NDVI_Medio_Poligono": 0.84166307653639227, "Codigo_Tipo_Bosque_Predom": 0.0, "Densidad_C_Media_tC_ha": 12.791381835937498, "Carbono_Perdido_tC": 1.1376709618128462, "Nombre_Tipo_Bosque_Predom": "Sin Datos" }, "geometry": { "type": "MultiPolygon", "coordinates": [ [ [ [ 4916007.302783670835197, 2109728.900991648435593 ], [ 4916007.3370719878003, 2109758.681169288698584 ], [ 4916037.202674117870629, 2109758.646787804085761 ], [ 4916037.16839799657464, 2109728.86661200132221 ], [ 4916007.302783670835197, 2109728.900991648435593 ] ] ] ] } },
{ "type": "Feature", "properties": { "id": "+394227+278331", "Area_ha": 0.35576247391276411, "count": 4, "value": 1, "Porcentaje_Cobertura_Forestal": 0.0, "NDVI_Medio_Poligono": 0.54288849844395382, "Codigo_Tipo_Bosque_Predom": 0.0, "Densidad_C_Media_tC_ha": 12.7913818359375, "Carbono_Perdido_tC": 4.5506936467159198, "Nombre_Tipo_Bosque_Predom": "Sin Datos" }, "geometry": { "type": "MultiPolygon", "coordinates": [ [ [ [ 4916007.097092545591295, 2109550.219930842053145 ], [ 4916007.165648869238794, 2109609.780283485539258 ], [ 4916096.762632636353374, 2109609.677203268744051 ], [ 4916096.728390126489103, 2109579.897032337263227 ], [ 4916036.99704507458955, 2109579.96573658240959 ], [ 4916036.962780026718974, 2109550.185562217142433 ], [ 4916007.097092545591295, 2109550.219930842053145 ] ] ] ] } },
{ "type": "Feature", "properties": { "id": "+394229+278285", "Area_ha": 0.4446947673022747, "count": 5, "value": 1, "Porcentaje_Cobertura_Forestal": 0.0, "NDVI_Medio_Poligono": 0.47826437331848287, "Codigo_Tipo_Bosque_Predom": 0.0, "Densidad_C_Media_tC_ha": 11.412395902536906, "Carbono_Perdido_tC": 5.0750327402400828, "Nombre_Tipo_Bosque_Predom": "Sin Datos" }, "geometry": { "type": "MultiPolygon", "coordinates": [ [ [ [ 4916098.339782108552754, 2110979.565325478557497 ], [ 4916098.271129250526428, 2110920.004961785394698 ], [ 4916038.540882742963731, 2110920.07383126905188 ], [ 4916038.609584487043321, 2110979.634202306158841 ], [ 4916098.339782108552754, 2110979.565325478557497 ] ] ], [ [ [ 4916128.239195132628083, 2111009.311085822060704 ], [ 4916128.204878159798682, 2110979.530905450228602 ], [ 4916098.339782108552754, 2110979.565325478557497 ], [ 4916098.374111304059625, 2111009.345507685560733 ], [ 4916128.239195132628083, 2111009.311085822060704 ] ] ] ] } },
{ "type": "Feature", "properties": { "id": "+394229+278354", "Area_ha": 0.35576569543694786, "count": 4, "value": 1, "Porcentaje_Cobertura_Forestal": 0.0, "NDVI_Medio_Poligono": 0.71854872479263399, "Codigo_Tipo_Bosque_Predom": 0.0, "Densidad_C_Media_tC_ha": 21.931663513183594, "Carbono_Perdido_tC": 7.8025335218568967, "Nombre_Tipo_Bosque_Predom": "Sin Datos" }, "geometry": { "type": "MultiPolygon", "coordinates": [ [ [ [ 4916036.175193356350064, 2108865.241617907769978 ], [ 4916036.243640393018723, 2108924.801955865230411 ], [ 4916095.975521543994546, 2108924.733332407660782 ], [ 4916095.907123210839927, 2108865.173001794610173 ], [ 4916036.175193356350064, 2108865.241617907769978 ] ] ] ] } },
{ "type": "Feature", "properties": { "id": "+394230+278317", "Area_ha": 0.1778801824720751, "count": 2, "value": 1, "Porcentaje_Cobertura_Forestal": 0.0, "NDVI_Medio_Poligono": 0.59446610517739995, "Codigo_Tipo_Bosque_Predom": 0.0, "Densidad_C_Media_tC_ha": 17.767061233520508, "Carbono_Perdido_tC": 3.1604080942111596, "Nombre_Tipo_Bosque_Predom": "Sin Datos" }, "geometry": { "type": "MultiPolygon", "coordinates": [ [ [ [ 4916097.173686617054045, 2109967.039273151662201 ], [ 4916097.242221434600651, 2110026.599621486850083 ], [ 4916127.107708258554339, 2110026.565260177943856 ], [ 4916127.039197840727866, 2109967.004915512632579 ], [ 4916097.173686617054045, 2109967.039273151662201 ] ] ] ] } },
{ "type": "Feature", "properties": { "id": "+394231+278334", "Area_ha": 0.088940702973045696, "count": 1, "value": 1, "Porcentaje_Cobertura_Forestal": 0.0, "NDVI_Medio_Poligono": 0.61708922257252263, "Codigo_Tipo_Bosque_Predom": 0.0, "Densidad_C_Media_tC_ha": 12.7913818359375, "Carbono_Perdido_tC": 1.1376744924849291, "Nombre_Tipo_Bosque_Predom": "Sin Datos" }, "geometry": { "type": "MultiPolygon", "coordinates": [ [ [ [ 4916126.457157056778669, 2109460.742024559527636 ], [ 4916126.49138000048697, 2109490.522192697506398 ], [ 4916156.357084496878088, 2109490.487876643892378 ], [ 4916156.322873743250966, 2109460.707710340153426 ], [ 4916126.457157056778669, 2109460.742024559527636 ] ] ] ] } },
{ "type": "Feature", "properties": { "id": "+394231+278338", "Area_ha": 0.088940845242743677, "count": 1, "value": 1, "Porcentaje_Cobertura_Forestal": 0.0, "NDVI_Medio_Poligono": 0.38365020225005747, "Codigo_Tipo_Bosque_Predom": 0.0, "Densidad_C_Media_tC_ha": 12.7913818359375, "Carbono_Perdido_tC": 1.1376763123109597, "Nombre_Tipo_Bosque_Predom": "Sin Datos" }, "geometry": { "type": "MultiPolygon", "coordinates": [ [ [ [ 4916126.320283721201122, 2109341.621354396920651 ], [ 4916126.354499289765954, 2109371.401521577034146 ], [ 4916156.220252538099885, 2109371.367212861310691 ], [ 4916156.186049156822264, 2109341.587047515437007 ], [ 4916126.320283721201122, 2109341.621354396920651 ] ] ] ] } },
{ "type": "Feature", "properties": { "id": "+394231+278341", "Area_ha": 0.088940951922666864, "count": 1, "value": 1, "Porcentaje_Cobertura_Forestal": 0.0, "NDVI_Medio_Poligono": 0.61619509464287026, "Codigo_Tipo_Bosque_Predom": 0.0, "Densidad_C_Media_tC_ha": 12.7913818359375, "Carbono_Perdido_tC": 1.1376776768945913, "Nombre_Tipo_Bosque_Predom": "Sin Datos" }, "geometry": { "type": "MultiPolygon", "coordinates": [ [ [ [ 4916126.217648078687489, 2109252.28085428988561 ], [ 4916126.251858116127551, 2109282.061020751483738 ], [ 4916156.117647921666503, 2109282.026717538945377 ], [ 4916156.083450068719685, 2109252.246552911587059 ], [ 4916126.217648078687489, 2109252.28085428988561 ] ] ] ] } },
{ "type": "Feature", "properties": { "id": "+394232+278201", "Area_ha": 0.44467936463207008, "count": 5, "value": 1, "Porcentaje_Cobertura_Forestal": 0.0, "NDVI_Medio_Poligono": 0.41978768382524695, "Codigo_Tipo_Bosque_Predom": 0.0, "Densidad_C_Media_tC_ha": 45.403224945068359, "Carbono_Perdido_tC": 20.189877220819952, "Nombre_Tipo_Bosque_Predom": "Sin Datos" }, "geometry": { "type": "MultiPolygon", "coordinates": [ [ [ [ 4916190.856506915763021, 2113510.777980749495327 ], [ 4916190.753170582465827, 2113421.437390699051321 ], [ 4916160.889082634821534, 2113421.471936560235918 ], [ 4916160.992455799132586, 2113510.81253211107105 ], [ 4916190.856506915763021, 2113510.777980749495327 ] ] ], [ [ [ 4916250.619028213433921, 2113540.489108466077596 ], [ 4916250.584603641182184, 2113510.708914964459836 ], [ 4916190.856506915763021, 2113510.777980749495327 ], [ 4916190.890956045128405, 2113540.558177915867418 ], [ 4916250.619028213433921, 2113540.489108466077596 ] ] ] ] } },
{ "type": "Feature", "properties": { "id": "+394232+278212", "Area_ha": 0.17787268706166359, "count": 2, "value": 1, "Porcentaje_Cobertura_Forestal": 0.0, "NDVI_Medio_Poligono": 0.63656657493760382, "Codigo_Tipo_Bosque_Predom": 0.0, "Densidad_C_Media_tC_ha": 45.403224945068359, "Carbono_Perdido_tC": 8.0759936222444626, "Nombre_Tipo_Bosque_Predom": "Sin Datos" }, "geometry": { "type": "MultiPolygon", "coordinates": [ [ [ [ 4916130.645964585244656, 2113093.924309329595417 ], [ 4916130.680412460118532, 2113123.704506786540151 ], [ 4916190.408835651353002, 2113123.63543942803517 ], [ 4916190.374412314966321, 2113093.855245638173074 ], [ 4916130.645964585244656, 2113093.924309329595417 ] ] ] ] } },
{ "type": "Feature", "properties": { "id": "+394232+278370", "Area_ha": 0.088941971249294871, "count": 1, "value": 1, "Porcentaje_Cobertura_Forestal": 0.0, "NDVI_Medio_Poligono": 0.68607324991921914, "Codigo_Tipo_Bosque_Predom": 1.9053659439086914, "Densidad_C_Media_tC_ha": 21.931663513183594, "Carbono_Perdido_tC": 1.9506453856387846, "Nombre_Tipo_Bosque_Predom": "Sin Datos" }, "geometry": { "type": "MultiPolygon", "coordinates": [ [ [ [ 4916155.092514089308679, 2108388.621882784646004 ], [ 4916155.126658491790295, 2108418.402040475513786 ], [ 4916184.992799536325037, 2108418.367802663706243 ], [ 4916184.958667299710214, 2108388.587646807078272 ], [ 4916155.092514089308679, 2108388.621882784646004 ] ] ] ] } },
{ "type": "Feature", "properties": { "id": "+394232+278378", "Area_ha": 0.088942255196388584, "count": 1, "value": 1, "Porcentaje_Cobertura_Forestal": 0.0, "NDVI_Medio_Poligono": 0.71293500000686849, "Codigo_Tipo_Bosque_Predom": 0.0, "Densidad_C_Media_tC_ha": 21.931663513183594, "Carbono_Perdido_tC": 1.9506516130708993, "Nombre_Tipo_Bosque_Predom": "Sin Datos" }, "geometry": { "type": "MultiPolygon", "coordinates": [ [ [ [ 4916154.819425218738616, 2108150.38062987010926 ], [ 4916154.85355487652123, 2108180.16078564664349 ], [ 4916184.719793226569891, 2108180.126562506426126 ], [ 4916184.685675728134811, 2108150.346408563666046 ], [ 4916154.819425218738616, 2108150.38062987010926 ] ] ] ] } },
{ "type": "Feature", "properties": { "id": "+394233+278276", "Area_ha": 0.17787724015546263, "count": 2, "value": 1, "Porcentaje_Cobertura_Forestal": 0.0, "NDVI_Medio_Poligono": 0.69061858551046962, "Codigo_Tipo_Bosque_Predom": 0.0, "Densidad_C_Media_tC_ha": 9.225712776184082, "Carbono_Perdido_tC": 1.6410443270946158, "Nombre_Tipo_Bosque_Predom": "Sin Datos" }, "geometry": { "type": "MultiPolygon", "coordinates": [ [ [ [ 4916158.310144090093672, 2111187.957752372138202 ], [ 4916158.344461742788553, 2111217.737932591699064 ], [ 4916218.074449049308896, 2111217.669124487787485 ], [ 4916218.040155851282179, 2111187.8889479348436 ], [ 4916158.310144090093672, 2111187.957752372138202 ] ] ] ] } },
{ "type": "Feature", "properties": { "id": "+394233+278340", "Area_ha": 0.088940894292616576, "count": 1, "value": 1, "Porcentaje_Cobertura_Forestal": 0.0, "NDVI_Medio_Poligono": 0.5315279904368686, "Codigo_Tipo_Bosque_Predom": 0.0, "Densidad_C_Media_tC_ha": 12.7913818359375, "Carbono_Perdido_tC": 1.1376769397266129, "Nombre_Tipo_Bosque_Predom": "Sin Datos" }, "geometry": { "type": "MultiPolygon", "coordinates": [ [ [ [ 4916185.983435886912048, 2109281.992426546290517 ], [ 4916186.017623397521675, 2109311.772589581087232 ], [ 4916215.883397338911891, 2109311.738308974541724 ], [ 4916215.84922201372683, 2109281.958147773053497 ], [ 4916185.983435886912048, 2109281.992426546290517 ] ] ] ] } },
{ "type": "Feature", "properties": { "id": "+394234+278382", "Area_ha": 0.35576945136829746, "count": 4, "value": 1, "Porcentaje_Cobertura_Forestal": 0.0, "NDVI_Medio_Poligono": 0.7590831140768467, "Codigo_Tipo_Bosque_Predom": 0.0, "Densidad_C_Media_tC_ha": 21.93166351318359, "Carbono_Perdido_tC": 7.8026158956794331, "Nombre_Tipo_Bosque_Predom": "Sin Datos" }, "geometry": { "type": "MultiPolygon", "coordinates": [ [ [ [ 4916184.549224161542952, 2108031.225795176345855 ], [ 4916184.617446260526776, 2108090.786101391538978 ], [ 4916244.349990400485694, 2108090.717702694702893 ], [ 4916244.281816933304071, 2108031.15740381134674 ], [ 4916184.549224161542952, 2108031.225795176345855 ] ] ] ] } },
{ "type": "Feature", "properties": { "id": "+394235+278195", "Area_ha": 0.088935695961165767, "count": 1, "value": 1, "Porcentaje_Cobertura_Forestal": 0.0, "NDVI_Medio_Poligono": 0.69495604996861682, "Codigo_Tipo_Bosque_Predom": 0.0, "Densidad_C_Media_tC_ha": 45.403224945068359, "Carbono_Perdido_tC": 4.0379674093710172, "Nombre_Tipo_Bosque_Predom": "Sin Datos" }, "geometry": { "type": "MultiPolygon", "coordinates": [ [ [ [ 4916254.147099999710917, 2113616.197200000286102 ], [ 4916258.661899999715388, 2113618.537200000137091 ], [ 4916266.781700000166893, 2113622.882400000467896 ], [ 4916270.800499999895692, 2113625.406899999827147 ], [ 4916274.6086, 2113627.270999999716878 ], [ 4916279.247809789143503, 2113629.796715811826289 ], [ 4916280.586309227161109, 2113629.795168552547693 ], [ 4916280.551891411654651, 2113600.01497616013512 ], [ 4916250.687882642261684, 2113600.049496077932417 ], [ 4916250.705048674717546, 2113614.897197427228093 ], [ 4916254.147099999710917, 2113616.197200000286102 ] ] ] ] } },
{ "type": "Feature", "properties": { "id": "+394236+278292", "Area_ha": 0.17787826864007511, "count": 2, "value": 1, "Porcentaje_Cobertura_Forestal": 0.0, "NDVI_Medio_Poligono": 0.62369170423817322, "Codigo_Tipo_Bosque_Predom": 0.0, "Densidad_C_Media_tC_ha": 17.767061233520508, "Carbono_Perdido_tC": 3.1603740910408251, "Nombre_Tipo_Bosque_Predom": "Sin Datos" }, "geometry": { "type": "MultiPolygon", "coordinates": [ [ [ [ 4916277.222110658884048, 2110711.337458992842585 ], [ 4916277.290591093711555, 2110770.897797325626016 ], [ 4916307.155761651694775, 2110770.863463656045496 ], [ 4916307.087305651046336, 2110711.30312898568809 ], [ 4916277.222110658884048, 2110711.337458992842585 ] ] ] ] } },
{ "type": "Feature", "properties": { "id": "+394236+278311", "Area_ha": 0.088939829176595958, "count": 1, "value": 1, "Porcentaje_Cobertura_Forestal": 0.0, "NDVI_Medio_Poligono": 0.41266048952425144, "Codigo_Tipo_Bosque_Predom": 0.0, "Densidad_C_Media_tC_ha": 17.767061233520508, "Carbono_Perdido_tC": 1.5801993910794343, "Nombre_Tipo_Bosque_Predom": "Sin Datos" }, "geometry": { "type": "MultiPolygon", "coordinates": [ [ [ [ 4916276.571913695894182, 2110145.514292722567916 ], [ 4916276.606118025258183, 2110175.294457209296525 ], [ 4916306.471532802097499, 2110175.260160161182284 ], [ 4916306.437340676784515, 2110145.479997505433857 ], [ 4916276.571913695894182, 2110145.514292722567916 ] ] ] ] } },
{ "type": "Feature", "properties": { "id": "+394238+278199", "Area_ha": 0.71148600645788096, "count": 8, "value": 1, "Porcentaje_Cobertura_Forestal": 0.0, "NDVI_Medio_Poligono": 0.64244255657852833, "Codigo_Tipo_Bosque_Predom": 0.0, "Densidad_C_Media_tC_ha": 45.403224945068359, "Carbono_Perdido_tC": 32.303759196475525, "Nombre_Tipo_Bosque_Predom": "Sin Datos" }, "geometry": { "type": "MultiPolygon", "coordinates": [ [ [ [ 4916310.278294838964939, 2113480.85970883211121 ], [ 4916310.312693015672266, 2113510.639898429624736 ], [ 4916370.040775050409138, 2113510.570931144990027 ], [ 4916370.006401429884136, 2113480.790745206642896 ], [ 4916310.278294838964939, 2113480.85970883211121 ] ] ], [ [ [ 4916370.040775050409138, 2113510.570931144990027 ], [ 4916370.075150510296226, 2113540.351117324549705 ], [ 4916459.667222970165312, 2113540.247753256000578 ], [ 4916459.632884345017374, 2113510.467572560999542 ], [ 4916370.040775050409138, 2113510.570931144990027 ] ] ], [ [ [ 4916280.448649248108268, 2113510.674400541000068 ], [ 4916280.483061541803181, 2113540.454592210706323 ], [ 4916310.347093031741679, 2113540.420088268816471 ], [ 4916310.312693015672266, 2113510.639898429624736 ], [ 4916280.448649248108268, 2113510.674400541000068 ] ] ], [ [ [ 4916459.667222970165312, 2113540.247753256000578 ], [ 4916459.735905729234219, 2113599.808115370105952 ], [ 4916489.599901659414172, 2113599.773681653663516 ], [ 4916489.531243459321558, 2113540.213323193136603 ], [ 4916459.667222970165312, 2113540.247753256000578 ] ] ] ] } },
{ "type": "Feature", "properties": { "id": "+394238+278275", "Area_ha": 0.26681560433649865, "count": 3, "value": 1, "Porcentaje_Cobertura_Forestal": 0.0, "NDVI_Medio_Poligono": 0.54245499843778622, "Codigo_Tipo_Bosque_Predom": 0.0, "Densidad_C_Media_tC_ha": 9.225712776184082, "Carbono_Perdido_tC": 2.4615641298125124, "Nombre_Tipo_Bosque_Predom": "Sin Datos" }, "geometry": { "type": "MultiPolygon", "coordinates": [ [ [ [ 4916277.804429008625448, 2111217.600365431979299 ], [ 4916277.838699592277408, 2111247.380538559984416 ], [ 4916367.433619071729481, 2111247.277486452367157 ], [ 4916367.39938517101109, 2111217.497318815439939 ], [ 4916277.804429008625448, 2111217.600365431979299 ] ] ] ] } },
{ "type": "Feature", "properties": { "id": "+394238+278285", "Area_ha": 0.17787777204043523, "count": 2, "value": 1, "Porcentaje_Cobertura_Forestal": 0.0, "NDVI_Medio_Poligono": 0.71580879967470212, "Codigo_Tipo_Bosque_Predom": 0.0, "Densidad_C_Media_tC_ha": 14.781166616088905, "Carbono_Perdido_tC": 2.6292409858283534, "Nombre_Tipo_Bosque_Predom": "Sin Datos" }, "geometry": { "type": "MultiPolygon", "coordinates": [ [ [ [ 4916307.32693385053426, 2110919.764304530806839 ], [ 4916307.361173809505999, 2110949.544473426882178 ], [ 4916367.091362789273262, 2110949.475820885039866 ], [ 4916367.057147272862494, 2110919.695655649062246 ], [ 4916307.32693385053426, 2110919.764304530806839 ] ] ] ] } },
{ "type": "Feature", "properties": { "id": "+394239+278303", "Area_ha": 0.1778789866861378, "count": 2, "value": 1, "Porcentaje_Cobertura_Forestal": 0.0, "NDVI_Medio_Poligono": 0.61258646104628389, "Codigo_Tipo_Bosque_Predom": 0.0, "Densidad_C_Media_tC_ha": 17.767061233520508, "Carbono_Perdido_tC": 3.1603868486091895, "Nombre_Tipo_Bosque_Predom": "Sin Datos" }, "geometry": { "type": "MultiPolygon", "coordinates": [ [ [ [ 4916366.441582348197699, 2110383.652722466271371 ], [ 4916366.509949035011232, 2110443.213044535834342 ], [ 4916396.375248442403972, 2110443.178767743520439 ], [ 4916396.306906174868345, 2110383.61844933219254 ], [ 4916366.441582348197699, 2110383.652722466271371 ] ] ] ] } },
{ "type": "Feature", "properties": { "id": "+394239+278310", "Area_ha": 0.88939697832635722, "count": 10, "value": 1, "Porcentaje_Cobertura_Forestal": 0.0, "NDVI_Medio_Poligono": 0.51878565601674309, "Codigo_Tipo_Bosque_Predom": 0.0, "Densidad_C_Media_tC_ha": 17.767061233520508, "Carbono_Perdido_tC": 15.801970574832501, "Nombre_Tipo_Bosque_Predom": "Sin Datos" }, "geometry": { "type": "MultiPolygon", "coordinates": [ [ [ [ 4916396.101923717185855, 2110204.937499973457307 ], [ 4916396.067766367457807, 2110175.157342567108572 ], [ 4916366.202357093803585, 2110175.191602897364646 ], [ 4916366.236526648513973, 2110204.971762132830918 ], [ 4916396.101923717185855, 2110204.937499973457307 ] ] ], [ [ [ 4916396.101923717185855, 2110204.937499973457307 ], [ 4916396.136082905344665, 2110234.717657619155943 ], [ 4916426.00146593246609, 2110234.683405871503055 ], [ 4916425.96731894928962, 2110204.903250053990632 ], [ 4916396.101923717185855, 2110204.937499973457307 ] ] ], [ [ [ 4916306.50572700612247, 2110205.040323171298951 ], [ 4916306.642521262168884, 2110324.160977151244879 ], [ 4916366.373223254457116, 2110324.092401471920311 ], [ 4916366.236526648513973, 2110204.971762132830918 ], [ 4916306.50572700612247, 2110205.040323171298951 ] ] ] ] } },
{ "type": "Feature", "properties": { "id": "+394239+278312", "Area_ha": 0.088939831751606829, "count": 1, "value": 1, "Porcentaje_Cobertura_Forestal": 0.0, "NDVI_Medio_Poligono": 0.52682206056467984, "Codigo_Tipo_Bosque_Predom": 0.0, "Densidad_C_Media_tC_ha": 17.767061233520508, "Carbono_Perdido_tC": 1.58019943682981, "Nombre_Tipo_Bosque_Predom": "Sin Datos" }, "geometry": { "type": "MultiPolygon", "coordinates": [ [ [ [ 4916366.134023258462548, 2110115.631285032723099 ], [ 4916366.168189137242734, 2110145.411443787161261 ], [ 4916396.033610614947975, 2110145.377185286022723 ], [ 4916395.999456939287484, 2110115.597028361167759 ], [ 4916366.134023258462548, 2110115.631285032723099 ] ] ] ] } },
{ "type": "Feature", "properties": { "id": "+394239+278321", "Area_ha": 0.17788026878708188, "count": 2, "value": 1, "Porcentaje_Cobertura_Forestal": 0.0, "NDVI_Medio_Poligono": 0.54221303601029547, "Codigo_Tipo_Bosque_Predom": 0.0, "Densidad_C_Media_tC_ha": 12.7913818359375, "Carbono_Perdido_tC": 2.2753344391347592, "Nombre_Tipo_Bosque_Predom": "Sin Datos" }, "geometry": { "type": "MultiPolygon", "coordinates": [ [ [ [ 4916365.826613086275756, 2109847.609867024235427 ], [ 4916365.894913588650525, 2109907.17018045950681 ], [ 4916395.76043267454952, 2109907.135936591774225 ], [ 4916395.692156568169594, 2109847.575626814737916 ], [ 4916365.826613086275756, 2109847.609867024235427 ] ] ] ] } },
{ "type": "Feature", "properties": { "id": "+394240+278213", "Area_ha": 0.088936285647739713, "count": 1, "value": 1, "Porcentaje_Cobertura_Forestal": 0.0, "NDVI_Medio_Poligono": 0.73988220613668221, "Codigo_Tipo_Bosque_Predom": 0.0, "Densidad_C_Media_tC_ha": 45.403224945068359, "Carbono_Perdido_tC": 4.0379941830431809, "Nombre_Tipo_Bosque_Predom": "Sin Datos" }, "geometry": { "type": "MultiPolygon", "coordinates": [ [ [ [ 4916399.389585885219276, 2113063.833729543723166 ], [ 4916399.423921501263976, 2113093.613910275511444 ], [ 4916429.288129756227136, 2113093.579483008477837 ], [ 4916429.253806409426033, 2113063.799304104875773 ], [ 4916399.389585885219276, 2113063.833729543723166 ] ] ] ] } },
{ "type": "Feature", "properties": { "id": "+394240+278252", "Area_ha": 0.088937680505630848, "count": 1, "value": 1, "Porcentaje_Cobertura_Forestal": 0.0, "NDVI_Medio_Poligono": 0.51705993554782947, "Codigo_Tipo_Bosque_Predom": 0.0, "Densidad_C_Media_tC_ha": 9.225712776184082, "Carbono_Perdido_tC": 0.82051349532497653, "Nombre_Tipo_Bosque_Predom": "Sin Datos" }, "geometry": { "type": "MultiPolygon", "coordinates": [ [ [ [ 4916398.05193034093827, 2111902.406868895050138 ], [ 4916398.086194284260273, 2111932.187040234915912 ], [ 4916427.950880520045757, 2111932.152684269472957 ], [ 4916427.916628820821643, 2111902.372514757793397 ], [ 4916398.05193034093827, 2111902.406868895050138 ] ] ] ] } },
{ "type": "Feature", "properties": { "id": "+394240+278258", "Area_ha": 0.088937894839080406, "count": 1, "value": 1, "Porcentaje_Cobertura_Forestal": 0.0, "NDVI_Medio_Poligono": 0.76871105360686298, "Codigo_Tipo_Bosque_Predom": 0.0, "Densidad_C_Media_tC_ha": 9.225712776184082, "Carbono_Perdido_tC": 0.82051547270382041, "Nombre_Tipo_Bosque_Predom": "Sin Datos" }, "geometry": { "type": "MultiPolygon", "coordinates": [ [ [ [ 4916397.846385278739035, 2111723.72584591107443 ], [ 4916397.880638195201755, 2111753.506015807390213 ], [ 4916427.745397877879441, 2111753.471670811530203 ], [ 4916427.711157200857997, 2111723.691502743400633 ], [ 4916397.846385278739035, 2111723.72584591107443 ] ] ] ] } },
{ "type": "Feature", "properties": { "id": "+394240+278263", "Area_ha": 0.17787615781349306, "count": 2, "value": 1, "Porcentaje_Cobertura_Forestal": 0.0, "NDVI_Medio_Poligono": 0.77518736496938034, "Codigo_Tipo_Bosque_Predom": 0.0, "Densidad_C_Media_tC_ha": 9.225712776184082, "Carbono_Perdido_tC": 1.641034341718479, "Nombre_Tipo_Bosque_Predom": "Sin Datos" }, "geometry": { "type": "MultiPolygon", "coordinates": [ [ [ [ 4916367.810313323512673, 2111574.859346333425492 ], [ 4916367.844569286331534, 2111604.639516856521368 ], [ 4916427.574212864041328, 2111604.570832877419889 ], [ 4916427.539981372654438, 2111574.790666011627764 ], [ 4916367.810313323512673, 2111574.859346333425492 ] ] ] ] } },
{ "type": "Feature", "properties": { "id": "+394241+278302", "Area_ha": 0.088939453519029488, "count": 1, "value": 1, "Porcentaje_Cobertura_Forestal": 0.0, "NDVI_Medio_Poligono": 0.86752751868268407, "Codigo_Tipo_Bosque_Predom": 0.0, "Densidad_C_Media_tC_ha": 17.767061233520511, "Carbono_Perdido_tC": 1.5801927167484482, "Nombre_Tipo_Bosque_Predom": "Sin Datos" }, "geometry": { "type": "MultiPolygon", "coordinates": [ [ [ [ 4916426.206386170350015, 2110413.364345699548721 ], [ 4916426.240546013228595, 2110443.144503196701407 ], [ 4916456.105841754004359, 2110443.110250894911587 ], [ 4916456.071694120764732, 2110413.330095225013793 ], [ 4916426.206386170350015, 2110413.364345699548721 ] ] ] ] } },
{ "type": "Feature", "properties": { "id": "+394242+278354", "Area_ha": 0.17788255005898099, "count": 2, "value": 1, "Porcentaje_Cobertura_Forestal": 0.0, "NDVI_Medio_Poligono": 0.64108161804197594, "Codigo_Tipo_Bosque_Predom": 0.0, "Densidad_C_Media_tC_ha": 21.931663513183594, "Carbono_Perdido_tC": 3.9012602327606074, "Nombre_Tipo_Bosque_Predom": "Sin Datos" }, "geometry": { "type": "MultiPolygon", "coordinates": [ [ [ [ 4916454.29854790866375, 2108864.762330804485828 ], [ 4916454.366654014214873, 2108924.3226174605079 ], [ 4916484.232569791376591, 2108924.288470591884106 ], [ 4916484.164488038048148, 2108864.728187590371817 ], [ 4916454.29854790866375, 2108864.762330804485828 ] ] ] ] } },
{ "type": "Feature", "properties": { "id": "+394243+278260", "Area_ha": 0.3557516781664104, "count": 4, "value": 1, "Porcentaje_Cobertura_Forestal": 0.0, "NDVI_Medio_Poligono": 0.80091002386300847, "Codigo_Tipo_Bosque_Predom": 0.0, "Densidad_C_Media_tC_ha": 9.225712776184082, "Carbono_Perdido_tC": 3.2820628024087801, "Nombre_Tipo_Bosque_Predom": "Sin Datos" }, "geometry": { "type": "MultiPolygon", "coordinates": [ [ [ [ 4916427.642681358382106, 2111664.13116732891649 ], [ 4916427.676918361335993, 2111693.91133491601795 ], [ 4916487.406481188721955, 2111693.842689055018127 ], [ 4916487.440695552155375, 2111723.622853228356689 ], [ 4916517.305461979471147, 2111723.58854688052088 ], [ 4916517.237059563398361, 2111664.02822242770344 ], [ 4916427.642681358382106, 2111664.13116732891649 ] ] ] ] } },
{ "type": "Feature", "properties": { "id": "+394244+278275", "Area_ha": 0.088938457753330299, "count": 1, "value": 1, "Porcentaje_Cobertura_Forestal": 0.0, "NDVI_Medio_Poligono": 0.45293930232456903, "Codigo_Tipo_Bosque_Predom": 0.0, "Densidad_C_Media_tC_ha": 9.225712776184082, "Carbono_Perdido_tC": 0.82052066598900752, "Nombre_Tipo_Bosque_Predom": "Sin Datos" }, "geometry": { "type": "MultiPolygon", "coordinates": [ [ [ [ 4916516.724275427870452, 2111217.325819698162377 ], [ 4916516.75844819098711, 2111247.105978196486831 ], [ 4916546.623408515937626, 2111247.071713333483785 ], [ 4916546.589247981086373, 2111217.291556661017239 ], [ 4916516.724275427870452, 2111217.325819698162377 ] ] ] ] } },
{ "type": "Feature", "properties": { "id": "+394245+278193", "Area_ha": 0.088935514252194842, "count": 1, "value": 1, "Porcentaje_Cobertura_Forestal": 0.0, "NDVI_Medio_Poligono": 0.70354660717292761, "Codigo_Tipo_Bosque_Predom": 0.0, "Densidad_C_Media_tC_ha": 45.403224945068359, "Carbono_Perdido_tC": 4.0379591591977357, "Nombre_Tipo_Bosque_Predom": "Sin Datos" }, "geometry": { "type": "MultiPolygon", "coordinates": [ [ [ [ 4916549.396504204720259, 2113659.265203170944005 ], [ 4916549.430815167725086, 2113689.045379594899714 ], [ 4916579.294768761843443, 2113689.010977346915752 ], [ 4916579.260470081120729, 2113659.230802747886628 ], [ 4916549.396504204720259, 2113659.265203170944005 ] ] ] ] } },
{ "type": "Feature", "properties": { "id": "+394245+278218", "Area_ha": 0.71149060380756857, "count": 8, "value": 1, "Porcentaje_Cobertura_Forestal": 0.0, "NDVI_Medio_Poligono": 0.54989037449572564, "Codigo_Tipo_Bosque_Predom": 0.0, "Densidad_C_Media_tC_ha": 42.719962136447727, "Carbono_Perdido_tC": 30.394851655097661, "Nombre_Tipo_Bosque_Predom": "Sin Datos" }, "geometry": { "type": "MultiPolygon", "coordinates": [ [ [ [ 4916518.675052050501108, 2112914.795238215010613 ], [ 4916518.709329416975379, 2112944.575410433579236 ], [ 4916548.573591682128608, 2112944.541041507851332 ], [ 4916548.64212738815695, 2113004.101383016910404 ], [ 4916578.506363291293383, 2113004.067022741306573 ], [ 4916578.403599281795323, 2112914.72651631385088 ], [ 4916518.675052050501108, 2112914.795238215010613 ] ] ], [ [ [ 4916638.303299045190215, 2113063.558670621365309 ], [ 4916638.234829606488347, 2113003.998339093755931 ], [ 4916578.506363291293383, 2113004.067022741306573 ], [ 4916578.574881799519062, 2113063.62736156443134 ], [ 4916638.303299045190215, 2113063.558670621365309 ] ] ] ] } },
{ "type": "Feature", "properties": { "id": "+394245+278296", "Area_ha": 0.088939195714771629, "count": 1, "value": 1, "Porcentaje_Cobertura_Forestal": 0.0, "NDVI_Medio_Poligono": 0.86134002988694758, "Codigo_Tipo_Bosque_Predom": 0.0, "Densidad_C_Media_tC_ha": 17.767061233520508, "Carbono_Perdido_tC": 1.5801881363244124, "Nombre_Tipo_Bosque_Predom": "Sin Datos" }, "geometry": { "type": "MultiPolygon", "coordinates": [ [ [ [ 4916545.872300513088703, 2110591.908322006929666 ], [ 4916545.906422522850335, 2110621.688473637215793 ], [ 4916575.771637663245201, 2110621.654259365051985 ], [ 4916575.737527866847813, 2110591.874109560158104 ], [ 4916545.872300513088703, 2110591.908322006929666 ] ] ] ] } },
{ "type": "Feature", "properties": { "id": "+394245+278304", "Area_ha": 0.088939480807745719, "count": 1, "value": 1, "Porcentaje_Cobertura_Forestal": 0.0, "NDVI_Medio_Poligono": 0.87981370046434415, "Codigo_Tipo_Bosque_Predom": 0.0, "Densidad_C_Media_tC_ha": 17.767061233520508, "Carbono_Perdido_tC": 1.5801932015887401, "Nombre_Tipo_Bosque_Predom": "Sin Datos" }, "geometry": { "type": "MultiPolygon", "coordinates": [ [ [ [ 4916545.59939047228545, 2110353.667117610108107 ], [ 4916545.63349780626595, 2110383.447267320472747 ], [ 4916575.498810638673604, 2110383.413067649584264 ], [ 4916575.464715513400733, 2110353.63291976461187 ], [ 4916545.59939047228545, 2110353.667117610108107 ] ] ] ] } },
{ "type": "Feature", "properties": { "id": "+394246+278381", "Area_ha": 0.71153744778592376, "count": 8, "value": 1, "Porcentaje_Cobertura_Forestal": 0.0, "NDVI_Medio_Poligono": 0.69305772931495602, "Codigo_Tipo_Bosque_Predom": 0.0, "Densidad_C_Media_tC_ha": 21.931663513183594, "Carbono_Perdido_tC": 15.605199881870321, "Nombre_Tipo_Bosque_Predom": "Sin Datos" }, "geometry": { "type": "MultiPolygon", "coordinates": [ [ [ [ 4916513.112369917333126, 2108060.630379043519497 ], [ 4916513.214310117065907, 2108149.970779053401202 ], [ 4916572.946765258908272, 2108149.902641312219203 ], [ 4916572.912807675078511, 2108120.122511388268322 ], [ 4916602.779044660739601, 2108120.088462634477764 ], [ 4916602.711159312166274, 2108060.528207152616233 ], [ 4916513.112369917333126, 2108060.630379043519497 ] ] ] ] } },
{ "type": "Feature", "properties": { "id": "+394247+278262", "Area_ha": 0.44468967193663123, "count": 5, "value": 1, "Porcentaje_Cobertura_Forestal": 3.2420845967671501, "NDVI_Medio_Poligono": 0.70999959272990054, "Codigo_Tipo_Bosque_Predom": 0.035635568201541901, "Densidad_C_Media_tC_ha": 9.225712776184082, "Carbono_Perdido_tC": 4.1025791878228866, "Nombre_Tipo_Bosque_Predom": "Sin Datos" }, "geometry": { "type": "MultiPolygon", "coordinates": [ [ [ [ 4916636.696205103769898, 2111663.89113448234275 ], [ 4916636.627907920628786, 2111604.330825590528548 ], [ 4916576.898289984092116, 2111604.399337780661881 ], [ 4916576.966636112891138, 2111663.959653968922794 ], [ 4916636.696205103769898, 2111663.89113448234275 ] ] ], [ [ [ 4916666.595125959254801, 2111693.637046130839735 ], [ 4916666.560986856929958, 2111663.856893147341907 ], [ 4916636.696205103769898, 2111663.89113448234275 ], [ 4916636.730356443673372, 2111693.671289289370179 ], [ 4916666.595125959254801, 2111693.637046130839735 ] ] ] ] } },
{ "type": "Feature", "properties": { "id": "+394248+278212", "Area_ha": 0.088936161945888312, "count": 1, "value": 1, "Porcentaje_Cobertura_Forestal": 0.0, "NDVI_Medio_Poligono": 0.37562096506283699, "Codigo_Tipo_Bosque_Predom": 0.0, "Densidad_C_Media_tC_ha": 45.403224945068359, "Carbono_Perdido_tC": 4.0379885665801956, "Nombre_Tipo_Bosque_Predom": "Sin Datos" }, "geometry": { "type": "MultiPolygon", "coordinates": [ [ [ [ 4916638.33753627538681, 2113093.338836632203311 ], [ 4916638.371775575913489, 2113123.119002999272197 ], [ 4916668.23595691844821, 2113123.084672336000949 ], [ 4916668.201729886233807, 2113093.304507791996002 ], [ 4916638.33753627538681, 2113093.338836632203311 ] ] ] ] } },
{ "type": "Feature", "properties": { "id": "+394248+278427", "Area_ha": 0.088943815632550105, "count": 1, "value": 1, "Porcentaje_Cobertura_Forestal": 0.0, "NDVI_Medio_Poligono": 0.7101645228467367, "Codigo_Tipo_Bosque_Predom": 0.0, "Densidad_C_Media_tC_ha": 11.539236068725586, "Carbono_Perdido_tC": 1.0263436854372008, "Nombre_Tipo_Bosque_Predom": "Sin Datos" }, "geometry": { "type": "MultiPolygon", "coordinates": [ [ [ [ 4916631.018638279289007, 2106690.608645700849593 ], [ 4916631.052483577281237, 2106720.388760518748313 ], [ 4916660.919287651777267, 2106720.354821859393269 ], [ 4916660.885454480536282, 2106690.574708865024149 ], [ 4916631.018638279289007, 2106690.608645700849593 ] ] ] ] } },
{ "type": "Feature", "properties": { "id": "+394249+278214", "Area_ha": 0.088936222584699867, "count": 1, "value": 1, "Porcentaje_Cobertura_Forestal": 0.0, "NDVI_Medio_Poligono": 0.78168814879496928, "Codigo_Tipo_Bosque_Predom": 0.0, "Densidad_C_Media_tC_ha": 35.316375718965169, "Carbono_Perdido_tC": 3.1409050518267763, "Nombre_Tipo_Bosque_Predom": "Sin Datos" }, "geometry": { "type": "MultiPolygon", "coordinates": [ [ [ [ 4916668.133281318470836, 2113033.744179428555071 ], [ 4916668.16750468686223, 2113063.524343490134925 ], [ 4916698.031708739697933, 2113063.490028775297105 ], [ 4916697.997497639618814, 2113033.709866535849869 ], [ 4916668.133281318470836, 2113033.744179428555071 ] ] ] ] } },
{ "type": "Feature", "properties": { "id": "+394249+278303", "Area_ha": 0.17787881349771925, "count": 2, "value": 1, "Porcentaje_Cobertura_Forestal": 0.0, "NDVI_Medio_Poligono": 0.62208449844108793, "Codigo_Tipo_Bosque_Predom": 0.0, "Densidad_C_Media_tC_ha": 13.930380153544368, "Carbono_Perdido_tC": 2.4779194932846482, "Nombre_Tipo_Bosque_Predom": "Sin Datos" }, "geometry": { "type": "MultiPolygon", "coordinates": [ [ [ [ 4916635.229430813342333, 2110383.344705039635301 ], [ 4916635.263503354042768, 2110413.124849515967071 ], [ 4916694.99409179482609, 2110413.05653223535046 ], [ 4916694.960043672472239, 2110383.276391404680908 ], [ 4916635.229430813342333, 2110383.344705039635301 ] ] ] ] } },
{ "type": "Feature", "properties": { "id": "+394250+278212", "Area_ha": 0.088936140015457937, "count": 1, "value": 1, "Porcentaje_Cobertura_Forestal": 0.0, "NDVI_Medio_Poligono": 0.55212781366066621, "Codigo_Tipo_Bosque_Predom": 0.0, "Densidad_C_Media_tC_ha": 28.72285270690918, "Carbono_Perdido_tC": 2.5544996499850496, "Nombre_Tipo_Bosque_Predom": "Sin Datos" }, "geometry": { "type": "MultiPolygon", "coordinates": [ [ [ [ 4916698.065921671688557, 2113093.270191254559904 ], [ 4916698.100136434659362, 2113123.050353976432234 ], [ 4916727.964314123615623, 2113123.016047920566052 ], [ 4916727.930111629888415, 2113093.235887020360678 ], [ 4916698.065921671688557, 2113093.270191254559904 ] ] ] ] } },
{ "type": "Feature", "properties": { "id": "+394251+278385", "Area_ha": 0.088942294552791276, "count": 1, "value": 1, "Porcentaje_Cobertura_Forestal": 0.0, "NDVI_Medio_Poligono": 0.77061513321991437, "Codigo_Tipo_Bosque_Predom": 0.0, "Densidad_C_Media_tC_ha": 17.046853500969124, "Carbono_Perdido_tC": 1.516186265281477, "Nombre_Tipo_Bosque_Predom": "Sin Datos" }, "geometry": { "type": "MultiPolygon", "coordinates": [ [ [ [ 4916722.04063203278929, 2107941.271669742185622 ], [ 4916722.074517835862935, 2107971.05178911332041 ], [ 4916751.940806464292109, 2107971.017810438293964 ], [ 4916751.906932817772031, 2107941.237692888360471 ], [ 4916722.04063203278929, 2107941.271669742185622 ] ] ] ] } },
{ "type": "Feature", "properties": { "id": "+394252+278289", "Area_ha": 0.1778777030596233, "count": 2, "value": 1, "Porcentaje_Cobertura_Forestal": 0.0, "NDVI_Medio_Poligono": 0.39201936371459117, "Codigo_Tipo_Bosque_Predom": 0.0, "Densidad_C_Media_tC_ha": 2.5113587379455566, "Carbono_Perdido_tC": 0.44671472386447009, "Nombre_Tipo_Bosque_Predom": "Sin Datos" }, "geometry": { "type": "MultiPolygon", "coordinates": [ [ [ [ 4916755.167147601023316, 2110800.130069207400084 ], [ 4916755.235248076729476, 2110859.690350544638932 ], [ 4916785.100352684035897, 2110859.656207451131195 ], [ 4916785.032276646234095, 2110800.095929754897952 ], [ 4916755.167147601023316, 2110800.130069207400084 ] ] ] ] } },
{ "type": "Feature", "properties": { "id": "+394253+278216", "Area_ha": 0.35574476465278715, "count": 4, "value": 1, "Porcentaje_Cobertura_Forestal": 0.0, "NDVI_Medio_Poligono": 0.61695382494557915, "Codigo_Tipo_Bosque_Predom": 0.0, "Densidad_C_Media_tC_ha": 28.722852706909183, "Carbono_Perdido_tC": 10.218004476376077, "Nombre_Tipo_Bosque_Predom": "Sin Datos" }, "geometry": { "type": "MultiPolygon", "coordinates": [ [ [ [ 4916817.420184696093202, 2113003.792583384085447 ], [ 4916817.386026322841644, 2112974.012428909540176 ], [ 4916787.521792773157358, 2112974.046688954811543 ], [ 4916787.555963411927223, 2113003.826845249161124 ], [ 4916817.420184696093202, 2113003.792583384085447 ] ] ], [ [ [ 4916817.420184696093202, 2113003.792583384085447 ], [ 4916817.488506926223636, 2113063.352893055882305 ], [ 4916847.35270184930414, 2113063.318639853969216 ], [ 4916847.284404153004289, 2113003.758333820383996 ], [ 4916817.420184696093202, 2113003.792583384085447 ] ] ], [ [ [ 4916787.624310177750885, 2113063.387158560100943 ], [ 4916787.65848630387336, 2113093.167315577622503 ], [ 4916817.522670784033835, 2113093.133048253599554 ], [ 4916817.488506926223636, 2113063.352893055882305 ], [ 4916787.624310177750885, 2113063.387158560100943 ] ] ] ] } },
{ "type": "Feature", "properties": { "id": "+394253+278220", "Area_ha": 0.088936393511790085, "count": 1, "value": 1, "Porcentaje_Cobertura_Forestal": 0.0, "NDVI_Medio_Poligono": 0.49175504325014535, "Codigo_Tipo_Bosque_Predom": 0.0, "Densidad_C_Media_tC_ha": 2.837019681930542, "Carbono_Perdido_tC": 0.25231429883286821, "Nombre_Tipo_Bosque_Predom": "Sin Datos" }, "geometry": { "type": "MultiPolygon", "coordinates": [ [ [ [ 4916787.385128269903362, 2112854.926066076382995 ], [ 4916787.419291592203081, 2112884.706221404951066 ], [ 4916817.283561937510967, 2112884.67196681862697 ], [ 4916817.249410878866911, 2112854.89181330986321 ], [ 4916787.385128269903362, 2112854.926066076382995 ] ] ] ] } },
{ "type": "Feature", "properties": { "id": "+394255+278422", "Area_ha": 0.088943561913639127, "count": 1, "value": 1, "Porcentaje_Cobertura_Forestal": 0.0, "NDVI_Medio_Poligono": 0.8009266311941472, "Codigo_Tipo_Bosque_Predom": 0.0, "Densidad_C_Media_tC_ha": 25.210973739624023, "Carbono_Perdido_tC": 2.2423538037133794, "Nombre_Tipo_Bosque_Predom": "Sin Datos" }, "geometry": { "type": "MultiPolygon", "coordinates": [ [ [ [ 4916840.255133619531989, 2106839.271855983883142 ], [ 4916840.288903162814677, 2106869.051959241274744 ], [ 4916870.155633801594377, 2106869.018096630461514 ], [ 4916870.121876388788223, 2106839.237995192408562 ], [ 4916840.255133619531989, 2106839.271855983883142 ] ] ] ] } },
{ "type": "Feature", "properties": { "id": "+394256+278212", "Area_ha": 0.17787215953246341, "count": 2, "value": 1, "Porcentaje_Cobertura_Forestal": 0.0, "NDVI_Medio_Poligono": 0.70018730660499273, "Codigo_Tipo_Bosque_Predom": 0.0, "Densidad_C_Media_tC_ha": 28.72285270690918, "Carbono_Perdido_tC": 5.1089958389107979, "Nombre_Tipo_Bosque_Predom": "Sin Datos" }, "geometry": { "type": "MultiPolygon", "coordinates": [ [ [ [ 4916847.386853200383484, 2113093.09879311779514 ], [ 4916847.421006618067622, 2113122.878946737851948 ], [ 4916907.14934191852808, 2113122.810469970107079 ], [ 4916907.115213039331138, 2113093.030319986399263 ], [ 4916847.386853200383484, 2113093.09879311779514 ] ] ] ] } },
{ "type": "Feature", "properties": { "id": "+394257+278416", "Area_ha": 0.088943327590836271, "count": 1, "value": 1, "Porcentaje_Cobertura_Forestal": 0.0, "NDVI_Medio_Poligono": 0.66013746081516944, "Codigo_Tipo_Bosque_Predom": 0.0, "Densidad_C_Media_tC_ha": 26.369977951049805, "Carbono_Perdido_tC": 2.3454335874633521, "Nombre_Tipo_Bosque_Predom": "Sin Datos" }, "geometry": { "type": "MultiPolygon", "coordinates": [ [ [ [ 4916900.19111642614007, 2107017.884747869800776 ], [ 4916900.22487266920507, 2107047.664848922286183 ], [ 4916930.091526861302555, 2107047.630999739281833 ], [ 4916930.057782754302025, 2107017.850900504272431 ], [ 4916900.19111642614007, 2107017.884747869800776 ] ] ] ] } },
{ "type": "Feature", "properties": { "id": "+394258+278299", "Area_ha": 0.17787828467573708, "count": 2, "value": 1, "Porcentaje_Cobertura_Forestal": 0.0, "NDVI_Medio_Poligono": 0.74301451001115826, "Codigo_Tipo_Bosque_Predom": 0.0, "Densidad_C_Media_tC_ha": 2.5113587379455566, "Carbono_Perdido_tC": 0.4467161845111795, "Nombre_Tipo_Bosque_Predom": "Sin Datos" }, "geometry": { "type": "MultiPolygon", "coordinates": [ [ [ [ 4916934.018234813585877, 2110502.124133151955903 ], [ 4916934.086152144707739, 2110561.684387859422714 ], [ 4916963.951367970556021, 2110561.650336458347738 ], [ 4916963.883475064300001, 2110502.090085384435952 ], [ 4916934.018234813585877, 2110502.124133151955903 ] ] ] ] } },
{ "type": "Feature", "properties": { "id": "+394258+278314", "Area_ha": 0.088939694508646791, "count": 1, "value": 1, "Porcentaje_Cobertura_Forestal": 0.0, "NDVI_Medio_Poligono": 0.79450394070025721, "Codigo_Tipo_Bosque_Predom": 0.0, "Densidad_C_Media_tC_ha": 2.5113587379455566, "Carbono_Perdido_tC": 0.22335947895449856, "Nombre_Tipo_Bosque_Predom": "Sin Datos" }, "geometry": { "type": "MultiPolygon", "coordinates": [ [ [ [ 4916933.509087645448744, 2110055.422253452241421 ], [ 4916933.543018007650971, 2110085.202377086505294 ], [ 4916963.408429155126214, 2110085.168354752473533 ], [ 4916963.374510994181037, 2110055.388232934754342 ], [ 4916933.509087645448744, 2110055.422253452241421 ] ] ] ] } },
{ "type": "Feature", "properties": { "id": "+394258+278412", "Area_ha": 0.17788631452733972, "count": 2, "value": 1, "Porcentaje_Cobertura_Forestal": 0.0, "NDVI_Medio_Poligono": 0.69721687339183802, "Codigo_Tipo_Bosque_Predom": 0.0, "Densidad_C_Media_tC_ha": 26.369977951049805, "Carbono_Perdido_tC": 4.6908581918794585, "Nombre_Tipo_Bosque_Predom": "Sin Datos" }, "geometry": { "type": "MultiPolygon", "coordinates": [ [ [ [ 4916930.192770139314234, 2107136.97129887342453 ], [ 4916930.260274788364768, 2107196.531499488744885 ], [ 4916960.12686647195369, 2107196.497653391212225 ], [ 4916960.059386098757386, 2107136.937456409912556 ], [ 4916930.192770139314234, 2107136.97129887342453 ] ] ] ] } },
{ "type": "Feature", "properties": { "id": "+394259+278209", "Area_ha": 11.739491106579854, "count": 132, "value": 1, "Porcentaje_Cobertura_Forestal": 29.563393294486069, "NDVI_Medio_Poligono": 0.80220482082404931, "Codigo_Tipo_Bosque_Predom": 0.0, "Densidad_C_Media_tC_ha": 28.72285270690918, "Carbono_Perdido_tC": 337.19167390836338, "Nombre_Tipo_Bosque_Predom": "Sin Datos" }, "geometry": { "type": "MultiPolygon", "coordinates": [ [ [ [ 4917147.634100000374019, 2113621.658800000324845 ], [ 4917152.178600000217557, 2113620.0945999994874 ], [ 4917156.663800000213087, 2113618.988299999386072 ], [ 4917160.75, 2113618.542500000447035 ], [ 4917170.408699999563396, 2113618.659900000318885 ], [ 4917175.354799999855459, 2113619.027599999681115 ], [ 4917178.807300000451505, 2113619.304700000211596 ], [ 4917182.189399999566376, 2113619.511600000783801 ], [ 4917185.465699999593198, 2113619.718599999323487 ], [ 4917188.635900000110269, 2113619.504200000315905 ], [ 4917191.700199999846518, 2113619.079199999570847 ], [ 4917195.983300000429153, 2113618.722999999299645 ], [ 4917199.536100000143051, 2113618.011499999091029 ], [ 4917204.062, 2113616.535800000652671 ], [ 4917207.231499999761581, 2113615.689099999144673 ], [ 4917215.472199999727309, 2113613.572000000625849 ], [ 4917219.697200000286102, 2113611.968499999493361 ], [ 4917223.0773, 2113610.190999999642372 ], [ 4917225.716300000436604, 2113607.448000000789762 ], [ 4917226.663800000213087, 2113604.285299999639392 ], [ 4917227.505800000391901, 2113601.333599999547005 ], [ 4917229.193900000303984, 2113598.802400000393391 ], [ 4917232.2659, 2113596.353000000119209 ], [ 4917234.8925, 2113591.629799999296665 ], [ 4917235.967000000178814, 2113587.776599999517202 ], [ 4917237.630300000309944, 2113582.98509999923408 ], [ 4917239.0707, 2113579.61119999922812 ], [ 4917243.4024, 2113570.806600000709295 ], [ 4917244.69400000013411, 2113568.223200000822544 ], [ 4917247.750900000333786, 2113561.264399999752641 ], [ 4917249.332499999552965, 2113558.100999999791384 ], [ 4917252.011199999600649, 2113553.407500000670552 ], [ 4917257.285500000230968, 2113545.123099999502301 ], [ 4917259.036399999633431, 2113541.649900000542402 ], [ 4917261.005300000309944, 2113538.275299999862909 ], [ 4917263.253999999724329, 2113533.214299999177456 ], [ 4917264.730100000277162, 2113530.261900000274181 ], [ 4917266.4172, 2113526.887700000777841 ], [ 4917270.963499999605119, 2113519.911599999293685 ], [ 4917273.803100000135601, 2113516.5515 ], [ 4917277.919300000183284, 2113511.909900000318885 ], [ 4917280.347400000318885, 2113509.588600000366569 ], [ 4917283.512299999594688, 2113504.737299999222159 ], [ 4917285.833499999716878, 2113501.362400000914931 ], [ 4917288.365600000135601, 2113497.776399999856949 ], [ 4917291.5313, 2113493.557399999350309 ], [ 4917293.263299999758601, 2113490.975299999117851 ], [ 4917295.7511, 2113487.018699999898672 ], [ 4917299.2215, 2113481.065600000321865 ], [ 4917301.446999999694526, 2113477.527699999511242 ], [ 4917304.612200000323355, 2113472.8871 ], [ 4917306.721699999645352, 2113469.301599999889731 ], [ 4917308.5154, 2113466.770300000905991 ], [ 4917311.0482, 2113463.605900000780821 ], [ 4917313.68680000025779, 2113460.652100000530481 ], [ 4917315.798100000247359, 2113458.541999999433756 ], [ 4917318.543800000101328, 2113456.852700000628829 ], [ 4917322.557099999859929, 2113454.349600000306964 ], [ 4917326.042600000277162, 2113452.839700000360608 ], [ 4917329.549800000153482, 2113451.634199999272823 ], [ 4917335.762400000356138, 2113450.299200000241399 ], [ 4917340.094200000166893, 2113449.240499999374151 ], [ 4917343.263399999588728, 2113448.182900000363588 ], [ 4917346.2917, 2113447.125700000673532 ], [ 4917348.929100000299513, 2113445.3805 ], [ 4917351.2791, 2113443.58809999935329 ], [ 4917354.667700000107288, 2113439.949999999254942 ], [ 4917357.201100000180304, 2113437.4178 ], [ 4917359.1009, 2113435.3081 ], [ 4917361.21169999986887, 2113432.776399999856949 ], [ 4917363.3224, 2113430.244699999690056 ], [ 4917367.437400000169873, 2113424.5493 ], [ 4917371.2363, 2113419.486500000581145 ], [ 4917373.5581, 2113416.743899999186397 ], [ 4917376.619, 2113413.368000000715256 ], [ 4917379.0471, 2113411.046900000423193 ], [ 4917383.082100000232458, 2113407.1393 ], [ 4917385.298363626934588, 2113405.307842674199492 ], [ 4917385.281237483024597, 2113390.285527462139726 ], [ 4917429.559363731183112, 2113390.2350770435296 ], [ 4917431.346900000236928, 2113389.598500000312924 ], [ 4917434.3629, 2113388.262800000607967 ], [ 4917438.517300000414252, 2113386.108300000429153 ], [ 4917441.408200000412762, 2113384.720499999821186 ], [ 4917444.559399999678135, 2113383.765900000929832 ], [ 4917448.385800000280142, 2113383.1754 ], [ 4917451.9353, 2113382.931500000879169 ], [ 4917455.528400000184774, 2113382.927400000393391 ], [ 4917458.59360000025481, 2113383.345499999821186 ], [ 4917461.553299999795854, 2113383.763599999248981 ], [ 4917465.6415, 2113385.373400000855327 ], [ 4917468.320899999700487, 2113387.338999999687076 ], [ 4917469.540857410989702, 2113390.189522200729698 ], [ 4917474.873308235779405, 2113390.183446415700018 ], [ 4917474.839396139606833, 2113360.403328672982752 ], [ 4917385.247288562357426, 2113360.505404301919043 ], [ 4917385.213341456837952, 2113330.725281382910907 ], [ 4917355.349289699457586, 2113330.759329403284937 ], [ 4917355.38324907887727, 2113360.539454129524529 ], [ 4917325.519207783974707, 2113360.573516265954822 ], [ 4917325.621133648790419, 2113449.913897316437215 ], [ 4917295.757127366028726, 2113449.947977188043296 ], [ 4917295.68915042001754, 2113390.387719295918941 ], [ 4917265.825117773376405, 2113390.421807860024273 ], [ 4917265.859117612242699, 2113420.201938494574279 ], [ 4917235.995095425285399, 2113420.236041178461164 ], [ 4917235.96108331065625, 2113390.455908733885735 ], [ 4917206.097047033719718, 2113390.490021917968988 ], [ 4917206.063024463132024, 2113360.709887904115021 ], [ 4917146.334921909496188, 2113360.77814757777378 ], [ 4917146.300876610912383, 2113330.998010182287544 ], [ 4917056.708672327920794, 2113331.100486571900547 ], [ 4917056.606436904519796, 2113241.760059515479952 ], [ 4917026.742328352294862, 2113241.794237485621125 ], [ 4917026.70824125315994, 2113212.014093801379204 ], [ 4916996.844118610024452, 2113212.048282262869179 ], [ 4916996.810021063312888, 2113182.268137005157769 ], [ 4916937.081745775416493, 2113182.336547213606536 ], [ 4916937.115867864340544, 2113212.116696103941649 ], [ 4916966.979994148015976, 2113212.082483030389994 ], [ 4916967.014105790294707, 2113241.862630345858634 ], [ 4916996.87821798119694, 2113241.828427762258798 ], [ 4916996.912319176830351, 2113271.608573502860963 ], [ 4917026.776417275890708, 2113271.574381411075592 ], [ 4917026.878694990649819, 2113360.914814634714276 ], [ 4917086.60681208781898, 2113360.846456488128752 ], [ 4917086.743109702132642, 2113479.967022984754294 ], [ 4917027.015090811997652, 2113480.035395644139498 ], [ 4917027.049194327555597, 2113509.815541499760002 ], [ 4916997.185194429941475, 2113509.849748112261295 ], [ 4916997.082852525636554, 2113420.509305824059993 ], [ 4916937.354773609898984, 2113420.577745089773089 ], [ 4916937.423048827797174, 2113480.138046971522272 ], [ 4916907.559031188488007, 2113480.172288704197854 ], [ 4916907.593183814547956, 2113509.952441824134439 ], [ 4916967.321192713454366, 2113509.883967037312686 ], [ 4916967.355322608724236, 2113539.664116764906794 ], [ 4916997.219312046654522, 2113539.629896024242043 ], [ 4916997.287552755326033, 2113599.190192572772503 ], [ 4917027.15151581633836, 2113599.155980515293777 ], [ 4917027.083299666643143, 2113539.595687597058713 ], [ 4917056.94728546589613, 2113539.561491482425481 ], [ 4917057.015477057546377, 2113599.121780771762133 ], [ 4917146.607349866069853, 2113599.019255428109318 ], [ 4917146.633736195974052, 2113622.088826349936426 ], [ 4917147.634100000374019, 2113621.658800000324845 ] ] ], [ [ [ 4916847.557638806290925, 2113241.999563743826002 ], [ 4916847.59180136397481, 2113271.779718569479883 ], [ 4916907.320013956166804, 2113271.711223620921373 ], [ 4916907.285875943489373, 2113241.931072431616485 ], [ 4916937.14999177865684, 2113241.896845235489309 ], [ 4916937.115867864340544, 2113212.116696103941649 ], [ 4916817.659344502724707, 2113212.253671455662698 ], [ 4916817.693517503328621, 2113242.033827859442681 ], [ 4916847.557638806290925, 2113241.999563743826002 ] ] ] ] } },
{ "type": "Feature", "properties": { "id": "+394262+278434", "Area_ha": 0.088943910065091045, "count": 1, "value": 1, "Porcentaje_Cobertura_Forestal": 0.0, "NDVI_Medio_Poligono": 0.52619487262724407, "Codigo_Tipo_Bosque_Predom": 0.0, "Densidad_C_Media_tC_ha": 25.210973739624023, "Carbono_Perdido_tC": 2.2423625809504912, "Nombre_Tipo_Bosque_Predom": "Sin Datos" }, "geometry": { "type": "MultiPolygon", "coordinates": [ [ [ [ 4917048.918221444822848, 2106481.674018060322851 ], [ 4917048.951884189620614, 2106511.454105739016086 ], [ 4917078.818747604265809, 2106511.42035006871447 ], [ 4917078.785096982493997, 2106481.640264204703271 ], [ 4917048.918221444822848, 2106481.674018060322851 ] ] ] ] } },
{ "type": "Feature", "properties": { "id": "+394263+278262", "Area_ha": 0.35575100135646498, "count": 4, "value": 1, "Porcentaje_Cobertura_Forestal": 0.0, "NDVI_Medio_Poligono": 0.66067736558741419, "Codigo_Tipo_Bosque_Predom": 0.0, "Densidad_C_Media_tC_ha": 5.9101142883300781, "Carbono_Perdido_tC": 2.1025290762045765, "Nombre_Tipo_Bosque_Predom": "Sin Datos" }, "geometry": { "type": "MultiPolygon", "coordinates": [ [ [ [ 4917084.59980942774564, 2111603.818548554554582 ], [ 4917084.667739516124129, 2111663.378802890423685 ], [ 4917054.802983296103776, 2111663.412872418761253 ], [ 4917054.836963311769068, 2111693.193001762032509 ], [ 4917114.566449460573494, 2111693.12487134989351 ], [ 4917114.464588304050267, 2111603.784494924824685 ], [ 4917084.59980942774564, 2111603.818548554554582 ] ] ] ] } },
{ "type": "Feature", "properties": { "id": "+394263+278416", "Area_ha": 0.088943262020118707, "count": 1, "value": 1, "Porcentaje_Cobertura_Forestal": 0.0, "NDVI_Medio_Poligono": 0.71348396802733116, "Codigo_Tipo_Bosque_Predom": 0.0, "Densidad_C_Media_tC_ha": 26.369977951049805, "Carbono_Perdido_tC": 2.345431858364976, "Nombre_Tipo_Bosque_Predom": "Sin Datos" }, "geometry": { "type": "MultiPolygon", "coordinates": [ [ [ [ 4917079.391087062656879, 2107017.68184622656554 ], [ 4917079.424770493991673, 2107047.461936382576823 ], [ 4917109.291413760744035, 2107047.428160223178566 ], [ 4917109.257742463611066, 2107017.648071880452335 ], [ 4917079.391087062656879, 2107017.68184622656554 ] ] ] ] } },
{ "type": "Feature", "properties": { "id": "+394266+278258", "Area_ha": 0.53362548176113345, "count": 6, "value": 1, "Porcentaje_Cobertura_Forestal": 0.0, "NDVI_Medio_Poligono": 0.38773000187280526, "Codigo_Tipo_Bosque_Predom": 0.0, "Densidad_C_Media_tC_ha": 5.9101142883300781, "Carbono_Perdido_tC": 3.1537875843734962, "Nombre_Tipo_Bosque_Predom": "Sin Datos" }, "geometry": { "type": "MultiPolygon", "coordinates": [ [ [ [ 4917144.465134930796921, 2111722.870948696509004 ], [ 4917144.533030644059181, 2111782.431197704747319 ], [ 4917204.262432453222573, 2111782.363130057696253 ], [ 4917204.296358562074602, 2111812.143251299858093 ], [ 4917234.16104450263083, 2111812.109234077390283 ], [ 4917234.093218584544957, 2111752.548995456192642 ], [ 4917204.228508165106177, 2111752.583009057212621 ], [ 4917204.19458569586277, 2111722.802888296078891 ], [ 4917144.465134930796921, 2111722.870948696509004 ] ] ] ] } },
{ "type": "Feature", "properties": { "id": "+394266+278414", "Area_ha": 0.1778863278243458, "count": 2, "value": 1, "Porcentaje_Cobertura_Forestal": 0.0, "NDVI_Medio_Poligono": 0.67630018657770585, "Codigo_Tipo_Bosque_Predom": 0.0, "Densidad_C_Media_tC_ha": 26.369977951049805, "Carbono_Perdido_tC": 4.6908585425212159, "Nombre_Tipo_Bosque_Predom": "Sin Datos" }, "geometry": { "type": "MultiPolygon", "coordinates": [ [ [ [ 4917139.191716191358864, 2107077.174483000300825 ], [ 4917139.225378995761275, 2107106.954570007044822 ], [ 4917198.958607893437147, 2107106.887071292381734 ], [ 4917198.924969361163676, 2107077.106987910345197 ], [ 4917139.191716191358864, 2107077.174483000300825 ] ] ] ] } },
{ "type": "Feature", "properties": { "id": "+394268+278360", "Area_ha": 0.088941221331049744, "count": 1, "value": 1, "Porcentaje_Cobertura_Forestal": 0.0, "NDVI_Medio_Poligono": 0.63069258563431074, "Codigo_Tipo_Bosque_Predom": 0.0, "Densidad_C_Media_tC_ha": 7.9404377937316895, "Carbono_Perdido_tC": 0.7062322352777225, "Nombre_Tipo_Bosque_Predom": "Sin Datos" }, "geometry": { "type": "MultiPolygon", "coordinates": [ [ [ [ 4917230.610022300854325, 2108685.198005222249776 ], [ 4917230.643746949732304, 2108714.978099695406854 ], [ 4917260.509700520895422, 2108714.944283006247133 ], [ 4917260.475988044403493, 2108685.164190343115479 ], [ 4917230.610022300854325, 2108685.198005222249776 ] ] ] ] } },
{ "type": "Feature", "properties": { "id": "+394268+278416", "Area_ha": 0.088943207485003228, "count": 1, "value": 1, "Porcentaje_Cobertura_Forestal": 0.0, "NDVI_Medio_Poligono": 0.66617672021617458, "Codigo_Tipo_Bosque_Predom": 0.0, "Densidad_C_Media_tC_ha": 26.369977951049805, "Carbono_Perdido_tC": 2.345430420275183, "Nombre_Tipo_Bosque_Predom": "Sin Datos" }, "geometry": { "type": "MultiPolygon", "coordinates": [ [ [ [ 4917228.724345887079835, 2107017.513096197042614 ], [ 4917228.757968644611537, 2107047.293177290819585 ], [ 4917258.624602822586894, 2107047.259461984038353 ], [ 4917258.590992201119661, 2107017.479382700752467 ], [ 4917228.724345887079835, 2107017.513096197042614 ] ] ] ] } },
{ "type": "Feature", "properties": { "id": "+394269+278241", "Area_ha": 0.088936969912423225, "count": 1, "value": 1, "Porcentaje_Cobertura_Forestal": 0.0, "NDVI_Medio_Poligono": 0.53854005978686614, "Codigo_Tipo_Bosque_Predom": 0.0, "Densidad_C_Media_tC_ha": 2.837019681930542, "Carbono_Perdido_tC": 0.25231593409280911, "Nombre_Tipo_Bosque_Predom": "Sin Datos" }, "geometry": { "type": "MultiPolygon", "coordinates": [ [ [ [ 4917264.500542393885553, 2112228.996901102829725 ], [ 4917264.534471303224564, 2112258.777022335678339 ], [ 4917294.398969932459295, 2112258.743002523202449 ], [ 4917294.365053272806108, 2112228.962883099913597 ], [ 4917264.500542393885553, 2112228.996901102829725 ] ] ] ] } },
{ "type": "Feature", "properties": { "id": "+394269+278256", "Area_ha": 0.17787497614051245, "count": 2, "value": 1, "Porcentaje_Cobertura_Forestal": 0.0, "NDVI_Medio_Poligono": 0.53306709292962573, "Codigo_Tipo_Bosque_Predom": 0.0, "Densidad_C_Media_tC_ha": 5.9101142883300781, "Carbono_Perdido_tC": 1.0512614380244143, "Nombre_Tipo_Bosque_Predom": "Sin Datos" }, "geometry": { "type": "MultiPolygon", "coordinates": [ [ [ [ 4917263.991826998069882, 2111782.295111508574337 ], [ 4917264.059632074087858, 2111841.855346992611885 ], [ 4917293.924302142113447, 2111841.821352511178702 ], [ 4917293.856521546840668, 2111782.261120645795017 ], [ 4917263.991826998069882, 2111782.295111508574337 ] ] ] ] } },
{ "type": "Feature", "properties": { "id": "+394272+278209", "Area_ha": 0.1778715955167485, "count": 2, "value": 1, "Porcentaje_Cobertura_Forestal": 0.0, "NDVI_Medio_Poligono": 0.75417783825756468, "Codigo_Tipo_Bosque_Predom": 0.0, "Densidad_C_Media_tC_ha": 28.72285270690918, "Carbono_Perdido_tC": 5.108979638770494, "Nombre_Tipo_Bosque_Predom": "Sin Datos" }, "geometry": { "type": "MultiPolygon", "coordinates": [ [ [ [ 4917325.315404884517193, 2113181.892760566435754 ], [ 4917325.349367450922728, 2113211.672885893378407 ], [ 4917385.077570957131684, 2113211.604792004451156 ], [ 4917385.043632932938635, 2113181.824670292902738 ], [ 4917325.315404884517193, 2113181.892760566435754 ] ] ] ] } },
{ "type": "Feature", "properties": { "id": "+394276+278234", "Area_ha": 0.53361953273415563, "count": 6, "value": 1, "Porcentaje_Cobertura_Forestal": 0.0, "NDVI_Medio_Poligono": 0.61417992795734677, "Codigo_Tipo_Bosque_Predom": 0.0, "Densidad_C_Media_tC_ha": 2.837019681930542, "Carbono_Perdido_tC": 1.5138891170293787, "Nombre_Tipo_Bosque_Predom": "Sin Datos" }, "geometry": { "type": "MultiPolygon", "coordinates": [ [ [ [ 4917421.083800000138581, 2112554.222400000318885 ], [ 4917418.826299999840558, 2112551.695699999108911 ], [ 4917414.383100000210106, 2112547.982200000435114 ], [ 4917414.185941180214286, 2112547.811315651517361 ], [ 4917414.195723009295762, 2112556.408181410748512 ], [ 4917422.308531036600471, 2112556.39895320404321 ], [ 4917421.083800000138581, 2112554.222400000318885 ] ] ] ] } },
{ "type": "Feature", "properties": { "id": "+394276+278239", "Area_ha": 0.08893682227177778, "count": 1, "value": 1, "Porcentaje_Cobertura_Forestal": 0.0, "NDVI_Medio_Poligono": 0.61737089279535029, "Codigo_Tipo_Bosque_Predom": 0.0, "Densidad_C_Media_tC_ha": 2.837019681930542, "Carbono_Perdido_tC": 0.25231551523339213, "Nombre_Tipo_Bosque_Predom": "Sin Datos" }, "geometry": { "type": "MultiPolygon", "coordinates": [ [ [ [ 4917473.619768615812063, 2112288.319250455591828 ], [ 4917473.653615404851735, 2112318.099359516985714 ], [ 4917503.518076847307384, 2112318.065422089770436 ], [ 4917503.484242309816182, 2112288.285314832814038 ], [ 4917473.619768615812063, 2112288.319250455591828 ] ] ] ] } },
{ "type": "Feature", "properties": { "id": "+394277+278256", "Area_ha": 1.1561862131300993, "count": 13, "value": 1, "Porcentaje_Cobertura_Forestal": 0.0, "NDVI_Medio_Poligono": 0.56502646452638972, "Codigo_Tipo_Bosque_Predom": 0.0, "Densidad_C_Media_tC_ha": 5.9101142883300781, "Carbono_Perdido_tC": 6.8331926581904447, "Nombre_Tipo_Bosque_Predom": "Sin Datos" }, "geometry": { "type": "MultiPolygon", "coordinates": [ [ [ [ 4917353.585905443876982, 2111782.193175858352333 ], [ 4917353.687505619600415, 2111871.533513166476041 ], [ 4917383.552158007398248, 2111871.499553704634309 ], [ 4917383.518301706761122, 2111841.719442835543305 ], [ 4917413.382964522577822, 2111841.685497457161546 ], [ 4917413.315281849354506, 2111782.125280054286122 ], [ 4917353.585905443876982, 2111782.193175858352333 ] ] ], [ [ [ 4917532.774012927897274, 2111781.989635739009827 ], [ 4917473.044651009142399, 2111782.0574333476834 ], [ 4917473.112284719944, 2111841.617643527220935 ], [ 4917502.976942103356123, 2111841.583734976127744 ], [ 4917503.044558587484062, 2111901.143942509312183 ], [ 4917532.90918967872858, 2111901.110042625572532 ], [ 4917532.774012927897274, 2111781.989635739009827 ] ] ], [ [ [ 4917413.382964522577822, 2111841.685497457161546 ], [ 4917413.416808581911027, 2111871.465606519486755 ], [ 4917473.146104296669364, 2111871.397748978342861 ], [ 4917473.112284719944, 2111841.617643527220935 ], [ 4917413.382964522577822, 2111841.685497457161546 ] ] ] ] } },
{ "type": "Feature", "properties": { "id": "+394279+278248", "Area_ha": 0.17787418707555336, "count": 2, "value": 1, "Porcentaje_Cobertura_Forestal": 0.0, "NDVI_Medio_Poligono": 0.6872717390136982, "Codigo_Tipo_Bosque_Predom": 0.0, "Densidad_C_Media_tC_ha": 2.837019681930542, "Carbono_Perdido_tC": 0.5046325696407401, "Nombre_Tipo_Bosque_Predom": "Sin Datos" }, "geometry": { "type": "MultiPolygon", "coordinates": [ [ [ [ 4917562.908975502476096, 2112020.196558427996933 ], [ 4917562.976564765907824, 2112079.756761635653675 ], [ 4917592.84111877437681, 2112079.722875489387661 ], [ 4917592.773554001934826, 2112020.162675887346268 ], [ 4917562.908975502476096, 2112020.196558427996933 ] ] ] ] } },
{ "type": "Feature", "properties": { "id": "+394279+278351", "Area_ha": 0.17788152838385868, "count": 2, "value": 1, "Porcentaje_Cobertura_Forestal": 0.0, "NDVI_Medio_Poligono": 0.69897237816834124, "Codigo_Tipo_Bosque_Predom": 0.0, "Densidad_C_Media_tC_ha": 3.948369026184082, "Carbono_Perdido_tC": 0.70234191700111226, "Nombre_Tipo_Bosque_Predom": "Sin Datos" }, "geometry": { "type": "MultiPolygon", "coordinates": [ [ [ [ 4917559.437927827239037, 2108952.847392897121608 ], [ 4917559.50514377746731, 2109012.407546639908105 ], [ 4917589.370955665595829, 2109012.373846197966486 ], [ 4917589.303764071315527, 2108952.813696061260998 ], [ 4917559.437927827239037, 2108952.847392897121608 ] ] ] ] } },
{ "type": "Feature", "properties": { "id": "+394279+278359", "Area_ha": 0.088941066204675012, "count": 1, "value": 1, "Porcentaje_Cobertura_Forestal": 0.0, "NDVI_Medio_Poligono": 0.7843793303213672, "Codigo_Tipo_Bosque_Predom": 0.0, "Densidad_C_Media_tC_ha": 7.9404377937316895, "Carbono_Perdido_tC": 0.70623100350639378, "Nombre_Tipo_Bosque_Predom": "Sin Datos" }, "geometry": { "type": "MultiPolygon", "coordinates": [ [ [ [ 4917559.169136513024569, 2108714.606787505093962 ], [ 4917559.202729084528983, 2108744.386862341314554 ], [ 4917589.068650553934276, 2108744.353178127668798 ], [ 4917589.035070154815912, 2108714.573105094023049 ], [ 4917559.169136513024569, 2108714.606787505093962 ] ] ] ] } },
{ "type": "Feature", "properties": { "id": "+394279+278417", "Area_ha": 0.088943123277925765, "count": 1, "value": 1, "Porcentaje_Cobertura_Forestal": 0.0, "NDVI_Medio_Poligono": 0.6998221997670302, "Codigo_Tipo_Bosque_Predom": 0.0, "Densidad_C_Media_tC_ha": 26.369977951049805, "Carbono_Perdido_tC": 2.345428199736407, "Nombre_Tipo_Bosque_Predom": "Sin Datos" }, "geometry": { "type": "MultiPolygon", "coordinates": [ [ [ [ 4917557.223868140019476, 2106987.36285610916093 ], [ 4917557.257355600595474, 2107017.142917084973305 ], [ 4917587.123981981538236, 2107017.109337457921356 ], [ 4917587.090506655164063, 2106987.329278285615146 ], [ 4917557.223868140019476, 2106987.36285610916093 ] ] ] ] } },
{ "type": "Feature", "properties": { "id": "+394279+278423", "Area_ha": 0.088943335708614901, "count": 1, "value": 1, "Porcentaje_Cobertura_Forestal": 0.0, "NDVI_Medio_Poligono": 0.76592862177278476, "Codigo_Tipo_Bosque_Predom": 0.0, "Densidad_C_Media_tC_ha": 25.210973739624023, "Carbono_Perdido_tC": 2.2423481008644539, "Nombre_Tipo_Bosque_Predom": "Sin Datos" }, "geometry": { "type": "MultiPolygon", "coordinates": [ [ [ [ 4917557.022981436923146, 2106808.682495267596096 ], [ 4917557.056458023376763, 2106838.462554811965674 ], [ 4917586.923157200217247, 2106838.428986004553735 ], [ 4917586.889692743308842, 2106808.648928263690323 ], [ 4917557.022981436923146, 2106808.682495267596096 ] ] ] ] } },
{ "type": "Feature", "properties": { "id": "+394280+278212", "Area_ha": 0.088935812840180012, "count": 1, "value": 1, "Porcentaje_Cobertura_Forestal": 0.0, "NDVI_Medio_Poligono": 0.74970207502929231, "Codigo_Tipo_Bosque_Predom": 0.0, "Densidad_C_Media_tC_ha": 28.72285270690918, "Carbono_Perdido_tC": 2.5544902525777324, "Nombre_Tipo_Bosque_Predom": "Sin Datos" }, "geometry": { "type": "MultiPolygon", "coordinates": [ [ [ [ 4917593.990828540176153, 2113092.246416154317558 ], [ 4917594.024675235152245, 2113122.026524511165917 ], [ 4917623.888798411935568, 2113121.992587572429329 ], [ 4917623.854963987134397, 2113092.212481017690152 ], [ 4917593.990828540176153, 2113092.246416154317558 ] ] ] ] } },
{ "type": "Feature", "properties": { "id": "+394282+278211", "Area_ha": 0.088935755355357832, "count": 1, "value": 1, "Porcentaje_Cobertura_Forestal": 0.0, "NDVI_Medio_Poligono": 0.72642960700909676, "Codigo_Tipo_Bosque_Predom": 0.0, "Densidad_C_Media_tC_ha": 64.522892571725038, "Carbono_Perdido_tC": 5.738392188578973, "Nombre_Tipo_Bosque_Predom": "Sin Datos" }, "geometry": { "type": "MultiPolygon", "coordinates": [ [ [ [ 4917653.752919785678387, 2113121.958662937395275 ], [ 4917653.786743752658367, 2113151.738767932169139 ], [ 4917683.650851050391793, 2113151.70485380012542 ], [ 4917683.617039353586733, 2113121.924750606529415 ], [ 4917653.752919785678387, 2113121.958662937395275 ] ] ] ] } },
{ "type": "Feature", "properties": { "id": "+394282+278352", "Area_ha": 0.088940784959067237, "count": 1, "value": 1, "Porcentaje_Cobertura_Forestal": 0.0, "NDVI_Medio_Poligono": 0.78059489180830799, "Codigo_Tipo_Bosque_Predom": 0.0, "Densidad_C_Media_tC_ha": 11.836318669417276, "Carbono_Perdido_tC": 1.0527314734836348, "Nombre_Tipo_Bosque_Predom": "Sin Datos" }, "geometry": { "type": "MultiPolygon", "coordinates": [ [ [ [ 4917649.001862406730652, 2108922.966267922893167 ], [ 4917649.035431133583188, 2108952.746339026838541 ], [ 4917678.901261955499649, 2108952.712678827811033 ], [ 4917678.867705406621099, 2108922.932609525509179 ], [ 4917649.001862406730652, 2108922.966267922893167 ] ] ] ] } },
{ "type": "Feature", "properties": { "id": "+394286+278415", "Area_ha": 0.80048619296079271, "count": 9, "value": 1, "Porcentaje_Cobertura_Forestal": 0.0, "NDVI_Medio_Poligono": 0.65606905671469806, "Codigo_Tipo_Bosque_Predom": 0.0, "Densidad_C_Media_tC_ha": 39.758064270019531, "Carbono_Perdido_tC": 31.825781506998453, "Nombre_Tipo_Bosque_Predom": "Sin Datos" }, "geometry": { "type": "MultiPolygon", "coordinates": [ [ [ [ 4917856.023647538386285, 2107106.147798919584602 ], [ 4917826.157073814421892, 2107106.181274409871548 ], [ 4917826.123690143227577, 2107076.401228924747556 ], [ 4917796.257102482952178, 2107076.434714789036661 ], [ 4917796.223708482459188, 2107046.65466774487868 ], [ 4917736.490503473207355, 2107046.721672388724983 ], [ 4917736.523921744897962, 2107076.501723031513393 ], [ 4917766.390513015910983, 2107076.468212824780494 ], [ 4917766.45733071025461, 2107136.028311227448285 ], [ 4917826.190459291450679, 2107135.961320133879781 ], [ 4917826.223846575245261, 2107165.741366096306592 ], [ 4917856.090396024286747, 2107165.707887010648847 ], [ 4917856.023647538386285, 2107106.147798919584602 ] ] ], [ [ [ 4917826.257235664874315, 2107195.521412297617644 ], [ 4917826.223846575245261, 2107165.741366096306592 ], [ 4917796.357295325025916, 2107165.774857354816049 ], [ 4917796.390696553513408, 2107195.554905354045331 ], [ 4917826.257235664874315, 2107195.521412297617644 ] ] ] ] } },
{ "type": "Feature", "properties": { "id": "+394287+278250", "Area_ha": 2.3123626135333573, "count": 26, "value": 1, "Porcentaje_Cobertura_Forestal": 0.0, "NDVI_Medio_Poligono": 0.64929889990877521, "Codigo_Tipo_Bosque_Predom": 0.0, "Densidad_C_Media_tC_ha": 160.39065551757812, "Carbono_Perdido_tC": 370.88135537895533, "Nombre_Tipo_Bosque_Predom": "Sin Datos" }, "geometry": { "type": "MultiPolygon", "coordinates": [ [ [ [ 4917771.92728085629642, 2111990.17954987892881 ], [ 4917771.893576462753117, 2111960.399461484514177 ], [ 4917682.299794594757259, 2111960.500914114993066 ], [ 4917682.401023400016129, 2112049.841196218971163 ], [ 4917771.994695066474378, 2112049.739727392792702 ], [ 4917772.062116507440805, 2112109.299905868247151 ], [ 4917682.468518317677081, 2112109.401385491713881 ], [ 4917682.502268491312861, 2112139.181480490136892 ], [ 4917742.231311259791255, 2112139.113811526913196 ], [ 4917742.265038746409118, 2112168.893903166055679 ], [ 4917772.12954517826438, 2112168.86008530901745 ], [ 4917772.095829938538373, 2112139.079995468258858 ], [ 4917831.824861886911094, 2112139.012400198262185 ], [ 4917831.757485818117857, 2112079.452228432521224 ], [ 4917861.622023578733206, 2112079.418452814687043 ], [ 4917861.588350499980152, 2112049.638369089458138 ], [ 4917891.452898708172143, 2112049.604607548564672 ], [ 4917891.419239680282772, 2112019.824525860138237 ], [ 4917861.55467922706157, 2112019.858285604510456 ], [ 4917861.521009759046137, 2111990.078202360775322 ], [ 4917831.656435262411833, 2111990.111972587648779 ], [ 4917831.622755357064307, 2111960.331887789536268 ], [ 4917801.758166811428964, 2111960.36566849751398 ], [ 4917801.791858960874379, 2111990.145755093544722 ], [ 4917771.92728085629642, 2111990.17954987892881 ] ], [ [ 4917801.892946252599359, 2112079.486016331240535 ], [ 4917801.825552918016911, 2112019.925841932184994 ], [ 4917831.690116975456476, 2112019.892057628370821 ], [ 4917831.757485818117857, 2112079.452228432521224 ], [ 4917801.892946252599359, 2112079.486016331240535 ] ] ] ] } },
{ "type": "Feature", "properties": { "id": "+394287+278350", "Area_ha": 0.17788133028693556, "count": 2, "value": 1, "Porcentaje_Cobertura_Forestal": 0.0, "NDVI_Medio_Poligono": 0.7634273923089302, "Codigo_Tipo_Bosque_Predom": 0.0, "Densidad_C_Media_tC_ha": 43.435749053955078, "Carbono_Perdido_tC": 7.7264088237270325, "Nombre_Tipo_Bosque_Predom": "Sin Datos" }, "geometry": { "type": "MultiPolygon", "coordinates": [ [ [ [ 4917768.532265411689878, 2108982.391835649497807 ], [ 4917768.565789044834673, 2109012.171900032553822 ], [ 4917828.297385734505951, 2109012.104682353325188 ], [ 4917828.263886457309127, 2108982.324621566571295 ], [ 4917768.532265411689878, 2108982.391835649497807 ] ] ] ] } },
{ "type": "Feature", "properties": { "id": "+394289+278348", "Area_ha": 0.088940567012905369, "count": 1, "value": 1, "Porcentaje_Cobertura_Forestal": 0.0, "NDVI_Medio_Poligono": 0.71197719363443268, "Codigo_Tipo_Bosque_Predom": 1.3396587371826172, "Densidad_C_Media_tC_ha": 43.435749053955078, "Carbono_Perdido_tC": 3.8632001494890327, "Nombre_Tipo_Bosque_Predom": "Sin Datos" }, "geometry": { "type": "MultiPolygon", "coordinates": [ [ [ [ 4917858.196670276112854, 2109041.85115106170997 ], [ 4917858.230160986073315, 2109071.631210530176759 ], [ 4917888.095930465497077, 2109071.597628631163388 ], [ 4917888.062451935373247, 2109041.817570959217846 ], [ 4917858.196670276112854, 2109041.85115106170997 ] ] ] ] } },
{ "type": "Feature", "properties": { "id": "+394289+278382", "Area_ha": 0.17788351327611307, "count": 2, "value": 1, "Porcentaje_Cobertura_Forestal": 0.0, "NDVI_Medio_Poligono": 0.63129892498718054, "Codigo_Tipo_Bosque_Predom": 0.0, "Densidad_C_Media_tC_ha": 34.567699432373047, "Carbono_Perdido_tC": 6.1490238209032171, "Nombre_Tipo_Bosque_Predom": "Sin Datos" }, "geometry": { "type": "MultiPolygon", "coordinates": [ [ [ [ 4917857.05906050466001, 2108029.32927157310769 ], [ 4917857.125920944847167, 2108088.8893744754605 ], [ 4917886.992092003114522, 2108088.855851864907891 ], [ 4917886.925255877897143, 2108029.295752556063235 ], [ 4917857.05906050466001, 2108029.32927157310769 ] ] ] ] } },
{ "type": "Feature", "properties": { "id": "+394289+278429", "Area_ha": 0.088943439740955366, "count": 1, "value": 1, "Porcentaje_Cobertura_Forestal": 0.0, "NDVI_Medio_Poligono": 0.6961409362033133, "Codigo_Tipo_Bosque_Predom": 0.0, "Densidad_C_Media_tC_ha": 66.471412658691406, "Carbono_Perdido_tC": 5.9121960863044967, "Nombre_Tipo_Bosque_Predom": "Sin Datos" }, "geometry": { "type": "MultiPolygon", "coordinates": [ [ [ [ 4917855.489919427782297, 2106629.66712843393907 ], [ 4917855.523263877257705, 2106659.447168543469161 ], [ 4917885.390017773024738, 2106659.41373217664659 ], [ 4917885.356685450300574, 2106629.633693863637745 ], [ 4917855.489919427782297, 2106629.66712843393907 ] ] ] ] } },
{ "type": "Feature", "properties": { "id": "+394290+278361", "Area_ha": 0.088941018107437417, "count": 1, "value": 1, "Porcentaje_Cobertura_Forestal": 0.0, "NDVI_Medio_Poligono": 0.62944953060472275, "Codigo_Tipo_Bosque_Predom": 0.0, "Densidad_C_Media_tC_ha": 34.567699432373047, "Carbono_Perdido_tC": 3.0744863811471452, "Nombre_Tipo_Bosque_Predom": "Sin Datos" }, "geometry": { "type": "MultiPolygon", "coordinates": [ [ [ [ 4917887.62739529274404, 2108654.676843021064997 ], [ 4917887.660850358195603, 2108684.456897580530494 ], [ 4917917.526776319369674, 2108684.423351244069636 ], [ 4917917.493333425372839, 2108654.643298480659723 ], [ 4917887.62739529274404, 2108654.676843021064997 ] ] ] ] } },
{ "type": "Feature", "properties": { "id": "+394290+278401", "Area_ha": 0.17788483917051781, "count": 2, "value": 1, "Porcentaje_Cobertura_Forestal": 0.0, "NDVI_Medio_Poligono": 0.72295020929188347, "Codigo_Tipo_Bosque_Predom": 0.0, "Densidad_C_Media_tC_ha": 39.758064270019531, "Carbono_Perdido_tC": 7.0723568684035349, "Nombre_Tipo_Bosque_Predom": "Sin Datos" }, "geometry": { "type": "MultiPolygon", "coordinates": [ [ [ [ 4917886.290672796778381, 2107463.474856798537076 ], [ 4917886.357440330088139, 2107523.034947026055306 ], [ 4917916.223840474151075, 2107523.001470734365284 ], [ 4917916.157097230665386, 2107463.441384098492563 ], [ 4917886.290672796778381, 2107463.474856798537076 ] ] ] ] } },
{ "type": "Feature", "properties": { "id": "+394291+278350", "Area_ha": 0.17788119739518007, "count": 2, "value": 1, "Porcentaje_Cobertura_Forestal": 0.0, "NDVI_Medio_Poligono": 0.76979317885035414, "Codigo_Tipo_Bosque_Predom": 0.0, "Densidad_C_Media_tC_ha": 43.435749053955078, "Carbono_Perdido_tC": 7.7264030514740893, "Nombre_Tipo_Bosque_Predom": "Sin Datos" }, "geometry": { "type": "MultiPolygon", "coordinates": [ [ [ [ 4917917.86130450386554, 2108982.223892039619386 ], [ 4917917.928231792524457, 2109041.78400307148695 ], [ 4917947.794009846635163, 2109041.75044739805162 ], [ 4917947.72710691485554, 2108982.190339956432581 ], [ 4917917.86130450386554, 2108982.223892039619386 ] ] ] ] } },
{ "type": "Feature", "properties": { "id": "+394291+278430", "Area_ha": 0.088943453490216054, "count": 1, "value": 1, "Porcentaje_Cobertura_Forestal": 0.0, "NDVI_Medio_Poligono": 0.69514289534843543, "Codigo_Tipo_Bosque_Predom": 0.82141625881195068, "Densidad_C_Media_tC_ha": 66.471412658691406, "Carbono_Perdido_tC": 5.9121970002372777, "Nombre_Tipo_Bosque_Predom": "Sin Datos" }, "geometry": { "type": "MultiPolygon", "coordinates": [ [ [ [ 4917915.190131278708577, 2106599.820235178340226 ], [ 4917915.22344967070967, 2106629.600271455012262 ], [ 4917945.090212087146938, 2106629.566861207131296 ], [ 4917945.056905820965767, 2106599.786826726514846 ], [ 4917915.190131278708577, 2106599.820235178340226 ] ] ] ] } },
{ "type": "Feature", "properties": { "id": "+394292+278467", "Area_ha": 0.088944750673469394, "count": 1, "value": 1, "Porcentaje_Cobertura_Forestal": 0.0, "NDVI_Medio_Poligono": 0.69409901698894538, "Codigo_Tipo_Bosque_Predom": 1.729060173034668, "Densidad_C_Media_tC_ha": 71.835594177246108, "Carbono_Perdido_tC": 6.3893990135756846, "Nombre_Tipo_Bosque_Predom": "Sin Datos" }, "geometry": { "type": "MultiPolygon", "coordinates": [ [ [ [ 4917943.825842017307878, 2105497.925718426704407 ], [ 4917943.859081543982029, 2105527.705744094215333 ], [ 4917973.726290376856923, 2105527.672412419691682 ], [ 4917973.693062951788306, 2105497.892388547305018 ], [ 4917943.825842017307878, 2105497.925718426704407 ] ] ] ] } },
{ "type": "Feature", "properties": { "id": "+394294+278348", "Area_ha": 0.17788103679089981, "count": 2, "value": 1, "Porcentaje_Cobertura_Forestal": 0.0, "NDVI_Medio_Poligono": 0.63995621739236419, "Codigo_Tipo_Bosque_Predom": 0.47484934329986572, "Densidad_C_Media_tC_ha": 43.435749053955078, "Carbono_Perdido_tC": 7.7263960755068748, "Nombre_Tipo_Bosque_Predom": "Sin Datos" }, "geometry": { "type": "MultiPolygon", "coordinates": [ [ [ [ 4917977.659786104224622, 2109041.716903938911855 ], [ 4917977.693228095769882, 2109071.496956225018948 ], [ 4918037.424750852398574, 2109071.429902362171561 ], [ 4918037.391333219595253, 2109041.649853663053364 ], [ 4917977.659786104224622, 2109041.716903938911855 ] ] ] ] } },
{ "type": "Feature", "properties": { "id": "+394294+278351", "Area_ha": 0.1778812500342814, "count": 2, "value": 1, "Porcentaje_Cobertura_Forestal": 0.0, "NDVI_Medio_Poligono": 0.60546603310385183, "Codigo_Tipo_Bosque_Predom": 0.0, "Densidad_C_Media_tC_ha": 43.435749053955078, "Carbono_Perdido_tC": 7.726405337892885, "Nombre_Tipo_Bosque_Predom": "Sin Datos" }, "geometry": { "type": "MultiPolygon", "coordinates": [ [ [ [ 4917977.559470945969224, 2108952.376748519018292 ], [ 4917977.592907529324293, 2108982.156800086610019 ], [ 4918037.324503359384835, 2108982.089756985194981 ], [ 4918037.291091131046414, 2108952.309709005057812 ], [ 4917977.559470945969224, 2108952.376748519018292 ] ] ] ] } },
{ "type": "Feature", "properties": { "id": "+394295+278273", "Area_ha": 0.088937831061283945, "count": 1, "value": 1, "Porcentaje_Cobertura_Forestal": 0.0, "NDVI_Medio_Poligono": 0.67254127560799593, "Codigo_Tipo_Bosque_Predom": 0.52085757255554199, "Densidad_C_Media_tC_ha": 27.534391403198242, "Carbono_Perdido_tC": 2.4488490509929144, "Nombre_Tipo_Bosque_Predom": "Sin Datos" }, "geometry": { "type": "MultiPolygon", "coordinates": [ [ [ [ 4918039.902655430138111, 2111275.15417165402323 ], [ 4918039.936208191327751, 2111304.93423835420981 ], [ 4918069.801051532849669, 2111304.900595305021852 ], [ 4918069.767511000856757, 2111275.120530397165567 ], [ 4918039.902655430138111, 2111275.15417165402323 ] ] ] ] } },
{ "type": "Feature", "properties": { "id": "+394295+278325", "Area_ha": 0.088939684195291191, "count": 1, "value": 1, "Porcentaje_Cobertura_Forestal": 0.0, "NDVI_Medio_Poligono": 0.80734743268281639, "Codigo_Tipo_Bosque_Predom": 0.0, "Densidad_C_Media_tC_ha": 43.435749053955078, "Carbono_Perdido_tC": 3.8631618036446826, "Nombre_Tipo_Bosque_Predom": "Sin Datos" }, "geometry": { "type": "MultiPolygon", "coordinates": [ [ [ [ 4918038.160394612699747, 2109726.59103435697034 ], [ 4918038.193853684701025, 2109756.371088568586856 ], [ 4918068.059332052245736, 2109756.337538729421794 ], [ 4918068.02588517498225, 2109726.557486310135573 ], [ 4918038.160394612699747, 2109726.59103435697034 ] ] ] ] } },
{ "type": "Feature", "properties": { "id": "+394295+278385", "Area_ha": 0.088941815984278222, "count": 1, "value": 1, "Porcentaje_Cobertura_Forestal": 0.0, "NDVI_Medio_Poligono": 0.71662752369165517, "Codigo_Tipo_Bosque_Predom": 0.0, "Densidad_C_Media_tC_ha": 37.390876329299836, "Carbono_Perdido_tC": 3.3256124419714905, "Nombre_Tipo_Bosque_Predom": "Sin Datos" }, "geometry": { "type": "MultiPolygon", "coordinates": [ [ [ [ 4918036.156147420406342, 2107939.788220101967454 ], [ 4918036.189498389139771, 2107969.568259945139289 ], [ 4918066.055707273073494, 2107969.534817665815353 ], [ 4918066.022368459030986, 2107939.754779615439475 ], [ 4918036.156147420406342, 2107939.788220101967454 ] ] ] ] } },
{ "type": "Feature", "properties": { "id": "+394295+278408", "Area_ha": 0.088942631343635725, "count": 1, "value": 1, "Porcentaje_Cobertura_Forestal": 0.0, "NDVI_Medio_Poligono": 0.59463461521368355, "Codigo_Tipo_Bosque_Predom": 0.0, "Densidad_C_Media_tC_ha": 39.758064270019531, "Carbono_Perdido_tC": 3.536186853304923, "Nombre_Tipo_Bosque_Predom": "Sin Datos" }, "geometry": { "type": "MultiPolygon", "coordinates": [ [ [ [ 4918035.389572427608073, 2107254.84736963454634 ], [ 4918035.422881956212223, 2107284.627403984777629 ], [ 4918065.289370243437588, 2107284.594002939295024 ], [ 4918065.256072855554521, 2107254.813970382791013 ], [ 4918035.389572427608073, 2107254.84736963454634 ] ] ] ] } },
{ "type": "Feature", "properties": { "id": "+394296+278466", "Area_ha": 0.17788930903869768, "count": 2, "value": 1, "Porcentaje_Cobertura_Forestal": 0.0, "NDVI_Medio_Poligono": 0.72201917822860295, "Codigo_Tipo_Bosque_Predom": 0.87663722038269043, "Densidad_C_Media_tC_ha": 71.835594177246094, "Carbono_Perdido_tC": 12.778784212574601, "Nombre_Tipo_Bosque_Predom": "Sin Datos" }, "geometry": { "type": "MultiPolygon", "coordinates": [ [ [ [ 4918063.327906074933708, 2105527.572490218095481 ], [ 4918063.394293720833957, 2105587.132527914363891 ], [ 4918093.261471153236926, 2105587.099241203162819 ], [ 4918093.19510771241039, 2105527.539207092020661 ], [ 4918063.327906074933708, 2105527.572490218095481 ] ] ] ] } },
{ "type": "Feature", "properties": { "id": "+394297+278406", "Area_ha": 0.17788503162115812, "count": 2, "value": 1, "Porcentaje_Cobertura_Forestal": 0.0, "NDVI_Medio_Poligono": 0.63071298271047649, "Codigo_Tipo_Bosque_Predom": 0.0, "Densidad_C_Media_tC_ha": 39.758064270019524, "Carbono_Perdido_tC": 7.0723645198684597, "Nombre_Tipo_Bosque_Predom": "Sin Datos" }, "geometry": { "type": "MultiPolygon", "coordinates": [ [ [ [ 4918125.088893286883831, 2107344.087296152021736 ], [ 4918125.055616579949856, 2107314.307266701944172 ], [ 4918095.189144024625421, 2107314.340645187068731 ], [ 4918095.222432873211801, 2107344.120676429010928 ], [ 4918125.088893286883831, 2107344.087296152021736 ] ] ], [ [ [ 4918154.988618266768754, 2107373.833955951035023 ], [ 4918154.955351901240647, 2107344.053928052540869 ], [ 4918125.088893286883831, 2107344.087296152021736 ], [ 4918125.122171794064343, 2107373.867325841449201 ], [ 4918154.988618266768754, 2107373.833955951035023 ] ] ] ] } },
{ "type": "Feature", "properties": { "id": "+394298+278349", "Area_ha": 0.088940505393486816, "count": 1, "value": 1, "Porcentaje_Cobertura_Forestal": 0.0, "NDVI_Medio_Poligono": 0.67471487136200015, "Codigo_Tipo_Bosque_Predom": 1.5490013360977173, "Densidad_C_Media_tC_ha": 43.435749053955078, "Carbono_Perdido_tC": 3.8631974730034315, "Nombre_Tipo_Bosque_Predom": "Sin Datos" }, "geometry": { "type": "MultiPolygon", "coordinates": [ [ [ [ 4918126.955261112190783, 2109011.769326774869114 ], [ 4918126.98864040710032, 2109041.549369856249541 ], [ 4918156.854405876249075, 2109041.515899682883173 ], [ 4918156.821038761176169, 2109011.735858391504735 ], [ 4918126.955261112190783, 2109011.769326774869114 ] ] ] ] } },
{ "type": "Feature", "properties": { "id": "+394298+278412", "Area_ha": 0.26682815594855636, "count": 3, "value": 1, "Porcentaje_Cobertura_Forestal": 0.0, "NDVI_Medio_Poligono": 0.45340880428782865, "Codigo_Tipo_Bosque_Predom": 0.0, "Densidad_C_Media_tC_ha": 39.758064270019531, "Carbono_Perdido_tC": 10.608570973253498, "Nombre_Tipo_Bosque_Predom": "Sin Datos" }, "geometry": { "type": "MultiPolygon", "coordinates": [ [ [ [ 4918124.855993892066181, 2107135.627094899769872 ], [ 4918124.922527508810163, 2107195.187151173129678 ], [ 4918184.655564345419407, 2107195.120445056352764 ], [ 4918184.6223209137097, 2107165.340420382097363 ], [ 4918154.755791256204247, 2107165.373765563592315 ], [ 4918154.722537484951317, 2107135.593739336356521 ], [ 4918124.855993892066181, 2107135.627094899769872 ] ] ] ] } },
{ "type": "Feature", "properties": { "id": "+394298+278427", "Area_ha": 0.08894327178824897, "count": 1, "value": 1, "Porcentaje_Cobertura_Forestal": 0.0, "NDVI_Medio_Poligono": 0.52777819432662687, "Codigo_Tipo_Bosque_Predom": 2.4834039211273193, "Densidad_C_Media_tC_ha": 66.471412658691406, "Carbono_Perdido_tC": 5.9121849222508427, "Nombre_Tipo_Bosque_Predom": "Sin Datos" }, "geometry": { "type": "MultiPolygon", "coordinates": [ [ [ [ 4918124.357221240177751, 2106688.926703272387385 ], [ 4918124.39046015124768, 2106718.706727711018175 ], [ 4918154.25717360060662, 2106718.673397219739854 ], [ 4918154.223946817219257, 2106688.893374572042376 ], [ 4918124.357221240177751, 2106688.926703272387385 ] ] ] ] } },
{ "type": "Feature", "properties": { "id": "+394300+278387", "Area_ha": 0.17788367683804535, "count": 2, "value": 1, "Porcentaje_Cobertura_Forestal": 0.0, "NDVI_Medio_Poligono": 0.70064690237011296, "Codigo_Tipo_Bosque_Predom": 0.0, "Densidad_C_Media_tC_ha": 39.758064270019531, "Carbono_Perdido_tC": 7.0723106563143912, "Nombre_Tipo_Bosque_Predom": "Sin Datos" }, "geometry": { "type": "MultiPolygon", "coordinates": [ [ [ [ 4918155.554421503096819, 2107880.094466658774763 ], [ 4918155.58772025257349, 2107909.874498858116567 ], [ 4918215.320170473307371, 2107909.807731175795197 ], [ 4918215.28689603228122, 2107880.027702555991709 ], [ 4918155.554421503096819, 2107880.094466658774763 ] ] ] ] } },
{ "type": "Feature", "properties": { "id": "+394303+278321", "Area_ha": 0.17787892206232356, "count": 2, "value": 1, "Porcentaje_Cobertura_Forestal": 0.0, "NDVI_Medio_Poligono": 0.64405435842914849, "Codigo_Tipo_Bosque_Predom": 0.0, "Densidad_C_Media_tC_ha": 43.435749053955078, "Carbono_Perdido_tC": 7.72630422068712, "Nombre_Tipo_Bosque_Predom": "Sin Datos" }, "geometry": { "type": "MultiPolygon", "coordinates": [ [ [ [ 4918247.352296463213861, 2109845.476622992195189 ], [ 4918247.385677361860871, 2109875.256665629334748 ], [ 4918307.116509600542486, 2109875.189735098741949 ], [ 4918307.083153096958995, 2109845.409696036949754 ], [ 4918247.352296463213861, 2109845.476622992195189 ] ] ] ] } },
{ "type": "Feature", "properties": { "id": "+394303+278404", "Area_ha": 0.17788481760192371, "count": 2, "value": 1, "Porcentaje_Cobertura_Forestal": 0.0, "NDVI_Medio_Poligono": 0.62200402210190986, "Codigo_Tipo_Bosque_Predom": 0.0, "Densidad_C_Media_tC_ha": 39.758064270019531, "Carbono_Perdido_tC": 7.0723560108779839, "Nombre_Tipo_Bosque_Predom": "Sin Datos" }, "geometry": { "type": "MultiPolygon", "coordinates": [ [ [ [ 4918244.587946680374444, 2107373.733919231686741 ], [ 4918244.621178416535258, 2107403.513941998593509 ], [ 4918304.35403092764318, 2107403.447308240924031 ], [ 4918304.320823476649821, 2107373.667289049364626 ], [ 4918244.587946680374444, 2107373.733919231686741 ] ] ] ] } },
{ "type": "Feature", "properties": { "id": "+394304+278402", "Area_ha": 0.088942321794691082, "count": 1, "value": 1, "Porcentaje_Cobertura_Forestal": 0.0, "NDVI_Medio_Poligono": 0.66863861753608256, "Codigo_Tipo_Bosque_Predom": 0.0, "Densidad_C_Media_tC_ha": 39.758064270019531, "Carbono_Perdido_tC": 3.5361745462380871, "Nombre_Tipo_Bosque_Predom": "Sin Datos" }, "geometry": { "type": "MultiPolygon", "coordinates": [ [ [ [ 4918304.387240174226463, 2107433.227327672764659 ], [ 4918304.42045121639967, 2107463.007347343955189 ], [ 4918334.286850496195257, 2107462.974045158363879 ], [ 4918334.253651598468423, 2107433.194027274381369 ], [ 4918304.387240174226463, 2107433.227327672764659 ] ] ] ] } },
{ "type": "Feature", "properties": { "id": "+394304+278462", "Area_ha": 0.088944444723565538, "count": 1, "value": 1, "Porcentaje_Cobertura_Forestal": 0.0, "NDVI_Medio_Poligono": 0.65705036633140024, "Codigo_Tipo_Bosque_Predom": 0.0, "Densidad_C_Media_tC_ha": 71.835594177246094, "Carbono_Perdido_tC": 6.3893770354825516, "Nombre_Tipo_Bosque_Predom": "Sin Datos" }, "geometry": { "type": "MultiPolygon", "coordinates": [ [ [ [ 4918302.397864078171551, 2105646.426584111060947 ], [ 4918302.43096736818552, 2105676.20658947294578 ], [ 4918332.298094128258526, 2105676.173394508194178 ], [ 4918332.265002943575382, 2105646.393390933517367 ], [ 4918302.397864078171551, 2105646.426584111060947 ] ] ] ] } },
{ "type": "Feature", "properties": { "id": "+394307+278411", "Area_ha": 0.26682769752740859, "count": 3, "value": 1, "Porcentaje_Cobertura_Forestal": 1.2552926461827907, "NDVI_Medio_Poligono": 0.73302835336863204, "Codigo_Tipo_Bosque_Predom": 0.23935411870479584, "Densidad_C_Media_tC_ha": 39.758064270019531, "Carbono_Perdido_tC": 10.608552747316041, "Nombre_Tipo_Bosque_Predom": "Sin Datos" }, "geometry": { "type": "MultiPolygon", "coordinates": [ [ [ [ 4918423.587640188634396, 2107194.854107652790844 ], [ 4918423.554493861272931, 2107165.074097275733948 ], [ 4918393.687978544272482, 2107165.107345072552562 ], [ 4918393.721137008629739, 2107194.887357234489173 ], [ 4918423.587640188634396, 2107194.854107652790844 ] ] ], [ [ [ 4918453.520415334030986, 2107254.380888146813959 ], [ 4918453.454141578637064, 2107194.82087024487555 ], [ 4918423.587640188634396, 2107194.854107652790844 ], [ 4918423.653938222676516, 2107254.414129123557359 ], [ 4918453.520415334030986, 2107254.380888146813959 ] ] ] ] } },
{ "type": "Feature", "properties": { "id": "+394309+278296", "Area_ha": 0.088938500711266535, "count": 1, "value": 1, "Porcentaje_Cobertura_Forestal": 0.0, "NDVI_Medio_Poligono": 0.66855515573537261, "Codigo_Tipo_Bosque_Predom": 0.0, "Densidad_C_Media_tC_ha": 27.310676574707031, "Carbono_Perdido_tC": 2.4289706279647518, "Nombre_Tipo_Bosque_Predom": "Sin Datos" }, "geometry": { "type": "MultiPolygon", "coordinates": [ [ [ [ 4918457.243189034983516, 2110589.743418070487678 ], [ 4918457.276529365219176, 2110619.523454206995666 ], [ 4918487.141628704033792, 2110619.490023868624121 ], [ 4918487.108300587162375, 2110589.709989515133202 ], [ 4918457.243189034983516, 2110589.743418070487678 ] ] ] ] } },
{ "type": "Feature", "properties": { "id": "+394309+278300", "Area_ha": 0.088938643264550768, "count": 1, "value": 1, "Porcentaje_Cobertura_Forestal": 0.0, "NDVI_Medio_Poligono": 0.6150702244014945, "Codigo_Tipo_Bosque_Predom": 0.0, "Densidad_C_Media_tC_ha": 27.310676574707031, "Carbono_Perdido_tC": 2.428974521191392, "Nombre_Tipo_Bosque_Predom": "Sin Datos" }, "geometry": { "type": "MultiPolygon", "coordinates": [ [ [ [ 4918457.109845638275146, 2110470.623275926802307 ], [ 4918457.143178798258305, 2110500.40331110265106 ], [ 4918487.008326986804605, 2110500.369887897744775 ], [ 4918486.975006037391722, 2110470.589854504913092 ], [ 4918457.109845638275146, 2110470.623275926802307 ] ] ] ] } },
{ "type": "Feature", "properties": { "id": "+394311+278410", "Area_ha": 0.08894253006446233, "count": 1, "value": 1, "Porcentaje_Cobertura_Forestal": 0.0, "NDVI_Medio_Poligono": 0.75722945436812894, "Codigo_Tipo_Bosque_Predom": 0.15769408643245697, "Densidad_C_Media_tC_ha": 39.758064270019531, "Carbono_Perdido_tC": 3.5361828266410376, "Nombre_Tipo_Bosque_Predom": "Sin Datos" }, "geometry": { "type": "MultiPolygon", "coordinates": [ [ [ [ 4918513.187138750217855, 2107194.754431834444404 ], [ 4918513.220250453799963, 2107224.53443709993735 ], [ 4918543.086734338663518, 2107224.501234430354089 ], [ 4918543.053634773008525, 2107194.72123094741255 ], [ 4918513.187138750217855, 2107194.754431834444404 ] ] ] ] } },
{ "type": "Feature", "properties": { "id": "+394314+278374", "Area_ha": 0.088941221382582439, "count": 1, "value": 1, "Porcentaje_Cobertura_Forestal": 0.0, "NDVI_Medio_Poligono": 0.86059034956933422, "Codigo_Tipo_Bosque_Predom": 0.0, "Densidad_C_Media_tC_ha": 34.567699432373047, "Carbono_Perdido_tC": 3.0744934079012607, "Nombre_Tipo_Bosque_Predom": "Sin Datos" }, "geometry": { "type": "MultiPolygon", "coordinates": [ [ [ [ 4918603.978459063917398, 2108266.735013345722109 ], [ 4918604.011598765850067, 2108296.515021869447082 ], [ 4918633.877639858983457, 2108296.481791629921645 ], [ 4918633.844512320123613, 2108266.701784886885434 ], [ 4918603.978459063917398, 2108266.735013345722109 ] ] ] ] } },
{ "type": "Feature", "properties": { "id": "+394314+278418", "Area_ha": 0.44471380738317967, "count": 5, "value": 1, "Porcentaje_Cobertura_Forestal": 0.0, "NDVI_Medio_Poligono": 0.61613865130730427, "Codigo_Tipo_Bosque_Predom": 0.0, "Densidad_C_Media_tC_ha": 41.616027120661514, "Carbono_Perdido_tC": 18.507221868991046, "Nombre_Tipo_Bosque_Predom": "Sin Datos" }, "geometry": { "type": "MultiPolygon", "coordinates": [ [ [ [ 4918632.454771029762924, 2107015.941717621404678 ], [ 4918632.388671562075615, 2106956.381724923849106 ], [ 4918572.655494277365506, 2106956.448037337511778 ], [ 4918572.721642280928791, 2107016.0080371578224 ], [ 4918632.454771029762924, 2107015.941717621404678 ] ] ], [ [ [ 4918572.754718966782093, 2107045.788037426304072 ], [ 4918572.721642280928791, 2107016.0080371578224 ], [ 4918542.855075224302709, 2107016.041215181350708 ], [ 4918542.888164046220481, 2107045.821217230986804 ], [ 4918572.754718966782093, 2107045.788037426304072 ] ] ] ] } },
{ "type": "Feature", "properties": { "id": "+394315+278294", "Area_ha": 0.088938365081330989, "count": 1, "value": 1, "Porcentaje_Cobertura_Forestal": 0.0, "NDVI_Medio_Poligono": 0.53785381763592455, "Codigo_Tipo_Bosque_Predom": 0.0, "Densidad_C_Media_tC_ha": 27.310676574707031, "Carbono_Perdido_tC": 2.428966923819448, "Nombre_Tipo_Bosque_Predom": "Sin Datos" }, "geometry": { "type": "MultiPolygon", "coordinates": [ [ [ [ 4918636.500367417931557, 2110649.103081595152617 ], [ 4918636.533638044260442, 2110678.883107520639896 ], [ 4918666.398702233098447, 2110678.84974711574614 ], [ 4918666.36544382199645, 2110649.069722970016301 ], [ 4918636.500367417931557, 2110649.103081595152617 ] ] ] ] } },
{ "type": "Feature", "properties": { "id": "+394315+278484", "Area_ha": 0.088945103323152586, "count": 1, "value": 1, "Porcentaje_Cobertura_Forestal": 0.0, "NDVI_Medio_Poligono": 0.51016867453832915, "Codigo_Tipo_Bosque_Predom": 0.0, "Densidad_C_Media_tC_ha": 71.835594177246094, "Carbono_Perdido_tC": 6.3894243463752121, "Nombre_Tipo_Bosque_Predom": "Sin Datos" }, "geometry": { "type": "MultiPolygon", "coordinates": [ [ [ [ 4918630.211402614600956, 2104990.902500808238983 ], [ 4918630.244333402253687, 2105020.682481311727315 ], [ 4918660.11170663498342, 2105020.649459050036967 ], [ 4918660.078787937760353, 2104990.869480326306075 ], [ 4918630.211402614600956, 2104990.902500808238983 ] ] ] ] } },
{ "type": "Feature", "properties": { "id": "+394317+278320", "Area_ha": 0.088939269832642456, "count": 1, "value": 1, "Porcentaje_Cobertura_Forestal": 0.0, "NDVI_Medio_Poligono": 0.54210623492458254, "Codigo_Tipo_Bosque_Predom": 0.0, "Densidad_C_Media_tC_ha": 22.395994186401367, "Carbono_Perdido_tC": 1.991883370114643, "Nombre_Tipo_Bosque_Predom": "Sin Datos" }, "geometry": { "type": "MultiPolygon", "coordinates": [ [ [ [ 4918695.366744667291641, 2109874.755879318341613 ], [ 4918695.399944394826889, 2109904.535895443987101 ], [ 4918725.265322390012443, 2109904.502605771645904 ], [ 4918725.232134860008955, 2109874.722591424360871 ], [ 4918695.366744667291641, 2109874.755879318341613 ] ] ] ] } },
{ "type": "Feature", "properties": { "id": "+394317+278415", "Area_ha": 0.088942642861745844, "count": 1, "value": 1, "Porcentaje_Cobertura_Forestal": 0.0, "NDVI_Medio_Poligono": 0.76850317141505153, "Codigo_Tipo_Bosque_Predom": 2.3066349029541016, "Densidad_C_Media_tC_ha": 38.150424957275391, "Carbono_Perdido_tC": 3.3931996219987806, "Nombre_Tipo_Bosque_Predom": "Sin Datos" }, "geometry": { "type": "MultiPolygon", "coordinates": [ [ [ [ 4918692.220920549705625, 2107045.655439797788858 ], [ 4918692.253950484097004, 2107075.435433182865381 ], [ 4918722.120484341867268, 2107075.402312451973557 ], [ 4918722.087466542609036, 2107045.62232084479183 ], [ 4918692.220920549705625, 2107045.655439797788858 ] ] ] ] } },
{ "type": "Feature", "properties": { "id": "+394320+278431", "Area_ha": 0.088943177163448128, "count": 1, "value": 1, "Porcentaje_Cobertura_Forestal": 0.0, "NDVI_Medio_Poligono": 0.7475957517489904, "Codigo_Tipo_Bosque_Predom": 0.0, "Densidad_C_Media_tC_ha": 30.610225677490234, "Carbono_Perdido_tC": 2.7225707254461429, "Nombre_Tipo_Bosque_Predom": "Sin Datos" }, "geometry": { "type": "MultiPolygon", "coordinates": [ [ [ [ 4918781.292899535037577, 2106569.076343060471117 ], [ 4918781.325864497572184, 2106598.856327295303345 ], [ 4918811.192587097175419, 2106598.823271501809359 ], [ 4918811.159634259529412, 2106569.043289043009281 ], [ 4918781.292899535037577, 2106569.076343060471117 ] ] ] ] } },
{ "type": "Feature", "properties": { "id": "+394321+278371", "Area_ha": 0.088941039983705561, "count": 1, "value": 1, "Porcentaje_Cobertura_Forestal": 0.0, "NDVI_Medio_Poligono": 0.65312924475678258, "Codigo_Tipo_Bosque_Predom": 0.0, "Densidad_C_Media_tC_ha": 5.6107087135314941, "Carbono_Perdido_tC": 0.49902226802712979, "Nombre_Tipo_Bosque_Predom": "Sin Datos" }, "geometry": { "type": "MultiPolygon", "coordinates": [ [ [ [ 4918813.139963435940444, 2108355.842659220099449 ], [ 4918813.173023355193436, 2108385.622656013350934 ], [ 4918843.039015473797917, 2108385.589505831710994 ], [ 4918843.005967719480395, 2108355.809510814025998 ], [ 4918813.139963435940444, 2108355.842659220099449 ] ] ] ] } },
{ "type": "Feature", "properties": { "id": "+394322+278373", "Area_ha": 0.088941100301314149, "count": 1, "value": 1, "Porcentaje_Cobertura_Forestal": 0.0, "NDVI_Medio_Poligono": 0.69128435331807203, "Codigo_Tipo_Bosque_Predom": 0.0, "Densidad_C_Media_tC_ha": 5.6107087135314941, "Carbono_Perdido_tC": 0.49902260645166191, "Nombre_Tipo_Bosque_Predom": "Sin Datos" }, "geometry": { "type": "MultiPolygon", "coordinates": [ [ [ [ 4918842.939877561293542, 2108296.249521493911743 ], [ 4918842.972921748645604, 2108326.02951603429392 ], [ 4918872.838936416432261, 2108325.996381602715701 ], [ 4918872.805904392153025, 2108296.216388837434351 ], [ 4918842.939877561293542, 2108296.249521493911743 ] ] ] ] } },
{ "type": "Feature", "properties": { "id": "+394322+278381", "Area_ha": 0.1778827790825715, "count": 2, "value": 1, "Porcentaje_Cobertura_Forestal": 0.0, "NDVI_Medio_Poligono": 0.47357409335134493, "Codigo_Tipo_Bosque_Predom": 0.0, "Densidad_C_Media_tC_ha": 5.6107087135314941, "Carbono_Perdido_tC": 0.99804845858578173, "Nombre_Tipo_Bosque_Predom": "Sin Datos" }, "geometry": { "type": "MultiPolygon", "coordinates": [ [ [ [ 4918812.809462402015924, 2108058.042704435996711 ], [ 4918812.842504474334419, 2108087.822698838077486 ], [ 4918872.574730160646141, 2108087.756446182727814 ], [ 4918872.541712403297424, 2108057.976455331780016 ], [ 4918812.809462402015924, 2108058.042704435996711 ] ] ] ] } },
{ "type": "Feature", "properties": { "id": "+394323+278350", "Area_ha": 0.26682075199119426, "count": 3, "value": 1, "Porcentaje_Cobertura_Forestal": 0.0, "NDVI_Medio_Poligono": 0.62356564251501623, "Codigo_Tipo_Bosque_Predom": 0.0, "Densidad_C_Media_tC_ha": 22.395994186401367, "Carbono_Perdido_tC": 5.9757160104060274, "Nombre_Tipo_Bosque_Predom": "Sin Datos" }, "geometry": { "type": "MultiPolygon", "coordinates": [ [ [ [ 4918873.566092126071453, 2108981.15628299722448 ], [ 4918873.632239990867674, 2109040.716279780492187 ], [ 4918933.363679765723646, 2109040.649962357245386 ], [ 4918933.330629299394786, 2109010.869967394974083 ], [ 4918903.464898122474551, 2109010.903118225745857 ], [ 4918903.431837259791791, 2108981.123121727257967 ], [ 4918873.566092126071453, 2108981.15628299722448 ] ] ] ] } },
{ "type": "Feature", "properties": { "id": "+394323+278431", "Area_ha": 0.17788630088518256, "count": 2, "value": 1, "Porcentaje_Cobertura_Forestal": 0.0, "NDVI_Medio_Poligono": 0.73152371881225831, "Codigo_Tipo_Bosque_Predom": 0.0, "Densidad_C_Media_tC_ha": 30.610225677490234, "Carbono_Perdido_tC": 5.4451398150293695, "Nombre_Tipo_Bosque_Predom": "Sin Datos" }, "geometry": { "type": "MultiPolygon", "coordinates": [ [ [ [ 4918841.026367200538516, 2106569.010247186291963 ], [ 4918841.059307913295925, 2106598.790227868594229 ], [ 4918900.792744207195938, 2106598.724177084397525 ], [ 4918900.759827744215727, 2106568.944199951831251 ], [ 4918841.026367200538516, 2106569.010247186291963 ] ] ] ] } },
{ "type": "Feature", "properties": { "id": "+394324+278408", "Area_ha": 0.088942320084836685, "count": 1, "value": 1, "Porcentaje_Cobertura_Forestal": 0.0, "NDVI_Medio_Poligono": 0.65552999060447148, "Codigo_Tipo_Bosque_Predom": 0.73867297172546387, "Densidad_C_Media_tC_ha": 38.150424957275391, "Carbono_Perdido_tC": 3.3931873079225299, "Nombre_Tipo_Bosque_Predom": "Sin Datos" }, "geometry": { "type": "MultiPolygon", "coordinates": [ [ [ [ 4918901.517357423901558, 2107253.883734378498048 ], [ 4918901.550314889289439, 2107283.663717001676559 ], [ 4918931.416751311160624, 2107283.630669050384313 ], [ 4918931.383805985562503, 2107253.850688201375306 ], [ 4918901.517357423901558, 2107253.883734378498048 ] ] ] ] } },
{ "type": "Feature", "properties": { "id": "+394324+278435", "Area_ha": 0.44471630227510034, "count": 5, "value": 1, "Porcentaje_Cobertura_Forestal": 0.0, "NDVI_Medio_Poligono": 0.75147021486317633, "Codigo_Tipo_Bosque_Predom": 0.0, "Densidad_C_Media_tC_ha": 30.610225677490234, "Carbono_Perdido_tC": 13.612866375099784, "Nombre_Tipo_Bosque_Predom": "Sin Datos" }, "geometry": { "type": "MultiPolygon", "coordinates": [ [ [ [ 4918930.527853263542056, 2106479.571270044427365 ], [ 4918930.49495605379343, 2106449.791295640170574 ], [ 4918900.628179959021509, 2106449.82429392170161 ], [ 4918900.661089290864766, 2106479.604270100127906 ], [ 4918930.527853263542056, 2106479.571270044427365 ] ] ], [ [ [ 4918870.761402083560824, 2106449.857304360251874 ], [ 4918840.894622430205345, 2106449.890326956752688 ], [ 4918840.960491366684437, 2106509.450286651495844 ], [ 4918870.827246775850654, 2106509.417260504793376 ], [ 4918870.860171796754003, 2106539.197238934691995 ], [ 4918900.726913303136826, 2106539.164223172236234 ], [ 4918900.661089290864766, 2106479.604270100127906 ], [ 4918870.794323538430035, 2106479.637282313313335 ], [ 4918870.761402083560824, 2106449.857304360251874 ] ] ] ] } },
{ "type": "Feature", "properties": { "id": "+394330+278483", "Area_ha": 0.088944907801055517, "count": 1, "value": 1, "Porcentaje_Cobertura_Forestal": 0.0, "NDVI_Medio_Poligono": 0.54275297224129815, "Codigo_Tipo_Bosque_Predom": 0.0, "Densidad_C_Media_tC_ha": 39.737056732177734, "Carbono_Perdido_tC": 3.5344088473288608, "Nombre_Tipo_Bosque_Predom": "Sin Datos" }, "geometry": { "type": "MultiPolygon", "coordinates": [ [ [ [ 4919078.254744789563119, 2105020.188420605845749 ], [ 4919078.287496004253626, 2105049.968374716583639 ], [ 4919108.154830443672836, 2105049.935532573144883 ], [ 4919108.122091319411993, 2105020.155580232851207 ], [ 4919078.254744789563119, 2105020.188420605845749 ] ] ] ] } },
{ "type": "Feature", "properties": { "id": "+394331+278305", "Area_ha": 0.17787718308943731, "count": 2, "value": 1, "Porcentaje_Cobertura_Forestal": 0.0, "NDVI_Medio_Poligono": 0.67545890257142305, "Codigo_Tipo_Bosque_Predom": 0.0, "Densidad_C_Media_tC_ha": 18.959318161010742, "Carbono_Perdido_tC": 3.3724301077770016, "Nombre_Tipo_Bosque_Predom": "Sin Datos" }, "geometry": { "type": "MultiPolygon", "coordinates": [ [ [ [ 4919084.112482406198978, 2110321.024011928122491 ], [ 4919084.145550242625177, 2110350.804008588194847 ], [ 4919143.875892113894224, 2110350.73770645679906 ], [ 4919143.842848693020642, 2110320.957713335752487 ], [ 4919084.112482406198978, 2110321.024011928122491 ] ] ] ] } },
{ "type": "Feature", "properties": { "id": "+394332+278362", "Area_ha": 0.088940603099339932, "count": 1, "value": 1, "Porcentaje_Cobertura_Forestal": 0.0, "NDVI_Medio_Poligono": 0.64170653003476752, "Codigo_Tipo_Bosque_Predom": 0.0, "Densidad_C_Media_tC_ha": 5.6107087135314941, "Carbono_Perdido_tC": 0.49901981679621277, "Nombre_Tipo_Bosque_Predom": "Sin Datos" }, "geometry": { "type": "MultiPolygon", "coordinates": [ [ [ [ 4919141.962311730720103, 2108623.498501998838037 ], [ 4919141.995253839530051, 2108653.278481451328844 ], [ 4919171.861116901040077, 2108653.245449550449848 ], [ 4919171.828186961822212, 2108623.465471866540611 ], [ 4919141.962311730720103, 2108623.498501998838037 ] ] ] ] } },
{ "type": "Feature", "properties": { "id": "+394332+278369", "Area_ha": 0.0889408516672891, "count": 1, "value": 1, "Porcentaje_Cobertura_Forestal": 0.0, "NDVI_Medio_Poligono": 0.52134702632639651, "Codigo_Tipo_Bosque_Predom": 0.0, "Densidad_C_Media_tC_ha": 5.6107087135314941, "Carbono_Perdido_tC": 0.49902121143857109, "Nombre_Tipo_Bosque_Predom": "Sin Datos" }, "geometry": { "type": "MultiPolygon", "coordinates": [ [ [ [ 4919141.731766738928854, 2108415.038652539718896 ], [ 4919141.764696405269206, 2108444.81863031629473 ], [ 4919171.630644644610584, 2108444.785610795021057 ], [ 4919171.597727143205702, 2108415.005634787026793 ], [ 4919141.731766738928854, 2108415.038652539718896 ] ] ] ] } },
{ "type": "Feature", "properties": { "id": "+394333+278392", "Area_ha": 0.44470820727313987, "count": 5, "value": 1, "Porcentaje_Cobertura_Forestal": 0.0, "NDVI_Medio_Poligono": 0.64557915850955527, "Codigo_Tipo_Bosque_Predom": 0.25674015283584595, "Densidad_C_Media_tC_ha": 38.150424957275391, "Carbono_Perdido_tC": 16.965807089458391, "Nombre_Tipo_Bosque_Predom": "Sin Datos" }, "geometry": { "type": "MultiPolygon", "coordinates": [ [ [ [ 4919081.242389596998692, 2107730.165220439434052 ], [ 4919081.275302683003247, 2107759.945196252781898 ], [ 4919170.873991652391851, 2107759.846223161555827 ], [ 4919170.906870063394308, 2107789.626193906180561 ], [ 4919200.77308402210474, 2107789.593225480057299 ], [ 4919200.707353277131915, 2107730.033287765458226 ], [ 4919081.242389596998692, 2107730.165220439434052 ] ] ] ] } },
{ "type": "Feature", "properties": { "id": "+394334+278397", "Area_ha": 0.088941823705719431, "count": 1, "value": 1, "Porcentaje_Cobertura_Forestal": 0.0, "NDVI_Medio_Poligono": 0.80814663482867288, "Codigo_Tipo_Bosque_Predom": 2.3566455841064453, "Densidad_C_Media_tC_ha": 38.150424957275391, "Carbono_Perdido_tC": 3.3931683708482665, "Nombre_Tipo_Bosque_Predom": "Sin Datos" }, "geometry": { "type": "MultiPolygon", "coordinates": [ [ [ [ 4919200.543057499453425, 2107581.133447667118162 ], [ 4919200.57591310236603, 2107610.913415208924562 ], [ 4919230.442198185250163, 2107610.880469573196024 ], [ 4919230.409354728646576, 2107581.100503798574209 ], [ 4919200.543057499453425, 2107581.133447667118162 ] ] ] ] } },
{ "type": "Feature", "properties": { "id": "+394335+278290", "Area_ha": 0.44468972566182347, "count": 5, "value": 1, "Porcentaje_Cobertura_Forestal": 19.84950945703655, "NDVI_Medio_Poligono": 0.69721813907796781, "Codigo_Tipo_Bosque_Predom": 0.0, "Densidad_C_Media_tC_ha": 18.959318161010742, "Carbono_Perdido_tC": 8.4310139917550941, "Nombre_Tipo_Bosque_Predom": "Sin Datos" }, "geometry": { "type": "MultiPolygon", "coordinates": [ [ [ [ 4919233.933673220686615, 2110767.558199782390147 ], [ 4919234.065817593596876, 2110886.6781669203192 ], [ 4919263.93076069932431, 2110886.645039153285325 ], [ 4919263.897734162397683, 2110856.865048774052411 ], [ 4919293.762687719427049, 2110856.831935027614236 ], [ 4919293.729675176553428, 2110827.051946654450148 ], [ 4919263.864709400571883, 2110827.085058635566384 ], [ 4919263.798665201291442, 2110767.525079080834985 ], [ 4919233.933673220686615, 2110767.558199782390147 ] ] ] ] } },
{ "type": "Feature", "properties": { "id": "+394335+278375", "Area_ha": 0.088941032727732086, "count": 1, "value": 1, "Porcentaje_Cobertura_Forestal": 0.0, "NDVI_Medio_Poligono": 0.6227874711109449, "Codigo_Tipo_Bosque_Predom": 0.0, "Densidad_C_Media_tC_ha": 5.6107087135314941, "Carbono_Perdido_tC": 0.49902222731597623, "Nombre_Tipo_Bosque_Predom": "Sin Datos" }, "geometry": { "type": "MultiPolygon", "coordinates": [ [ [ [ 4919231.132320902310312, 2108236.259806075599045 ], [ 4919231.165203419514, 2108266.039777112193406 ], [ 4919261.031219322234392, 2108266.006804793607444 ], [ 4919260.998348967172205, 2108236.226835523732007 ], [ 4919231.132320902310312, 2108236.259806075599045 ] ] ] ] } },
{ "type": "Feature", "properties": { "id": "+394335+278380", "Area_ha": 0.26682352402074322, "count": 3, "value": 1, "Porcentaje_Cobertura_Forestal": 0.0, "NDVI_Medio_Poligono": 0.58035313359705987, "Codigo_Tipo_Bosque_Predom": 0.0, "Densidad_C_Media_tC_ha": 5.6107087135314941, "Carbono_Perdido_tC": 1.4970690711983639, "Nombre_Tipo_Bosque_Predom": "Sin Datos" }, "geometry": { "type": "MultiPolygon", "coordinates": [ [ [ [ 4919230.967934950254858, 2108087.359954482875764 ], [ 4919231.066561195068061, 2108176.699864719994366 ], [ 4919260.932613581418991, 2108176.666897701099515 ], [ 4919260.834023813717067, 2108087.326992763672024 ], [ 4919230.967934950254858, 2108087.359954482875764 ] ] ] ] } },
{ "type": "Feature", "properties": { "id": "+394337+278293", "Area_ha": 0.26681421805222344, "count": 3, "value": 1, "Porcentaje_Cobertura_Forestal": 0.0, "NDVI_Medio_Poligono": 0.71926986546686367, "Codigo_Tipo_Bosque_Predom": 0.0, "Densidad_C_Media_tC_ha": 18.959318161010742, "Carbono_Perdido_tC": 5.0586156499334001, "Nombre_Tipo_Bosque_Predom": "Sin Datos" }, "geometry": { "type": "MultiPolygon", "coordinates": [ [ [ [ 4919293.564639071933925, 2110678.152008396573365 ], [ 4919293.630648191086948, 2110737.711982978973538 ], [ 4919353.360647737048566, 2110737.645806365180761 ], [ 4919353.327666723169386, 2110707.865822483319789 ], [ 4919323.462655618786812, 2110707.898902900051326 ], [ 4919323.42966416105628, 2110678.118917494080961 ], [ 4919293.564639071933925, 2110678.152008396573365 ] ] ] ] } },
{ "type": "Feature", "properties": { "id": "+394337+278377", "Area_ha": 0.088941082454816203, "count": 1, "value": 1, "Porcentaje_Cobertura_Forestal": 0.0, "NDVI_Medio_Poligono": 0.67693702837028258, "Codigo_Tipo_Bosque_Predom": 0.0, "Densidad_C_Media_tC_ha": 5.6107087135314941, "Carbono_Perdido_tC": 0.49902250632016038, "Nombre_Tipo_Bosque_Predom": "Sin Datos" }, "geometry": { "type": "MultiPolygon", "coordinates": [ [ [ [ 4919290.798664199188352, 2108176.633942877408117 ], [ 4919290.831518843770027, 2108206.413909902796149 ], [ 4919320.697555530816317, 2108206.380965508986264 ], [ 4919320.664713045582175, 2108176.601000248920172 ], [ 4919290.798664199188352, 2108176.633942877408117 ] ] ] ] } },
{ "type": "Feature", "properties": { "id": "+394338+278314", "Area_ha": 0.088938832339252982, "count": 1, "value": 1, "Porcentaje_Cobertura_Forestal": 0.0, "NDVI_Medio_Poligono": 0.491868328394785, "Codigo_Tipo_Bosque_Predom": 0.0, "Densidad_C_Media_tC_ha": 18.959318161010742, "Carbono_Perdido_tC": 1.6862196191886887, "Nombre_Tipo_Bosque_Predom": "Sin Datos" }, "geometry": { "type": "MultiPolygon", "coordinates": [ [ [ [ 4919322.737253228202462, 2110052.739279479719698 ], [ 4919322.770207442343235, 2110082.519259841181338 ], [ 4919352.635474934242666, 2110082.486216477118433 ], [ 4919352.602532921358943, 2110052.706237880513072 ], [ 4919322.737253228202462, 2110052.739279479719698 ] ] ] ] } },
{ "type": "Feature", "properties": { "id": "+394338+278328", "Area_ha": 0.088939330662100108, "count": 1, "value": 1, "Porcentaje_Cobertura_Forestal": 0.0, "NDVI_Medio_Poligono": 0.70188711508825319, "Codigo_Tipo_Bosque_Predom": 0.0, "Densidad_C_Media_tC_ha": 22.395994186401367, "Carbono_Perdido_tC": 1.9918847324508229, "Nombre_Tipo_Bosque_Predom": "Sin Datos" }, "geometry": { "type": "MultiPolygon", "coordinates": [ [ [ [ 4919322.276080437935889, 2109635.819579634349793 ], [ 4919322.309009823948145, 2109665.599556635133922 ], [ 4919352.174448079429567, 2109665.566537973936647 ], [ 4919352.141530886292458, 2109635.786562737077475 ], [ 4919322.276080437935889, 2109635.819579634349793 ] ] ] ] } },
{ "type": "Feature", "properties": { "id": "+394338+278385", "Area_ha": 0.088941355663089777, "count": 1, "value": 1, "Porcentaje_Cobertura_Forestal": 0.0, "NDVI_Medio_Poligono": 0.59858458244438961, "Codigo_Tipo_Bosque_Predom": 0.96639460325241089, "Densidad_C_Media_tC_ha": 24.868850569899319, "Carbono_Perdido_tC": 2.2118692834696483, "Nombre_Tipo_Bosque_Predom": "Sin Datos" }, "geometry": { "type": "MultiPolygon", "coordinates": [ [ [ [ 4919320.402037013322115, 2107938.361286784522235 ], [ 4919320.434865309856832, 2107968.141250129323453 ], [ 4919350.30099749006331, 2107968.108332048170269 ], [ 4919350.268181349150836, 2107938.32837046822533 ], [ 4919320.402037013322115, 2107938.361286784522235 ] ] ] ] } },
{ "type": "Feature", "properties": { "id": "+394339+278376", "Area_ha": 0.088941025718949102, "count": 1, "value": 1, "Porcentaje_Cobertura_Forestal": 0.0, "NDVI_Medio_Poligono": 0.79943153258522204, "Codigo_Tipo_Bosque_Predom": 0.0, "Densidad_C_Media_tC_ha": 5.6107087135314933, "Carbono_Perdido_tC": 0.49902218799173637, "Nombre_Tipo_Bosque_Predom": "Sin Datos" }, "geometry": { "type": "MultiPolygon", "coordinates": [ [ [ [ 4919350.563590446487069, 2108206.348033310845494 ], [ 4919350.596422543749213, 2108236.127997046336532 ], [ 4919380.462443527765572, 2108236.09507527993992 ], [ 4919380.429623590782285, 2108206.3151133088395 ], [ 4919350.563590446487069, 2108206.348033310845494 ] ] ] ] } },
{ "type": "Feature", "properties": { "id": "+394340+278286", "Area_ha": 0.17787563726840599, "count": 2, "value": 1, "Porcentaje_Cobertura_Forestal": 0.0, "NDVI_Medio_Poligono": 0.77338053264208362, "Codigo_Tipo_Bosque_Predom": 2.0732779502868652, "Densidad_C_Media_tC_ha": 18.959318161010742, "Carbono_Perdido_tC": 3.3724008000642489, "Nombre_Tipo_Bosque_Predom": "Sin Datos" }, "geometry": { "type": "MultiPolygon", "coordinates": [ [ [ [ 4919353.525579402223229, 2110886.545729380100965 ], [ 4919353.558571053668857, 2110916.325714703183621 ], [ 4919413.288416898809373, 2110916.25956593407318 ], [ 4919413.255449688062072, 2110886.479584137909114 ], [ 4919353.525579402223229, 2110886.545729380100965 ] ] ] ] } },
{ "type": "Feature", "properties": { "id": "+394340+278347", "Area_ha": 0.2668199516668916, "count": 3, "value": 1, "Porcentaje_Cobertura_Forestal": 0.0, "NDVI_Medio_Poligono": 0.72520755447429019, "Codigo_Tipo_Bosque_Predom": 0.0, "Densidad_C_Media_tC_ha": 22.395994186401367, "Carbono_Perdido_tC": 5.9756980863475979, "Nombre_Tipo_Bosque_Predom": "Sin Datos" }, "geometry": { "type": "MultiPolygon", "coordinates": [ [ [ [ 4919411.2806590879336, 2109099.681115990504622 ], [ 4919411.247799938544631, 2109069.901148837525398 ], [ 4919351.516441284678876, 2109069.967078935820609 ], [ 4919351.54932479467243, 2109099.747049615718424 ], [ 4919411.2806590879336, 2109099.681115990504622 ] ] ], [ [ [ 4919351.582210076972842, 2109129.527020534966141 ], [ 4919351.54932479467243, 2109099.747049615718424 ], [ 4919321.683654994703829, 2109099.780034751165658 ], [ 4919321.716552457772195, 2109129.560007435269654 ], [ 4919351.582210076972842, 2109129.527020534966141 ] ] ] ] } },
{ "type": "Feature", "properties": { "id": "+394340+278380", "Area_ha": 0.44470574140074021, "count": 5, "value": 1, "Porcentaje_Cobertura_Forestal": 0.0, "NDVI_Medio_Poligono": 0.67075491018350453, "Codigo_Tipo_Bosque_Predom": 0.0, "Densidad_C_Media_tC_ha": 5.6107087135314941, "Carbono_Perdido_tC": 2.4951143782346166, "Nombre_Tipo_Bosque_Predom": "Sin Datos" }, "geometry": { "type": "MultiPolygon", "coordinates": [ [ [ [ 4919350.432279786095023, 2108087.228180766105652 ], [ 4919350.497931570746005, 2108146.788106560707092 ], [ 4919440.096098663285375, 2108146.689393721520901 ], [ 4919440.063308360986412, 2108116.909435994457453 ], [ 4919410.197242272086442, 2108116.94232631707564 ], [ 4919410.164441582746804, 2108087.162367066368461 ], [ 4919350.432279786095023, 2108087.228180766105652 ] ] ] ] } },
{ "type": "Feature", "properties": { "id": "+394340+278383", "Area_ha": 0.17788253758307254, "count": 2, "value": 1, "Porcentaje_Cobertura_Forestal": 0.0, "NDVI_Medio_Poligono": 0.7214677645215557, "Codigo_Tipo_Bosque_Predom": 1.8822194337844849, "Densidad_C_Media_tC_ha": 5.6107087135314941, "Carbono_Perdido_tC": 0.99804710360243865, "Nombre_Tipo_Bosque_Predom": "Sin Datos" }, "geometry": { "type": "MultiPolygon", "coordinates": [ [ [ [ 4919350.333815405145288, 2107997.888293869327754 ], [ 4919350.366635092534125, 2108027.668255929369479 ], [ 4919410.098845519125462, 2108027.602449284866452 ], [ 4919410.066050144843757, 2107997.822490752208978 ], [ 4919350.333815405145288, 2107997.888293869327754 ] ] ] ] } },
{ "type": "Feature", "properties": { "id": "+394340+278423", "Area_ha": 0.17788537256370182, "count": 2, "value": 1, "Porcentaje_Cobertura_Forestal": 0.0, "NDVI_Medio_Poligono": 0.38463298088079434, "Codigo_Tipo_Bosque_Predom": 0.0, "Densidad_C_Media_tC_ha": 30.610225677490234, "Carbono_Perdido_tC": 5.4451113988993427, "Nombre_Tipo_Bosque_Predom": "Sin Datos" }, "geometry": { "type": "MultiPolygon", "coordinates": [ [ [ [ 4919349.022481658495963, 2106806.690007498953491 ], [ 4919349.055230431258678, 2106836.469960000365973 ], [ 4919408.788412344641984, 2106836.404294453561306 ], [ 4919408.755687831901014, 2106806.624345479533076 ], [ 4919349.022481658495963, 2106806.690007498953491 ] ] ] ] } },
{ "type": "Feature", "properties": { "id": "+394341+278282", "Area_ha": 0.62256317504035108, "count": 7, "value": 1, "Porcentaje_Cobertura_Forestal": 0.0, "NDVI_Medio_Poligono": 0.59011265813836888, "Codigo_Tipo_Bosque_Predom": 0.0, "Densidad_C_Media_tC_ha": 44.42821121215821, "Carbono_Perdido_tC": 27.659368233604539, "Nombre_Tipo_Bosque_Predom": "Sin Datos" }, "geometry": { "type": "MultiPolygon", "coordinates": [ [ [ [ 4919413.387329161167145, 2111005.599512768909335 ], [ 4919413.453279526904225, 2111065.159478528890759 ], [ 4919443.318138688802719, 2111065.126413715071976 ], [ 4919443.35110430419445, 2111094.906395193655044 ], [ 4919413.486257366836071, 2111094.939461770001799 ], [ 4919413.519236978143454, 2111124.719445249531418 ], [ 4919473.248904637992382, 2111124.653320832643658 ], [ 4919473.182996083982289, 2111065.093361159786582 ], [ 4919503.047851709648967, 2111065.060320863500237 ], [ 4919503.014912310987711, 2111035.280343148391694 ], [ 4919443.285174843855202, 2111035.346432477235794 ], [ 4919443.2522127693519, 2111005.566451479680836 ], [ 4919413.387329161167145, 2111005.599512768909335 ] ] ] ] } },
{ "type": "Feature", "properties": { "id": "+394341+278375", "Area_ha": 0.088940969011079868, "count": 1, "value": 1, "Porcentaje_Cobertura_Forestal": 0.0, "NDVI_Medio_Poligono": 0.74683872874958213, "Codigo_Tipo_Bosque_Predom": 0.0, "Densidad_C_Media_tC_ha": 5.6107087135314941, "Carbono_Perdido_tC": 0.49902186982040042, "Nombre_Tipo_Bosque_Predom": "Sin Datos" }, "geometry": { "type": "MultiPolygon", "coordinates": [ [ [ [ 4919410.328462745063007, 2108236.062165710143745 ], [ 4919410.361272291280329, 2108265.842126157134771 ], [ 4919440.227277578786016, 2108265.809227021411061 ], [ 4919440.194480193778872, 2108236.029268336948007 ], [ 4919410.328462745063007, 2108236.062165710143745 ] ] ] ] } },
{ "type": "Feature", "properties": { "id": "+394341+278421", "Area_ha": 0.088942599566403074, "count": 1, "value": 1, "Porcentaje_Cobertura_Forestal": 0.0, "NDVI_Medio_Poligono": 0.67290150831979512, "Codigo_Tipo_Bosque_Predom": 0.0, "Densidad_C_Media_tC_ha": 30.610225677490234, "Carbono_Perdido_tC": 2.7225530450702431, "Nombre_Tipo_Bosque_Predom": "Sin Datos" }, "geometry": { "type": "MultiPolygon", "coordinates": [ [ [ [ 4919408.82113862875849, 2106866.184243664611131 ], [ 4919408.853866684250534, 2106895.964193116407841 ], [ 4919438.720430727116764, 2106895.931375065818429 ], [ 4919438.687714803032577, 2106866.151427377481014 ], [ 4919408.82113862875849, 2106866.184243664611131 ] ] ] ] } },
{ "type": "Feature", "properties": { "id": "+394342+278285", "Area_ha": 0.17787547725181502, "count": 2, "value": 1, "Porcentaje_Cobertura_Forestal": 0.0, "NDVI_Medio_Poligono": 0.75616692256293871, "Codigo_Tipo_Bosque_Predom": 1.7323917150497437, "Densidad_C_Media_tC_ha": 34.640222494605446, "Carbono_Perdido_tC": 6.1616461083370018, "Nombre_Tipo_Bosque_Predom": "Sin Datos" }, "geometry": { "type": "MultiPolygon", "coordinates": [ [ [ [ 4919443.153337171301246, 2110916.226509932428598 ], [ 4919443.219252465292811, 2110975.786470724735409 ], [ 4919473.084146528504789, 2110975.753423454705626 ], [ 4919473.018255676142871, 2110916.193466185592115 ], [ 4919443.153337171301246, 2110916.226509932428598 ] ] ] ] } },
{ "type": "Feature", "properties": { "id": "+394342+278373", "Area_ha": 0.71152685740037991, "count": 8, "value": 1, "Porcentaje_Cobertura_Forestal": 0.0, "NDVI_Medio_Poligono": 0.67759177745086063, "Codigo_Tipo_Bosque_Predom": 0.0, "Densidad_C_Media_tC_ha": 5.6107087135314941, "Carbono_Perdido_tC": 3.9921699387279923, "Nombre_Tipo_Bosque_Predom": "Sin Datos" }, "geometry": { "type": "MultiPolygon", "coordinates": [ [ [ [ 4919440.26007697544992, 2108295.589186057914048 ], [ 4919440.325680600479245, 2108355.149104622658342 ], [ 4919470.191647628322244, 2108355.116212397813797 ], [ 4919470.12606833036989, 2108295.556297357194126 ], [ 4919440.26007697544992, 2108295.589186057914048 ] ] ], [ [ [ 4919320.796093866229057, 2108295.720862839370966 ], [ 4919320.861794796772301, 2108355.280795512720942 ], [ 4919350.727768900804222, 2108355.247854491695762 ], [ 4919350.662092295475304, 2108295.68792534712702 ], [ 4919320.796093866229057, 2108295.720862839370966 ] ] ], [ [ [ 4919350.727768900804222, 2108355.247854491695762 ], [ 4919350.760609862394631, 2108385.027819423004985 ], [ 4919440.358485069125891, 2108384.92906426358968 ], [ 4919440.325680600479245, 2108355.149104622658342 ], [ 4919350.727768900804222, 2108355.247854491695762 ] ] ], [ [ [ 4919440.358485069125891, 2108384.92906426358968 ], [ 4919440.391291309148073, 2108414.709024144802243 ], [ 4919470.257234008051455, 2108414.676128395833075 ], [ 4919470.224439932964742, 2108384.896170276682824 ], [ 4919440.358485069125891, 2108384.92906426358968 ] ] ] ] } },
{ "type": "Feature", "properties": { "id": "+394342+278424", "Area_ha": 0.088942695156921395, "count": 1, "value": 1, "Porcentaje_Cobertura_Forestal": 0.0, "NDVI_Medio_Poligono": 0.60684182520048247, "Codigo_Tipo_Bosque_Predom": 0.0, "Densidad_C_Media_tC_ha": 30.610225677490234, "Carbono_Perdido_tC": 2.7225559711175817, "Nombre_Tipo_Bosque_Predom": "Sin Datos" }, "geometry": { "type": "MultiPolygon", "coordinates": [ [ [ [ 4919438.589577656239271, 2106776.811585745308548 ], [ 4919438.62228826712817, 2106806.591532717924565 ], [ 4919468.488886935636401, 2106806.558732120785862 ], [ 4919468.456188453361392, 2106776.778786910697818 ], [ 4919438.589577656239271, 2106776.811585745308548 ] ] ] ] } },
{ "type": "Feature", "properties": { "id": "+394343+278274", "Area_ha": 0.088937353436605193, "count": 1, "value": 1, "Porcentaje_Cobertura_Forestal": 0.0, "NDVI_Medio_Poligono": 0.56410057656966806, "Codigo_Tipo_Bosque_Predom": 1.621598482131958, "Densidad_C_Media_tC_ha": 44.428211212158203, "Carbono_Perdido_tC": 3.9513275231318596, "Nombre_Tipo_Bosque_Predom": "Sin Datos" }, "geometry": { "type": "MultiPolygon", "coordinates": [ [ [ [ 4919473.38074298761785, 2111243.773243065923452 ], [ 4919473.413707000203431, 2111273.553224226459861 ], [ 4919503.278477044776082, 2111273.520171602256596 ], [ 4919503.245525259524584, 2111243.740192202851176 ], [ 4919473.38074298761785, 2111243.773243065923452 ] ] ] ] } },
{ "type": "Feature", "properties": { "id": "+394345+278383", "Area_ha": 0.088941210472585228, "count": 1, "value": 1, "Porcentaje_Cobertura_Forestal": 0.0, "NDVI_Medio_Poligono": 0.70511224905446113, "Codigo_Tipo_Bosque_Predom": 0.0, "Densidad_C_Media_tC_ha": 5.6107087135314941, "Carbono_Perdido_tC": 0.49902322459057252, "Nombre_Tipo_Bosque_Predom": "Sin Datos" }, "geometry": { "type": "MultiPolygon", "coordinates": [ [ [ [ 4919529.530498414300382, 2107997.691030811518431 ], [ 4919529.563245163299143, 2108027.470982297789305 ], [ 4919559.429340659640729, 2108027.438146030530334 ], [ 4919559.396606066264212, 2107997.658196304924786 ], [ 4919529.530498414300382, 2107997.691030811518431 ] ] ] ] } },
{ "type": "Feature", "properties": { "id": "+394345+278388", "Area_ha": 0.17788274018637748, "count": 2, "value": 1, "Porcentaje_Cobertura_Forestal": 0.0, "NDVI_Medio_Poligono": 0.62668579813422975, "Codigo_Tipo_Bosque_Predom": 0.0, "Densidad_C_Media_tC_ha": 38.150424957275391, "Carbono_Perdido_tC": 6.7863021306749092, "Nombre_Tipo_Bosque_Predom": "Sin Datos" }, "geometry": { "type": "MultiPolygon", "coordinates": [ [ [ [ 4919529.366791201755404, 2107848.791276971809566 ], [ 4919529.432268779724836, 2107908.351177791133523 ], [ 4919559.298412897624075, 2107908.318348564207554 ], [ 4919559.232959626242518, 2107848.758451265282929 ], [ 4919529.366791201755404, 2107848.791276971809566 ] ] ] ] } },
{ "type": "Feature", "properties": { "id": "+394346+278284", "Area_ha": 0.35575049960790495, "count": 4, "value": 1, "Porcentaje_Cobertura_Forestal": 0.0, "NDVI_Medio_Poligono": 0.59867127662050657, "Codigo_Tipo_Bosque_Predom": 0.0, "Densidad_C_Media_tC_ha": 44.428211212158203, "Carbono_Perdido_tC": 15.805358335410805, "Nombre_Tipo_Bosque_Predom": "Sin Datos" }, "geometry": { "type": "MultiPolygon", "coordinates": [ [ [ [ 4919562.645908472128212, 2110945.874381710775197 ], [ 4919562.777557669207454, 2111064.994277045596391 ], [ 4919592.642408001236618, 2111064.96127352444455 ], [ 4919592.510807693004608, 2110945.841385226231068 ], [ 4919562.645908472128212, 2110945.874381710775197 ] ] ] ] } },
{ "type": "Feature", "properties": { "id": "+394346+278315", "Area_ha": 0.088938783110491929, "count": 1, "value": 1, "Porcentaje_Cobertura_Forestal": 0.0, "NDVI_Medio_Poligono": 0.81451714261927077, "Codigo_Tipo_Bosque_Predom": 0.0, "Densidad_C_Media_tC_ha": 18.959318161010742, "Carbono_Perdido_tC": 1.6862186858449451, "Nombre_Tipo_Bosque_Predom": "Sin Datos" }, "geometry": { "type": "MultiPolygon", "coordinates": [ [ [ [ 4919561.626586436294019, 2110022.69532327586785 ], [ 4919561.659441269002855, 2110052.475289299618453 ], [ 4919591.524706826545298, 2110052.44234559033066 ], [ 4919591.49186419416219, 2110022.662381325848401 ], [ 4919561.626586436294019, 2110022.69532327586785 ] ] ] ] } },
{ "type": "Feature", "properties": { "id": "+394346+278370", "Area_ha": 0.26682210909337589, "count": 3, "value": 1, "Porcentaje_Cobertura_Forestal": 0.0, "NDVI_Medio_Poligono": 0.64748395979909745, "Codigo_Tipo_Bosque_Predom": 0.0, "Densidad_C_Media_tC_ha": 5.6107087135314941, "Carbono_Perdido_tC": 1.4970611324530549, "Nombre_Tipo_Bosque_Predom": "Sin Datos" }, "geometry": { "type": "MultiPolygon", "coordinates": [ [ [ [ 4919559.822293696925044, 2108384.797561399172992 ], [ 4919559.920571741648018, 2108474.137420628685504 ], [ 4919589.786483047530055, 2108474.10457016248256 ], [ 4919589.688241499476135, 2108384.764716211240739 ], [ 4919559.822293696925044, 2108384.797561399172992 ] ] ] ] } },
{ "type": "Feature", "properties": { "id": "+394346+278379", "Area_ha": 0.17788212651841459, "count": 2, "value": 1, "Porcentaje_Cobertura_Forestal": 0.0, "NDVI_Medio_Poligono": 0.6172367670657557, "Codigo_Tipo_Bosque_Predom": 0.69822216033935547, "Densidad_C_Media_tC_ha": 5.6107087135314941, "Carbono_Perdido_tC": 0.99804479723838035, "Nombre_Tipo_Bosque_Predom": "Sin Datos" }, "geometry": { "type": "MultiPolygon", "coordinates": [ [ [ [ 4919529.661496023647487, 2108116.810838189441711 ], [ 4919529.69424984883517, 2108146.59079063218087 ], [ 4919589.426341811195016, 2108146.525116212200373 ], [ 4919589.393612304702401, 2108116.745167288463563 ], [ 4919529.661496023647487, 2108116.810838189441711 ] ] ] ] } },
{ "type": "Feature", "properties": { "id": "+394346+278393", "Area_ha": 0.088941554531009756, "count": 1, "value": 1, "Porcentaje_Cobertura_Forestal": 0.0, "NDVI_Medio_Poligono": 0.59974092730406703, "Codigo_Tipo_Bosque_Predom": 0.23151546716690063, "Densidad_C_Media_tC_ha": 38.150424957275391, "Carbono_Perdido_tC": 3.3931581017187047, "Nombre_Tipo_Bosque_Predom": "Sin Datos" }, "geometry": { "type": "MultiPolygon", "coordinates": [ [ [ [ 4919559.069357393309474, 2107699.858712206594646 ], [ 4919559.102074303664267, 2107729.638659539166838 ], [ 4919588.968289568088949, 2107729.605853057932109 ], [ 4919588.935584806837142, 2107699.825907485093921 ], [ 4919559.069357393309474, 2107699.858712206594646 ] ] ] ] } },
{ "type": "Feature", "properties": { "id": "+394347+278364", "Area_ha": 0.17788099429853466, "count": 2, "value": 1, "Porcentaje_Cobertura_Forestal": 0.0, "NDVI_Medio_Poligono": 0.56556625810958461, "Codigo_Tipo_Bosque_Predom": 0.0, "Densidad_C_Media_tC_ha": 5.6107087135314941, "Carbono_Perdido_tC": 0.99803844468243441, "Nombre_Tipo_Bosque_Predom": "Sin Datos" }, "geometry": { "type": "MultiPolygon", "coordinates": [ [ [ [ 4919589.884740504436195, 2108563.444426267407835 ], [ 4919589.950254313647747, 2108623.004331533797085 ], [ 4919619.816103014163673, 2108622.971484475769103 ], [ 4919619.750613543204963, 2108563.411582726519555 ], [ 4919589.884740504436195, 2108563.444426267407835 ] ] ] ] } },
{ "type": "Feature", "properties": { "id": "+394347+278390", "Area_ha": 0.088941437575091556, "count": 1, "value": 1, "Porcentaje_Cobertura_Forestal": 0.0, "NDVI_Medio_Poligono": 0.5340946972471633, "Codigo_Tipo_Bosque_Predom": 0.0, "Densidad_C_Media_tC_ha": 38.150424957275391, "Carbono_Perdido_tC": 3.3931536398007243, "Nombre_Tipo_Bosque_Predom": "Sin Datos" }, "geometry": { "type": "MultiPolygon", "coordinates": [ [ [ [ 4919589.033704390749335, 2107789.165744924917817 ], [ 4919589.06641445402056, 2107818.945691216737032 ], [ 4919618.93259150069207, 2107818.912891644984484 ], [ 4919618.899893589317799, 2107789.13294711150229 ], [ 4919589.033704390749335, 2107789.165744924917817 ] ] ] ] } },
{ "type": "Feature", "properties": { "id": "+394349+278386", "Area_ha": 0.44470632887425599, "count": 5, "value": 1, "Porcentaje_Cobertura_Forestal": 0.0, "NDVI_Medio_Poligono": 0.66928558426320017, "Codigo_Tipo_Bosque_Predom": 0.0, "Densidad_C_Media_tC_ha": 57.140630137435437, "Carbono_Perdido_tC": 25.410799857980585, "Nombre_Tipo_Bosque_Predom": "Sin Datos" }, "geometry": { "type": "MultiPolygon", "coordinates": [ [ [ [ 4919619.030695836991072, 2107908.252726678270847 ], [ 4919619.096107562072575, 2107967.812617895659059 ], [ 4919708.694445820525289, 2107967.714265941642225 ], [ 4919708.661775539629161, 2107937.934325486421585 ], [ 4919678.795652395114303, 2107937.967095524072647 ], [ 4919678.762971724383533, 2107908.187153549399227 ], [ 4919619.030695836991072, 2107908.252726678270847 ] ] ] ] } },
{ "type": "Feature", "properties": { "id": "+394349+278394", "Area_ha": 0.5336491721838218, "count": 6, "value": 1, "Porcentaje_Cobertura_Forestal": 0.0, "NDVI_Medio_Poligono": 0.56420556148177936, "Codigo_Tipo_Bosque_Predom": 0.0, "Densidad_C_Media_tC_ha": 83.640947234218658, "Carbono_Perdido_tC": 44.634922252211503, "Nombre_Tipo_Bosque_Predom": "Sin Datos" }, "geometry": { "type": "MultiPolygon", "coordinates": [ [ [ [ 4919618.769119613803923, 2107670.013171371538192 ], [ 4919618.834503067657351, 2107729.573058762587607 ], [ 4919678.566924780607224, 2107729.507506727706641 ], [ 4919678.599594856612384, 2107759.287447266746312 ], [ 4919708.465790917165577, 2107759.254687770269811 ], [ 4919708.400476830080152, 2107699.694810446351767 ], [ 4919678.534256469458342, 2107699.727566428948194 ], [ 4919678.501589924097061, 2107669.947626367677003 ], [ 4919618.769119613803923, 2107670.013171371538192 ] ] ] ] } },
{ "type": "Feature", "properties": { "id": "+394350+278334", "Area_ha": 0.088939416948791775, "count": 1, "value": 1, "Porcentaje_Cobertura_Forestal": 0.0, "NDVI_Medio_Poligono": 0.80478235335140558, "Codigo_Tipo_Bosque_Predom": 0.0, "Densidad_C_Media_tC_ha": 16.534454345703125, "Carbono_Perdido_tC": 1.4705647290732524, "Nombre_Tipo_Bosque_Predom": "Sin Datos" }, "geometry": { "type": "MultiPolygon", "coordinates": [ [ [ [ 4919680.464707803912461, 2109456.744453682564199 ], [ 4919680.497480287216604, 2109486.524408111814409 ], [ 4919710.362970498390496, 2109486.491546723991632 ], [ 4919710.330210204236209, 2109456.711594051215798 ], [ 4919680.464707803912461, 2109456.744453682564199 ] ] ] ] } },
{ "type": "Feature", "properties": { "id": "+394350+278388", "Area_ha": 0.17788262376934291, "count": 2, "value": 1, "Porcentaje_Cobertura_Forestal": 0.0, "NDVI_Medio_Poligono": 0.60918126568385011, "Codigo_Tipo_Bosque_Predom": 0.0, "Densidad_C_Media_tC_ha": 128.09574890136719, "Carbono_Perdido_tC": 22.786007908274119, "Nombre_Tipo_Bosque_Predom": "Sin Datos" }, "geometry": { "type": "MultiPolygon", "coordinates": [ [ [ [ 4919708.596440510824323, 2107878.374445405323058 ], [ 4919708.563775524497032, 2107848.594505666289479 ], [ 4919678.697615920566022, 2107848.62727043312043 ], [ 4919678.730293059721589, 2107878.407211928628385 ], [ 4919708.596440510824323, 2107878.374445405323058 ] ] ], [ [ [ 4919738.495240800082684, 2107908.12162929167971 ], [ 4919738.462586202658713, 2107878.341691069770604 ], [ 4919708.596440510824323, 2107878.374445405323058 ], [ 4919708.629107262007892, 2107908.154385383240879 ], [ 4919738.495240800082684, 2107908.12162929167971 ] ] ] ] } },
{ "type": "Feature", "properties": { "id": "+394350+278390", "Area_ha": 0.088941405832800954, "count": 1, "value": 1, "Porcentaje_Cobertura_Forestal": 0.0, "NDVI_Medio_Poligono": 0.70189918358104331, "Codigo_Tipo_Bosque_Predom": 0.72033709287643433, "Densidad_C_Media_tC_ha": 128.09574890136719, "Carbono_Perdido_tC": 11.393015988493065, "Nombre_Tipo_Bosque_Predom": "Sin Datos" }, "geometry": { "type": "MultiPolygon", "coordinates": [ [ [ [ 4919678.632266699336469, 2107789.067388045135885 ], [ 4919678.664940306916833, 2107818.84732906287536 ], [ 4919708.531112064607441, 2107818.814566052984446 ], [ 4919708.498450608924031, 2107789.034626792185009 ], [ 4919678.632266699336469, 2107789.067388045135885 ] ] ] ] } },
{ "type": "Feature", "properties": { "id": "+394352+278310", "Area_ha": 0.17787704758329054, "count": 2, "value": 1, "Porcentaje_Cobertura_Forestal": 0.0, "NDVI_Medio_Poligono": 0.438348567313528, "Codigo_Tipo_Bosque_Predom": 0.0, "Densidad_C_Media_tC_ha": 15.189042091369629, "Carbono_Perdido_tC": 2.7017819628311583, "Nombre_Tipo_Bosque_Predom": "Sin Datos" }, "geometry": { "type": "MultiPolygon", "coordinates": [ [ [ [ 4919740.982152317650616, 2110171.397634901572019 ], [ 4919741.047734978608787, 2110230.957548499573022 ], [ 4919770.912916743196547, 2110230.924667676445097 ], [ 4919770.847358491271734, 2110171.364757588598877 ], [ 4919740.982152317650616, 2110171.397634901572019 ] ] ] ] } },
{ "type": "Feature", "properties": { "id": "+394352+278383", "Area_ha": 0.088941136416222435, "count": 1, "value": 1, "Porcentaje_Cobertura_Forestal": 0.0, "NDVI_Medio_Poligono": 0.47470029018282012, "Codigo_Tipo_Bosque_Predom": 0.0, "Densidad_C_Media_tC_ha": 11.107742309570312, "Carbono_Perdido_tC": 0.98793522403173883, "Nombre_Tipo_Bosque_Predom": "Sin Datos" }, "geometry": { "type": "MultiPolygon", "coordinates": [ [ [ [ 4919738.593214938417077, 2107997.461445278022438 ], [ 4919738.625876593403518, 2108027.241384456865489 ], [ 4919768.491959748789668, 2108027.208633532747626 ], [ 4919768.459310251288116, 2107997.428696109447628 ], [ 4919738.593214938417077, 2107997.461445278022438 ] ] ] ] } },
{ "type": "Feature", "properties": { "id": "+394353+278386", "Area_ha": 0.08894123227025412, "count": 1, "value": 1, "Porcentaje_Cobertura_Forestal": 0.0, "NDVI_Medio_Poligono": 0.54682354630629249, "Codigo_Tipo_Bosque_Predom": 0.63886016607284546, "Densidad_C_Media_tC_ha": 128.09574890136719, "Carbono_Perdido_tC": 11.392993755868648, "Nombre_Tipo_Bosque_Predom": "Sin Datos" }, "geometry": { "type": "MultiPolygon", "coordinates": [ [ [ [ 4919768.361372337676585, 2107908.088885275181383 ], [ 4919768.394016545265913, 2107937.868821981362998 ], [ 4919798.260134408250451, 2107937.836088513489813 ], [ 4919798.227502355352044, 2107908.056153562385589 ], [ 4919768.361372337676585, 2107908.088885275181383 ] ] ] ] } },
{ "type": "Feature", "properties": { "id": "+394354+278349", "Area_ha": 0.088939908014738472, "count": 1, "value": 1, "Porcentaje_Cobertura_Forestal": 0.0, "NDVI_Medio_Poligono": 0.76721652640126237, "Codigo_Tipo_Bosque_Predom": 0.0, "Densidad_C_Media_tC_ha": 16.534454345703125, "Carbono_Perdido_tC": 1.4705728485807288, "Nombre_Tipo_Bosque_Predom": "Sin Datos" }, "geometry": { "type": "MultiPolygon", "coordinates": [ [ [ [ 4919799.436062472872436, 2109009.913906162139028 ], [ 4919799.468759756535292, 2109039.693849971983582 ], [ 4919829.334425685927272, 2109039.66106379032135 ], [ 4919829.301740580238402, 2109009.881121735088527 ], [ 4919799.436062472872436, 2109009.913906162139028 ] ] ] ] } },
{ "type": "Feature", "properties": { "id": "+394354+278351", "Area_ha": 0.088939979092705471, "count": 1, "value": 1, "Porcentaje_Cobertura_Forestal": 0.0, "NDVI_Medio_Poligono": 0.72657000503249314, "Codigo_Tipo_Bosque_Predom": 0.0, "Densidad_C_Media_tC_ha": 16.534454345703125, "Carbono_Perdido_tC": 1.4705740238161291, "Nombre_Tipo_Bosque_Predom": "Sin Datos" }, "geometry": { "type": "MultiPolygon", "coordinates": [ [ [ [ 4919799.370673194527626, 2108950.354019259102643 ], [ 4919799.403366952203214, 2108980.133962590713054 ], [ 4919829.269057237543166, 2108980.101179917808622 ], [ 4919829.236375656910241, 2108950.321238339878619 ], [ 4919799.370673194527626, 2108950.354019259102643 ] ] ] ] } },
{ "type": "Feature", "properties": { "id": "+394354+278416", "Area_ha": 0.1778845804347424, "count": 2, "value": 1, "Porcentaje_Cobertura_Forestal": 0.0, "NDVI_Medio_Poligono": 0.6394918220765391, "Codigo_Tipo_Bosque_Predom": 0.10689403116703033, "Densidad_C_Media_tC_ha": 128.09574890136719, "Carbono_Perdido_tC": 22.786258548793818, "Nombre_Tipo_Bosque_Predom": "Sin Datos" }, "geometry": { "type": "MultiPolygon", "coordinates": [ [ [ [ 4919767.382866226136684, 2107014.690895287320018 ], [ 4919767.415457523427904, 2107044.470824822317809 ], [ 4919827.148420179262757, 2107044.405475351028144 ], [ 4919827.11585315130651, 2107014.625549325253814 ], [ 4919767.382866226136684, 2107014.690895287320018 ] ] ] ] } },
{ "type": "Feature", "properties": { "id": "+394354+278422", "Area_ha": 0.26682745704764965, "count": 3, "value": 1, "Porcentaje_Cobertura_Forestal": 0.0, "NDVI_Medio_Poligono": 0.63343493086922797, "Codigo_Tipo_Bosque_Predom": 0.0, "Densidad_C_Media_tC_ha": 114.88035583496094, "Carbono_Perdido_tC": 30.653233212171749, "Nombre_Tipo_Bosque_Predom": "Sin Datos" }, "geometry": { "type": "MultiPolygon", "coordinates": [ [ [ [ 4919767.187355481088161, 2106836.011323094833642 ], [ 4919767.252518675290048, 2106895.571179536636919 ], [ 4919797.11906155012548, 2106895.538507490418851 ], [ 4919797.086491202935576, 2106865.758580904453993 ], [ 4919826.953044448047876, 2106865.725922779645771 ], [ 4919826.920487995259464, 2106835.945998188108206 ], [ 4919767.187355481088161, 2106836.011323094833642 ] ] ] ] } },
{ "type": "Feature", "properties": { "id": "+394355+278380", "Area_ha": 0.088940998300266805, "count": 1, "value": 1, "Porcentaje_Cobertura_Forestal": 0.0, "NDVI_Medio_Poligono": 0.66593102306067198, "Codigo_Tipo_Bosque_Predom": 2.0667252540588379, "Densidad_C_Media_tC_ha": 11.107742309570312, "Carbono_Perdido_tC": 0.98793368987529484, "Nombre_Tipo_Bosque_Predom": "Sin Datos" }, "geometry": { "type": "MultiPolygon", "coordinates": [ [ [ [ 4919828.289376438595355, 2108086.703036805614829 ], [ 4919828.322006911039352, 2108116.482971438206732 ], [ 4919858.18804831430316, 2108116.450251828879118 ], [ 4919858.155430000275373, 2108086.670318949501961 ], [ 4919828.289376438595355, 2108086.703036805614829 ] ] ] ] } },
{ "type": "Feature", "properties": { "id": "+394355+278425", "Area_ha": 0.26682774395817543, "count": 3, "value": 1, "Porcentaje_Cobertura_Forestal": 0.0, "NDVI_Medio_Poligono": 0.6139826991195424, "Codigo_Tipo_Bosque_Predom": 0.0, "Densidad_C_Media_tC_ha": 114.88035583496094, "Carbono_Perdido_tC": 30.653266172555043, "Nombre_Tipo_Bosque_Predom": "Sin Datos" }, "geometry": { "type": "MultiPolygon", "coordinates": [ [ [ [ 4919796.956227444112301, 2106746.638876949436963 ], [ 4919797.021355797536671, 2106806.19872845010832 ], [ 4919826.88793330360204, 2106806.166073834057897 ], [ 4919826.85538037493825, 2106776.386149718426168 ], [ 4919856.721968251280487, 2106776.353509020991623 ], [ 4919856.689429214224219, 2106746.573586897924542 ], [ 4919796.956227444112301, 2106746.638876949436963 ] ] ] ] } },
{ "type": "Feature", "properties": { "id": "+394356+278389", "Area_ha": 0.088941307000711095, "count": 1, "value": 1, "Porcentaje_Cobertura_Forestal": 0.0, "NDVI_Medio_Poligono": 0.46159003951253846, "Codigo_Tipo_Bosque_Predom": 0.0, "Densidad_C_Media_tC_ha": 128.09574890136719, "Carbono_Perdido_tC": 11.3930033285225, "Nombre_Tipo_Bosque_Predom": "Sin Datos" }, "geometry": { "type": "MultiPolygon", "coordinates": [ [ [ [ 4919857.861944446340203, 2107818.650933811441064 ], [ 4919857.894546905532479, 2107848.430864535272121 ], [ 4919887.760695952922106, 2107848.398172895889729 ], [ 4919887.728105646558106, 2107818.618243924807757 ], [ 4919857.861944446340203, 2107818.650933811441064 ] ] ] ] } },
{ "type": "Feature", "properties": { "id": "+394357+278431", "Area_ha": 0.088942784243490308, "count": 1, "value": 1, "Porcentaje_Cobertura_Forestal": 0.0, "NDVI_Medio_Poligono": 0.78828568844919367, "Codigo_Tipo_Bosque_Predom": 1.6537456512451172, "Densidad_C_Media_tC_ha": 114.88035583496094, "Carbono_Perdido_tC": 10.217778702844324, "Nombre_Tipo_Bosque_Predom": "Sin Datos" }, "geometry": { "type": "MultiPolygon", "coordinates": [ [ [ [ 4919886.360902991145849, 2106567.861442913301289 ], [ 4919886.393419333733618, 2106597.641361850779504 ], [ 4919916.260076456703246, 2106597.608755996450782 ], [ 4919916.227572239004076, 2106567.82883881079033 ], [ 4919886.360902991145849, 2106567.861442913301289 ] ] ] ] } },
{ "type": "Feature", "properties": { "id": "+394359+278360", "Area_ha": 3.0239647702459522, "count": 34, "value": 1, "Porcentaje_Cobertura_Forestal": 5.8856199295921803, "NDVI_Medio_Poligono": 0.68555799561170172, "Codigo_Tipo_Bosque_Predom": 0.0, "Densidad_C_Media_tC_ha": 10.16109257215537, "Carbono_Perdido_tC": 30.726785965405664, "Nombre_Tipo_Bosque_Predom": "Sin Datos" }, "geometry": { "type": "MultiPolygon", "coordinates": [ [ [ [ 4919918.539746516384184, 2108682.203552884981036 ], [ 4919918.572375722229481, 2108711.983487046789378 ], [ 4919978.303959620185196, 2108711.918063136283308 ], [ 4919978.271354757249355, 2108682.138132476713508 ], [ 4919918.539746516384184, 2108682.203552884981036 ] ] ], [ [ [ 4919769.341465989127755, 2108801.487090669572353 ], [ 4919739.475699127651751, 2108801.519887235481292 ], [ 4919739.508408418856561, 2108831.299832879099995 ], [ 4919769.37416310608387, 2108831.267034557648003 ], [ 4919769.406861986033618, 2108861.046978685073555 ], [ 4919799.272602736949921, 2108861.014190818183124 ], [ 4919799.337981437332928, 2108920.574076282326132 ], [ 4919829.203696076758206, 2108920.541297117248178 ], [ 4919829.105667197145522, 2108831.201474542729557 ], [ 4919888.83716425485909, 2108831.135963365901262 ], [ 4919888.869814436882734, 2108860.91590047813952 ], [ 4919918.73554815351963, 2108860.883161451667547 ], [ 4919918.637639413587749, 2108771.543356090318412 ], [ 4919978.369174621999264, 2108771.477925174869597 ], [ 4919978.336566241458058, 2108741.697994035668671 ], [ 4919918.605006687343121, 2108741.763421448878944 ], [ 4919918.572375722229481, 2108711.983487046789378 ], [ 4919888.706581138074398, 2108712.016217312309891 ], [ 4919888.771869175136089, 2108771.576089859940112 ], [ 4919769.308770635165274, 2108771.707147021312267 ], [ 4919769.341465989127755, 2108801.487090669572353 ] ] ], [ [ [ 4919859.004078961908817, 2108860.948651714716107 ], [ 4919859.069408959709108, 2108920.508530163671821 ], [ 4919888.935120083391666, 2108920.475775421597064 ], [ 4919888.869814436882734, 2108860.91590047813952 ], [ 4919859.004078961908817, 2108860.948651714716107 ] ] ], [ [ [ 4919590.310706884600222, 2108950.583827746100724 ], [ 4919620.176421678625047, 2108950.550961342640221 ], [ 4919620.143656623549759, 2108920.77100771246478 ], [ 4919679.875105276703835, 2108920.705315056722611 ], [ 4919679.842366340570152, 2108890.925365181639791 ], [ 4919709.708100195974112, 2108890.89253892749548 ], [ 4919709.675375201739371, 2108861.112591049168259 ], [ 4919739.541119473986328, 2108861.079778762068599 ], [ 4919739.508408418856561, 2108831.299832879099995 ], [ 4919679.776893764734268, 2108831.365466150455177 ], [ 4919679.809629170224071, 2108861.145415546372533 ], [ 4919590.212380491197109, 2108861.243962299078703 ], [ 4919590.310706884600222, 2108950.583827746100724 ] ] ] ] } },
{ "type": "Feature", "properties": { "id": "+394359+278376", "Area_ha": 0.17788163889537681, "count": 2, "value": 1, "Porcentaje_Cobertura_Forestal": 0.0, "NDVI_Medio_Poligono": 0.70889986163906693, "Codigo_Tipo_Bosque_Predom": 0.0, "Densidad_C_Media_tC_ha": 11.107742309570312, "Carbono_Perdido_tC": 1.9758634064538851, "Nombre_Tipo_Bosque_Predom": "Sin Datos" }, "geometry": { "type": "MultiPolygon", "coordinates": [ [ [ [ 4919918.01791840326041, 2108205.724638747051358 ], [ 4919918.05051944218576, 2108235.504569078329951 ], [ 4919977.782492668367922, 2108235.439201206434518 ], [ 4919977.749915950931609, 2108205.659274377860129 ], [ 4919918.01791840326041, 2108205.724638747051358 ] ] ] ] } },
{ "type": "Feature", "properties": { "id": "+394360+278367", "Area_ha": 0.088940484163565273, "count": 1, "value": 1, "Porcentaje_Cobertura_Forestal": 0.0, "NDVI_Medio_Poligono": 0.65692431419656749, "Codigo_Tipo_Bosque_Predom": 0.0, "Densidad_C_Media_tC_ha": 11.107742309570312, "Carbono_Perdido_tC": 0.98792797897730233, "Nombre_Tipo_Bosque_Predom": "Sin Datos" }, "geometry": { "type": "MultiPolygon", "coordinates": [ [ [ [ 4919978.043169734999537, 2108473.678624451160431 ], [ 4919978.075762283988297, 2108503.458553433418274 ], [ 4920007.94163678586483, 2108503.425872039515525 ], [ 4920007.909056403674185, 2108473.645944808144122 ], [ 4919978.043169734999537, 2108473.678624451160431 ] ] ] ] } },
{ "type": "Feature", "properties": { "id": "+394361+278305", "Area_ha": 0.088938268570193033, "count": 1, "value": 1, "Porcentaje_Cobertura_Forestal": 0.0, "NDVI_Medio_Poligono": 0.62483378727609662, "Codigo_Tipo_Bosque_Predom": 0.0, "Densidad_C_Media_tC_ha": 15.189042091369629, "Carbono_Perdido_tC": 1.3508871048461986, "Nombre_Tipo_Bosque_Predom": "Sin Datos" }, "geometry": { "type": "MultiPolygon", "coordinates": [ [ [ [ 4920009.932365206070244, 2110320.001886612270027 ], [ 4920009.965054607950151, 2110349.781828716862947 ], [ 4920039.830171728506684, 2110349.749051057267934 ], [ 4920039.797494534403086, 2110319.969110702164471 ], [ 4920009.932365206070244, 2110320.001886612270027 ] ] ] ] } },
{ "type": "Feature", "properties": { "id": "+394361+278451", "Area_ha": 0.08894344936963898, "count": 1, "value": 1, "Porcentaje_Cobertura_Forestal": 0.0, "NDVI_Medio_Poligono": 0.7288165092736455, "Codigo_Tipo_Bosque_Predom": 1.1502014398574829, "Densidad_C_Media_tC_ha": 114.88035583496094, "Carbono_Perdido_tC": 10.217855112772957, "Nombre_Tipo_Bosque_Predom": "Sin Datos" }, "geometry": { "type": "MultiPolygon", "coordinates": [ [ [ [ 4920005.178581854328513, 2105972.132910924497992 ], [ 4920005.211014528758824, 2106001.912818085867912 ], [ 4920035.077906997874379, 2106001.880295868963003 ], [ 4920035.045486435294151, 2105972.10039045708254 ], [ 4920005.178581854328513, 2105972.132910924497992 ] ] ] ] } },
{ "type": "Feature", "properties": { "id": "+394362+278264", "Area_ha": 0.35574691643532425, "count": 4, "value": 1, "Porcentaje_Cobertura_Forestal": 0.0, "NDVI_Medio_Poligono": 0.71103761414760702, "Codigo_Tipo_Bosque_Predom": 0.0, "Densidad_C_Media_tC_ha": 57.709644317626953, "Carbono_Perdido_tC": 20.530028014575119, "Nombre_Tipo_Bosque_Predom": "Sin Datos" }, "geometry": { "type": "MultiPolygon", "coordinates": [ [ [ [ 4920068.25800000037998, 2111566.972400000318885 ], [ 4920069.978699999861419, 2111561.912100000306964 ], [ 4920071.023040466941893, 2111558.846295499242842 ], [ 4920071.00332756806165, 2111540.914027236867696 ], [ 4920041.138701040297747, 2111540.946862600743771 ], [ 4920041.171450299210846, 2111570.72681281901896 ], [ 4920066.221627834253013, 2111570.699269336182624 ], [ 4920068.25800000037998, 2111566.972400000318885 ] ] ] ] } },
{ "type": "Feature", "properties": { "id": "+394362+278356", "Area_ha": 2.0456178972375243, "count": 23, "value": 1, "Porcentaje_Cobertura_Forestal": 0.0, "NDVI_Medio_Poligono": 0.54048296740498669, "Codigo_Tipo_Bosque_Predom": 0.0, "Densidad_C_Media_tC_ha": 14.166957463709883, "Carbono_Perdido_tC": 28.980181737167662, "Nombre_Tipo_Bosque_Predom": "Sin Datos" }, "geometry": { "type": "MultiPolygon", "coordinates": [ [ [ [ 4920038.133288361132145, 2108801.192470856942236 ], [ 4920038.165875911712646, 2108830.972398974001408 ], [ 4920008.30013704393059, 2108831.005087410565466 ], [ 4920008.332738527096808, 2108860.78501751832664 ], [ 4919978.467010078020394, 2108860.817719914484769 ], [ 4919978.662728963419795, 2109039.497316094115376 ], [ 4920008.528384351171553, 2109039.464603196829557 ], [ 4920008.49577231798321, 2109009.68467165203765 ], [ 4920038.361438127234578, 2109009.651972718536854 ], [ 4920038.328840030357242, 2108979.872043161652982 ], [ 4920068.19451626483351, 2108979.839358190540224 ], [ 4920068.227102183736861, 2109009.619285998400301 ], [ 4920098.092764485627413, 2109009.586611491627991 ], [ 4920098.125339983031154, 2109039.366537789348513 ], [ 4920157.85663497261703, 2109039.301221921108663 ], [ 4920157.889187867753208, 2109069.081144966185093 ], [ 4920187.754820556379855, 2109069.048503606580198 ], [ 4920187.689740879461169, 2109009.488661251030862 ], [ 4920127.958425035700202, 2109009.553949197754264 ], [ 4920127.925863472744823, 2108979.774024885613471 ], [ 4920098.060190744698048, 2108979.806685431860387 ], [ 4920098.027618760243058, 2108950.026759611442685 ], [ 4920068.161932103335857, 2108950.05943062203005 ], [ 4920068.129349698312581, 2108920.279503294732422 ], [ 4920038.263649109750986, 2108920.312184768728912 ], [ 4920038.198465219698846, 2108860.752327332738787 ], [ 4920068.064190160483122, 2108860.719649356789887 ], [ 4920067.999037650413811, 2108801.159796378575265 ], [ 4920038.133288361132145, 2108801.192470856942236 ] ] ] ] } },
{ "type": "Feature", "properties": { "id": "+394363+278315", "Area_ha": 0.088938603676519415, "count": 1, "value": 1, "Porcentaje_Cobertura_Forestal": 0.0, "NDVI_Medio_Poligono": 0.32337811597463184, "Codigo_Tipo_Bosque_Predom": 0.0, "Densidad_C_Media_tC_ha": 15.189042091369629, "Carbono_Perdido_tC": 1.350892194790295, "Nombre_Tipo_Bosque_Predom": "Sin Datos" }, "geometry": { "type": "MultiPolygon", "coordinates": [ [ [ [ 4920069.336068882606924, 2110022.136974171269685 ], [ 4920069.368716298602521, 2110051.916910376865417 ], [ 4920099.233951957896352, 2110051.8841746840626 ], [ 4920099.201316742226481, 2110022.104240226559341 ], [ 4920069.336068882606924, 2110022.136974171269685 ] ] ] ] } },
{ "type": "Feature", "properties": { "id": "+394363+278347", "Area_ha": 0.088939742079026468, "count": 1, "value": 1, "Porcentaje_Cobertura_Forestal": 0.0, "NDVI_Medio_Poligono": 0.76041606168886666, "Codigo_Tipo_Bosque_Predom": 0.0, "Densidad_C_Media_tC_ha": 16.534454345703125, "Carbono_Perdido_tC": 1.4705701049242743, "Nombre_Tipo_Bosque_Predom": "Sin Datos" }, "geometry": { "type": "MultiPolygon", "coordinates": [ [ [ [ 4920068.292279292829335, 2109069.179142332170159 ], [ 4920068.324870483018458, 2109098.959070859011263 ], [ 4920098.190496247261763, 2109098.926391107961535 ], [ 4920098.15791723690927, 2109069.146464328747243 ], [ 4920068.292279292829335, 2109069.179142332170159 ] ] ] ] } },
{ "type": "Feature", "properties": { "id": "+394364+278360", "Area_ha": 0.17788035142317821, "count": 2, "value": 1, "Porcentaje_Cobertura_Forestal": 0.0, "NDVI_Medio_Poligono": 0.82271801311449022, "Codigo_Tipo_Bosque_Predom": 0.0, "Densidad_C_Media_tC_ha": 11.107742309570312, "Carbono_Perdido_tC": 1.9758491055444722, "Nombre_Tipo_Bosque_Predom": "Sin Datos" }, "geometry": { "type": "MultiPolygon", "coordinates": [ [ [ [ 4920097.734549938701093, 2108682.007438020315021 ], [ 4920097.799664048478007, 2108741.567285584751517 ], [ 4920127.665434177033603, 2108741.534639019519091 ], [ 4920127.600344410166144, 2108681.974794949870557 ], [ 4920097.734549938701093, 2108682.007438020315021 ] ] ] ] } },
{ "type": "Feature", "properties": { "id": "+394366+278356", "Area_ha": 0.17788002518297144, "count": 2, "value": 1, "Porcentaje_Cobertura_Forestal": 0.0, "NDVI_Medio_Poligono": 0.63193492618301406, "Codigo_Tipo_Bosque_Predom": 0.0, "Densidad_C_Media_tC_ha": 11.107742309570312, "Carbono_Perdido_tC": 1.9758454817523246, "Nombre_Tipo_Bosque_Predom": "Sin Datos" }, "geometry": { "type": "MultiPolygon", "coordinates": [ [ [ [ 4920157.596274994313717, 2108801.06184619711712 ], [ 4920157.661354458890855, 2108860.621688689570874 ], [ 4920187.527072388678789, 2108860.589059554040432 ], [ 4920187.462017273530364, 2108801.029220554046333 ], [ 4920157.596274994313717, 2108801.06184619711712 ] ] ] ] } },
{ "type": "Feature", "properties": { "id": "+394366+278378", "Area_ha": 0.17788163346616201, "count": 2, "value": 1, "Porcentaje_Cobertura_Forestal": 0.0, "NDVI_Medio_Poligono": 0.83457944060407419, "Codigo_Tipo_Bosque_Predom": 0.0, "Densidad_C_Media_tC_ha": 11.107742309570312, "Carbono_Perdido_tC": 1.9758633461475661, "Nombre_Tipo_Bosque_Predom": "Sin Datos" }, "geometry": { "type": "MultiPolygon", "coordinates": [ [ [ [ 4920127.014852550812066, 2108145.936241431161761 ], [ 4920127.047364952974021, 2108175.716159034520388 ], [ 4920186.779362265020609, 2108175.650968898553401 ], [ 4920186.746874182485044, 2108145.871054788120091 ], [ 4920127.014852550812066, 2108145.936241431161761 ] ] ] ] } },
{ "type": "Feature", "properties": { "id": "+394366+278422", "Area_ha": 0.17788471702486278, "count": 2, "value": 1, "Porcentaje_Cobertura_Forestal": 0.0, "NDVI_Medio_Poligono": 0.61294233661791153, "Codigo_Tipo_Bosque_Predom": 0.0, "Densidad_C_Media_tC_ha": 114.88035583496095, "Carbono_Perdido_tC": 20.435459589417572, "Nombre_Tipo_Bosque_Predom": "Sin Datos" }, "geometry": { "type": "MultiPolygon", "coordinates": [ [ [ [ 4920185.351546619087458, 2106865.334974370896816 ], [ 4920185.319135733880103, 2106835.555070779286325 ], [ 4920155.452591423876584, 2106835.587581161409616 ], [ 4920155.485014439560473, 2106865.367486500181258 ], [ 4920185.351546619087458, 2106865.334974370896816 ] ] ], [ [ [ 4920155.517439209856093, 2106895.147392076905817 ], [ 4920155.485014439560473, 2106865.367486500181258 ], [ 4920125.61848050635308, 2106865.400010795332491 ], [ 4920125.65091740898788, 2106895.1799181192182 ], [ 4920155.517439209856093, 2106895.147392076905817 ] ] ] ] } },
{ "type": "Feature", "properties": { "id": "+394368+278288", "Area_ha": 0.44468790116044982, "count": 5, "value": 1, "Porcentaje_Cobertura_Forestal": 0.0, "NDVI_Medio_Poligono": 0.73673315989844856, "Codigo_Tipo_Bosque_Predom": 0.0, "Densidad_C_Media_tC_ha": 15.189042091369629, "Carbono_Perdido_tC": 6.7543832482488897, "Nombre_Tipo_Bosque_Predom": "Sin Datos" }, "geometry": { "type": "MultiPolygon", "coordinates": [ [ [ [ 4920189.677828145213425, 2110826.064284999389201 ], [ 4920189.743121862411499, 2110885.62415665294975 ], [ 4920279.337776890955865, 2110885.52598655410111 ], [ 4920279.305165813304484, 2110855.746055841445923 ], [ 4920249.440270332619548, 2110855.778765209019184 ], [ 4920249.407648788765073, 2110825.998832992743701 ], [ 4920189.677828145213425, 2110826.064284999389201 ] ] ] ] } },
{ "type": "Feature", "properties": { "id": "+394369+278378", "Area_ha": 0.08894077996716078, "count": 1, "value": 1, "Porcentaje_Cobertura_Forestal": 0.0, "NDVI_Medio_Poligono": 0.79427465454854418, "Codigo_Tipo_Bosque_Predom": 0.0, "Densidad_C_Media_tC_ha": 11.107742309570312, "Carbono_Perdido_tC": 0.98793126468741543, "Nombre_Tipo_Bosque_Predom": "Sin Datos" }, "geometry": { "type": "MultiPolygon", "coordinates": [ [ [ [ 4920246.478888808749616, 2108145.805916923098266 ], [ 4920246.51135257165879, 2108175.585827542468905 ], [ 4920276.377345101907849, 2108175.553275157231838 ], [ 4920276.34489349834621, 2108145.773366281762719 ], [ 4920246.478888808749616, 2108145.805916923098266 ] ] ] ] } },
{ "type": "Feature", "properties": { "id": "+394370+278296", "Area_ha": 0.17787571705186275, "count": 2, "value": 1, "Porcentaje_Cobertura_Forestal": 0.0, "NDVI_Medio_Poligono": 0.6671011722520751, "Codigo_Tipo_Bosque_Predom": 0.0, "Densidad_C_Media_tC_ha": 15.189042091369629, "Carbono_Perdido_tC": 2.7017617533332978, "Nombre_Tipo_Bosque_Predom": "Sin Datos" }, "geometry": { "type": "MultiPolygon", "coordinates": [ [ [ [ 4920249.146739546209574, 2110587.759383922908455 ], [ 4920249.17934706620872, 2110617.539314215537161 ], [ 4920308.909331739880145, 2110617.473935635294765 ], [ 4920308.876748646609485, 2110587.69400883000344 ], [ 4920249.146739546209574, 2110587.759383922908455 ] ] ] ] } },
{ "type": "Feature", "properties": { "id": "+394370+278315", "Area_ha": 0.35575411227643489, "count": 4, "value": 1, "Porcentaje_Cobertura_Forestal": 0.0, "NDVI_Medio_Poligono": 0.80798660599173899, "Codigo_Tipo_Bosque_Predom": 0.0, "Densidad_C_Media_tC_ha": 15.189042091369629, "Carbono_Perdido_tC": 5.4035641855446066, "Nombre_Tipo_Bosque_Predom": "Sin Datos" }, "geometry": { "type": "MultiPolygon", "coordinates": [ [ [ [ 4920308.2905527735129, 2110051.65536756394431 ], [ 4920308.258002965711057, 2110021.87544532539323 ], [ 4920248.52753000613302, 2110021.940754152368754 ], [ 4920248.560104217380285, 2110051.720679878257215 ], [ 4920308.2905527735129, 2110051.65536756394431 ] ] ], [ [ [ 4920248.592680180445313, 2110081.500605845358223 ], [ 4920248.560104217380285, 2110051.720679878257215 ], [ 4920188.829648662358522, 2110051.786041137762368 ], [ 4920188.862249028868973, 2110081.565970594994724 ], [ 4920248.592680180445313, 2110081.500605845358223 ] ] ] ] } },
{ "type": "Feature", "properties": { "id": "+394371+278324", "Area_ha": 0.088938840006517417, "count": 1, "value": 1, "Porcentaje_Cobertura_Forestal": 0.0, "NDVI_Medio_Poligono": 0.89076004346036886, "Codigo_Tipo_Bosque_Predom": 0.0, "Densidad_C_Media_tC_ha": 16.534454345703125, "Carbono_Perdido_tC": 1.4705551896475568, "Nombre_Tipo_Bosque_Predom": "Sin Datos" }, "geometry": { "type": "MultiPolygon", "coordinates": [ [ [ [ 4920307.965133280493319, 2109753.856155869085342 ], [ 4920307.997667322866619, 2109783.63607594743371 ], [ 4920337.862998763099313, 2109783.60345383035019 ], [ 4920337.830476915463805, 2109753.82353549497202 ], [ 4920307.965133280493319, 2109753.856155869085342 ] ] ] ] } },
{ "type": "Feature", "properties": { "id": "+394372+278291", "Area_ha": 0.088937654058013862, "count": 1, "value": 1, "Porcentaje_Cobertura_Forestal": 0.0, "NDVI_Medio_Poligono": 0.813452831427533, "Codigo_Tipo_Bosque_Predom": 0.0, "Densidad_C_Media_tC_ha": 15.189042091369629, "Carbono_Perdido_tC": 1.3508777709948434, "Nombre_Tipo_Bosque_Predom": "Sin Datos" }, "geometry": { "type": "MultiPolygon", "coordinates": [ [ [ [ 4920338.904622480273247, 2110736.560967369005084 ], [ 4920338.937202115543187, 2110766.340893633197993 ], [ 4920368.802129004150629, 2110766.308226253371686 ], [ 4920368.769561585970223, 2110736.528301731217653 ], [ 4920338.904622480273247, 2110736.560967369005084 ] ] ] ] } },
{ "type": "Feature", "properties": { "id": "+394372+278301", "Area_ha": 0.08893801047354645, "count": 1, "value": 1, "Porcentaje_Cobertura_Forestal": 0.0, "NDVI_Medio_Poligono": 0.48105280292376335, "Codigo_Tipo_Bosque_Predom": 0.0, "Densidad_C_Media_tC_ha": 15.189042091369629, "Carbono_Perdido_tC": 1.3508831846053699, "Nombre_Tipo_Bosque_Predom": "Sin Datos" }, "geometry": { "type": "MultiPolygon", "coordinates": [ [ [ [ 4920338.578922444023192, 2110438.761717954650521 ], [ 4920338.611484567634761, 2110468.54164181323722 ], [ 4920368.476533593609929, 2110468.508991855196655 ], [ 4920368.443983679637313, 2110438.729069739114493 ], [ 4920338.578922444023192, 2110438.761717954650521 ] ] ] ] } },
{ "type": "Feature", "properties": { "id": "+394372+278339", "Area_ha": 0.088939363122780918, "count": 1, "value": 1, "Porcentaje_Cobertura_Forestal": 0.0, "NDVI_Medio_Poligono": 0.77435572788746887, "Codigo_Tipo_Bosque_Predom": 0.0, "Densidad_C_Media_tC_ha": 16.534454345703125, "Carbono_Perdido_tC": 1.4705638390895333, "Nombre_Tipo_Bosque_Predom": "Sin Datos" }, "geometry": { "type": "MultiPolygon", "coordinates": [ [ [ [ 4920337.342859342694283, 2109307.1247892761603 ], [ 4920337.375354923307896, 2109336.904704011511058 ], [ 4920367.240867471322417, 2109336.872120258864015 ], [ 4920367.20838407613337, 2109307.092207266017795 ], [ 4920337.342859342694283, 2109307.1247892761603 ] ] ] ] } },
{ "type": "Feature", "properties": { "id": "+394372+278390", "Area_ha": 0.088941174169730214, "count": 1, "value": 1, "Porcentaje_Cobertura_Forestal": 0.0, "NDVI_Medio_Poligono": 0.72420211102011511, "Codigo_Tipo_Bosque_Predom": 0.7857285737991333, "Densidad_C_Media_tC_ha": 128.09574890136719, "Carbono_Perdido_tC": 11.392986313438527, "Nombre_Tipo_Bosque_Predom": "Sin Datos" }, "geometry": { "type": "MultiPolygon", "coordinates": [ [ [ [ 4920335.68790680821985, 2107788.349455574993044 ], [ 4920335.720313077792525, 2107818.129358093719929 ], [ 4920365.586446232162416, 2107818.096863202285022 ], [ 4920365.554052114486694, 2107788.316962426528335 ], [ 4920335.68790680821985, 2107788.349455574993044 ] ] ] ] } },
{ "type": "Feature", "properties": { "id": "+394372+278424", "Area_ha": 0.088942378759075652, "count": 1, "value": 1, "Porcentaje_Cobertura_Forestal": 97.987956056239625, "NDVI_Medio_Poligono": 0.84739605647199845, "Codigo_Tipo_Bosque_Predom": 1.0, "Densidad_C_Media_tC_ha": 114.88035583496094, "Carbono_Perdido_tC": 10.217732120650483, "Nombre_Tipo_Bosque_Predom": "Bosque Primario" }, "geometry": { "type": "MultiPolygon", "coordinates": [ [ [ [ 4920334.587135585024953, 2106775.832912214100361 ], [ 4920334.61948231421411, 2106805.612806606572121 ], [ 4920364.486028257757425, 2106805.580370960291475 ], [ 4920364.453693657182157, 2106775.800478310789913 ], [ 4920334.587135585024953, 2106775.832912214100361 ] ] ] ] } },
{ "type": "Feature", "properties": { "id": "+394374+278299", "Area_ha": 0.17787580086419913, "count": 2, "value": 1, "Porcentaje_Cobertura_Forestal": 0.0, "NDVI_Medio_Poligono": 0.38428055496926689, "Codigo_Tipo_Bosque_Predom": 0.0, "Densidad_C_Media_tC_ha": 15.189042091369629, "Carbono_Perdido_tC": 2.7017630263624026, "Nombre_Tipo_Bosque_Predom": "Sin Datos" }, "geometry": { "type": "MultiPolygon", "coordinates": [ [ [ [ 4920398.374120326712728, 2110498.256274759303778 ], [ 4920398.439204482361674, 2110557.816116713918746 ], [ 4920428.304213382303715, 2110557.783486024476588 ], [ 4920428.239153649657965, 2110498.223647551611066 ], [ 4920398.374120326712728, 2110498.256274759303778 ] ] ] ] } },
{ "type": "Feature", "properties": { "id": "+394374+278388", "Area_ha": 0.088941082279309927, "count": 1, "value": 1, "Porcentaje_Cobertura_Forestal": 0.0, "NDVI_Medio_Poligono": 0.38473006636953622, "Codigo_Tipo_Bosque_Predom": 0.039892926812171936, "Densidad_C_Media_tC_ha": 128.09574890136719, "Carbono_Perdido_tC": 11.392974542666323, "Nombre_Tipo_Bosque_Predom": "Sin Datos" }, "geometry": { "type": "MultiPolygon", "coordinates": [ [ [ [ 4920395.48496135789901, 2107847.844279770273715 ], [ 4920395.517346824519336, 2107877.62417928269133 ], [ 4920425.383452181704342, 2107877.591705284081399 ], [ 4920425.351078867912292, 2107847.811807512305677 ], [ 4920395.48496135789901, 2107847.844279770273715 ] ] ] ] } },
{ "type": "Feature", "properties": { "id": "+394375+278356", "Area_ha": 0.088939935916138343, "count": 1, "value": 1, "Porcentaje_Cobertura_Forestal": 0.0, "NDVI_Medio_Poligono": 0.60139897849381607, "Codigo_Tipo_Bosque_Predom": 0.0, "Densidad_C_Media_tC_ha": 11.107742309570311, "Carbono_Perdido_tC": 0.98792188918616197, "Nombre_Tipo_Bosque_Predom": "Sin Datos" }, "geometry": { "type": "MultiPolygon", "coordinates": [ [ [ [ 4920426.387892513535917, 2108800.768654925748706 ], [ 4920426.420321801677346, 2108830.548560358583927 ], [ 4920456.286036170087755, 2108830.516042854171246 ], [ 4920456.253619055263698, 2108800.736139161512256 ], [ 4920426.387892513535917, 2108800.768654925748706 ] ] ] ] } },
{ "type": "Feature", "properties": { "id": "+394376+278376", "Area_ha": 0.088940635600702075, "count": 1, "value": 1, "Porcentaje_Cobertura_Forestal": 0.0, "NDVI_Medio_Poligono": 0.62313794413152845, "Codigo_Tipo_Bosque_Predom": 0.0, "Densidad_C_Media_tC_ha": 11.107742309570312, "Carbono_Perdido_tC": 0.98792966110199398, "Nombre_Tipo_Bosque_Predom": "Sin Datos" }, "geometry": { "type": "MultiPolygon", "coordinates": [ [ [ [ 4920455.605643963441253, 2108205.138115603942424 ], [ 4920455.63802610617131, 2108234.918014507275075 ], [ 4920485.503982083871961, 2108234.885544007178396 ], [ 4920485.47161210142076, 2108205.105646844021976 ], [ 4920455.605643963441253, 2108205.138115603942424 ] ] ] ] } },
{ "type": "Feature", "properties": { "id": "+394377+278342", "Area_ha": 0.26681828364765681, "count": 3, "value": 1, "Porcentaje_Cobertura_Forestal": 0.0, "NDVI_Medio_Poligono": 0.75024239919356406, "Codigo_Tipo_Bosque_Predom": 0.0, "Densidad_C_Media_tC_ha": 16.534454345703125, "Carbono_Perdido_tC": 4.4116947295710478, "Nombre_Tipo_Bosque_Predom": "Sin Datos" }, "geometry": { "type": "MultiPolygon", "coordinates": [ [ [ [ 4920426.842061727307737, 2109217.68735281471163 ], [ 4920426.874515504576266, 2109247.467261605430394 ], [ 4920516.47114185988903, 2109247.369672651868314 ], [ 4920516.438724632374942, 2109217.589769080281258 ], [ 4920426.842061727307737, 2109217.68735281471163 ] ] ] ] } },
{ "type": "Feature", "properties": { "id": "+394377+278401", "Area_ha": 0.3557659970320412, "count": 4, "value": 1, "Porcentaje_Cobertura_Forestal": 25.01350250444569, "NDVI_Medio_Poligono": 0.76801151999599704, "Codigo_Tipo_Bosque_Predom": 2.0, "Densidad_C_Media_tC_ha": 128.09574890136719, "Carbono_Perdido_tC": 45.572111823460894, "Nombre_Tipo_Bosque_Predom": "Bosque Secundario Joven" }, "geometry": { "type": "MultiPolygon", "coordinates": [ [ [ [ 4920454.796658661216497, 2107460.640720813535154 ], [ 4920454.861337268725038, 2107520.200506894383579 ], [ 4920514.593830838799477, 2107520.135661587119102 ], [ 4920514.529200810939074, 2107460.575882464647293 ], [ 4920454.796658661216497, 2107460.640720813535154 ] ] ] ] } },
{ "type": "Feature", "properties": { "id": "+394378+278311", "Area_ha": 0.08893830386676127, "count": 1, "value": 1, "Porcentaje_Cobertura_Forestal": 0.0, "NDVI_Medio_Poligono": 0.57557376482761657, "Codigo_Tipo_Bosque_Predom": 0.0, "Densidad_C_Media_tC_ha": 15.189042091369629, "Carbono_Perdido_tC": 1.3508876409672592, "Nombre_Tipo_Bosque_Predom": "Sin Datos" }, "geometry": { "type": "MultiPolygon", "coordinates": [ [ [ [ 4920517.444471139460802, 2110140.766891385894269 ], [ 4920517.476942530833185, 2110170.546802399214357 ], [ 4920547.342103158123791, 2110170.514243296347558 ], [ 4920547.309643970802426, 2110140.734334021341056 ], [ 4920517.444471139460802, 2110140.766891385894269 ] ] ] ] } },
{ "type": "Feature", "properties": { "id": "+394378+278317", "Area_ha": 0.88938441818211289, "count": 10, "value": 1, "Porcentaje_Cobertura_Forestal": 0.0, "NDVI_Medio_Poligono": 0.71832621100195515, "Codigo_Tipo_Bosque_Predom": 0.0, "Densidad_C_Media_tC_ha": 15.189042091369631, "Carbono_Perdido_tC": 13.508897363176402, "Nombre_Tipo_Bosque_Predom": "Sin Datos" }, "geometry": { "type": "MultiPolygon", "coordinates": [ [ [ [ 4920517.249679484404624, 2109962.087430352345109 ], [ 4920517.347067450173199, 2110051.42715978808701 ], [ 4920547.212276887148619, 2110051.394607638474554 ], [ 4920547.244730834849179, 2110081.174516193103045 ], [ 4920606.975120075978339, 2110081.109445127658546 ], [ 4920606.942690530791879, 2110051.32954004779458 ], [ 4920636.807894741185009, 2110051.297024606727064 ], [ 4920636.743065289221704, 2109991.737218641676009 ], [ 4920577.012606323696673, 2109991.802254813257605 ], [ 4920577.045044578611851, 2110021.582161148544401 ], [ 4920547.179824685677886, 2110021.614699324592948 ], [ 4920547.114925523288548, 2109962.054883417673409 ], [ 4920517.249679484404624, 2109962.087430352345109 ] ] ] ] } },
{ "type": "Feature", "properties": { "id": "+394378+278328", "Area_ha": 0.088938909009490447, "count": 1, "value": 1, "Porcentaje_Cobertura_Forestal": 0.0, "NDVI_Medio_Poligono": 0.47768427082273612, "Codigo_Tipo_Bosque_Predom": 0.0, "Densidad_C_Media_tC_ha": 16.534454345703125, "Carbono_Perdido_tC": 1.4705563305740641, "Nombre_Tipo_Bosque_Predom": "Sin Datos" }, "geometry": { "type": "MultiPolygon", "coordinates": [ [ [ [ 4920516.89272481482476, 2109634.508440911304206 ], [ 4920516.92516650352627, 2109664.28834784263745 ], [ 4920546.790534500963986, 2109664.255818291101605 ], [ 4920546.758105005137622, 2109634.475913098081946 ], [ 4920516.89272481482476, 2109634.508440911304206 ] ] ] ] } },
{ "type": "Feature", "properties": { "id": "+394378+278344", "Area_ha": 0.088939478056045476, "count": 1, "value": 1, "Porcentaje_Cobertura_Forestal": 0.0, "NDVI_Medio_Poligono": 0.8643161734673015, "Codigo_Tipo_Bosque_Predom": 0.0, "Densidad_C_Media_tC_ha": 16.534454345703125, "Carbono_Perdido_tC": 1.4705657394483489, "Nombre_Tipo_Bosque_Predom": "Sin Datos" }, "geometry": { "type": "MultiPolygon", "coordinates": [ [ [ [ 4920516.373895418830216, 2109158.029962656088173 ], [ 4920516.406309152022004, 2109187.809865748509765 ], [ 4920546.27187214884907, 2109187.777364010922611 ], [ 4920546.23947059828788, 2109157.997462657280266 ], [ 4920516.373895418830216, 2109158.029962656088173 ] ] ] ] } },
{ "type": "Feature", "properties": { "id": "+394379+278322", "Area_ha": 0.26681601521943377, "count": 3, "value": 1, "Porcentaje_Cobertura_Forestal": 0.0, "NDVI_Medio_Poligono": 0.49999793696019768, "Codigo_Tipo_Bosque_Predom": 0.0, "Densidad_C_Media_tC_ha": 16.534454345703125, "Carbono_Perdido_tC": 4.4116572223481576, "Nombre_Tipo_Bosque_Predom": "Sin Datos" }, "geometry": { "type": "MultiPolygon", "coordinates": [ [ [ [ 4920546.952708180062473, 2109813.155347852502018 ], [ 4920546.985148155130446, 2109842.935254485346377 ], [ 4920517.11985332518816, 2109842.967794466763735 ], [ 4920517.152307244949043, 2109872.747703078668565 ], [ 4920576.882870764471591, 2109872.682631871197373 ], [ 4920576.818013460375369, 2109813.122821840457618 ], [ 4920546.952708180062473, 2109813.155347852502018 ] ] ] ] } },
{ "type": "Feature", "properties": { "id": "+394379+278426", "Area_ha": 0.26682706300143039, "count": 3, "value": 1, "Porcentaje_Cobertura_Forestal": 0.0, "NDVI_Medio_Poligono": 0.81187623097807271, "Codigo_Tipo_Bosque_Predom": 0.029655342921614647, "Densidad_C_Media_tC_ha": 114.88035583496094, "Carbono_Perdido_tC": 30.653187944001864, "Nombre_Tipo_Bosque_Predom": "Sin Datos" }, "geometry": { "type": "MultiPolygon", "coordinates": [ [ [ [ 4920543.588487017899752, 2106716.046366641763598 ], [ 4920543.653005425818264, 2106775.606130339670926 ], [ 4920603.386095393449068, 2106775.541444997303188 ], [ 4920603.353859573602676, 2106745.761566502973437 ], [ 4920573.487303330563009, 2106745.793901355005801 ], [ 4920573.455057128332555, 2106716.014021364040673 ], [ 4920543.588487017899752, 2106716.046366641763598 ] ] ] ] } },
{ "type": "Feature", "properties": { "id": "+394380+278371", "Area_ha": 0.17788080751746893, "count": 2, "value": 1, "Porcentaje_Cobertura_Forestal": 0.0, "NDVI_Medio_Poligono": 0.86233600099127006, "Codigo_Tipo_Bosque_Predom": 0.0, "Densidad_C_Media_tC_ha": 11.107742309570312, "Carbono_Perdido_tC": 1.9758541717223226, "Nombre_Tipo_Bosque_Predom": "Sin Datos" }, "geometry": { "type": "MultiPolygon", "coordinates": [ [ [ [ 4920605.129421672783792, 2108383.655238728038967 ], [ 4920605.097091607749462, 2108353.875347320456058 ], [ 4920575.231191252358258, 2108353.90777598368004 ], [ 4920575.263533482328057, 2108383.687669128645211 ], [ 4920605.129421672783792, 2108383.655238728038967 ] ] ], [ [ [ 4920575.295877457596362, 2108413.467562512494624 ], [ 4920575.263533482328057, 2108383.687669128645211 ], [ 4920545.397643550299108, 2108383.7201117281802 ], [ 4920545.429999690502882, 2108413.500006850343198 ], [ 4920575.295877457596362, 2108413.467562512494624 ] ] ] ] } },
{ "type": "Feature", "properties": { "id": "+394381+278423", "Area_ha": 0.088942249140287463, "count": 1, "value": 1, "Porcentaje_Cobertura_Forestal": 0.0, "NDVI_Medio_Poligono": 0.814956094019335, "Codigo_Tipo_Bosque_Predom": 0.32760798931121826, "Densidad_C_Media_tC_ha": 114.88035583496094, "Carbono_Perdido_tC": 10.217717229997973, "Nombre_Tipo_Bosque_Predom": "Sin Datos" }, "geometry": { "type": "MultiPolygon", "coordinates": [ [ [ [ 4920603.418332958593965, 2106805.321323730051517 ], [ 4920603.450572269037366, 2106835.101202701684088 ], [ 4920633.317090381868184, 2106835.068874803371727 ], [ 4920633.284863200969994, 2106805.288997568190098 ], [ 4920603.418332958593965, 2106805.321323730051517 ] ] ] ] } },
{ "type": "Feature", "properties": { "id": "+394382+278332", "Area_ha": 0.53363388538062573, "count": 6, "value": 1, "Porcentaje_Cobertura_Forestal": 0.0, "NDVI_Medio_Poligono": 0.66413695916199667, "Codigo_Tipo_Bosque_Predom": 0.0, "Densidad_C_Media_tC_ha": 17.211161743476502, "Carbono_Perdido_tC": 9.1844591130857509, "Nombre_Tipo_Bosque_Predom": "Sin Datos" }, "geometry": { "type": "MultiPolygon", "coordinates": [ [ [ [ 4920666.122476860880852, 2109545.006230934988707 ], [ 4920666.090103110298514, 2109515.22633364982903 ], [ 4920606.359257400035858, 2109515.291289797984064 ], [ 4920606.391655530780554, 2109545.07119055557996 ], [ 4920576.526242253370583, 2109545.10368870338425 ], [ 4920576.591068130917847, 2109604.663494412321597 ], [ 4920606.456457027234137, 2109604.630992790218443 ], [ 4920606.424055406823754, 2109574.85109155299142 ], [ 4920636.289454752579331, 2109574.818603893741965 ], [ 4920636.257067067548633, 2109545.038704632781446 ], [ 4920666.122476860880852, 2109545.006230934988707 ] ] ], [ [ [ 4920666.187229595147073, 2109604.566026225686073 ], [ 4920666.154852355830371, 2109574.786128460429609 ], [ 4920636.289454752579331, 2109574.818603893741965 ], [ 4920636.321844182908535, 2109604.598503394983709 ], [ 4920666.187229595147073, 2109604.566026225686073 ] ] ] ] } },
{ "type": "Feature", "properties": { "id": "+394382+278352", "Area_ha": 0.088939720566399053, "count": 1, "value": 1, "Porcentaje_Cobertura_Forestal": 0.0, "NDVI_Medio_Poligono": 0.70519631285365347, "Codigo_Tipo_Bosque_Predom": 0.0, "Densidad_C_Media_tC_ha": 14.781729374081293, "Carbono_Perdido_tC": 1.314682880018923, "Nombre_Tipo_Bosque_Predom": "Sin Datos" }, "geometry": { "type": "MultiPolygon", "coordinates": [ [ [ [ 4920635.577328435145319, 2108919.66087545780465 ], [ 4920635.6096794847399, 2108949.440769680310041 ], [ 4920665.475332949310541, 2108949.408330698497593 ], [ 4920665.442994076758623, 2108919.628438211511821 ], [ 4920635.577328435145319, 2108919.66087545780465 ] ] ] ] } },
{ "type": "Feature", "properties": { "id": "+394382+278398", "Area_ha": 0.26682402405816247, "count": 3, "value": 1, "Porcentaje_Cobertura_Forestal": 0.0, "NDVI_Medio_Poligono": 0.73368089286843974, "Codigo_Tipo_Bosque_Predom": 2.0729742050170898, "Densidad_C_Media_tC_ha": 126.59286063309693, "Carbono_Perdido_tC": 33.778016491157068, "Nombre_Tipo_Bosque_Predom": "Sin Datos" }, "geometry": { "type": "MultiPolygon", "coordinates": [ [ [ [ 4920604.224839312955737, 2107549.818369688466191 ], [ 4920604.289406944066286, 2107609.378139819949865 ], [ 4920634.15560944750905, 2107609.345766769256443 ], [ 4920634.123336905613542, 2107579.565883320756257 ], [ 4920663.989549813792109, 2107579.533524188678712 ], [ 4920663.957291164435446, 2107549.753642715048045 ], [ 4920604.224839312955737, 2107549.818369688466191 ] ] ] ] } },
{ "type": "Feature", "properties": { "id": "+394383+278382", "Area_ha": 0.17788151509374731, "count": 2, "value": 1, "Porcentaje_Cobertura_Forestal": 0.0, "NDVI_Medio_Poligono": 0.67509445178259131, "Codigo_Tipo_Bosque_Predom": 0.0, "Densidad_C_Media_tC_ha": 24.828100204467773, "Carbono_Perdido_tC": 4.4164600812701051, "Nombre_Tipo_Bosque_Predom": "Sin Datos" }, "geometry": { "type": "MultiPolygon", "coordinates": [ [ [ [ 4920664.473638843744993, 2108026.231774994637817 ], [ 4920664.538213695399463, 2108085.791545835789293 ], [ 4920694.404218271374702, 2108085.759169386234134 ], [ 4920694.339667734690011, 2108026.199402015656233 ], [ 4920664.473638843744993, 2108026.231774994637817 ] ] ] ] } },
{ "type": "Feature", "properties": { "id": "+394384+278329", "Area_ha": 0.088938881885581939, "count": 1, "value": 1, "Porcentaje_Cobertura_Forestal": 0.0, "NDVI_Medio_Poligono": 0.53085464036013164, "Codigo_Tipo_Bosque_Predom": 0.0, "Densidad_C_Media_tC_ha": 23.522092819213867, "Carbono_Perdido_tC": 2.0920286349497572, "Nombre_Tipo_Bosque_Predom": "Sin Datos" }, "geometry": { "type": "MultiPolygon", "coordinates": [ [ [ [ 4920696.052613027393818, 2109604.533561168238521 ], [ 4920696.084979818202555, 2109634.313457438722253 ], [ 4920725.950349560007453, 2109634.281002987641841 ], [ 4920725.91799496114254, 2109604.501108451746404 ], [ 4920696.052613027393818, 2109604.533561168238521 ] ] ] ] } },
{ "type": "Feature", "properties": { "id": "+394384+278371", "Area_ha": 0.44470166571546577, "count": 5, "value": 1, "Porcentaje_Cobertura_Forestal": 0.0, "NDVI_Medio_Poligono": 0.82835354626298741, "Codigo_Tipo_Bosque_Predom": 0.0, "Densidad_C_Media_tC_ha": 22.771297681095589, "Carbono_Perdido_tC": 10.126434009285932, "Nombre_Tipo_Bosque_Predom": "Sin Datos" }, "geometry": { "type": "MultiPolygon", "coordinates": [ [ [ [ 4920694.759371111169457, 2108413.337907163891941 ], [ 4920724.625240173190832, 2108413.305523826740682 ], [ 4920724.560675612650812, 2108353.745754656847566 ], [ 4920694.69478222168982, 2108353.778134524356574 ], [ 4920694.727075794711709, 2108383.558020723983645 ], [ 4920664.861192828975618, 2108383.590414525941014 ], [ 4920664.925809535197914, 2108443.150191114749759 ], [ 4920694.791668171063066, 2108443.117793842684478 ], [ 4920694.759371111169457, 2108413.337907163891941 ] ] ], [ [ [ 4920664.958120504394174, 2108472.930079768411815 ], [ 4920664.925809535197914, 2108443.150191114749759 ], [ 4920635.05994915869087, 2108443.18260058760643 ], [ 4920635.092272293753922, 2108472.962490977253765 ], [ 4920664.958120504394174, 2108472.930079768411815 ] ] ] ] } },
{ "type": "Feature", "properties": { "id": "+394386+278298", "Area_ha": 0.088937757162397615, "count": 1, "value": 1, "Porcentaje_Cobertura_Forestal": 0.0, "NDVI_Medio_Poligono": 0.61866844962929268, "Codigo_Tipo_Bosque_Predom": 0.0, "Densidad_C_Media_tC_ha": 12.857732772827148, "Carbono_Perdido_tC": 1.1435379150087022, "Nombre_Tipo_Bosque_Predom": "Sin Datos" }, "geometry": { "type": "MultiPolygon", "coordinates": [ [ [ [ 4920756.786799803376198, 2110527.645456507336348 ], [ 4920756.81919621117413, 2110557.425356757361442 ], [ 4920786.684184208512306, 2110557.392873035278171 ], [ 4920786.651800012215972, 2110527.612974517978728 ], [ 4920756.786799803376198, 2110527.645456507336348 ] ] ] ] } },
{ "type": "Feature", "properties": { "id": "+394386+278315", "Area_ha": 0.17787673588705949, "count": 2, "value": 1, "Porcentaje_Cobertura_Forestal": 0.0, "NDVI_Medio_Poligono": 0.67914194982801745, "Codigo_Tipo_Bosque_Predom": 0.0, "Densidad_C_Media_tC_ha": 12.857732772827148, "Carbono_Perdido_tC": 2.2870915365385636, "Nombre_Tipo_Bosque_Predom": "Sin Datos" }, "geometry": { "type": "MultiPolygon", "coordinates": [ [ [ [ 4920726.371117930859327, 2110021.4196538021788 ], [ 4920726.403496926650405, 2110051.199551700148731 ], [ 4920786.133889689110219, 2110051.134630943182856 ], [ 4920786.101535094901919, 2110021.354736512061208 ], [ 4920726.371117930859327, 2110021.4196538021788 ] ] ] ] } },
{ "type": "Feature", "properties": { "id": "+394387+278366", "Area_ha": 0.088940165673941377, "count": 1, "value": 1, "Porcentaje_Cobertura_Forestal": 0.0, "NDVI_Medio_Poligono": 0.6822218681972233, "Codigo_Tipo_Bosque_Predom": 0.0, "Densidad_C_Media_tC_ha": 24.828100204467773, "Carbono_Perdido_tC": 2.2082153455545814, "Nombre_Tipo_Bosque_Predom": "Sin Datos" }, "geometry": { "type": "MultiPolygon", "coordinates": [ [ [ [ 4920784.453759755939245, 2108502.580438789445907 ], [ 4920784.486025543883443, 2108532.360320985782892 ], [ 4920814.351840722374618, 2108532.327967319171876 ], [ 4920814.319587102159858, 2108502.548086855560541 ], [ 4920784.453759755939245, 2108502.580438789445907 ] ] ] ] } },
{ "type": "Feature", "properties": { "id": "+394387+278392", "Area_ha": 0.088941088216983183, "count": 1, "value": 1, "Porcentaje_Cobertura_Forestal": 0.0, "NDVI_Medio_Poligono": 0.47857300974362854, "Codigo_Tipo_Bosque_Predom": 0.13495926558971405, "Densidad_C_Media_tC_ha": 107.41614532470705, "Carbono_Perdido_tC": 9.5537088572530546, "Nombre_Tipo_Bosque_Predom": "Sin Datos" }, "geometry": { "type": "MultiPolygon", "coordinates": [ [ [ [ 4920783.615460488945246, 2107728.303585747256875 ], [ 4920783.647681001573801, 2107758.083461718633771 ], [ 4920813.513812318444252, 2107758.051153100561351 ], [ 4920813.481603955850005, 2107728.271278861444443 ], [ 4920783.615460488945246, 2107728.303585747256875 ] ] ] ] } },
{ "type": "Feature", "properties": { "id": "+394388+278352", "Area_ha": 0.088939657955522125, "count": 1, "value": 1, "Porcentaje_Cobertura_Forestal": 0.0, "NDVI_Medio_Poligono": 0.78633646839995741, "Codigo_Tipo_Bosque_Predom": 0.0, "Densidad_C_Media_tC_ha": 24.828100204467773, "Carbono_Perdido_tC": 2.2082027398707926, "Nombre_Tipo_Bosque_Predom": "Sin Datos" }, "geometry": { "type": "MultiPolygon", "coordinates": [ [ [ [ 4920814.771296184509993, 2108919.466435149777681 ], [ 4920814.80357417371124, 2108949.246318967547268 ], [ 4920844.669217205606401, 2108949.213953257072717 ], [ 4920844.636951392516494, 2108919.434071171563119 ], [ 4920814.771296184509993, 2108919.466435149777681 ] ] ] ] } },
{ "type": "Feature", "properties": { "id": "+394391+278355", "Area_ha": 0.17787942065596579, "count": 2, "value": 1, "Porcentaje_Cobertura_Forestal": 0.0, "NDVI_Medio_Poligono": 0.78612762564493621, "Codigo_Tipo_Bosque_Predom": 0.0, "Densidad_C_Media_tC_ha": 24.828100204467777, "Carbono_Perdido_tC": 4.4164080803589938, "Nombre_Tipo_Bosque_Predom": "Sin Datos" }, "geometry": { "type": "MultiPolygon", "coordinates": [ [ [ [ 4920934.169453485868871, 2108859.777299547102302 ], [ 4920934.137229417450726, 2108829.997423371300101 ], [ 4920904.271542890928686, 2108830.029745526146144 ], [ 4920904.303779134526849, 2108859.809623431880027 ], [ 4920934.169453485868871, 2108859.777299547102302 ] ] ], [ [ [ 4920964.067339735105634, 2108889.524862558580935 ], [ 4920964.03512610308826, 2108859.744987872429192 ], [ 4920934.169453485868871, 2108859.777299547102302 ], [ 4920934.201679293066263, 2108889.557175962720066 ], [ 4920964.067339735105634, 2108889.524862558580935 ] ] ] ] } },
{ "type": "Feature", "properties": { "id": "+394392+278352", "Area_ha": 0.088939616290810222, "count": 1, "value": 1, "Porcentaje_Cobertura_Forestal": 0.0, "NDVI_Medio_Poligono": 0.73659340945935547, "Codigo_Tipo_Bosque_Predom": 0.49536037445068359, "Densidad_C_Media_tC_ha": 24.82810020446777, "Carbono_Perdido_tC": 2.2082017054151502, "Nombre_Tipo_Bosque_Predom": "Sin Datos" }, "geometry": { "type": "MultiPolygon", "coordinates": [ [ [ [ 4920934.233906598761678, 2108919.337052504066378 ], [ 4920934.266135881654918, 2108949.116929397918284 ], [ 4920964.131771971471608, 2108949.084612535778433 ], [ 4920964.099554864689708, 2108919.304737370926887 ], [ 4920934.233906598761678, 2108919.337052504066378 ] ] ] ] } },
{ "type": "Feature", "properties": { "id": "+394393+278336", "Area_ha": 0.35575598528659758, "count": 4, "value": 1, "Porcentaje_Cobertura_Forestal": 0.0, "NDVI_Medio_Poligono": 0.78602662199172268, "Codigo_Tipo_Bosque_Predom": 0.0, "Densidad_C_Media_tC_ha": 23.522092819213867, "Carbono_Perdido_tC": 8.3681253069022308, "Nombre_Tipo_Bosque_Predom": "Sin Datos" }, "geometry": { "type": "MultiPolygon", "coordinates": [ [ [ [ 4920964.61523705534637, 2109395.782768802251667 ], [ 4920964.679728602059186, 2109455.34252705052495 ], [ 4920994.545155855827034, 2109455.310193013865501 ], [ 4920994.577392047271132, 2109485.090070767793804 ], [ 4921024.442805375903845, 2109485.05774722667411 ], [ 4921024.378359107300639, 2109425.497995412908494 ], [ 4920994.512921401299536, 2109425.530315498355776 ], [ 4920994.480688684619963, 2109395.750438222661614 ], [ 4920964.61523705534637, 2109395.782768802251667 ] ] ] ] } },
{ "type": "Feature", "properties": { "id": "+394393+278397", "Area_ha": 0.71152940791533326, "count": 8, "value": 1, "Porcentaje_Cobertura_Forestal": 0.0, "NDVI_Medio_Poligono": 0.3690939711180552, "Codigo_Tipo_Bosque_Predom": 0.0, "Densidad_C_Media_tC_ha": 107.41614532470703, "Carbono_Perdido_tC": 76.429746283436188, "Nombre_Tipo_Bosque_Predom": "Sin Datos" }, "geometry": { "type": "MultiPolygon", "coordinates": [ [ [ [ 4920873.0529914656654, 2107579.307351358700544 ], [ 4920873.117343935184181, 2107638.867090755142272 ], [ 4920902.983518638648093, 2107638.834825617261231 ], [ 4920903.015685334801674, 2107668.614693944342434 ], [ 4920932.881846157833934, 2107668.582439259625971 ], [ 4920932.849691610783339, 2107638.80257266247645 ], [ 4920962.715862846933305, 2107638.770331890787929 ], [ 4920962.683722185902297, 2107608.990467263385653 ], [ 4920992.549903836101294, 2107608.958240403793752 ], [ 4920992.517777059227228, 2107579.178377742879093 ], [ 4920873.0529914656654, 2107579.307351358700544 ] ] ] ] } },
{ "type": "Feature", "properties": { "id": "+394393+278442", "Area_ha": 0.088942796217552675, "count": 1, "value": 1, "Porcentaje_Cobertura_Forestal": 0.0, "NDVI_Medio_Poligono": 0.76507651166898727, "Codigo_Tipo_Bosque_Predom": 1.6520495414733887, "Densidad_C_Media_tC_ha": 112.85908508300781, "Carbono_Perdido_tC": 10.038002605837402, "Nombre_Tipo_Bosque_Predom": "Sin Datos" }, "geometry": { "type": "MultiPolygon", "coordinates": [ [ [ [ 4920961.207129907794297, 2106239.116952730342746 ], [ 4920961.239190648309886, 2106268.896806369535625 ], [ 4920991.105918263085186, 2106268.864657306112349 ], [ 4920991.073869640938938, 2106239.084805396385491 ], [ 4920961.207129907794297, 2106239.116952730342746 ] ] ] ] } },
{ "type": "Feature", "properties": { "id": "+394395+278349", "Area_ha": 0.53363655098466112, "count": 6, "value": 1, "Porcentaje_Cobertura_Forestal": 0.0, "NDVI_Medio_Poligono": 0.71570647159673861, "Codigo_Tipo_Bosque_Predom": 0.0, "Densidad_C_Media_tC_ha": 23.522092819213864, "Carbono_Perdido_tC": 12.55224848398635, "Nombre_Tipo_Bosque_Predom": "Sin Datos" }, "geometry": { "type": "MultiPolygon", "coordinates": [ [ [ [ 4921023.92742966208607, 2109008.579759585205466 ], [ 4921023.959627623669803, 2109038.359632012434304 ], [ 4920994.094031537882984, 2109038.391929634846747 ], [ 4920994.126243414357305, 2109068.17180403182283 ], [ 4921023.991827321238816, 2109068.13950468134135 ], [ 4921024.056231925264001, 2109127.69925073813647 ], [ 4921053.921789742074907, 2109127.666960147675127 ], [ 4921053.889598752371967, 2109097.88708872674033 ], [ 4921083.755167017690837, 2109097.85481207864359 ], [ 4921083.722989943809807, 2109068.07494262419641 ], [ 4921053.857409498654306, 2109068.107217545621097 ], [ 4921053.793036196380854, 2109008.547475903760642 ], [ 4921023.92742966208607, 2109008.579759585205466 ] ] ] ] } },
{ "type": "Feature", "properties": { "id": "+394395+278356", "Area_ha": 0.088939727207334368, "count": 1, "value": 1, "Porcentaje_Cobertura_Forestal": 0.0, "NDVI_Medio_Poligono": 0.77137821030681597, "Codigo_Tipo_Bosque_Predom": 2.1628689765930176, "Densidad_C_Media_tC_ha": 24.828100204467773, "Carbono_Perdido_tC": 2.2082044592617263, "Nombre_Tipo_Bosque_Predom": "Sin Datos" }, "geometry": { "type": "MultiPolygon", "coordinates": [ [ [ [ 4921023.702092539519072, 2108800.120659299194813 ], [ 4921023.734278349205852, 2108829.900530048646033 ], [ 4921053.599957941100001, 2108829.868256730958819 ], [ 4921053.567784305661917, 2108800.088387709576637 ], [ 4921023.702092539519072, 2108800.120659299194813 ] ] ] ] } },
{ "type": "Feature", "properties": { "id": "+394396+278353", "Area_ha": 0.088939610226440716, "count": 1, "value": 1, "Porcentaje_Cobertura_Forestal": 0.0, "NDVI_Medio_Poligono": 0.70047892173880866, "Codigo_Tipo_Bosque_Predom": 2.163865327835083, "Densidad_C_Media_tC_ha": 24.828100204467773, "Carbono_Perdido_tC": 2.2082015548483769, "Nombre_Tipo_Bosque_Predom": "Sin Datos" }, "geometry": { "type": "MultiPolygon", "coordinates": [ [ [ [ 4921053.664310418069363, 2108889.427995496895164 ], [ 4921053.696489259600639, 2108919.20786523912102 ], [ 4921083.562130593694746, 2108919.1755989510566 ], [ 4921083.52996392827481, 2108889.395730935502797 ], [ 4921053.664310418069363, 2108889.427995496895164 ] ] ] ] } },
{ "type": "Feature", "properties": { "id": "+394398+278329", "Area_ha": 0.088938736115471692, "count": 1, "value": 1, "Porcentaje_Cobertura_Forestal": 0.0, "NDVI_Medio_Poligono": 0.75533145729831919, "Codigo_Tipo_Bosque_Predom": 0.0, "Densidad_C_Media_tC_ha": 23.522092819213867, "Carbono_Perdido_tC": 2.0920252061316935, "Nombre_Tipo_Bosque_Predom": "Sin Datos" }, "geometry": { "type": "MultiPolygon", "coordinates": [ [ [ [ 4921114.167802071198821, 2109604.080335733946413 ], [ 4921114.199998179450631, 2109633.860207782126963 ], [ 4921144.065343630500138, 2109633.827924509067088 ], [ 4921144.033159714192152, 2109604.048054186627269 ], [ 4921114.167802071198821, 2109604.080335733946413 ] ] ] ] } },
{ "type": "Feature", "properties": { "id": "+394398+278362", "Area_ha": 0.088939909156880465, "count": 1, "value": 1, "Porcentaje_Cobertura_Forestal": 0.0, "NDVI_Medio_Poligono": 0.78361129961688225, "Codigo_Tipo_Bosque_Predom": 0.46084913611412048, "Densidad_C_Media_tC_ha": 24.828100204467773, "Carbono_Perdido_tC": 2.2082089767232889, "Nombre_Tipo_Bosque_Predom": "Sin Datos" }, "geometry": { "type": "MultiPolygon", "coordinates": [ [ [ [ 4921113.106303333304822, 2108621.344692767597735 ], [ 4921113.138442216441035, 2108651.124556900002062 ], [ 4921143.004189644940197, 2108651.092330562882125 ], [ 4921142.972062931396067, 2108621.312468155752867 ], [ 4921113.106303333304822, 2108621.344692767597735 ] ] ] ] } },
{ "type": "Feature", "properties": { "id": "+394398+278393", "Area_ha": 0.088941009198319806, "count": 1, "value": 1, "Porcentaje_Cobertura_Forestal": 2.0707112310101294, "NDVI_Medio_Poligono": 0.65247140744565857, "Codigo_Tipo_Bosque_Predom": 2.8878626823425293, "Densidad_C_Media_tC_ha": 107.41614532470703, "Carbono_Perdido_tC": 9.5537003693728249, "Nombre_Tipo_Bosque_Predom": "Sin Datos" }, "geometry": { "type": "MultiPolygon", "coordinates": [ [ [ [ 4921112.110858079046011, 2107698.169023480266333 ], [ 4921112.142943204380572, 2107727.948880188167095 ], [ 4921142.009067596867681, 2107727.916707339230925 ], [ 4921141.976994620636106, 2107698.136852357070893 ], [ 4921112.110858079046011, 2107698.169023480266333 ] ] ] ] } },
{ "type": "Feature", "properties": { "id": "+394399+278286", "Area_ha": 0.17787435253889708, "count": 2, "value": 1, "Porcentaje_Cobertura_Forestal": 0.0, "NDVI_Medio_Poligono": 0.71267806291906344, "Codigo_Tipo_Bosque_Predom": 0.0, "Densidad_C_Media_tC_ha": 16.671867091502762, "Carbono_Perdido_tC": 2.9654975645155988, "Nombre_Tipo_Bosque_Predom": "Sin Datos" }, "geometry": { "type": "MultiPolygon", "coordinates": [ [ [ [ 4921147.16509999986738, 2110935.318600000813603 ], [ 4921149.80530000012368, 2110933.489099999889731 ], [ 4921152.233099999837577, 2110930.746500000357628 ], [ 4921154.553600000217557, 2110927.261399999260902 ], [ 4921156.346599999815226, 2110923.15430000051856 ], [ 4921157.71750000026077, 2110920.412900000810623 ], [ 4921159.6162, 2110917.038599999621511 ], [ 4921162.70160000026226, 2110913.190700000151992 ], [ 4921165.527200000360608, 2110910.287599999457598 ], [ 4921168.7999, 2110907.122600000351667 ], [ 4921171.545, 2110904.590399999171495 ], [ 4921174.034699999727309, 2110901.204900000244379 ], [ 4921175.298877760767937, 2110898.784376316703856 ], [ 4921175.283464467152953, 2110884.550351528916508 ], [ 4921145.418633383698761, 2110884.582695006858557 ], [ 4921145.474422034807503, 2110936.083452285267413 ], [ 4921147.16509999986738, 2110935.318600000813603 ] ] ] ] } },
{ "type": "Feature", "properties": { "id": "+394399+278368", "Area_ha": 0.088940111841456379, "count": 1, "value": 1, "Porcentaje_Cobertura_Forestal": 0.0, "NDVI_Medio_Poligono": 0.76281951427637296, "Codigo_Tipo_Bosque_Predom": 0.48154091835021973, "Densidad_C_Media_tC_ha": 24.828100204467773, "Carbono_Perdido_tC": 2.2082140089962499, "Nombre_Tipo_Bosque_Predom": "Sin Datos" }, "geometry": { "type": "MultiPolygon", "coordinates": [ [ [ [ 4921142.779339056462049, 2108442.633298749104142 ], [ 4921142.811455368995667, 2108472.413159718271345 ], [ 4921172.677274079993367, 2108472.380955934990197 ], [ 4921172.645169934257865, 2108442.601096690166742 ], [ 4921142.779339056462049, 2108442.633298749104142 ] ] ] ] } },
{ "type": "Feature", "properties": { "id": "+394399+278411", "Area_ha": 0.26682478313148023, "count": 3, "value": 1, "Porcentaje_Cobertura_Forestal": 0.0, "NDVI_Medio_Poligono": 0.73028075462352271, "Codigo_Tipo_Bosque_Predom": 1.8551241159439087, "Densidad_C_Media_tC_ha": 107.41614532470703, "Carbono_Perdido_tC": 28.661289681084519, "Nombre_Tipo_Bosque_Predom": "Sin Datos" }, "geometry": { "type": "MultiPolygon", "coordinates": [ [ [ [ 4921171.29836074821651, 2107191.847224733792245 ], [ 4921171.266331112012267, 2107162.067375779617578 ], [ 4921141.399977717548609, 2107162.099503671750426 ], [ 4921141.432019490748644, 2107191.879354350268841 ], [ 4921171.29836074821651, 2107191.847224733792245 ] ] ], [ [ [ 4921201.228740468621254, 2107251.374802466481924 ], [ 4921201.164700276218355, 2107191.815107290167361 ], [ 4921171.29836074821651, 2107191.847224733792245 ], [ 4921171.362425218336284, 2107251.40692335832864 ], [ 4921201.228740468621254, 2107251.374802466481924 ] ] ] ] } },
{ "type": "Feature", "properties": { "id": "+394400+278332", "Area_ha": 0.088938822092929332, "count": 1, "value": 1, "Porcentaje_Cobertura_Forestal": 0.0, "NDVI_Medio_Poligono": 0.58550702478264161, "Codigo_Tipo_Bosque_Predom": 0.0, "Densidad_C_Media_tC_ha": 23.522092819213867, "Carbono_Perdido_tC": 2.0920272285014327, "Nombre_Tipo_Bosque_Predom": "Sin Datos" }, "geometry": { "type": "MultiPolygon", "coordinates": [ [ [ [ 4921173.802010853774846, 2109514.676180512178689 ], [ 4921173.834177379496396, 2109544.456048390362412 ], [ 4921203.699555947445333, 2109544.423794743139297 ], [ 4921203.66740161087364, 2109514.64392858883366 ], [ 4921173.802010853774846, 2109514.676180512178689 ] ] ] ] } },
{ "type": "Feature", "properties": { "id": "+394402+278414", "Area_ha": 0.44470837269678598, "count": 5, "value": 1, "Porcentaje_Cobertura_Forestal": 0.0, "NDVI_Medio_Poligono": 0.74520909153010917, "Codigo_Tipo_Bosque_Predom": 0.34449878334999084, "Densidad_C_Media_tC_ha": 107.41614532470703, "Carbono_Perdido_tC": 47.768859188711943, "Nombre_Tipo_Bosque_Predom": "Sin Datos" }, "geometry": { "type": "MultiPolygon", "coordinates": [ [ [ [ 4921260.801399668678641, 2107102.41137829143554 ], [ 4921260.76941163931042, 2107072.631535225082189 ], [ 4921230.903027021326125, 2107072.663621430285275 ], [ 4921230.935027186758816, 2107102.443466219119728 ], [ 4921260.801399668678641, 2107102.41137829143554 ] ] ], [ [ [ 4921260.801399668678641, 2107102.41137829143554 ], [ 4921260.833389429375529, 2107132.19122159620747 ], [ 4921290.699748047627509, 2107132.159144117496908 ], [ 4921290.66777042299509, 2107102.379302534740418 ], [ 4921260.801399668678641, 2107102.41137829143554 ] ] ], [ [ [ 4921260.833389429375529, 2107132.19122159620747 ], [ 4921230.967029083520174, 2107132.223311247304082 ], [ 4921230.935027186758816, 2107102.443466219119728 ], [ 4921201.06865297909826, 2107102.475566318258643 ], [ 4921201.132682777941227, 2107162.035260060802102 ], [ 4921260.865380920469761, 2107161.971065140329301 ], [ 4921260.833389429375529, 2107132.19122159620747 ] ] ] ] } },
{ "type": "Feature", "properties": { "id": "+394403+278333", "Area_ha": 0.17787766346322897, "count": 2, "value": 1, "Porcentaje_Cobertura_Forestal": 0.0, "NDVI_Medio_Poligono": 0.56571023979782253, "Codigo_Tipo_Bosque_Predom": 0.0, "Densidad_C_Media_tC_ha": 23.522092819213867, "Carbono_Perdido_tC": 4.1840549104469593, "Nombre_Tipo_Bosque_Predom": "Sin Datos" }, "geometry": { "type": "MultiPolygon", "coordinates": [ [ [ [ 4921233.500650223344564, 2109484.831824699416757 ], [ 4921233.532790639437735, 2109514.611688890028745 ], [ 4921293.263563512824476, 2109514.547246164642274 ], [ 4921293.231447475031018, 2109484.767385419458151 ], [ 4921233.500650223344564, 2109484.831824699416757 ] ] ] ] } },
{ "type": "Feature", "properties": { "id": "+394403+278380", "Area_ha": 0.088940496253884338, "count": 1, "value": 1, "Porcentaje_Cobertura_Forestal": 0.0, "NDVI_Medio_Poligono": 0.62760432862122784, "Codigo_Tipo_Bosque_Predom": 0.0, "Densidad_C_Media_tC_ha": 24.828100204467773, "Carbono_Perdido_tC": 2.2082235532265311, "Nombre_Tipo_Bosque_Predom": "Sin Datos" }, "geometry": { "type": "MultiPolygon", "coordinates": [ [ [ [ 4921261.857975414954126, 2108085.146333517506719 ], [ 4921261.890022293664515, 2108114.926184717565775 ], [ 4921291.755980039946735, 2108114.89405040582642 ], [ 4921291.723945319652557, 2108085.114200927782804 ], [ 4921261.857975414954126, 2108085.146333517506719 ] ] ] ] } },
{ "type": "Feature", "properties": { "id": "+394409+278351", "Area_ha": 0.08893940439222206, "count": 1, "value": 1, "Porcentaje_Cobertura_Forestal": 0.0, "NDVI_Medio_Poligono": 0.7902835007880189, "Codigo_Tipo_Bosque_Predom": 1.9618688821792603, "Densidad_C_Media_tC_ha": 23.600731631218643, "Carbono_Perdido_tC": 2.0990350145012613, "Nombre_Tipo_Bosque_Predom": "Sin Datos" }, "geometry": { "type": "MultiPolygon", "coordinates": [ [ [ [ 4921441.981714025139809, 2108948.569203558843583 ], [ 4921442.013738034293056, 2108978.349051385186613 ], [ 4921471.879332558251917, 2108978.316940407268703 ], [ 4921471.847320726141334, 2108948.537094298750162 ], [ 4921441.981714025139809, 2108948.569203558843583 ] ] ] ] } },
{ "type": "Feature", "properties": { "id": "+394410+278353", "Area_ha": 0.44469712647795678, "count": 5, "value": 1, "Porcentaje_Cobertura_Forestal": 0.0, "NDVI_Medio_Poligono": 0.7474182372022522, "Codigo_Tipo_Bosque_Predom": 0.10407091677188873, "Densidad_C_Media_tC_ha": 24.583471013986955, "Carbono_Perdido_tC": 10.932198918774141, "Nombre_Tipo_Bosque_Predom": "Sin Datos" }, "geometry": { "type": "MultiPolygon", "coordinates": [ [ [ [ 4921501.680928014218807, 2108918.725153215229511 ], [ 4921501.648931810632348, 2108888.945309304632246 ], [ 4921441.917671426199377, 2108889.00950874062255 ], [ 4921441.949691982008517, 2108918.789356087334454 ], [ 4921501.680928014218807, 2108918.725153215229511 ] ] ], [ [ [ 4921531.578529200516641, 2108948.472912529949099 ], [ 4921531.610516678541899, 2108978.252755203284323 ], [ 4921561.476106035523117, 2108978.220680862665176 ], [ 4921561.412157158367336, 2108918.660999187733978 ], [ 4921501.680928014218807, 2108918.725153215229511 ], [ 4921501.712925943545997, 2108948.504997366108 ], [ 4921531.578529200516641, 2108948.472912529949099 ] ] ] ] } },
{ "type": "Feature", "properties": { "id": "+394413+278335", "Area_ha": 0.08893879424452171, "count": 1, "value": 1, "Porcentaje_Cobertura_Forestal": 0.0, "NDVI_Medio_Poligono": 0.87062154603046693, "Codigo_Tipo_Bosque_Predom": 0.022511813789606094, "Densidad_C_Media_tC_ha": 23.522092819213867, "Carbono_Perdido_tC": 2.0920265734486039, "Nombre_Tipo_Bosque_Predom": "Sin Datos" }, "geometry": { "type": "MultiPolygon", "coordinates": [ [ [ [ 4921561.955942212603986, 2109424.918323897290975 ], [ 4921561.987945101223886, 2109454.698168694041669 ], [ 4921591.853337815962732, 2109454.666079117916524 ], [ 4921591.821347114630044, 2109424.886236036196351 ], [ 4921561.955942212603986, 2109424.918323897290975 ] ] ] ] } },
{ "type": "Feature", "properties": { "id": "+394414+278291", "Area_ha": 0.17787444457828241, "count": 2, "value": 1, "Porcentaje_Cobertura_Forestal": 0.0, "NDVI_Medio_Poligono": 0.68943722609892277, "Codigo_Tipo_Bosque_Predom": 2.1456577777862549, "Densidad_C_Media_tC_ha": 12.857732772827148, "Carbono_Perdido_tC": 2.2870620755026079, "Nombre_Tipo_Bosque_Predom": "Sin Datos" }, "geometry": { "type": "MultiPolygon", "coordinates": [ [ [ [ 4921563.365700415335596, 2110735.231722198892385 ], [ 4921563.397779169492424, 2110765.011577569879591 ], [ 4921623.127489063888788, 2110764.94725971063599 ], [ 4921623.095434742979705, 2110735.167407769244164 ], [ 4921563.365700415335596, 2110735.231722198892385 ] ] ] ] } },
{ "type": "Feature", "properties": { "id": "+394415+278333", "Area_ha": 0.088938702464741073, "count": 1, "value": 1, "Porcentaje_Cobertura_Forestal": 0.0, "NDVI_Medio_Poligono": 0.78809995053094573, "Codigo_Tipo_Bosque_Predom": 2.0755574703216553, "Densidad_C_Media_tC_ha": 23.522092819213867, "Carbono_Perdido_tC": 2.0920244145960845, "Nombre_Tipo_Bosque_Predom": "Sin Datos" }, "geometry": { "type": "MultiPolygon", "coordinates": [ [ [ [ 4921621.750709043815732, 2109484.41384336957708 ], [ 4921621.782691002823412, 2109514.193685215897858 ], [ 4921651.6480559008196, 2109514.161616657394916 ], [ 4921651.616086130961776, 2109484.381776524707675 ], [ 4921621.750709043815732, 2109484.41384336957708 ] ] ] ] } },
{ "type": "Feature", "properties": { "id": "+394416+278341", "Area_ha": 0.17787796360245556, "count": 2, "value": 1, "Porcentaje_Cobertura_Forestal": 0.0, "NDVI_Medio_Poligono": 0.81507947210304055, "Codigo_Tipo_Bosque_Predom": 0.0, "Densidad_C_Media_tC_ha": 42.115147124027978, "Carbono_Perdido_tC": 7.4913566072399096, "Nombre_Tipo_Bosque_Predom": "Sin Datos" }, "geometry": { "type": "MultiPolygon", "coordinates": [ [ [ [ 4921621.494915397837758, 2109246.17511724261567 ], [ 4921621.526883573271334, 2109275.954957167617977 ], [ 4921681.257806634530425, 2109275.890859696082771 ], [ 4921681.225862826220691, 2109246.111023199278861 ], [ 4921621.494915397837758, 2109246.17511724261567 ] ] ] ] } },
{ "type": "Feature", "properties": { "id": "+394419+278343", "Area_ha": 0.088939016831493065, "count": 1, "value": 1, "Porcentaje_Cobertura_Forestal": 0.0, "NDVI_Medio_Poligono": 0.78050116431333771, "Codigo_Tipo_Bosque_Predom": 1.9468998908996582, "Densidad_C_Media_tC_ha": 61.292678833007812, "Carbono_Perdido_tC": 5.4513105943761806, "Nombre_Tipo_Bosque_Predom": "Sin Datos" }, "geometry": { "type": "MultiPolygon", "coordinates": [ [ [ [ 4921740.892969661392272, 2109186.487312602810562 ], [ 4921740.92488566134125, 2109216.2671451959759 ], [ 4921770.79036554787308, 2109216.235142650548369 ], [ 4921770.758461729623377, 2109186.455311768688262 ], [ 4921740.892969661392272, 2109186.487312602810562 ] ] ] ] } },
{ "type": "Feature", "properties": { "id": "+394424+278371", "Area_ha": 0.17787988460042981, "count": 2, "value": 1, "Porcentaje_Cobertura_Forestal": 0.0, "NDVI_Medio_Poligono": 0.59398363510747143, "Codigo_Tipo_Bosque_Predom": 0.0, "Densidad_C_Media_tC_ha": 57.233921051025391, "Carbono_Perdido_tC": 10.180763271786507, "Nombre_Tipo_Bosque_Predom": "Sin Datos" }, "geometry": { "type": "MultiPolygon", "coordinates": [ [ [ [ 4921889.329167479649186, 2108352.492454817984253 ], [ 4921889.392783220857382, 2108412.052089711651206 ], [ 4921919.258583223447204, 2108412.020194381009787 ], [ 4921919.194991811178625, 2108352.460562903899699 ], [ 4921889.329167479649186, 2108352.492454817984253 ] ] ] ] } }
]
}
